item_id	name	description	unit_price	category	sku	stock	pic_filename
2	CAIXA ORGANIZADOR UNIJET 20 LITROS TRANSPARENTE		30.00	Geral	7899335404521	1.000	NULL
3	cabo de transmissão  audio e video  timbomdom		8.00	Geral	2018838300108	1.000	NULL
4	FILTRO PERMANENTE PRA CAFÉ 103		6.00	UTILIDADES	7898184080030	1.000	NULL
5	KIT TOP HEROES  HOMEN ARANHA		30.00	Geral	7908071500975	1.000	NULL
6	squeeze ditoy  1 litro		16.00	PLASTICOS	7896187113090	1.000	NULL
7	SWEEZE  ROSA 1 LITRO		5.00	UTILIDADES	7896908223756	1.000	NULL
8	tips   trasparente		15.00	Geral	8955155810726	1.000	NULL
9	banho maria 4x1 grafite		82.00	COZINHA	7898463544802	1.000	NULL
10	cesta de palha media n20		30.00	Geral	NULL	1.000	NULL
11	CESTO FECHADO  97 LITROS		73.00	UTILIDADES	7897848715219	1.000	NULL
12	CHAVEIRO STITI		15.00	Geral	NULL	1.000	NULL
13	compasso escolar  metal silver		15.00	ESCOLAR	7897185953923	1.000	NULL
14	copo   WHEATON   avulso		2.50	VIDROS	7891240086618	1.000	NULL
15	e. v;a  amarelo		3.00	Geral	7899411520251	1.000	NULL
16	foram de pizza n 3		24.00	COZINHA	7898917301401	1.000	NULL
17	humos de minhoca		4.50	Geral	NULL	1.000	NULL
18	kit diver massa		20.00	Geral	7898639381095	1.000	NULL
19	kit saco de presente 45x57 mas laço		6.00	kit FESTA	7897864602319	1.000	NULL
20	MOCHILA ORDINARY UNIQUE  SORTIDA STIST C ESTOJO		70.00	Geral	NULL	1.000	NULL
21	numéros		8.00	kit FESTA	8202316005553	1.000	NULL
22	ORGANIZADORA DE 3 CESTOS PRETA ARQPLAST		36.00	COZINHA	7908439801362	1.000	NULL
23	PALETA SOMBRAS E BATON TEEM		20.00	Geral	7908542607547	1.000	NULL
24	pequeno		10.00	Geral	NULL	1.000	NULL
25	vaso cuia 31 preto  GRANDE		15.00	UTILIDADES	7898521060817	1.000	NULL
26	vaso de parede   tabaco		12.00	Geral	7896403216925	1.000	NULL
27	.		5.00	Geral	NULL	1.000	NULL
28	.		10.00	Geral	NULL	1.000	NULL
29	.		82.00	Geral	NULL	1.000	NULL
30	]		40.00	Geral	NULL	1.000	NULL
31	´regua		2.00	Geral	NULL	1.000	NULL
32	049774018293		15.00	Geral	NULL	1.000	NULL
33	1 METRO DE ELÁSTICO		2.00	Geral	NULL	1.000	NULL
34	1 METRO DE ELÁSTICO 15mm		2.00	UTILIDADES	7897495200205	1.000	NULL
35	1 METRO DE ELÁSTICO REAL		1.00	UTILIDADES	7896554834122	1.000	NULL
36	1 METRO DE TNT AMARELO		4.00	Geral	NULL	1.000	NULL
37	1 METRO DE TNT MARROM		4.00	Geral	NULL	1.000	NULL
38	1 METRO DE TNT MARROM		4.50	Geral	NULL	1.000	NULL
39	1 METRO DE TNT PRETO		4.00	Geral	NULL	1.000	NULL
40	1 METRO DE TNT ROSA		5.00	Geral	NULL	1.000	NULL
41	1 METRO DE TNT VERDE ESCURO		4.00	PAPELARIA	NULL	1.000	NULL
42	1 METRO DE TNT VERMELHO		4.00	Geral	NULL	1.000	NULL
43	2 PILHA		4.00	Geral	NULL	1.000	NULL
44	2 POTES QUAD. GRANDES ERCA 1300ML		8.50	PLASTICOS	7898502717976	1.000	NULL
45	2 POTES REDONDOS GG 1,5L		8.50	PLASTICOS	7898264715548	1.000	NULL
46	2 POTES RETANGULARES GRANDES ERCA PLAST		8.50	PLASTICOS	7898502717952	1.000	NULL
47	3 POTES REDONDOS PMG ERCA PLAST		8.50	PLASTICOS	7898502717884	1.000	NULL
48	4 CARRINHOS COLORIDOS		20.00	BRINQUEDOS	7899632507376	1.000	NULL
49	4 CARRINHOS DE FERRO		40.00	BRINQUEDOS	NULL	1.000	NULL
50	4 CARRINHOS DE FERRO ROSA		40.00	BRINQUEDOS	7899984628736	1.000	NULL
51	4 POTES QUADRADOS LEITOSO ERCA PLAST		7.50	PLASTICOS	7898502719659	1.000	NULL
52	4 POTES QUADRADOS TRANSPARENTE ERCA PLAST		7.50	PLASTICOS	7898502719642	1.000	NULL
53	4 POTES REDONDO MINI		6.00	Geral	7898502719680	1.000	NULL
54	5555555555555555555555555555555555555555555555555555555555555555		999999.99	Geral	NULL	1.000	NULL
55	7891240036729		999999.99	Geral	NULL	1.000	NULL
56	7897848700185		1.00	Geral	7897848700185	1.000	NULL
57	7898610101650		999999.99	Geral	7898610101650	1.000	NULL
58	7898918965145		5.50	Geral	NULL	1.000	NULL
59	7898936774170		7.80	Geral	NULL	1.000	NULL
60	7898994125914		6.00	Geral	NULL	1.000	NULL
61	790843980403		15.00	Geral	NULL	1.000	NULL
62	8		28.50	Geral	NULL	1.000	NULL
63	a largador		4.00	Geral	NULL	1.000	NULL
64	abajour de tomada sapo		12.00	Geral	7899454440455	1.000	NULL
65	abajour nuvem		9.00	Geral	7898663725490	1.000	NULL
66	ABAJUR DE TOMADA		8.50	UTILIDADES	7898673631972	1.000	NULL
67	ABAJUR DE TOMADA MAXMIDIA BIVOLT		12.00	Geral	7899454432108	1.000	NULL
68	ABRAÇADEIRA DE MANGUEIRA		3.00	Geral	NULL	1.000	NULL
69	ABRIDOR DE GARRAFA		7.50	UTILIDADES	7898644235338	1.000	NULL
70	ABRIDOR DE GARRAFAS		5.50	UTILIDADES	7899527129362	1.000	NULL
71	ABRIDOR DE LATA		4.00	UTILIDADES	7898955345078	1.000	NULL
72	ABRIDOR DE LATA		3.00	Geral	7898955345467	1.000	NULL
73	ABRIDOR DE TAMPA P/ GARRAFÃO		10.00	UTILIDADES	7898322750016	1.000	NULL
74	ACENDEDOR DE FOGÃO		8.50	UTILIDADES	7898611090922	1.000	NULL
75	acendedor de fogão		10.00	COZINHA	7899866276789	1.000	NULL
76	ACENDEDOR DE FOGÃO		12.00	UTILIDADES	7899850332941	1.000	NULL
77	ACENDEDOR DE FOGÃO		9.80	COZINHA	7908593504413	1.000	NULL
78	ACENDEDOR DE FOGÃO ART HOUSE		9.00	UTILIDADES	7899658403935	1.000	NULL
79	ACENDEDOR DE FOGÃO L&T UTILIDADES		12.00	Geral	7908139507830	1.000	NULL
80	ACENDEDOR DE FOGÃO LUME		10.70	UTILIDADES	7898409910517	1.000	NULL
81	ACENDEDOR DE FOGÃO LUZ ELITE		15.00	UTILIDADES	7898608573155	1.000	NULL
82	ACETONA BEIRA ALTA		3.50	COSMÉTICOS	7896213306076	1.000	NULL
83	ACETONA ZULU		5.00	COSMÉTICOS	7896090700455	1.000	NULL
84	aco de presente  natal 20x30		3.00	Geral	7897864804287	1.000	NULL
85	ACRESCIMO		1.00	Geral	NULL	1.000	NULL
86	AÇUCAREIRO		5.00	UTILIDADES	7899335402701	1.000	NULL
87	AÇUCAREIRO		8.50	UTILIDADES	7897698235097	1.000	NULL
88	AÇUCAREIRO ACRILICO		6.00	Geral	7898264716309	1.000	NULL
89	AÇUCAREIRO FARINHEIRO 600 ML		5.00	Geral	7898972314361	1.000	NULL
90	AÇUCAREIRO JOY 1,05L - SHINE		8.50	UTILIDADES	7897698235028	1.000	NULL
91	AÇUCAREIRO TRASPARENTE PLASMONT		4.50	UTILIDADES	7898378694401	1.000	NULL
92	ADAPTADOR AC PRETO		10.00	Geral	NULL	1.000	NULL
93	ADAPTADOR DE TOMADA 20A		7.00	Geral	NULL	1.000	NULL
94	adaptador t		7.00	Geral	NULL	1.000	NULL
95	ADAPTADOR USB 10W		25.00	ELETRÔNICOS E ACESSÓRIOS	7898395002067	1.000	NULL
96	ADAPTADOR USB BRANCO		10.00	Geral	NULL	1.000	NULL
97	ADAPTADOR USB BRANCO P/CARRO		5.00	Geral	NULL	1.000	NULL
98	ADAPTADOR USB BRANCO P/TOMADA		10.00	Geral	NULL	1.000	NULL
99	ADAPTADOR USB PRETO P/CARRO		10.00	Geral	NULL	1.000	NULL
100	ADESIVO DE PRESENTE		0.50	Geral	NULL	1.000	NULL
101	adesivo de unha		15.00	Geral	NULL	1.000	NULL
102	ADESIVO DE UNHA		2.00	Geral	4690302056155	1.000	NULL
103	adesivo escolar		5.00	Geral	NULL	1.000	NULL
104	ADESIVO GRANDE infantil persongens		5.00	Geral	NULL	1.000	NULL
105	adesivo persornagens		5.00	Geral	NULL	1.000	NULL
106	ADESIVOS DE UNHA KING		2.00	UTILIDADES	5554443322212	1.000	NULL
107	ADESIVOS DE UNHA NAIL		3.00	Geral	6971173340061	1.000	NULL
108	ADESIVOS P/ POR NO CADERNO		2.00	Geral	NULL	1.000	NULL
109	ADESIVOS P/ POR NO CADERNO C/6		1.50	Geral	7891080000126	1.000	NULL
110	ADUBO DE CURRAL		3.50	Geral	7898947483153	1.000	NULL
111	advenges		86.00	Geral	7890201600610	1.000	NULL
112	AFIADOR DE FACAS		25.00	COZINHA	7800715357078	1.000	NULL
113	AFIADOR DE FACAS		25.00	Geral	7898684171085	1.000	NULL
114	AFIADOR DE FACAS PRATIC ROLLER		24.00	UTILIDADES	742832620871	1.000	NULL
115	agenda		5.00	Geral	7897571910837	1.000	NULL
116	AGENDA  LOVE		15.00	Geral	7908281364213	1.000	NULL
117	agenda  stitch bob grud		50.00	Geral	NULL	1.000	NULL
118	AGENDA 2026		30.00	Geral	7891100068457	1.000	NULL
119	AGENDA 2026		30.00	Geral	7891100068389	1.000	NULL
120	AGENDA 2026		30.00	Geral	7891100068440	1.000	NULL
121	AGENDA 2026		30.00	Geral	7891100068372	1.000	NULL
122	AGENDA 2026		30.00	Geral	7891100068402	1.000	NULL
123	agenda de 20		20.00	Geral	NULL	1.000	NULL
124	agenda escolar		15.00	Geral	7908281390717	1.000	NULL
125	AGENDA ESCOLAR		15.00	Geral	7908281364206	1.000	NULL
126	agenda escolar sortida		15.00	Geral	7908281364190	1.000	NULL
127	agenda grande		25.00	Geral	7908281390809	1.000	NULL
128	AGENDA PEQUENA		10.00	PAPELARIA	7908161735089	1.000	NULL
129	AGENDA PERMANENTE C/ 120 PGS 114X160MM		12.00	PAPELARIA	7898205452532	1.000	NULL
130	AGENDINHA ALCE ABYARA		7.00	PAPELARIA	7898903700508	1.000	NULL
131	AGENDINHA CORUJA		15.00	PAPELARIA	6970104054022	1.000	NULL
132	AGENDINHA DE EMOJIS		15.00	PAPELARIA	6970101054094	1.000	NULL
133	AGENDINHA FASHION		15.00	PAPELARIA	6970104054763	1.000	NULL
134	AGENDINHA PRINCESAS		15.00	PAPELARIA	6970104054060	1.000	NULL
135	AGENDINHA TOME NOTA CREDEAL		4.80	PAPELARIA	7891253215067	1.000	NULL
136	ÁGUA SANITÁRIA CONDE CLORO ATIVO		3.00	LIMPEZA	7896090300075	1.000	NULL
137	ÁGUA SANITÁRIA OLIMPO 1L CLORO ATIVO		3.00	Geral	7896013100461	1.000	NULL
138	AGUA SANITARIA SUPREMA		3.50	Geral	7896524726457	1.000	NULL
139	agulha avulsa		2.00	Geral	NULL	1.000	NULL
140	AGULHA DE COSTURA		2.00	Geral	NULL	1.000	NULL
141	AGULHA DE COSTURA		1.00	Geral	NULL	1.000	NULL
142	AGULHA DE FOGAO		2.00	UTILIDADES	7898955345481	1.000	NULL
143	agulha de fogão		1.00	Geral	7898081820487	1.000	NULL
144	AGULHA DE MAQUINA DE COSTURA		1.00	Geral	NULL	1.000	NULL
145	AGULHA DE MAQUINA DE COSTURA		2.00	Geral	NULL	1.000	NULL
146	AGULHA SOLTA		2.00	Geral	NULL	1.000	NULL
147	AGULHA XH		3.00	Geral	NULL	1.000	NULL
148	AGULHAS DE COSTURA		2.18	UTILIDADES	7895258112420	1.000	NULL
149	AGULHEIRO KIT		2.00	UTILIDADES	7898969481090	1.000	NULL
150	AGULHEIRO MAIS LINHA		4.00	Geral	7890055000963	0.000	NULL
151	AIR FRYER  CADENCE		200.00	Geral	7898700210026	1.000	NULL
152	AIR FRYER 3L CADENCE		350.00	Geral	NULL	1.000	NULL
153	airdotspro		60.00	Geral	6870151200147	1.000	NULL
154	AIRPLANE SUPER FLAY		15.00	BRINQUEDOS	7899605703743	1.000	NULL
155	ALARGADOR		3.00	Geral	NULL	1.000	NULL
156	ALARM CLOCK		25.00	Geral	7866000022137	1.000	NULL
157	ALARM CLOCK		13.00	Geral	7898461114144	1.000	NULL
158	alarme		12.00	Geral	NULL	1.000	NULL
159	ALBUM DA COPA		18.00	Geral	NULL	1.000	NULL
160	ALBUM DA COPA		18.00	BRINQUEDOS	9786555161434	1.000	NULL
161	ALCOOL + BICARBONATO ZULU		6.50	LIMPEZA	7896090704767	1.000	NULL
162	ALCOOL GEL  60 ML		8.75	Geral	7896246001054	1.000	NULL
163	alfinete grande		0.50	Geral	NULL	1.000	NULL
164	ALFINETES SOLTOS		1.00	Geral	NULL	1.000	NULL
165	ALGODÃO BOLA  USE		3.00	Geral	7898909332369	1.000	NULL
166	ALGODÃO USE 20 GR		3.00	UTILIDADES	7898909333786	1.000	NULL
167	ALIANÇA		8.00	Geral	NULL	1.000	NULL
168	ALIANÇA		10.00	Geral	NULL	1.000	NULL
169	alicate  mundial de pé		50.00	Geral	7891060679731	1.000	NULL
170	ALICATE DE  CUTICULAS INOX		15.00	Geral	6901604020019	1.000	NULL
171	alicate de unha		15.00	Geral	49774998304	1.000	NULL
172	ALICATE DE UNHA		12.00	Geral	NULL	1.000	NULL
173	ALICATE DE UNHA		12.00	Geral	6932551023907	1.000	NULL
174	alicate de unha		15.00	Geral	49774018392	1.000	NULL
175	ALICATE DE UNHA MONDIAL 777		40.00	Geral	49774018132	1.000	NULL
176	ALICATE DE UNHA MONDIAL PLASTICO		15.00	Geral	7891060906066	1.000	NULL
177	alicate de unha mundial 722		45.00	Geral	7891060800401	1.000	NULL
178	ALICATE DE UNHA MUNDIAL 748-S		15.00	UTILIDADES	7891060773040	1.000	NULL
179	ALICATE DE UNHA MUNDIAL SANDY		15.00	UTILIDADES	7891060773071	1.000	NULL
180	ALICATE DE UNHAS LICE		20.00	UTILIDADES	6901604020026	1.000	NULL
181	alicate lice		15.00	Geral	NULL	1.000	NULL
182	ALICATE MERHEJE		16.00	Geral	7896075707110	1.000	NULL
183	ALICATE MERHEJE		16.00	Geral	7896075707158	1.000	NULL
184	ALICATE MERHEJE SUPER		16.00	Geral	7896075707141	1.000	NULL
185	ALICATE MONDIAL  PONTO VERMELHO		15.00	Geral	7891060930498	1.000	NULL
186	ALICATE MONDIAL PRETO		15.00	Geral	7891060930337	1.000	NULL
187	alicate mudial		30.00	Geral	49774018149	1.000	NULL
188	alicate mundial  style		15.00	Geral	7891060025439	1.000	NULL
189	ALICATE MUNDIAL 522 INOX PROFISSIONAL classic		30.00	UTILIDADES	7891060679724	1.000	NULL
190	ALICATE MUNDIAL PROFESSIONAL		40.00	UTILIDADES	7891060969504	1.000	NULL
191	ALICATE ORIGINAL LINE INOX		15.00	UTILIDADES	7899653781496	1.000	NULL
192	ALICATE STYLE MUNDIAL		15.00	UTILIDADES	7891060969771	1.000	NULL
193	alicate unha grande  aoyasiyue		7.00	Geral	NULL	1.000	NULL
194	ALMAÇO SEM PAUTA		0.50	Geral	NULL	1.000	NULL
195	almaçoc pauta		0.50	Geral	NULL	1.000	NULL
196	ALMOFADA		15.00	Geral	NULL	1.000	NULL
197	ALMOFADA MÃE		20.00	Geral	7908174965701	1.000	NULL
198	AMACIANTE DE ROUPAS URCA 2L		10.00	Geral	7896056401129	1.000	NULL
199	AMACIANTE DE ROUPAS URCA AZUL		10.00	Geral	7896056401112	1.000	NULL
200	AMACIANTE DE ROUPAS YPÊ 2,7L		10.00	LIMPEZA	7896098902424	1.000	NULL
201	AMOEBA BRILHO		8.50	BRINQUEDOS	7897474200110	1.000	NULL
202	AMOEBA ORIGINAL 110G		10.00	BRINQUEDOS	7897474200073	1.000	NULL
203	AMOLADOR DE FACAS PROFISSIONAL		30.00	Geral	7893095440539	1.000	NULL
204	ANEL		10.00	Geral	NULL	1.000	NULL
205	ANIMAIS DA FLORESTA		40.00	BRINQUEDOS	7892032520273	1.000	NULL
206	ANIVERSARIO E.V.A		2.00	Geral	7898610100608	1.000	NULL
207	ANTENA DIGITAL		40.00	Geral	7892022022787	1.000	NULL
208	ANTENA DIGITAL		40.00	ACESSÓRIOS (MODA)	7898819330035	1.000	NULL
209	antena digital de tv newton		40.00	Geral	6934502300051	1.000	NULL
210	antena digital hdtv		45.00	Geral	7891708042132	1.000	NULL
211	ANTENA HDTV DIGITAL		40.00	ELETRÔNICOS E ACESSÓRIOS	6978534560038	1.000	NULL
212	aparador de pelos eletrico		25.00	Geral	7820230302209	1.000	NULL
213	APARELHO DE BARBEAR		10.00	UTILIDADES	7898743880828	1.000	NULL
214	aparelho de barbear  metal		10.00	Geral	7908295300085	1.000	NULL
215	aparelho de barbear inox		8.00	UTILIDADES	7899454428545	1.000	NULL
216	APARELHO DE BARBEAR INOX ORIGINAL LINE		7.00	UTILIDADES	7899653781809	1.000	NULL
217	APARELHO DE JANTAR C/20 PÇS CRYSTAL		150.00	Geral	7891240023309	1.000	NULL
218	APARELHO DE JANTAR DURALEX		60.00	Geral	NULL	1.000	NULL
219	apito juiz festa		2.00	Geral	7898610100912	1.000	NULL
220	APITO TREM		2.00	Geral	7898610102763	1.000	NULL
221	APONTADOR		2.50	PAPELARIA	7908214714283	1.000	NULL
222	apontador  star lux		3.00	Geral	7897476616384	1.000	NULL
223	APONTADOR 0757		5.00	Geral	6154413560850	1.000	NULL
224	APONTADOR AMARELO		3.00	Geral	7908214714276	1.000	NULL
225	APONTADOR BICHOS		7.00	Geral	NULL	1.000	NULL
226	apontador de ursinhos colors		5.00	Geral	6975896963033	1.000	NULL
227	APONTADOR DUPLO  IMPORTADO		7.00	Geral	6938716700676	1.000	NULL
228	apontador grande		4.00	Geral	7897256249962	1.000	NULL
229	APONTADOR GRANDE FULEJIA		7.00	Geral	6938716700645	1.000	NULL
230	APONTADOR LEO LEO		4.00	Geral	7897256245223	1.000	NULL
231	APONTADOR LEO LEO		5.00	Geral	7897256231219	1.000	NULL
232	APONTADOR LEO LEO GRANDE		2.80	Geral	7897256260035	1.000	NULL
233	APONTADOR MEDIO		2.00	Geral	7897256248453	1.000	NULL
234	APONTADOR PEQ		2.00	Geral	7897476613888	1.000	NULL
235	APONTADOR PEQ		3.00	PAPELARIA	7897256249993	1.000	NULL
236	APONTADOR REDONDO C/DEPOSITO		3.00	Geral	78971859352392	1.000	NULL
237	apontador redondo grande  sortido		3.00	PAPELARIA	NULL	1.000	NULL
238	APONTADOR STARSCHOOL PEQ		2.00	Geral	7897476613222	1.000	NULL
239	APRENDENDO O ALFABETO		21.00	Geral	7896647009031	1.000	NULL
240	aqua park judy		90.00	Geral	7898631556286	1.000	NULL
241	aquabalão		12.00	kit FESTA	7908487309032	1.000	NULL
242	ARCO E FLECHA    folia  imports		23.00	BRINQUEDOS	7908341605850	1.000	NULL
243	ARCO E FLECHA BRINQUEDO		20.00	BRINQUEDOS	7896464703556	1.000	NULL
244	ARCO E FLECHA C/5 ALTIMIX		35.00	BRINQUEDOS	7898578476210	1.000	NULL
245	ARCO E FLECHA MEDIO 5 PÇS		25.00	BRINQUEDOS	7898578473516	1.000	NULL
246	AREIA AMARELA		4.00	Geral	NULL	1.000	NULL
247	AREIA BRANCA		4.00	Geral	NULL	1.000	NULL
248	AREIA ROSA		4.00	Geral	NULL	1.000	NULL
249	AREIA VERMELHA		4.00	Geral	NULL	1.000	NULL
250	arejador de torneira		4.00	Geral	7890055001458	1.000	NULL
251	AREJADOR DE TORNEIRA		3.00	UTILIDADES	7898955345153	1.000	NULL
252	ARGILA   MODELAR		5.50	Geral	602883283763	1.000	NULL
253	ARGILA EXPANDIDA		5.50	Geral	602883283763	1.000	NULL
254	ARGILA EXPANDIDA 500g		2.50	JARDINAGEM	NULL	1.000	NULL
255	ARGILA EXPANDIDA TERRA BRASIL		4.00	Geral	NULL	1.000	NULL
256	argila massa		4.00	Geral	NULL	1.000	NULL
257	argolas brinco		3.00	Geral	NULL	1.000	NULL
258	ARGOLAS G		8.00	Geral	NULL	1.000	NULL
259	argolas medio		5.00	Geral	NULL	1.000	NULL
260	argolas p		4.00	Geral	NULL	1.000	NULL
261	ARMA DE AGUA		20.00	Geral	6923052763638	1.000	NULL
262	ARMA SHOOTING TIRO AO ALVO		20.00	BRINQUEDOS	7898624605410	1.000	NULL
263	ARMINHA  DE POLICIA DARDOS		20.00	Geral	7899605704917	1.000	NULL
264	ARMINHA D'AGUA		25.00	BRINQUEDOS	7908261002494	1.000	NULL
265	arminha de brinquedo		35.00	Geral	NULL	1.000	NULL
266	ARMINHA DE BRINQUEDO		50.00	Geral	NULL	1.000	NULL
267	ARMINHA PEQUENA AGUÁ		10.00	Geral	NULL	1.000	NULL
268	arqueiro medieval		30.00	Geral	NULL	1.000	NULL
269	ARQUINHO LAÇO		7.00	Geral	NULL	1.000	NULL
270	ARQUINHO SOLTO		4.00	Geral	NULL	1.000	NULL
271	arquinho sortido		3.00	Geral	NULL	1.000	NULL
272	ARRANJO GERBERA		25.00	Geral	7896540109050	1.000	NULL
273	ARRANJO GIRASSOL		20.00	Geral	7898031010661	1.000	NULL
274	ARRANJO GIRASSOL G		42.00	Geral	7892929529204	1.000	NULL
275	ARRANJO GIRASSOL GRANDE		42.00	Geral	20100000014008	1.000	NULL
276	asadeira retangular 01		18.00	ALUMINIO	7898463549319	1.000	NULL
277	ASPIRADOR NASAL		13.00	Geral	7896033241083	1.000	NULL
278	assadeeira alta n 2 aluminio brilho lar		23.00	ALUMINIO	NULL	1.000	NULL
279	ASSADEIRA   4 800 ML		40.00	Geral	NULL	1.000	NULL
280	assadeira  torta redonda n 30 mp		30.00	ALUMINIO	7898463541047	1.000	NULL
281	ASSADEIRA 2L N2		22.00	Geral	7898917307441	1.000	NULL
282	ASSADEIRA ALTA N 4 BRILHO LAR		37.00	Geral	7899011000894	1.000	NULL
283	ASSADEIRA ALTA POLIDA N3 3.6L		30.00	ALUMINIO	7898584430770	1.000	NULL
284	assadeira aluminio  mp n 2		22.00	Geral	7898463540941	1.000	NULL
285	ASSADEIRA ANTIADERENTE		57.00	Geral	7898463543157	1.000	NULL
286	ASSADEIRA CORAÇAO 03		37.00	Geral	7898463541115	1.000	NULL
287	ASSADEIRA DE ALUMÍNIO BRILHO LAR		23.00	COZINHA	7899011000924	1.000	NULL
288	ASSADEIRA DE ALUMINIO MP N 3		32.00	Geral	7898463540958	1.000	NULL
289	ASSADEIRA DE PAO 03		22.00	COZINHA	7898463541085	1.000	NULL
290	ASSADEIRA DE PUDIM REDONDA N 16		18.00	ALUMINIO	7898463540910	1.000	NULL
291	ASSADEIRA DE VIDRO MARINEX OPALINE		26.00	CERAMICAS, PORCELANATO	7891155073253	1.000	NULL
292	ASSADEIRA DESCARTÁVEL DE ALUMINIO		12.00	Geral	7897292610696	1.000	NULL
293	ASSADEIRA FUNDO FALSO		43.00	Geral	7898463540873	1.000	NULL
294	ASSADEIRA FUNDO FALSO		28.80	Geral	789846350868	1.000	NULL
295	assadeira fundo falso n3		49.99	Geral	7898463540880	1.000	NULL
296	ASSADEIRA GRANDE OPALINE 1,4L		40.00	CERAMICAS, PORCELANATO	7891155072706	1.000	NULL
297	ASSADEIRA n 3 alta aluminio brilho lar		28.00	ALUMINIO	7899011000931	1.000	NULL
298	ASSADEIRA N5 ALTA POLIDA 6,9L		50.00	ALUMINIO	7898584430794	1.000	NULL
299	ASSADEIRA NACIONAL PÃO N°2		15.00	Geral	7898211761352	1.000	NULL
300	ASSADEIRA OBLONG N1 1,86L		40.00	Geral	7898211760928	1.000	NULL
301	ASSADEIRA OVAL MEDIA OPALINE 1L		30.00	CERAMICAS, PORCELANATO	7891155072690	1.000	NULL
302	ASSADEIRA PANEFLOR N 4		40.00	Geral	NULL	1.000	NULL
303	ASSADEIRA PAO 02 MP		18.00	COZINHA	7898463541078	1.000	NULL
304	ASSADEIRA PAO 03		21.50	Geral	NULL	1.000	NULL
305	ASSADEIRA PIZZA 35		27.50	Geral	7898463540903	1.000	NULL
306	ASSADEIRA POLIDA 4,8L		40.00	Geral	7898584430787	1.000	NULL
307	ASSADEIRA RET ALTA POLIDA N1		18.00	COZINHA	7899011000917	1.000	NULL
308	ASSADEIRA RETA LISA N°1		17.50	Geral	7898593320017	1.000	NULL
309	ASSADEIRA RETANGULAR 01		20.00	Geral	7898463540934	1.000	NULL
310	assadeira retangular 02		20.00	Geral	898453549326	1.000	NULL
311	assadeira retangular 02		20.00	ALUMINIO	7898463549326	1.000	NULL
312	assadeira retangular 03		22.00	ALUMINIO	7898463549333	1.000	NULL
313	assadeira retangular 04		32.50	ALUMINIO	7898463549340	1.000	NULL
314	ASSADEIRA RETANGULAR 05		40.00	ALUMINIO	7898463540972	1.000	NULL
315	assadeira retangular 05		40.00	ALUMINIO	7898463549357	1.000	NULL
316	ASSADEIRA RETANGULAR 2,4 LTS		19.00	ALUMINIO	7891232032128	1.000	NULL
317	assadeira retangular 24x35 2,8LT		21.00	ALUMINIO	7891232032135	1.000	NULL
318	ASSADEIRA RETANGULAR 27X40 FOSCA - 4,2 L		23.00	ALUMINIO	7891232032142	1.000	NULL
319	ASSADEIRA RETANGULAR 4,2L		35.00	Geral	7891232033125	1.000	NULL
320	assadeira retangular 5 redar		40.00	ALUMINIO	7898913194410	1.000	NULL
321	ASSADEIRA RETANGULAR 8,5L		18.00	UTILIDADES	7897292610726	1.000	NULL
322	ASSADEIRA RETANGULAR ALTA N2		30.00	Geral	7898211760331	1.000	NULL
323	assadeira torta 22		20.00	Geral	7898463541016	1.000	NULL
324	ASSADEIRA TORTA 28		25.00	ALUMINIO	7898463541030	1.000	NULL
325	assadeira torta redonda n 35 mp		50.00	ALUMINIO	7898463541054	1.000	NULL
326	ASSENTO DE VASO BRANCO		30.00	UTILIDADES	7908439800006	1.000	NULL
327	ASSENTO SABI VERMELHO (MENDES CONFECÇÕES)		10.00	Geral	NULL	1.000	NULL
328	ASSENTO SANITARIO		25.00	Geral	7896725707712	1.000	NULL
329	ATLAS GEOGRÁFICO		3.50	PAPELARIA	9788506047262	1.000	NULL
330	AVCNGENS SERIES		120.00	Geral	7890021093401	1.000	NULL
331	avental  com bolso tecido estanpado		9.00	Geral	7898495732635	1.000	NULL
332	AVENTAL  NAPA		7.00	Geral	7898297107518	1.000	NULL
333	AVENTAL  SORTIDOS 0,45 X 0,60 CM		8.00	Geral	1009783451206	1.000	NULL
334	avental kim		9.00	Geral	7898380620016	1.000	NULL
335	AVENTAL KIM PANOS		5.00	CAMA, MESA E BANHO	7898380620788	1.000	NULL
336	AVENTAL KORINO		8.50	Geral	7898930467153	1.000	NULL
337	AVENTAL NAPA		5.00	UTILIDADES	7898495732512	1.000	NULL
338	AVENTAL P/ CHURRASQUEIRO 64X1,00M		16.00	UTILIDADES	7898930467122	1.000	NULL
339	AVENTAL SOFICE		7.00	Geral	NULL	1.000	NULL
340	AVIAÕ  PLANE		30.00	Geral	7899605749116	1.000	NULL
341	AVIAÕ  SUPER CAÇA		6.50	Geral	7898005840188	1.000	NULL
342	AVIÃO BS PLANE		40.00	BRINQUEDOS	7898002434830	1.000	NULL
343	AVIÃO DE BRINQUEDO		20.00	BRINQUEDOS	7898160200209	1.000	NULL
344	AVIÃO EXPLOTER TIME		70.00	Geral	7898300574634	1.000	NULL
345	AVIÃO FIGHITER COMANDO		35.00	BRINQUEDOS	7898300574559	1.000	NULL
346	AVIAO PEQUENO		7.00	BRINQUEDOS	7899605793096	1.000	NULL
347	BABADOR DE SILICONE SANREMO		20.00	Geral	7896359022823	1.000	NULL
348	baby babilina bambola		39.99	Geral	7899871707155	1.000	NULL
349	BABY CARRINHO		20.00	BRINQUEDOS	7898002435578	1.000	NULL
350	BABY CARRIOLA DE PRAIA		22.50	BRINQUEDOS	7896744840902	1.000	NULL
351	baby star		20.00	Geral	7908694103164	1.000	NULL
352	baby start cubo  mágico		55.00	Geral	7897252291057	1.000	NULL
353	bacia		85.00	Geral	NULL	1.000	NULL
354	BACIA  COLORS  25 LITROS  EURIBEL		25.00	Geral	7898050920804	1.000	NULL
355	BACIA 16 LITROS		16.00	UTILIDADES	7898933917563	1.000	NULL
356	BACIA 18 LITROS ARQPLAST		14.00	UTILIDADES	7908439800013	1.000	NULL
357	BACIA 20 L		22.00	Geral	NULL	1.000	NULL
358	BACIA 25 LITROS		23.00	Geral	7898933917570	1.000	NULL
359	BACIA 35 LTS		27.00	Geral	7898933917587	1.000	NULL
360	BACIA 4 LTS		4.00	UTILIDADES	7897649744432	1.000	NULL
361	BACIA 40 LTS VERDE ARQPLAST CANELADA		35.00	PLASTICOS	7908439800037	1.000	NULL
362	BACIA 45L		40.00	Geral	7908682302111	1.000	NULL
363	BACIA 6,5 COLORS		7.00	UTILIDADES	7898972314026	1.000	NULL
364	BACIA 6L RAE PLASTICOS		8.00	Geral	7898961529011	1.000	NULL
365	BACIA 80 LTS CANELADA EXTRA GIGANTE		55.00	PLASTICOS	7908439800051	1.000	NULL
366	BACIA 9 LITROS COLOR		7.00	PLASTICOS	7899335409656	1.000	NULL
367	BACIA C, TAMPA 2,8L   MB		10.00	Geral	NULL	1.000	NULL
368	BACIA C/TAMPA 250 ml		2.50	UTILIDADES	7897698211459	1.000	NULL
369	bacia canelada  3,2 l		7.00	Geral	7897698209500	1.000	NULL
370	BACIA CANELADA 1,8L - PURE		5.00	UTILIDADES	7897698209494	1.000	NULL
371	BACIA CANELADA 12 LTS ARQPLAST		10.00	UTILIDADES	7898919089048	1.000	NULL
372	BACIA CANELADA 12L		8.00	UTILIDADES	7897649766144	1.000	NULL
373	BACIA CANELADA 20L		22.00	UTILIDADES	7897698230535	1.000	NULL
374	bacia canelada 31 lt colors		28.00	COZINHA	7897698230542	1.000	NULL
375	BACIA CANELADA 6L		10.00	UTILIDADES	7897698209517	1.000	NULL
376	BACIA CANELADA COLOR 3 LTS		4.00	UTILIDADES	7908439800761	1.000	NULL
377	BACIA CANELADA COLOR 5,5 LTS		8.00	UTILIDADES	7908439800044	1.000	NULL
378	BACIA COM TAMPA 1,1L		7.00	UTILIDADES	7897698210469	1.000	NULL
379	BACIA COM TAMPA 2,8L		12.00	PLASTICOS	7897698209203	1.000	NULL
380	BACIA COM TAMPA 500 ML		4.00	UTILIDADES	7897698210766	1.000	NULL
381	BACIA DE 110 L		98.00	Geral	7897698207353	1.000	NULL
382	BACIA DE 35L PRETA		25.00	Geral	7898719600160	1.000	NULL
383	BACIA DE 50 L PRETA		37.00	UTILIDADES	7898149701017	1.000	NULL
384	BACIA DE 80 LITROS  SORTIDO		95.00	UTILIDADES	7898933917723	1.000	NULL
385	BACIA EXTRA  GIGANTE AZUL		95.00	Geral	7908439800068	1.000	NULL
386	BACIA EXTRA GIGANTE 80 LTS		45.00	Geral	7898280070874	1.000	NULL
387	BACIA FRISADA 15 LITROS		12.00	Geral	7908439803182	1.000	NULL
388	BACIA FRISADA 25 LTS		16.00	UTILIDADES	7908439803199	1.000	NULL
389	BACIA GIGANTE 28 LTS INPLAST		23.00	UTILIDADES	7897649766335	1.000	NULL
390	BACIA GIGANTE RECICLADA 30 LTS		17.90	PLASTICOS	7898378693282	1.000	NULL
391	BACIA GRANDE CANELADA 32 LTS		27.00	UTILIDADES	7908439800020	1.000	NULL
392	BACIA MULTICOLOR 40 LITROS		27.00	UTILIDADES	7899335409687	1.000	NULL
393	BACIA MULTIUSO 28 LITROS COLOR		18.00	UTILIDADES	7899335409670	1.000	NULL
394	BACIA PEDICURE		20.00	UTILIDADES	7896818202513	1.000	NULL
395	BACIA PEDICURE ARQPLAST   PRETO		8.50	UTILIDADES	7908439800075	1.000	NULL
396	BACIA PRETA 25 LTS		15.00	PLASTICOS	7898609770133	1.000	NULL
397	BACIA UNIPOP		12.00	Geral	7898936774361	1.000	NULL
398	BAÇÕES JOY PREMIUM ROSA C/50		7.50	Geral	7898486076762	1.000	NULL
399	BAILARINA PORTA-JOIAS		20.00	Geral	NULL	1.000	NULL
400	BALANÇA		30.00	Geral	NULL	1.000	NULL
401	BALANÇA		44.00	Geral	7908542621024	1.000	NULL
402	BALANÇA AZUL		40.00	Geral	NULL	1.000	NULL
403	BALANÇA DE COZINHA		40.00	Geral	7899488114605	1.000	NULL
404	BALANÇA DE COZINHA  DIGITAL PRECISION   10 KL		30.00	Geral	7908169042660	1.000	NULL
405	BALANÇA DE COZINHA  ORIGINAL		40.00	Geral	7899653781182	1.000	NULL
406	BALANÇA DE COZINHA 10KG		30.00	Geral	7898740981887	1.000	NULL
407	balança de precisão   cozinha		30.00	Geral	7892023091294	1.000	NULL
408	balanca digital		40.00	Geral	618341286436	1.000	NULL
409	BALANÇA DIGITAL ALIMENTOS		49.80	Geral	7899658391010	1.000	NULL
410	BALANÇA DIGITAL CORPORAL		44.00	Geral	7899488120217	1.000	NULL
411	balança digital cozinha		49.80	Geral	7898505903635	1.000	NULL
412	BALANÇA DIGITAL ORIGINAL LINE 180KG		85.00	Geral	7899653781298	1.000	NULL
413	BALANÇA DIGITAL WELLMIX		40.00	Geral	7899527116638	1.000	NULL
414	BALANÇA PESSOAL DIGITAL		85.00	Geral	7899454417709	1.000	NULL
415	BALAO		3.00	Geral	7898486070043	1.000	NULL
416	BALAO		10.00	Geral	7898954470573	1.000	NULL
417	balão   joy neon n 9 sortido c 25		8.00	Geral	7908070403437	1.000	NULL
418	balão  6,5 rosa  claro  25 unid.		3.50	Geral	7898486070111	1.000	NULL
419	balão  amarelo n 7		10.00	Geral	7896217105576	1.000	NULL
420	balão  c 12  prata  cromado  numero 14		23.00	kit FESTA	7908070414044	1.000	NULL
421	balaõ  de 6,5 folia c 30 sortida		8.00	Geral	7898055158219	1.000	NULL
422	balão  dourado dourado n3		8.00	kit FESTA	7898637380397	1.000	NULL
423	balão  joy 6,5  preta		3.50	Geral	7898486070142	1.000	NULL
424	balão  joy c 50  terracota n 7		10.00	Geral	7908070414471	1.000	NULL
425	balão  n 7  lilas c 30		8.00	Geral	7896217105569	1.000	NULL
426	balão  ouro pequeno 40 cm n 1		8.00	kit FESTA	789001900945	1.000	NULL
427	balão 2026 dourado prateado n 16		20.00	kit FESTA	8202316013039	1.000	NULL
428	BALÃO 6,5		3.50	Geral	7898486070210	1.000	NULL
429	BALÃO 6,5  SORTIDO		3.00	Geral	7898486070012	1.000	NULL
430	BALÃO AMARELO 6,5 C/20		4.00	Geral	7896217109208	1.000	NULL
431	BALÃO AZUL 6,5 C/20		4.00	Geral	7896217109086	1.000	NULL
432	balao azul 9		16.00	Geral	NULL	1.000	NULL
433	balão bege c 50 joy		7.50	Geral	7898486076694	1.000	NULL
434	BALÃO BIG IDEATEX 1 UNID		8.00	FESTA	7896491404808	1.000	NULL
435	BALÃO BRANCO 6,5 C/20		4.00	Geral	7896217109109	1.000	NULL
436	balão c 20 unid preto 6,5 folia		5.00	Geral	7898055156147	1.000	NULL
437	balão cromado joy c 25 sortido		16.00	Geral	7908070409811	1.000	NULL
438	balão de 6,5 branca  20 unidades		4.00	Geral	NULL	1.000	NULL
439	BALÃO DE CORAÇÃO		7.50	Geral	7893200564945	1.000	NULL
440	BALÃO DE NÚMEROS		8.00	FESTA	7898954470436	1.000	NULL
441	balão de numéros 40 cm		8.00	kit FESTA	7899270107327	1.000	NULL
442	balão dourado n4		8.00	kit FESTA	7898637380403	1.000	NULL
443	BALAO F. A PARABENS TAM 7		2.00	Geral	7898610101414	1.000	NULL
444	balão joy		7.50	Geral	7898486074362	1.000	NULL
445	balão joy  n 7    50		7.50	Geral	7898486074416	1.000	NULL
446	BALÃO JOY 6,5 LARANJA		5.00	kit FESTA	7898486070135	1.000	NULL
447	balão joy c 50  coral		10.00	Geral	7898486074409	1.000	NULL
448	balão joy c 50 marfim n 7 premium		7.50	Geral	7898486077967	1.000	NULL
449	balão joy n 7 ameixa c 50		7.50	Geral	7908070411302	1.000	NULL
450	balão joy n 7 premium  c 50 mostarda		7.50	Geral	7898486074447	1.000	NULL
451	balão joy n 7 premiun c 50 verde tifanny		10.00	Geral	7908070410343	1.000	NULL
452	BALÃO JOY N°14		15.00	FESTA	7908070413610	1.000	NULL
453	balão joy sortido candy c 25		8.00	Geral	7908070403253	1.000	NULL
454	balão joy sortido metalizado n 9 c 50		16.00	Geral	7908070405769	1.000	NULL
455	balão laranja 6,5		3.50	Geral	7898486070258	1.000	NULL
456	balão metalizado n 9 c 25 unidades   joy cor ouro		24.00	Geral	7908070409675	1.000	NULL
457	balão n 14 c 12 ouro cromado		23.00	kit FESTA	7908070414037	1.000	NULL
458	balão n 16 c 12 unid. joy   prata cromado		25.00	kit FESTA	7908070418707	1.000	NULL
459	balão n 2 dourado ouro pequeno 40 cm		8.00	kit FESTA	7898637380380	1.000	NULL
460	balao n 6 40 cm		5.00	Geral	NULL	1.000	NULL
461	BALÃO N 7 VERDE LIMÃO		7.50	Geral	7898486074515	1.000	NULL
462	balão n 9 c 25		24.00	kit FESTA	7908070409842	1.000	NULL
463	BALÃO N°5 75CM		8.00	Geral	7898954470467	1.000	NULL
464	BALÃO N°7 40CM		5.00	Geral	NULL	1.000	NULL
465	balão prata cromado n 9 c 25		24.00	kit FESTA	7908070409705	1.000	NULL
466	BALÃO PRETO 6,5 C/20		4.00	Geral	7896217109161	1.000	NULL
467	BALÃO ROSA 6,5 C/20		5.00	Geral	7896217109147	1.000	NULL
468	BALÃO ROSA N 9 COM 50		16.00	Geral	7898486074669	1.000	NULL
469	BALÃO ROSE N°7 50 UNID JOY		7.50	FESTA	7908070412675	1.000	NULL
470	balão roxo		3.00	Geral	7898486070128	1.000	NULL
471	BALÃO SORTIDO 6,5 C/20		4.00	Geral	7896217109079	1.000	NULL
472	balão sortido n 7 c 30		8.00	Geral	7896217105705	1.000	NULL
473	BALÃO SORTIDO N 9		16.00	Geral	NULL	1.000	NULL
474	balão verde bandeira n 7  50		10.00	Geral	7898486080530	1.000	NULL
475	balão verde escuro joy c 50		7.50	Geral	7908070410046	1.000	NULL
476	balao verde n 9  folia		16.00	Geral	NULL	1.000	NULL
477	BALÃO VERMELHO 6,5 C/20		4.00	Geral	7896217109185	1.000	NULL
478	balão vermelho n 6,5 c 25 unidades		3.00	Geral	7898486070098	1.000	NULL
479	balão vinho n 7 joy c 50		7.50	Geral	7898486076700	1.000	NULL
480	balcao		150.00	Geral	NULL	1.000	NULL
481	BALDÃO 97 LITROS		90.00	PLASTICOS	7897848705210	1.000	NULL
482	balde		90.00	Geral	NULL	1.000	NULL
483	balde		45.00	Geral	NULL	1.000	NULL
484	balde		15.70	Geral	NULL	1.000	NULL
485	balde		15.70	Geral	NULL	1.000	NULL
486	balde		7.60	Geral	7898280070065	1.000	NULL
487	BALDE   20 LITROS		15.00	Geral	NULL	1.000	NULL
488	balde  15 litros azul		15.00	Geral	7899335402978	1.000	NULL
489	BALDE 10 LITROS		12.00	UTILIDADES	7898933917686	1.000	NULL
490	BALDE 100 LITROS COLORIDO VERDE		100.00	Geral	7898933917839	1.000	NULL
491	BALDE 10L ARQPLAST azul .verde		10.00	UTILIDADES	7908439800785	1.000	NULL
492	BALDE 10L LIMPEZA DUPLO		12.00	Geral	7908439802680	1.000	NULL
493	BALDE 110 L COLORIDO ROSA		100.00	Geral	7898933917884	1.000	NULL
494	BALDE 7 LTS		6.80	UTILIDADES	7897649766168	1.000	NULL
495	balde 7L pp color ref0285		6.00	CAsa	7899335402855	1.000	NULL
496	balde 8 litros		6.50	Geral	7895099932577	1.000	NULL
497	BALDE 8 LTS		6.50	UTILIDADES	7898280070508	1.000	NULL
498	BALDE ACQUA LINE 13 L		26.00	COZINHA	7897698230511	1.000	NULL
499	BALDE ACQUA LINE 8 L CINZA		18.00	COZINHA	7897698230504	1.000	NULL
500	BALDE ALÇA FERRO 8 LTS		8.00	UTILIDADES	7908439800082	1.000	NULL
501	BALDE ARQPLAST 15 LTS		13.00	UTILIDADES	7908439800099	1.000	NULL
502	balde com alça   30 litros  arquaplast		30.00	Geral	7908439800792	1.000	NULL
503	BALDE COM ALÇA E FERRO 20 LTS		17.50	PLASTICOS	7908439800105	1.000	NULL
504	BALDE COM BICO  21 LITROS  AZUL		25.00	Geral	7897649766854	1.000	NULL
505	BALDE COM TANPA 100 L  AZUL		100.00	Geral	7898933917853	1.000	NULL
506	BALDE DE BEBIDAS		50.00	UTILIDADES	7899655048771	1.000	NULL
507	balde de praia		35.00	Geral	NULL	1.000	NULL
508	BALDE DE PRAIA ANIMAL		22.00	Geral	NULL	1.000	NULL
509	BALDE DE PRAIA GRANDE  LUCTOYS		20.00	BRINQUEDOS	7898964288236	1.000	NULL
510	balde implast  grande    13 litros		12.00	PLASTICOS	7897649766151	1.000	NULL
511	BALDE INPLAST GRANDE 13L		13.00	PLASTICOS	7897649766151	1.000	NULL
512	BALDE LIMP&CLEAN 8L		17.00	PLASTICOS	7897698207377	1.000	NULL
513	BALDE OVAL 8L		11.25	Geral	7897848770805	1.000	NULL
514	balde pequeno castelo		17.00	Geral	7898913573185	1.000	NULL
515	balde praia super castelão		35.00	Geral	7891575102533	1.000	NULL
516	balde tranparente  15 litros unijet		16.00	Geral	7899335402848	1.000	NULL
517	BALDE TRANSPARENTE 7 L		15.00	UTILIDADES	7899335402985	1.000	NULL
518	BALDINHO BABY ANIMAL		22.00	BRINQUEDOS	7898096081446	1.000	NULL
519	BALDINHO DE PRAIA		14.00	BRINQUEDOS	7896464703617	1.000	NULL
520	baleiro  2 andar		3.00	Geral	7898610101278	1.000	NULL
521	baleiro vidro		55.00	Geral	7898966464201	1.000	NULL
522	balés joy n 7 rosa fucsia		6.00	Geral	7898486070586	1.000	NULL
523	BALET		35.00	Geral	NULL	1.000	NULL
524	BALOES		16.00	Geral	NULL	1.000	NULL
525	BALOES		16.00	Geral	NULL	1.000	NULL
526	balões  6,5 amarelo joy com 50		3.50	Geral	7898486070197	1.000	NULL
527	balões  joy laranja com 50		10.00	Geral	7898486070562	1.000	NULL
528	baloes  joy n 7 marsala c 50		7.50	Geral	7908070411500	1.000	NULL
529	balões  joy n 7 premium		7.50	Geral	7898486077363	1.000	NULL
530	balões 6,5 branco joy c 25		3.00	Geral	7898486070159	1.000	NULL
531	balões 6,5 joy c 50		3.50	Geral	7898486070272	1.000	NULL
532	balões 6,5 joy com 50 unid.  sortida		3.50	Geral	7898486070302	1.000	NULL
533	BALÕES 7 BRANCO 50 UNID		10.00	FESTA	7898486070517	1.000	NULL
534	balões azul 6,5 joy com 50		3.50	Geral	7898486070203	1.000	NULL
535	BALOES BOLI BOLI 6,5 AZUL		3.50	UTILIDADES	7896491442060	1.000	NULL
536	BALOES BOLI BOLI 6,5 BRANCO		3.50	Geral	7896491442015	1.000	NULL
537	BALOES BOLI BOLI 6,5 ROSA		3.50	UTILIDADES	7896491442053	1.000	NULL
538	BALÕES DE LETRA DOURADOS		10.00	FESTA	7898954470580	1.000	NULL
539	BALÕES ESPAGUETE		1.50	Geral	7898610101391	1.000	NULL
540	BALÕES IDEATEX BOLI BOLI		3.50	FESTA	7896491442046	1.000	NULL
541	balões joy  n 7   com 50 unidades verde limão		6.00	Geral	7898486070593	1.000	NULL
542	BALÕES JOY  N 7 SORTIDO		6.00	Geral	7898486070494	1.000	NULL
543	balões joy  rosa claro  com 50 unidade		10.00	Geral	7898486070555	1.000	NULL
544	balões joy 6,5 c 25 unid verde		5.00	Geral	7898486070081	1.000	NULL
545	balões joy 6,5 c 50 branco		3.50	Geral	7898486070227	1.000	NULL
546	balões joy 6,5 com 50 unid   lilás		3.50	Geral	7898486070265	1.000	NULL
547	balões joy 6,5 marron c 50		5.00	Geral	7898486070296	1.000	NULL
548	balões joy 6,5 verde limão c 50		3.50	Geral	7898486070180	1.000	NULL
549	balões joy 6,5 vermelho c 50		3.50	Geral	7898486070234	1.000	NULL
550	balões joy 7 azul com 50		6.00	Geral	7898486070609	1.000	NULL
551	BALÕES JOY AMARELO N°7 c 50		10.00	FESTA	7898486070500	1.000	NULL
552	balões joy c 25 unid. rosa		3.00	Geral	7898486070050	1.000	NULL
553	balões joy c 50 unid. preto		3.50	Geral	7898486070289	1.000	NULL
554	balões joy lilás com 50 unid		6.00	Geral	7898486070579	1.000	NULL
555	balões joy marron n 7 com 50 unid.		6.00	Geral	7898486070623	1.000	NULL
556	balões joy n 7 premium amarelo  sol		10.00	Geral	7898486077974	1.000	NULL
557	BALÕES JOY N° 7 VERMELHO		10.00	FESTA	7898486070548	1.000	NULL
558	BALÕES JOY N°7 AZUL ROYAL		10.00	FESTA	7898486070531	1.000	NULL
559	BALÕES JOY PREMIUM PRETO		7.50	Geral	7898486074461	1.000	NULL
560	BALÕES JOY PREMIUM SORTIDO		7.50	Geral	7898486074485	1.000	NULL
561	BALÕES PREMIUM JOY AZUL COBALTO		7.50	Geral	7898486077981	1.000	NULL
562	BALOES PREMIUM N°7		7.50	Geral	7896491444545	1.000	NULL
563	BALÕES PRETO JOY N°7 50		10.00	FESTA	7898486070616	1.000	NULL
564	BALÕES REDONDO CROMADO DOURADO 16 C/12UN		15.00	Geral	7908070418691	1.000	NULL
565	balões verde n 7 com 50 unid joy		6.00	Geral	7898486070524	1.000	NULL
566	BAMBOLE		5.00	Geral	798190242460	1.000	NULL
567	BAMBOLE		5.00	Geral	7898662970013	1.000	NULL
568	banco imobiliario		8.00	Geral	7898359170214	1.000	NULL
569	bandeira		10.00	Geral	2700000000007	1.000	NULL
570	bandeira de tnt cores		6.00	FESTA	7898667650040	1.000	NULL
571	BANDEIRA FESTA JUNINA		5.00	Geral	NULL	1.000	NULL
572	bandeja  colors		3.00	Geral	7898610101353	1.000	NULL
573	bandeja  grande		9.00	Geral	7898610100059	1.000	NULL
574	BANDEJA BRANCA INPLAST		14.00	UTILIDADES	7897649766106	1.000	NULL
575	BANDEJA LAMINADA  N 35 PRATA QUADRADA		3.50	kit FESTA	NULL	1.000	NULL
576	BANDEJA LAMINADA 035 RETANGULAR		3.50	FESTA	7908267801268	1.000	NULL
577	BANDEJA LAMINADA 036 PRATA		4.00	FESTA	7908267801275	1.000	NULL
578	BANDEJA LAMINADA 040 RETANGULAR		6.80	FESTA	7908267801282	1.000	NULL
579	BANDEJA LAMINADA 24X29CM		2.50	Geral	7898610101346	1.000	NULL
580	BANDEJA LAMINADA 28X35CM		3.60	Geral	7898610100028	1.000	NULL
581	bandeja laminada n 8  30 cm		3.00	Geral	NULL	1.000	NULL
582	BANDEJA LAMINADA N50 QUADRADA		8.90	FESTA	7896578919003	1.000	NULL
583	BANDEJA MULTIUSO 6L		14.00	Geral	7897698202167	1.000	NULL
584	bandeja n 50		6.00	Geral	7898610100042	1.000	NULL
585	bandeja quadrada  n 40		4.00	Geral	7898610100035	1.000	NULL
586	bandeja redonda 047		6.00	Geral	7898610100417	1.000	NULL
587	bandeja redonda n 14  42 cm laminada		6.00	Geral	NULL	1.000	NULL
588	BANHEIRA  AZUL gg  35 litros		40.00	Geral	7908439800112	1.000	NULL
589	BANHEIRA  NEW BABY		36.80	UTILIDADES	7897848715103	1.000	NULL
590	BANHEIRA  ROSA  TAM GG  35 litros		40.00	UTILIDADES	7908439800129	1.000	NULL
591	BANHEIRA ARQPLAST		37.50	Geral	7898280076296	1.000	NULL
592	BANHEIRA AZUL  22 LITROS		36.00	Geral	7896725789466	1.000	NULL
593	banheira branca gg 35 litros		40.00	Geral	7898919089918	1.000	NULL
594	BANHEIRA INFANTIL 35L		45.00	UTILIDADES	7908439804776	1.000	NULL
595	banheira inflável  450 l mais de 2 anos		120.00	BRINQUEDOS	7896020617846	1.000	NULL
596	banheira inflavel 130l		100.00	Geral	7896020617822	1.000	NULL
597	banheira inflavel 180 l  mais de 2 anos		80.00	BRINQUEDOS	7896020617839	1.000	NULL
598	BANHEIRA NEW BABY		36.80	Geral	7897848715110	1.000	NULL
599	BANHEIRA NEW BABY ROSA		36.80	UTILIDADES	7007148715103	1.000	NULL
600	BANHEIRA ROSA 30 LT		45.00	UTILIDADES	7908439804783	1.000	NULL
601	BANHEIRA VERDE  PLASTIBABY		36.00	Geral	7896725789473	1.000	NULL
602	banheuira inflavel 80l		80.00	Geral	7896020617815	1.000	NULL
603	banho maria grafite 2x1		51.00	Geral	7898463541719	1.000	NULL
604	BANQUETA ADULTO PRETA		25.00	UTILIDADES	7899335403272	1.000	NULL
605	BANQUETA ALTA PRETA		20.00	Geral	7897649768216	1.000	NULL
606	BANQUETA ARAXÁ		20.00	UTILIDADES	7898911068669	1.000	NULL
607	BANQUETA ARQPLAST PRETA		20.00	Geral	7908439800167	1.000	NULL
608	BANQUETA COLORIDA ARQPLAST		23.00	Geral	7908439800150	1.000	NULL
609	BANQUETA PRETA		20.00	Geral	7898036787025	1.000	NULL
610	banqueta preta arquaplast		20.00	Geral	7898280071215	1.000	NULL
611	BARALHO		10.00	Geral	7899605709189	1.000	NULL
612	BARALHO  NZA PLAY		20.00	Jogos	7908596410667	1.000	NULL
613	BARALHO COPAG		10.00	Geral	7896008910136	1.000	NULL
614	BARALHO COPAG 139		10.00	Geral	7896482239006	1.000	NULL
615	BARALHO EM PLASTICO  BARCELONA		15.00	Geral	7898517735842	1.000	NULL
616	baralho monaco		10.00	Jogos	3253000000007	1.000	NULL
617	barbante  grande piratininga		8.50	Geral	NULL	1.000	NULL
618	barbante comum		7.00	Geral	7898921232012	1.000	NULL
619	BARBANTE CRU 4/8 140M		8.50	Geral	7898927232085	1.000	NULL
620	BARBANTE CRU 4/8 C/70M		5.00	UTILIDADES	7898927232061	1.000	NULL
621	BARBANTE CRU C/70M 4/8		8.50	UTILIDADES	7898927232078	1.000	NULL
622	BARBANTE ECOLÓGICO POR NATUREZA		8.50	UTILIDADES	7898451136033	1.000	NULL
623	barbante pequeno		5.70	Geral	NULL	1.000	NULL
624	BARBEADOR SOLTO		4.00	Geral	NULL	1.000	NULL
625	BARBIE BAILARINA		35.00	BRINQUEDOS	7908694103843	1.000	NULL
626	BASTAO COLA QUENTE		2.00	Geral	NULL	1.000	NULL
627	BASTÃO COLA QUENTE GRANDE		2.50	Geral	NULL	1.000	NULL
628	BATE BIFE 24X4,5		7.00	Geral	7896489401321	1.000	NULL
629	bate clara  cofax		5.00	Geral	7897435103122	1.000	NULL
630	BATEDEIRA MONDIAL 400 W B-44-B		160.00	Geral	7899882310986	1.000	NULL
631	BATEDEIRA MONDIAL CAKE PREMIUM		150.00	Geral	7899882311822	1.000	NULL
632	batedeira mondial vermelha 400 w 3 vel.		140.00	Geral	7899882311020	1.000	NULL
633	BATEDEIRA PRATICA MONDIAL		140.00	Geral	7899882305098	1.000	NULL
634	batedor de clara  inox    nix house		11.00	UTILIDADES	7898974227966	1.000	NULL
635	BATEDOR DE CLARAS SILICONE		11.00	Geral	7899441531616	1.000	NULL
636	bateria   de lithium maxprint 2032		10.00	Geral	7897975007928	1.000	NULL
637	BATERIA  2032   FLEXGOLD		10.00	Geral	7898615159144	1.000	NULL
638	BATERIA  AG 1		2.00	Geral	NULL	1.000	NULL
639	BATERIA  AG 4		2.00	Geral	7800000002461	1.000	NULL
640	BATERIA  CR 1220		3.00	Geral	NULL	1.000	NULL
641	bateria  de relogio		2.00	Geral	NULL	1.000	NULL
642	BATERIA  LITHIUM 2016		3.00	Geral	7800000015706	1.000	NULL
643	bateria  litio 2032 philips		20.00	ELETRONICOS	4895229119451	1.000	NULL
644	BATERIA  LR 736  ELGIN lr 41		3.00	Geral	7897013556968	1.000	NULL
645	BATERIA 1220		3.00	Geral	7800000000283	1.000	NULL
646	bateria 16 20 mox		10.00	Geral	7898558913452	1.000	NULL
647	BATERIA 1620		5.00	Geral	5435627465409	1.000	NULL
648	BATERIA 1632		3.00	Geral	7800000000306	1.000	NULL
649	BATERIA 2016		5.00	Geral	6998818020164	1.000	NULL
650	BATERIA 2016 LITHIUM		3.00	Geral	NULL	1.000	NULL
651	BATERIA 2025		3.00	Geral	25215736476	1.000	NULL
652	BATERIA 2025		5.00	Geral	6998818020256	1.000	NULL
653	BATERIA 2032		5.00	Geral	7800000002492	1.000	NULL
654	bateria 2032  energizer		10.00	Geral	8888021300185	1.000	NULL
655	BATERIA 2032 LITHIUM		6.00	Geral	6970905201458	1.000	NULL
656	BATERIA 2032 SONY		10.00	Geral	810026280856	1.000	NULL
657	bateria 23a		5.00	Geral	6971186111146	1.000	NULL
658	BATERIA 23A 12V GN		10.00	Geral	NULL	1.000	NULL
659	BATERIA 27 A		10.00	Geral	6970905251279	1.000	NULL
660	BATERIA 27 A		5.00	Geral	6952476800346	1.000	NULL
661	bateria 2o25  flex		10.00	Geral	5379861524891	1.000	NULL
662	BATERIA 9 VOLTS FLEX VERDE		10.00	Geral	NULL	1.000	NULL
663	BATERIA 9 VOLTS HW HI-WATT		10.00	Geral	NULL	1.000	NULL
664	BATERIA 9 VOLTZ ENERGIZER		20.00	ELETRÔNICOS E ACESSÓRIOS	39800013613	1.000	NULL
665	BATERIA AG3, 392A, CX41, LR41W		3.00	Geral	NULL	1.000	NULL
666	BATERIA ALCALINA 1.55V AG1/		2.00	ELETRONICOS	6998817810018	1.000	NULL
667	BATERIA ALKALINA 1.55V		3.00	Geral	NULL	1.000	NULL
668	BATERIA BOTÃO FX-LR621-364A-AG1 1.5V		3.00	ELETRÔNICOS E ACESSÓRIOS	7898615150776	1.000	NULL
669	BATERIA CR2016		10.00	Geral	8562007628	1.000	NULL
670	BATERIA CR2016		5.00	Geral	NULL	1.000	NULL
671	bateria cr2025		5.00	Geral	NULL	1.000	NULL
672	bateria de 9 voltz		10.00	Geral	7908417102436	1.000	NULL
673	BATERIA DE 9V BLITZEN		8.00	Geral	7899958210509	1.000	NULL
674	BATERIA DE LÍTIO 2032		5.00	Geral	7899454413329	1.000	NULL
675	BATERIA DE RELOGIO		2.00	Geral	NULL	1.000	NULL
676	BATERIA DE RELÓGIO		3.00	Geral	5435627465089	1.000	NULL
677	BATERIA FX-CR2032 3V		10.00	ELETRÔNICOS E ACESSÓRIOS	5379861524570	1.000	NULL
678	BATERIA FX-LR44/AG13		3.00	ELETRÔNICOS E ACESSÓRIOS	7898615157713	1.000	NULL
679	bateria LR 44		3.00	Geral	6971863850603	1.000	NULL
680	BATERIA LR41		3.00	Geral	6971863850504	1.000	NULL
681	BATERIA LR41		3.00	Geral	5415329882223	1.000	NULL
682	BATERIA LR44		3.00	Geral	7897768202424	1.000	NULL
683	bateria panasonic 2032		10.00	Geral	7896067202340	1.000	NULL
684	BATERIA PEQUENA		2.00	Geral	NULL	1.000	NULL
685	BATERIA TERMOMETRO		3.00	Geral	NULL	1.000	NULL
686	BATERIA ZEROMERCURY 27A 12V		10.00	Geral	7895685264235	1.000	NULL
687	BATOM   24 HRS		5.00	Geral	7899738900170	1.000	NULL
688	BATON 24 HRS		5.00	Geral	7899738900187	1.000	NULL
689	BAÚ		130.00	Geral	NULL	1.000	NULL
690	BAÚ		130.00	Geral	NULL	1.000	NULL
691	BAÚ		130.00	Geral	NULL	1.000	NULL
692	BAÚ		130.00	Geral	NULL	1.000	NULL
693	BAU PEQUENO		80.00	Geral	NULL	1.000	NULL
694	BAÚ PRETO		150.00	Geral	NULL	1.000	NULL
695	BAÚ PRETO SUEDE		130.00	Geral	NULL	1.000	NULL
696	bau promoçao		100.00	Geral	NULL	1.000	NULL
697	BAÚ SORTIDO		120.00	UTILIDADES	NULL	1.000	NULL
698	BAU VERMELHO SUEDE		130.00	Geral	NULL	1.000	NULL
699	BAYBLADE 5D WILD TOP		40.00	Geral	7908728319370	1.000	NULL
700	BAYBLADE BATTLETOP 6D		30.00	Geral	7908339904880	1.000	NULL
701	BAYBLADE CLASH TORNADO SPEED TOP		40.00	BRINQUEDOS	7898673534273	1.000	NULL
702	BAYBLADE GYROSCOPIC 1 PÇ		25.00	Geral	NULL	1.000	NULL
703	BAYBLADE LIGHT TOP TORNADO		30.00	BRINQUEDOS	7898624606714	1.000	NULL
704	BAYBLADE LIGHT TOP TORNADO C/4		45.00	Geral	7898624606721	1.000	NULL
705	beijamin		7.00	Geral	NULL	1.000	NULL
706	bejamin		7.00	Geral	NULL	1.000	NULL
707	BELLA DUCHA 4T LORENZETTI		70.00	Geral	7896451844859	1.000	NULL
708	benjamim		7.00	Geral	NULL	1.000	NULL
709	benjamim 2o amperes		7.00	Geral	NULL	1.000	NULL
710	BENJAMIN		5.00	Geral	NULL	1.000	NULL
711	BENJAMIN 20A		6.00	Geral	NULL	1.000	NULL
712	BENJAMIN 20A		7.00	UTILIDADES	NULL	1.000	NULL
713	BENJAMIN COLORIDO		7.00	UTILIDADES	NULL	1.000	NULL
714	BENJAMIN T		7.00	UTILIDADES	NULL	1.000	NULL
715	bexiga  6,5 c 20		5.00	Geral	7898055156017	1.000	NULL
716	BEXIGA  9 VERMELHA FOLIA C 50		16.00	Geral	7898444574408	1.000	NULL
717	bexiga  cristal n 9		8.00	Geral	7908070409859	1.000	NULL
718	bexiga  joy vermelha premium 7		7.50	Geral	7898486074522	1.000	NULL
719	bexiga  verde  6,5 joy		3.50	Geral	7898486070173	1.000	NULL
720	BEXIGA 6,5 BRANCO		5.00	Geral	7898055156024	1.000	NULL
721	bexiga 6,5 marrom c 25		5.00	Geral	7898486070166	1.000	NULL
722	BEXIGA 6.5 VERMELHO		5.00	Geral	7898055156062	1.000	NULL
723	BEXIGA 7.0 BRANCA FOLIA		7.50	PAPELARIA	7898444574880	1.000	NULL
724	BEXIGA AMARELA 50 UNID FOLIA		7.50	JARDINAGEM	7898444574859	1.000	NULL
725	BEXIGA AMARELA 6.5		5.00	Geral	7898055156031	1.000	NULL
726	BEXIGA AMARELA BOLI BOLI N°6,5 20 UNID		3.50	FESTA	7896491442022	1.000	NULL
727	BEXIGA AMARELA N°9 C/50UNID		16.00	FESTA	7898486071552	1.000	NULL
728	bexiga amarelo 7		7.50	Geral	7898486074355	1.000	NULL
729	bexiga art latex 50 unidades preta		9.00	Geral	7896872429109	1.000	NULL
730	BEXIGA AZUL CLARO 7 C/30		8.00	Geral	7896217105668	1.000	NULL
731	BEXIGA AZUL CLARO N°7 50 UNID		7.50	FESTA	7898444574873	1.000	NULL
732	BEXIGA AZUL FOLIA		8.00	Geral	7898055156314	1.000	NULL
733	BEXIGA AZUL FOLIA 9.0 C/50UNID		16.00	Geral	7898444574231	1.000	NULL
734	BEXIGA AZUL ROYAL 6,5 25 UNID		3.50	Geral	7898486070067	1.000	NULL
735	bexiga azul royal 7		7.50	Geral	7898486074379	1.000	NULL
736	BEXIGA BOLI BOLI PRETA N°6,5 20 UNID		3.50	FESTA	7896491442084	1.000	NULL
737	BEXIGA BRANCA 7		8.00	Geral	7896217105682	1.000	NULL
738	BEXIGA BRANCA 7.0		8.00	Geral	7898055156994	1.000	NULL
739	BEXIGA BRANCA FOLIA 9.0 C/50UNID		16.00	Geral	7898444574255	1.000	NULL
740	BEXIGA BRANCA N°9 C/50UNID		16.00	FESTA	7898486071583	1.000	NULL
741	BEXIGA COLORIDA 9.0		16.00	Geral	7898444574354	1.000	NULL
742	BEXIGA COLORIDA SORTIDA 9 C/50		18.00	Geral	7896217106672	1.000	NULL
743	bexiga coração 1 und.		7.50	Geral	NULL	1.000	NULL
744	BEXIGA DE 6,5 LILÁS C 20		5.00	Geral	7898055156079	1.000	NULL
745	bexiga de coração		2.00	Geral	7898663780994	1.000	NULL
746	BEXIGA ESPAGUETE C/8		4.00	FESTA	7898663780000	1.000	NULL
747	BEXIGA FOLIA VERDE 9.0 C/50UNID		16.00	Geral	7898444574378	1.000	NULL
748	bexiga joy 7		7.50	Geral	7898486074393	1.000	NULL
749	bexiga joy 7		7.50	Geral	7898486078636	1.000	NULL
750	bexiga joy 7		7.50	Geral	7898486074478	1.000	NULL
751	bexiga joy 7		7.50	Geral	7898486074546	1.000	NULL
752	bexiga joy 7		7.50	Geral	7898486074423	1.000	NULL
753	bexiga joy 7 rosa fuscsia		7.50	Geral	7898486078018	1.000	NULL
754	bexiga joy 7 verde		7.50	Geral	7908070415225	1.000	NULL
755	BEXIGA JOY C/50UNID N°7		7.50	Geral	7898486074508	1.000	NULL
756	bexiga joy premium 7 verde		7.50	Geral	7898486077998	1.000	NULL
757	BEXIGA JOY VERMELHA 14 C/12		15.00	Geral	7908070413672	1.000	NULL
758	BEXIGA LARANJA 50 UNID FOLIA		6.00	FESTA	7898444574897	1.000	NULL
759	BEXIGA LARANJA N°6.5 20 UNID		3.00	FESTA	7898055156086	1.000	NULL
760	BEXIGA LILAS N°7 FOLIA 50 UNID		6.00	FESTA	7898444574903	1.000	NULL
761	bexiga marron joy 7		10.00	Geral	7898486074430	1.000	NULL
762	BEXIGA N 9 AZUL ESCURO C 50  JOY		16.00	Geral	7898486071569	1.000	NULL
763	BEXIGA N 9 COM 50 LILÁS		16.00	Geral	7898444574293	1.000	NULL
764	BEXIGA N°14 C/12UNID AMARELA		15.00	FESTA	7908070413436	1.000	NULL
765	BEXIGA N°14 C/12UNID AZUL ROYAL		15.00	FESTA	7908070413481	1.000	NULL
766	BEXIGA N°14 C/12UNID BRANCA		15.00	FESTA	7908070413498	1.000	NULL
767	BEXIGA N°14 C/12UNID REDONDO ROSA		15.00	FESTA	7908070413573	1.000	NULL
768	BEXIGA N°6,5 AZUL CLARO		5.00	FESTA	7898055156154	1.000	NULL
769	BEXIGA N°7 AMARELA		7.50	Geral	7896491444521	1.000	NULL
770	BEXIGA N°7 AZUL ESCURO 50 UNID		7.50	FESTA	7898444574866	1.000	NULL
771	bexiga premium numéro 7 50 unidades azul marinho		7.50	Geral	7896491444576	1.000	NULL
772	BEXIGA PRETA 50 UNID N°7		7.50	FESTA	7898444574910	1.000	NULL
773	BEXIGA PRETA FOLIA 9.0 C/50UNID		16.00	Geral	7898444574323	1.000	NULL
774	BEXIGA PRETA N°9 C/50UNID		16.00	FESTA	7898486071644	1.000	NULL
775	BEXIGA PRETO N°14 C/12UNID		15.00	FESTA	7908070413566	1.000	NULL
776	BEXIGA ROSA 50 UNID FOLIA		7.50	FESTA	7898444574927	1.000	NULL
777	BEXIGA ROSA 6.5 20 UNID		5.00	FESTA	7898055156055	1.000	NULL
778	bexiga rosa 6.5 joy		3.50	Geral	7898486070241	1.000	NULL
779	BEXIGA ROSA 7 C/30		8.00	Geral	7896217105514	1.000	NULL
780	BEXIGA ROSA 7.0		8.00	Geral	7898055156253	1.000	NULL
781	BEXIGA ROXA		7.50	Geral	7898486074539	1.000	NULL
782	bexiga sortida numéro 7 50 unidades folia		7.50	Geral	7898444574934	1.000	NULL
783	BEXIGA VERDE 6,5 C/25 UNIDADES		5.00	Geral	7898486070104	1.000	NULL
784	BEXIGA VERDE 6.5		5.00	Geral	7896217109123	1.000	NULL
785	BEXIGA VERDE 7.0		8.00	Geral	7896217105491	1.000	NULL
786	BEXIGA VERDE BANDEIRA		7.50	Geral	7898055150893	1.000	NULL
787	bexiga verde militar  7 joy		7.50	Geral	7908070412682	1.000	NULL
788	BEXIGA VERDE N° 6,5 20 UNID		3.00	FESTA	7898055156093	1.000	NULL
789	BEXIGA VERDE N°7 50 UNID FOLIA		6.00	FESTA	7898444574941	1.000	NULL
790	bexiga vermelha 7''		8.00	Geral	7896217105552	1.000	NULL
791	BEXIGA VERMELHA N°9 C/50UNID		16.00	FESTA	7898486071590	1.000	NULL
792	BEXIGAS 6,5		3.00	Geral	7898486070074	1.000	NULL
793	BEXIGAS JOY N°11 VERMELHA		13.50	FESTA	7908070410695	1.000	NULL
794	BEXIGAS JOY PREMIUM		7.50	Geral	7898486078025	1.000	NULL
795	BEXIGAS ROSA FOLIA 9.0 C/50UNID		16.00	Geral	7898444574347	1.000	NULL
796	BEYBLADE 5D TORNADO		30.00	BRINQUEDOS	7899984598268	1.000	NULL
797	BEYBLADE TORNADO SPEED TOP 5D		36.00	BRINQUEDOS	NULL	1.000	NULL
798	BEYBLADE WILD TOP METAL BATTLE		30.00	BRINQUEDOS	702200010369	1.000	NULL
799	BIBLIA  SAGRADA FEM		60.00	Geral	9786556890791	1.000	NULL
800	biblia  viva		45.00	Geral	7908084615802	1.000	NULL
801	BIBLIA FEM  HARPA E CORINHOS  FLORES PRETA		50.00	Geral	7908084619770	1.000	NULL
802	BÍBLIA FEMININA		60.00	Geral	9786556890784	1.000	NULL
803	BÍBLIA ROSA LETRA GRANDE C/HARPA		40.00	Geral	NULL	1.000	NULL
804	bic pequeno isqueiro		6.00	Geral	70330913431	1.000	NULL
805	bichinho vinil		7.00	Geral	NULL	1.000	NULL
806	BICHINHOS QUE APERTA E APITA		8.00	Geral	NULL	1.000	NULL
807	BICHOS PRE HISTORIA		2.00	Geral	7898610100967	1.000	NULL
808	BICO   PARA CONFEITAR		4.00	kit FESTA	7899877700037	1.000	NULL
809	BICO DE CONFEITAR		4.00	UTILIDADES	7899612200334	1.000	NULL
810	BICOS DE CONFEITAR		4.00	Geral	NULL	1.000	NULL
811	BICOS DE CONFEITARIA		4.00	Geral	7898610100066	1.000	NULL
812	BIG BALAO		7.50	Geral	7896217105835	1.000	NULL
813	BIG BALÃO  C/1		7.50	Geral	7896217105903	1.000	NULL
814	BIG BALÃO  VERMELHO		7.50	Geral	7896217105897	1.000	NULL
815	BIG BALÃO AZUL CLARO		7.50	Geral	7896217105781	1.000	NULL
816	BIG BALÃO AZUL ESCURO		7.50	Geral	7896217105798	1.000	NULL
817	BIG BALÃO LARANJA		7.50	Geral	7896217105873	1.000	NULL
818	BIG BALÃO LILÁS		7.50	Geral	7896217101875	1.000	NULL
819	BIG BALÃO MULTICOLORS		7.50	Geral	7896217105101	1.000	NULL
820	BIG BALÃO PINK		7.50	Geral	7896217105866	1.000	NULL
821	BIG BALÃO PRETO		7.50	Geral	7896217105842	1.000	NULL
822	BIG BALÃO ROSA		7.50	Geral	7896217105859	1.000	NULL
823	BIG BALÃO VERDE		7.50	Geral	7896217105811	1.000	NULL
824	BIG BALÃO VERDE CLARO		7.50	Geral	7896217105828	1.000	NULL
825	BIG TRATOR SORTIDO		60.00	BRINQUEDOS	7898902459483	1.000	NULL
826	BIJOTERIA LORENZETTI CONJUNTO		5.00	Geral	7898635090021	1.000	NULL
827	biscoito  beijo mineiro 300 gr		15.00	Doces	7895896470531	1.000	NULL
828	biscoito  cubinho  minas sul		10.00	Doces	7895896470722	1.000	NULL
829	biscoito  minas sul  banana c canela		15.00	Geral	7895896470715	1.000	NULL
830	biscoito  palito chocolate  300 gr		15.00	Geral	NULL	1.000	NULL
831	biscoito bragancinha 400 gr		15.00	Geral	7895896470524	1.000	NULL
832	biscoitos bambole		12.00	Geral	7895896470548	1.000	NULL
833	BISNAGA 200 ML BRANCA MAIONESE		4.00	UTILIDADES	7898081820272	1.000	NULL
834	BISNAGA 200ML AMARELA MOSTARDA		4.00	UTILIDADES	7898081820357	1.000	NULL
835	BISNAGA 200ML VERMELHA CATCHUP		4.00	UTILIDADES	7898081820302	1.000	NULL
836	BISNAGA AVULSA 200 ML		4.00	Geral	7898502713930	1.000	NULL
837	BISNAGA BRANCA		4.00	Geral	7895099931655	1.000	NULL
838	BISNAGA COLOR 200ML		4.00	Geral	7898385000035	1.000	NULL
839	bisnaga de catchup		4.00	UTILIDADES	7896725303945	1.000	NULL
840	BISNAGA DE KETCHUP		4.00	Geral	7898502713923	1.000	NULL
841	BISNAGA DE KETCHUP		4.00	UTILIDADES	7895099931648	1.000	NULL
842	BISNAGA DE MOSTARDA		4.00	Geral	7898502713947	1.000	NULL
843	BISNAGA LISA TRANSPARENTE		4.00	Geral	7895099933000	1.000	NULL
844	BISNAGA MOSTARDA		4.00	UTILIDADES	7895099931662	1.000	NULL
845	BLADE BLADE		36.00	Geral	7908691401188	1.000	NULL
846	blade blade		35.00	Geral	7897070233208	1.000	NULL
847	BLADE BLADE		40.00	Geral	7899984598251	1.000	NULL
848	BLADE BLADE		30.00	BRINQUEDOS	NULL	1.000	NULL
849	blade blade pequeno		25.00	Geral	NULL	1.000	NULL
850	bloco  de anotação		7.00	Geral	NULL	1.000	NULL
851	BLOCO ADESIVO COLACRIL		8.00	Geral	7897690111801	1.000	NULL
852	BLOCO ADESIVO COLACRIL		8.00	Geral	7897690112815	1.000	NULL
853	BLOCO ADESIVO COLACRIL AZUL		8.00	Geral	7897690112839	1.000	NULL
854	BLOCO ADESIVO COLACRIL LARANJA		8.50	Geral	7897690112792	1.000	NULL
855	BLOCO ADESIVO POST-IT		7.00	Geral	7897690112716	1.000	NULL
856	BLOCO ADESIVO POSTITE		7.00	Geral	7897690112730	1.000	NULL
857	BLOCO ADESVIO POST-IT COLACRIL ROSA		7.00	Geral	7897690112693	1.000	NULL
858	BLOCO ANOTACOES ADESIVO ROSA		8.50	Geral	7897690112778	1.000	NULL
859	BLOCO DE NOTA NEUTRA SEM COPIA		6.00	PAPELARIA	7898909580692	1.000	NULL
860	BLOCO DE NOTAS  4 CORES		7.00	ESCRITÓRIO	7898673633839	1.000	NULL
861	BLOCO DE NOTAS  AMARELO  ;VERDE		7.00	ESCRITÓRIO	7898673633822	1.000	NULL
862	BLOCO DE PEDIDO		4.50	PAPELARIA	7896467452406	1.000	NULL
863	BLOCO DE PEDIDO		5.00	Geral	7896467452529	1.000	NULL
864	bloco de pedido 1 via		3.00	Geral	NULL	1.000	NULL
865	BLOCO DE PEDIDO C/ CÓPIA		4.00	PAPELARIA	7898909580579	1.000	NULL
866	BLOCO DE PEDIDO DE 1 VIA		5.00	ESCRITÓRIO	7897571910066	1.000	NULL
867	bloco de pedido NOTA NEUTRA 1 VIA		5.00	Geral	7897571910042	1.000	NULL
868	BLOCO DE PEDIDOS C/2 VIAS		5.00	ESCRITÓRIO	7897571910073	1.000	NULL
869	BLOCO POST-IT		8.00	Geral	7897185960655	1.000	NULL
870	bloco pra montar grande c 65 peças		45.00	BRINQUEDOS	7898602781594	1.000	NULL
871	bloco quadriculado		15.00	Geral	7898481584651	1.000	NULL
872	BLOCO SLIM  MONTA MONTA		5.00	Geral	7898964288014	1.000	NULL
873	BLOCO SPIRAL MÉDIO 10X15 CM		3.00	PAPELARIA	7890175220999	1.000	NULL
874	BLOCOS DE MONTA MONTA C/ 28 PÇS		12.00	BRINQUEDOS	7898083361148	1.000	NULL
875	bnexiga 6,5  c 20 unid.		4.00	Geral	NULL	1.000	NULL
876	bnexiga joy 7		7.50	Geral	7898486074386	1.000	NULL
877	BNOLA CAPOTÃO PEQUENA		15.00	BRINQUEDOS	7898731516838	1.000	NULL
878	BOBGOOD LIVRO		20.00	Geral	NULL	1.000	NULL
879	boia braço  bichinhos		19.99	BANHEIRa infantil	7896020618034	1.000	NULL
880	boia de braço fundo do mar		20.00	BANHEIRa infantil	7896020618027	1.000	NULL
881	BOIA DE BRAÇO MOR  tartaruga		12.00	BANHEIRa infantil	7896020618010	1.000	NULL
882	BOIA PNEU BESTWAY		30.00	Geral	6942138930573	1.000	NULL
883	BOIA REDONDA INFANTIL MOR 60 CM		18.00	UTILIDADES	7896020618126	1.000	NULL
884	boiada		13.00	Geral	7898405300114	1.000	NULL
885	BOLA		7.00	Geral	NULL	1.000	NULL
886	bola		7.00	Geral	NULL	1.000	NULL
887	bola		15.00	Geral	NULL	1.000	NULL
888	bola		15.00	Geral	NULL	1.000	NULL
889	BOLA		5.00	Geral	7898043910881	1.000	NULL
890	BOLA  CAPOTÃO PEQUENA		20.00	Geral	NULL	1.000	NULL
891	BOLA  Colorida		10.00	Geral	NULL	1.000	NULL
892	BOLA  DE CAPOTAO		25.00	Geral	NULL	1.000	NULL
893	bola  de chaveiro		10.00	Geral	NULL	1.000	NULL
894	BOLA  DE LEITE		5.00	Geral	NULL	1.000	NULL
895	bola  de voley		25.00	Geral	NULL	1.000	NULL
896	bola basquete		50.00	Geral	NULL	1.000	NULL
897	bola capotao		25.00	Geral	6489225302153	1.000	NULL
898	bola capotao		25.00	Geral	7908712202169	1.000	NULL
899	BOLA CAPOTÃO		25.00	Geral	7898969861571	1.000	NULL
900	bola capotao		25.00	Geral	6489225302146	1.000	NULL
901	BOLA CAPOTÃO		25.00	Geral	7898669180019	1.000	NULL
902	BOLA CAPOTÃO COLORS		25.00	Geral	7666548215790	1.000	NULL
903	bola capotao inf		15.00	Geral	NULL	1.000	NULL
904	BOLA CAPOTÃO MÉDIA		25.00	Geral	6956198940250	1.000	NULL
905	BOLA CAPOTÃO PEQUENA		15.00	Geral	NULL	1.000	NULL
906	BOLA CAPOTÃO PEQUENA		20.00	Geral	NULL	1.000	NULL
907	bola capotão sortida		25.00	Geral	7908712202107	1.000	NULL
908	BOLA CHAVEIRO		10.00	Geral	7898624604833	1.000	NULL
909	bola chaveiro		10.00	Geral	NULL	1.000	NULL
910	BOLA COLORIDA		30.00	BRINQUEDOS	7890151460708	1.000	NULL
911	BOLA COLORIDA GRANDE		30.00	Geral	NULL	1.000	NULL
912	BOLA COM CORDÃO		10.00	Geral	7898624604246	1.000	NULL
913	BOLA CRAVO		5.00	Geral	7897875300259	1.000	NULL
914	bola de  futebol colors		30.00	BRINQUEDOS	618341692268	1.000	NULL
915	BOLA DE BASQUETE		50.00	BRINQUEDOS	6918855817015	1.000	NULL
916	BOLA DE BASQUETE		35.00	Geral	NULL	1.000	NULL
917	BOLA DE CAPOTÃO		30.00	Geral	7908596400750	1.000	NULL
918	BOLA DE CAPOTÃO		30.00	Geral	7898969861588	1.000	NULL
919	BOLA DE CAPOTÃO		25.00	Geral	NULL	1.000	NULL
920	BOLA DE CAPOTÃO CORES SORTIDAS		30.00	BRINQUEDOS	7898969861618	1.000	NULL
921	BOLA DE CAPOTÃO DUTE AMARELA		25.00	Geral	7908712202084	1.000	NULL
922	BOLA DE CAPOTAO PEQ		20.00	Geral	6995052568209	1.000	NULL
923	BOLA DE CAPOTÃO PEQ		20.00	Geral	NULL	1.000	NULL
924	BOLA DE CAPOTÃO PEQUENA		20.00	Geral	7898969861557	1.000	NULL
925	BOLA DE CHAVEIRO		10.00	Geral	NULL	1.000	NULL
926	BOLA DE FUTEBOL		30.00	BRINQUEDOS	7898969861472	1.000	NULL
927	BOLA DE FUTEBOL		30.00	BRINQUEDOS	7899849100018	1.000	NULL
928	BOLA DE FUTEBOL CAPOTÃO		30.00	Geral	7666548215806	1.000	NULL
929	BOLA DE FUTEBOL DUTE		20.00	Geral	7898969861649	1.000	NULL
930	BOLA DE FUTEBOL PEQUENA		18.00	BRINQUEDOS	7899704629111	1.000	NULL
931	BOLA DE LEITE		5.00	Geral	7898043910935	1.000	NULL
932	bola de vinil sortido		10.00	Geral	7894049150511	1.000	NULL
933	BOLA DE VOLEI		25.00	Geral	NULL	1.000	NULL
934	BOLA DE VOLEI OUROBOLAS COLORIDA		30.00	BRINQUEDOS	NULL	1.000	NULL
935	bola de voley		25.00	Geral	7908712202121	1.000	NULL
936	bola de voley  sortida		30.00	BRINQUEDOS	798190010809	1.000	NULL
937	BOLA DUTE		25.00	Geral	7908712202138	1.000	NULL
938	BOLA FUTEBOL		30.00	Geral	602883478923	1.000	NULL
939	BOLA FUTEBOL		30.00	Geral	6907863743881	1.000	NULL
940	BOLA L.O.L SURPRISE		20.00	BRINQUEDOS	8414533043847	1.000	NULL
941	BOLA PEQUENA		20.00	BRINQUEDOS	7898969861670	1.000	NULL
942	bola pequena capotão		20.00	Geral	7898669180026	1.000	NULL
943	bolao		30.00	Geral	NULL	1.000	NULL
944	bolão		30.00	Geral	NULL	1.000	NULL
945	BOLEIRA		8.00	Geral	NULL	1.000	NULL
946	boleira   plasnew		25.00	Geral	7897848707306	1.000	NULL
947	BOLEIRA REDONDA		20.00	UTILIDADES	7897698204482	1.000	NULL
948	BOLEIRA UNINJET BRANCA		19.99	PLASTICOS	7899335410133	1.000	NULL
949	BOLEIRA UNINJET C/ TAMPA		19.99	UTILIDADES	7899335410171	1.000	NULL
950	BOLEIRA UNINJET PRETA		20.00	PLASTICOS	7899335410140	1.000	NULL
951	BOLHA DE SABAO		4.00	Geral	7898481689608	1.000	NULL
952	bolha de sabão		3.50	Geral	NULL	1.000	NULL
953	BOLHA DE SABAO		3.50	BRINQUEDOS	7898578472243	1.000	NULL
954	bolha de sabão brasilflex		3.50	Geral	7908470002407	1.000	NULL
955	BOLHA DE SABÃO KIDS BUBBLES		3.50	BRINQUEDOS	7908470002391	1.000	NULL
956	BOLHA DE SABÃO POP BUBLE		3.50	Geral	7898966547256	1.000	NULL
957	BOLHA DE SABÃO PRINCESA E DINOSSAURO		4.00	BRINQUEDOS	7898258550315	1.000	NULL
958	boliche		13.50	Geral	NULL	1.000	NULL
959	BOLICHE 6 PINOS		35.00	Geral	7908341615149	1.000	NULL
960	BOLICHE MÉDIO		25.00	BRINQUEDOS	7898948029039	1.000	NULL
961	BOLICHE PEQ 6 PINOS 2 BOLAS		15.00	BRINQUEDOS	7898948029176	1.000	NULL
962	BOLINHA DE PIERCING		0.50	Geral	NULL	1.000	NULL
963	BOLINHA DE SABAO 50ML-A		3.50	Geral	7898258550308	1.000	NULL
964	BOLINHA PING PONG		5.00	BRINQUEDOS	7898056628216	1.000	NULL
965	bolsa corinthians		20.00	Geral	NULL	1.000	NULL
966	Bolsa de moeda		8.00	Geral	NULL	1.000	NULL
967	bolsa de pano		20.00	Geral	NULL	1.000	NULL
968	bolsa de urso		55.00	Geral	NULL	1.000	NULL
969	BOLSA DE VIAJEM MULTI BOLSOS V2		25.00	Geral	NULL	1.000	NULL
970	BOLSA JEANS C/ PEDRINHAS		20.00	Geral	NULL	1.000	NULL
971	bolsa mascolina infantil 3d		80.00	Geral	7891124614036	1.000	NULL
972	bolsa mochila		100.00	Geral	NULL	1.000	NULL
973	BOLSA TÉRMICA CORES SORTIDA		25.00	MOCHILAS E BOLSAS	7865456400278	1.000	NULL
974	BOLSA TÉRMICA YAN HUA		35.00	MOCHILAS E BOLSAS	7811653002340	1.000	NULL
975	bolsa tira colo		50.00	Geral	NULL	1.000	NULL
976	BOLSINHA		5.00	Geral	NULL	1.000	NULL
977	BOLSINHA		2.00	Geral	7898610100974	1.000	NULL
978	bolsinha bolinha		15.00	Geral	NULL	1.000	NULL
979	bolsinha de moeda		8.00	Geral	NULL	1.000	NULL
980	BOLSINHA DE MOEDAS		4.00	Geral	NULL	1.000	NULL
981	BOLSINHA DE MOEDAS		10.00	Geral	NULL	1.000	NULL
982	bolsinha media neacesseire		17.00	Geral	NULL	1.000	NULL
983	BOLSINHA NECESSAIRE		15.00	Geral	NULL	1.000	NULL
984	bolw  sortido 600 ml		7.00	Geral	NULL	1.000	NULL
985	BOMBA  DE  ÁGUA  MANUAL		15.00	Geral	7898578476401	1.000	NULL
986	BOMBA AUTOMÁTICA		32.00	Geral	602883466449	1.000	NULL
987	bomba automática		40.00	Geral	602883466449	1.000	NULL
988	BOMBA DE ÁGUA AUTOMÁTICA		33.00	UTILIDADES	7899085775919	1.000	NULL
989	BOMBA DE AGUA BELLA AZUL/PRETA/BRANCA		35.00	UTILIDADES	7896704705876	1.000	NULL
990	BOMBA DE AGUÁ PRA GALÃO WELMIX		23.00	Geral	7899527131525	1.000	NULL
991	BOMBA ELETRICA RECARREGAVEL		35.00	Geral	7898652416224	1.000	NULL
992	BOMBA FRITZ GUARANY		20.00	UTILIDADES	7891988002598	1.000	NULL
993	BOMBA GALÃO DE AGUÁ		16.60	Geral	7898667534203	1.000	NULL
994	BOMBA MANUAL P/ GALAO D'AGUA		22.00	Geral	7908800700843	1.000	NULL
995	BOMBEIRO CARRINHO		17.00	BRINQUEDOS	7893595541620	1.000	NULL
996	BOMBONIERE 310ML ORIGINAL		20.00	VIDROS	7898745132192	1.000	NULL
997	boneca  com acessórios cartela		18.00	Geral	7896464748915	1.000	NULL
998	boneca  judy faz xixi		90.00	Geral	7898283853733	1.000	NULL
999	BONECA  JULIA FASHION DOLL		25.00	Geral	789003243231	1.000	NULL
1000	BONECA  MICY  MORENA		50.00	Geral	7898447977763	1.000	NULL
1001	BONECA ANAIZA COLLECTION		30.00	BRINQUEDOS	7898283853405	1.000	NULL
1002	BONECA ANNIE		13.00	BRINQUEDOS	7896464731665	1.000	NULL
1003	BONECA ARTICULADA DE PLASTICO		40.00	Geral	7908478011449	1.000	NULL
1004	BONECA BABIES LOVELY DODÓI		70.00	BRINQUEDOS	7899871707681	1.000	NULL
1005	boneca babilina papinha		60.00	Geral	7899871707278	1.000	NULL
1006	BONECA BABY BABILINA PLANET		40.00	Geral	7899871707179	1.000	NULL
1007	BONECA BABYLINA		40.00	Geral	7899871707162	1.000	NULL
1008	BONECA BABYS BY BAMBOLA		45.00	BRINQUEDOS	7899871727931	1.000	NULL
1009	BONECA BAILARINA		35.00	Geral	NULL	1.000	NULL
1010	BONECA BALLET		30.00	BRINQUEDOS	NULL	1.000	NULL
1011	BONECA BALLET BORBOLETA		30.00	BRINQUEDOS	NULL	1.000	NULL
1012	BONECA BALLET BORBOLETA		30.00	Geral	7899984556862	1.000	NULL
1013	BONECA BALLET BORBOLETA		30.00	BRINQUEDOS	7908273002703	1.000	NULL
1014	BONECA BALLET TWINKLE TOES		30.00	BRINQUEDOS	NULL	1.000	NULL
1015	BONECA BAMBOLETE		24.00	BRINQUEDOS	7899871706561	1.000	NULL
1016	BONECA BAMBOLETE 100% VINIL		30.00	BRINQUEDOS	7899871706578	1.000	NULL
1017	BONECA BAMBOLINA CUIDADOS		55.00	BRINQUEDOS	7899871707438	1.000	NULL
1018	BONECA BAMBOLINHA		35.00	BRINQUEDOS	7899871707421	1.000	NULL
1019	boneca bambolinha		25.00	Geral	7899871707414	1.000	NULL
1020	BONECA BARBIE BORBOLETA		30.00	BRINQUEDOS	1234562877216	1.000	NULL
1021	BONECA BEE BEE GIRLS		45.00	BRINQUEDOS	7898447978562	1.000	NULL
1022	BONECA BEE DREAMS		95.00	BRINQUEDOS	7898447978487	1.000	NULL
1023	BONECA BEE HUGS VETERINÁRIA		70.00	BRINQUEDOS	7898447979989	1.000	NULL
1024	BONECA BELA BAMBINA		120.00	BRINQUEDOS	7898283852118	1.000	NULL
1025	BONECA BELLA FUN GAME		25.00	BRINQUEDOS	7899632507604	1.000	NULL
1026	BONECA BICICLETA KBUM		60.00	BRINQUEDOS	7898624604482	1.000	NULL
1027	BONECA BORBOLETA HAPPY GIRL		35.00	BRINQUEDOS	7899725801428	1.000	NULL
1028	BONECA C/ CACHORRO E ACESSORIOS		60.00	Geral	7898624607438	1.000	NULL
1029	BONECA CANTIGAS DE RODA		120.00	Geral	7898283856710	1.000	NULL
1030	BONECA CINTY STYLING		65.00	BRINQUEDOS	7898283856017	1.000	NULL
1031	BONECA COLLECTION  MILK		120.00	Geral	7898283856703	1.000	NULL
1032	BONECA COM CARRINHO ANGEL		38.00	BRINQUEDOS	7896464737902	1.000	NULL
1033	BONECA DOCE VIDA 100% VINIL		34.00	BRINQUEDOS	7897020204081	1.000	NULL
1034	BONECA DUDA FRASES		72.00	BRINQUEDOS	7898447977305	1.000	NULL
1035	BONECA DUDA FRASES		90.00	BRINQUEDOS	7898447977299	1.000	NULL
1036	BONECA DUQUINHA PAPINHA		30.00	BRINQUEDOS	7897020204043	1.000	NULL
1037	BONECA DUQUINHA SALÃO		28.00	BRINQUEDOS	7897020204050	1.000	NULL
1038	BONECA DUQUINHA TUTTI FRUTTI		22.00	BRINQUEDOS	7897020203077	1.000	NULL
1039	BONECA FADA ENCANTADA		30.00	BRINQUEDOS	7896462000862	1.000	NULL
1040	BONECA FISHION DOLL		40.00	BRINQUEDOS	619205148488	1.000	NULL
1041	BONECA FROZEN  SORTIDA		40.00	BRINQUEDOS	7891111112156	1.000	NULL
1042	BONECA GIRLS JEANS		98.00	BRINQUEDOS	7898283854884	1.000	NULL
1043	BONECA HAPPY GIRL GOOD FOOD		70.00	BRINQUEDOS	NULL	1.000	NULL
1044	boneca hayle com acesórios		45.00	BRINQUEDOS	7898624608879	1.000	NULL
1045	BONECA HAYLEY BICICLETA FASHION STYLE		80.00	BRINQUEDOS	NULL	1.000	NULL
1046	BONECA HAYLEY CACHORRO		70.00	BRINQUEDOS	7778881250038	1.000	NULL
1047	BONECA ISADORA		60.00	Geral	7897020203916	1.000	NULL
1048	BONECA JUDY BABY FALA		70.00	BRINQUEDOS	7898283853702	1.000	NULL
1049	BONECA JUDY FAZ XIXI		90.00	BRINQUEDOS	NULL	1.000	NULL
1050	BONECA LINDINHA BABY		65.00	Geral	7898283856123	1.000	NULL
1051	BONECA LITTE DOULLS BERCINHO		65.00	Geral	7898639380104	1.000	NULL
1052	BONECA LITTLE BABY ORAÇÃO		60.00	BRINQUEDOS	7898283851517	1.000	NULL
1053	BONECA LITTLE DOLLS DIVER TOYS		55.00	BRINQUEDOS	7898639380272	1.000	NULL
1054	BONECA LITTLE DOLLS FAZ XIXI		55.00	BRINQUEDOS	7898639380029	1.000	NULL
1055	BONECA LIVIA		76.99	Geral	7899871706868	1.000	NULL
1056	BONECA LOL BILLS BOLA		15.00	BRINQUEDOS	7897011501113	1.000	NULL
1057	BONECA LORLIAN COM CARRO		60.00	Geral	NULL	1.000	NULL
1058	BONECA LOVELY BEVERLY		40.00	Geral	7898624606936	1.000	NULL
1059	BONECA LOVELY DREAMS		45.00	Geral	7898624608862	1.000	NULL
1060	BONECA LUNI BABY		45.00	BRINQUEDOS	7898927356361	1.000	NULL
1061	BONECA MARIAH CANTIGAS DE RODA		55.00	BRINQUEDOS	7898283854730	1.000	NULL
1062	BONECA MILKINHA COLORS		55.00	BRINQUEDOS	7898283856369	1.000	NULL
1063	boneca milkinhas		25.00	BRINQUEDOS	7898283854761	1.000	NULL
1064	BONECA MODELO FADA BALLET		35.00	Geral	7898624605328	1.000	NULL
1065	BONECA MOTO E PETS HAPPY DAY		60.00	Geral	7908478011531	1.000	NULL
1066	boneca olívia frases		75.00	Geral	7899871706875	1.000	NULL
1067	BONECA PEPITA		35.00	Geral	7898283859841	1.000	NULL
1068	BONECA PETIT		20.00	BRINQUEDOS	7898283856352	1.000	NULL
1069	BONECA PETIT REBORN BEBE ACORDADO		60.00	BRINQUEDOS	7898283854433	1.000	NULL
1070	BONECA PRINCESA SWEET PRINCESS		29.99	BRINQUEDOS	7898706250132	1.000	NULL
1071	BONECA RAFAELI FAZ XIXI		80.00	Geral	7898283856604	1.000	NULL
1072	BONECA SAPEKINHA		60.00	Geral	7898283857700	1.000	NULL
1073	BONECA SAPEQUINHA FAZ XIXI		55.00	BRINQUEDOS	7898283853672	1.000	NULL
1074	BONECA SEREIA C/2		30.00	BRINQUEDOS	7898624605311	1.000	NULL
1075	BONECA SEREIA DE PLASTICO KBUM		30.00	BRINQUEDOS	7908478010602	1.000	NULL
1076	BONECA SEREIA LIGHTS & MUSIC		80.00	Geral	7908478010770	1.000	NULL
1077	boneca shayane		50.00	BRINQUEDOS	7898283856109	1.000	NULL
1078	BONECA SOPHIA		20.00	BRINQUEDOS	7898706250156	1.000	NULL
1079	BONECA UNICORNIO		90.00	Geral	NULL	1.000	NULL
1080	boneca yukinha baby nova toys		30.00	BRINQUEDOS	7898933762446	1.000	NULL
1081	BONECO AMERICAN PATROL		30.00	BRINQUEDOS	7898283852569	1.000	NULL
1082	boneco aranha caixa		40.00	BRINQUEDOS	7897447219675	1.000	NULL
1083	BONECO COMANDO EXTREME		15.00	BRINQUEDOS	7896464704355	1.000	NULL
1084	BONECO DA MULHER MARAVILHA		25.00	Geral	NULL	1.000	NULL
1085	BONECO DO HOMEM ARANHA FALA 20 SONS		70.00	BRINQUEDOS	7820181099166	1.000	NULL
1086	BONECO DO HULK		25.00	BRINQUEDOS	7890000991285	1.000	NULL
1087	BONECO DO HULK AVENGERS		30.00	BRINQUEDOS	7890000991285	1.000	NULL
1088	BONECO DO HULK AVENGERS		70.00	BRINQUEDOS	6902022088667	1.000	NULL
1089	BONECO DO SUPER HOMEM		25.00	BRINQUEDOS	7890000991285	1.000	NULL
1090	BONECO DO THOR		25.00	BRINQUEDOS	7890000991285	1.000	NULL
1091	BONECO DO WOLVERINE		25.00	BRINQUEDOS	7890000991285	1.000	NULL
1092	BONECO DOS AVENGERS		35.00	Geral	6908468192975	1.000	NULL
1093	BONECO HOMEM ARANHA		25.00	BRINQUEDOS	7890000991285	1.000	NULL
1094	BONECO HOMEM ARANHA		30.00	BRINQUEDOS	6908051193280	1.000	NULL
1095	BONECO HOMEM-ARANHA		40.00	BRINQUEDOS	7890000091718	1.000	NULL
1096	BONECO HULK AVENGERS		30.00	Geral	7800005075552	1.000	NULL
1097	BONECO HULK AVENGERS		30.00	BRINQUEDOS	6601900629762	1.000	NULL
1098	BONECO HULK AVENGERS UNION LEGEND		30.00	BRINQUEDOS	7020480990052	1.000	NULL
1099	BONECO HULK PICA PAU		18.00	BRINQUEDOS	7896464705123	1.000	NULL
1100	BONECO HULK/HOMEM ARANHA		30.00	BRINQUEDOS	6780210094313	1.000	NULL
1101	BONECO MAX HEROES		30.00	BRINQUEDOS	7898705200558	1.000	NULL
1102	boneco naruto		60.00	Geral	6980088331309	1.000	NULL
1103	boneco naruto		30.00	Geral	6892017091010	1.000	NULL
1104	BONECO PELADO MILA FESTAS		2.00	FESTA	7898610100950	1.000	NULL
1105	BONECO VINIL		7.00	Geral	NULL	1.000	NULL
1106	BONECOS DE PERSONAGENS DE NARUTO		40.00	BRINQUEDOS	6800210636655	1.000	NULL
1107	BONECOS GEMEOS		2.00	Geral	7898610102671	1.000	NULL
1108	BONEQUINHOS FESTA		2.00	Geral	7898610102756	1.000	NULL
1109	BORRACHA		3.00	Geral	7897256241805	1.000	NULL
1110	BORRACHA  DE LAPIS		0.50	Geral	NULL	1.000	NULL
1111	borracha  oval mercur branca natural		3.00	PAPELARIA	7896342437290	1.000	NULL
1112	borracha 20		3.00	Geral	7896742902800	1.000	NULL
1113	borracha colorida		5.00	Geral	NULL	1.000	NULL
1114	BORRACHA COLORIDA LEO & LEO		3.00	Geral	7897256263913	1.000	NULL
1115	BORRACHA COLORIDA LEO LEO		3.00	Geral	7897256246800	1.000	NULL
1116	BORRACHA DE 1.50		1.50	Geral	NULL	1.000	NULL
1117	BORRACHA DE LAPIS		0.50	Geral	NULL	1.000	NULL
1118	borracha de lapis		0.50	Geral	7897256261285	1.000	NULL
1119	borracha de panela de 7 litros		7.00	Geral	7898937517028	1.000	NULL
1120	BORRACHA DE PANELA DE PRESSÃO		3.00	UTILIDADES	7896472000289	1.000	NULL
1121	BORRACHA DE PANELA DE PRESSÃO 2,5L A 4,5L		3.00	UTILIDADES	7898906196094	1.000	NULL
1122	BORRACHA DE PANELA DE PRESSÃO GUAMATEC 7		3.00	Geral	7896472000296	1.000	NULL
1123	BORRACHA DE PANELA PRESSÃO 7 LITROS		5.00	Geral	7898309911621	1.000	NULL
1124	BORRACHA ESCOLAR FERNANDINHO		2.00	Geral	7896342436941	1.000	NULL
1125	BORRACHA LEO&LEO C/CAPA		3.00	PAPELARIA	7897256241843	1.000	NULL
1126	BORRACHA MERCUR		3.00	Geral	7896342449149	1.000	NULL
1127	BORRACHA MERCUR 40		1.00	Geral	7896342902217	1.000	NULL
1128	BORRACHA MERCUR BRANCA N20  natural		2.00	PAPELARIA	7896342902200	1.000	NULL
1129	BORRACHA MERCUR RECORD 60		1.00	Geral	7896342902224	1.000	NULL
1130	BORRACHA PANELA 4,5L		4.00	Geral	7890055001335	1.000	NULL
1131	BORRACHA PANELA 7L		5.00	Geral	7890055001342	1.000	NULL
1132	BORRACHA PREMIER		2.00	PAPELARIA	7898964789153	1.000	NULL
1133	BORRACHA REDBOR		2.00	Geral	7896152324445	1.000	NULL
1134	BORRACHA REDBOR 15 VERDE		3.00	PAPELARIA	7896152324476	1.000	NULL
1135	BORRACHA REDBOR 40 BRANCA		2.00	PAPELARIA	7896152324438	1.000	NULL
1136	BORRACHA STARSCHOOL		2.00	Geral	7897476613840	1.000	NULL
1137	BORRACHINHA MERCUR		0.50	Geral	NULL	1.000	NULL
1138	BORRIFADOR		8.00	Geral	NULL	1.000	NULL
1139	borrifador		5.00	Geral	NULL	1.000	NULL
1140	BORRIFADOR 500 ML		8.50	UTILIDADES	7895099932089	1.000	NULL
1141	BORRIFADOR BOLA		7.50	Geral	7898644030766	1.000	NULL
1142	BORRIFADOR BOLA 500ML		9.00	UTILIDADES	7898750053468	1.000	NULL
1143	BORRIFADOR DIAMOND REDONDO 500ML		8.80	COZINHA	7897698270449	1.000	NULL
1144	BORRIFADOR DIAMONT OVAL 500 ML		8.50	COZINHA	7897698270456	1.000	NULL
1145	BORRIFADOR TRANSPARENTE 350ML		9.50	UTILIDADES	7908348205497	1.000	NULL
1146	BOTIJÃO GRANDE GRUPO PAULI		6.00	UTILIDADES	7898081821668	1.000	NULL
1147	bowlc tampa 6 l mb		23.00	COZINHA	7897698208787	1.000	NULL
1148	box casa  prime 2,6 l		12.00	COZINHA	7897698236513	1.000	NULL
1149	box casa prime 1,2		5.00	Geral	NULL	1.000	NULL
1150	box casa prime 1,7l,5 mb		10.00	COZINHA	7897698236506	1.000	NULL
1151	BOX CASA PRIME QUAD 2.6L		12.00	Geral	7897698236520	1.000	NULL
1152	box prime		5.00	Geral	NULL	1.000	NULL
1153	BRACELETE		10.00	Geral	NULL	1.000	NULL
1154	branquinho		3.00	Geral	NULL	1.000	NULL
1155	BRANQUINHO  FITA		7.00	Geral	NULL	1.000	NULL
1156	BRANQUINHO RADEX		4.50	Geral	NULL	1.000	NULL
1157	BRILHO DE UNHA		4.00	Geral	2012345012349	1.000	NULL
1158	brilho de unha caixa		15.00	Geral	NULL	1.000	NULL
1159	brincando com numeros		7.00	Geral	7896464708421	1.000	NULL
1160	brinco		5.00	Geral	NULL	1.000	NULL
1161	brinco		5.00	Geral	NULL	1.000	NULL
1162	BRINCO		5.00	Geral	NULL	1.000	NULL
1163	BRINCO		8.00	Geral	NULL	1.000	NULL
1164	brinco		8.00	Geral	NULL	1.000	NULL
1165	brinco		7.00	Geral	NULL	1.000	NULL
1166	brinco  perola		5.00	Geral	NULL	1.000	NULL
1167	BRINCO ARGOLA GIGANTE		3.00	Geral	NULL	1.000	NULL
1168	BRINCO ARGOLA GRANDE		10.00	Geral	NULL	1.000	NULL
1169	BRINCO ARGOLA GRANDE		5.00	Geral	NULL	1.000	NULL
1170	BRINCO ARGOLA GRANDE		8.00	Geral	NULL	1.000	NULL
1171	BRINCO ARGOLA GRANDE		7.00	Geral	NULL	1.000	NULL
1172	BRINCO ARGOLA MEDIO		3.00	Geral	NULL	1.000	NULL
1173	BRINCO ARGOLA PEQUENO		4.00	Geral	NULL	1.000	NULL
1174	brinco avulso masc.		2.50	Geral	NULL	1.000	NULL
1175	BRINCO DE 3		2.00	Geral	NULL	1.000	NULL
1176	brinco de 3		3.00	Geral	NULL	1.000	NULL
1177	BRINCO DE ARGOLA		4.00	Geral	NULL	1.000	NULL
1178	BRINCO DE PEROLA BRANCO		3.00	Geral	NULL	1.000	NULL
1179	BRINCO DE PEROLA BRANCO		4.00	Geral	NULL	1.000	NULL
1180	BRINCO DE PEROLA COLORIDO		2.00	Geral	NULL	1.000	NULL
1181	BRINCO DE PEROLA COLORIDO		5.00	Geral	NULL	1.000	NULL
1182	BRINCO MASCULINO		5.00	Geral	NULL	1.000	NULL
1183	brinco novo pedra		8.00	Geral	NULL	1.000	NULL
1184	brinco par		5.00	Geral	NULL	1.000	NULL
1185	BRINCO PEROLA  BRANCA		4.00	Geral	NULL	1.000	NULL
1186	brinco perola média		3.00	Geral	NULL	1.000	NULL
1187	brinco perolas		5.00	Geral	NULL	1.000	NULL
1188	BRINCO VERMELHO		2.00	Geral	NULL	1.000	NULL
1189	BRINCOS DE 5 CADA		5.00	Geral	NULL	1.000	NULL
1190	BRINCOS DE PEROLA BRANCO		5.00	Geral	NULL	1.000	NULL
1191	brinquedo  festa		2.00	Geral	7898610101087	1.000	NULL
1192	brinquedo  kit parque		35.00	BRINQUEDOS	7898578475220	1.000	NULL
1193	BRINQUEDO ARCO E FLECHA		40.00	BRINQUEDOS	7898578473523	1.000	NULL
1194	BRINQUEDO AVIÃO AEROPORTO		32.00	BRINQUEDOS	7896464731306	1.000	NULL
1195	BRINQUEDO CARRO DE PLÁSTICO C/MOTOR A PILHA		65.00	BRINQUEDOS	7899725800575	1.000	NULL
1196	BRINQUEDO DENTADURA		2.00	Geral	7898610101001	1.000	NULL
1197	BRINQUEDO LINHA PICCOLO GOURMET		25.00	Geral	7896464706540	1.000	NULL
1198	BRINQUEDO MAQUIAGEM P/ BONECAS		40.00	Geral	7908478003178	1.000	NULL
1199	BRINQUEDO MAQUIAGEM P/ BONECAS ANGELIC VOGUE GIRL		25.00	Geral	7908478003154	1.000	NULL
1200	BRINQUEDO RELOGIO DE PLASTICO		25.00	Geral	NULL	1.000	NULL
1201	BRINQUEDO ROBO COM SPRAY DE AGUA		80.00	BRINQUEDOS	7899085512378	1.000	NULL
1202	BRINQUEDOKIT CARRINHO DE METAL C/5		50.00	BRINQUEDOS	NULL	1.000	NULL
1203	BRINQUEDOS ANIMAIS PLASTICO 3PÇS		28.00	BRINQUEDOS	7896464742364	1.000	NULL
1204	BRINQUEDOS MINI SKATE DE PLASTICO C/5 PÇS		40.00	BRINQUEDOS	7898673532200	1.000	NULL
1205	BRUTOS TRUCK SUPER GUARDIOES		26.00	BRINQUEDOS	7898958261962	1.000	NULL
1206	BUCHA		1.50	UTILIDADES	7898919457908	1.000	NULL
1207	BUCHA  VEGETAL PEDAÇO SLIM		4.50	Geral	7898347860295	1.000	NULL
1208	BUCHA DE BANHO   DUPLA FACE LINDA FLOR		7.00	Geral	7898681300020	1.000	NULL
1209	BUCHA PIA BRILHUS		1.50	Geral	7896001004511	1.000	NULL
1210	BUCHA VEGETAL		6.00	BANHEIRO	7898914683036	1.000	NULL
1211	BUCHA VEGETAL MEDIA		6.00	UTILIDADES	7890055002639	1.000	NULL
1212	bucha vegetal dupla face		6.00	Geral	7898347860080	1.000	NULL
1213	bucha vegetal eco		3.00	Geral	7896396240204	1.000	NULL
1214	BUCHA VEGETAL PEDAÇO IENDIS		4.50	Geral	7898712230029	1.000	NULL
1215	BUGUINHO		12.00	Geral	7898907588881	1.000	NULL
1216	BULE  C BICO POLIDO		30.00	Geral	7898584430213	1.000	NULL
1217	BULE BICO N°4  aluminio		50.00	ALUMINIO	7898917307601	1.000	NULL
1218	BULE BOJUDO		23.00	Geral	7898917307236	1.000	NULL
1219	BULE C BICO CARQUEADO   N4  1,550 ML		35.00	Geral	7898584430220	1.000	NULL
1220	BULE CRAQ. N1 650ml		25.00	ALUMINIO	7898584430169	1.000	NULL
1221	BULE CRAQUEADO 2,4L PANEFLON		38.00	ALUMINIO	7898584439261	1.000	NULL
1222	BULE DE BICO ALUMINIO N 4		33.00	Geral	7897124532127	1.000	NULL
1223	BULE POLIDO 02 0,75 ML		25.50	Geral	7898463540026	1.000	NULL
1224	bule polido 04		28.50	Geral	7898463540033	1.000	NULL
1225	BULE POLIDO 06		33.00	Geral	7898463540040	1.000	NULL
1226	BULE POLIDO N°5 2,4L		36.80	ALUMINIO	7898584439254	1.000	NULL
1227	BULE POLIDO N1 650ML		20.00	ALUMINIO	7898584430152	1.000	NULL
1228	bule reto aluminio n 4  camargo		23.00	ALUMINIO	7898917307199	1.000	NULL
1229	BULLFIGHTER CAR		40.00	Geral	7896965213806	1.000	NULL
1230	BUQUE DE CRISANTEMO ARTIFICIAL		25.00	Geral	7898031821045	1.000	NULL
1231	c esto  lavandeira 60 litros uninjet		50.00	UTILIDADES	7899335404996	1.000	NULL
1232	C.J 3 BACIAS P.M.G		15.20	Geral	7898378693039	1.000	NULL
1233	CABIDE		50.00	Geral	NULL	1.000	NULL
1234	CABIDE  PEROLA C 5		8.00	UTILIDADES	7896884600084	1.000	NULL
1235	CABIDE 7 PINOS MAD LAR		10.00	UTILIDADES	7898622000675	1.000	NULL
1236	cabide de  porta  estilque		12.00	Geral	78989202578122	1.000	NULL
1237	CABIDE DE MADEIRA		80.00	Geral	NULL	1.000	NULL
1238	cabide de porta  cromo		15.00	Geral	7898902578184	1.000	NULL
1239	CABIDE DE PORTA FERRO		12.00	Geral	7898902578122	1.000	NULL
1240	CABIDE DE PRESSÃO		7.00	Geral	7890055000925	1.000	NULL
1241	CABIDE MULTIUSO SANCHES		35.00	UTILIDADES	7898934208318	1.000	NULL
1242	CABIDE POP INFANTIL		8.00	Geral	7896725700140	1.000	NULL
1243	CABIDE PREMIUM AZUL		5.00	UTILIDADES	7893595466046	1.000	NULL
1244	CABIDE PREMIUM ROSA		5.00	UTILIDADES	7893595466039	1.000	NULL
1245	cabide preto    com 5 novos amazom		8.00	Geral	NULL	1.000	NULL
1246	CABIDE PRETO C/3		4.00	UTILIDADES	7898635380443	1.000	NULL
1247	CABIDE PRETO C/5		7.00	Geral	NULL	1.000	NULL
1248	CABIDE PRETO C/5		5.00	Geral	NULL	1.000	NULL
1249	CABIDE SOLTO		2.00	Geral	NULL	1.000	NULL
1250	CABIDE UNIVERSAL		10.00	UTILIDADES	7898385000066	1.000	NULL
1251	CABIDEDEIRO		80.00	Geral	NULL	1.000	NULL
1252	CABIDEIRO BRANCO		12.00	Geral	7898282400198	1.000	NULL
1253	CABIDEIRO DE MADEIRA		80.00	Geral	NULL	1.000	NULL
1254	CABIDEIRO multiuso  lig brin		12.00	UTILIDADES	7898282400525	1.000	NULL
1255	CABIDEIRO PRETO		12.00	UTILIDADES	7898282400204	1.000	NULL
1256	cabo		10.00	Geral	6991040459689	1.000	NULL
1257	CABO  DE SON CARRO  P2		15.00	Geral	7892024321352	1.000	NULL
1258	CABO  TIPO C  KAIDI		25.00	Geral	NULL	1.000	NULL
1259	cabo audio  video		8.00	Geral	2018838300078	1.000	NULL
1260	CABO AUX P2P2 KV-406		15.00	Geral	7898070365852	1.000	NULL
1261	CABO AUXILIAR 1M		15.00	Geral	6954256527542	1.000	NULL
1262	cabo de airfone  kaide		25.00	Geral	6923450901922	1.000	NULL
1263	cabo de carregador  cx gold		20.00	Geral	NULL	1.000	NULL
1264	cabo de carregador  tipo c  rápido		25.00	Geral	6920231018053	1.000	NULL
1265	CABO DE CARREGADOR FLAT		25.00	Geral	NULL	1.000	NULL
1266	cabo de carregador inova		20.00	Geral	7893595553975	1.000	NULL
1267	CABO DE CELULAR PRETO		10.00	Geral	NULL	1.000	NULL
1268	CABO DE CELULAR V 8		10.00	Geral	NULL	1.000	NULL
1269	CABO DE DADOS  INOVA TC		30.00	Geral	7893595552527	1.000	NULL
1270	CABO DE DADOS AIR FONE		25.00	Geral	6920231018039	1.000	NULL
1271	CABO DE DADOS E CARREGAMENTO TURBO TIPO-C KD-318C		20.00	ELETRONICOS	6998472581124	1.000	NULL
1272	CABO DE DADOS INOVA 1M		30.00	Geral	7893595552176	1.000	NULL
1273	CABO DE DADOS INOVA 24A 3M		30.00	Geral	7893590425130	1.000	NULL
1274	CABO DE DADOS TIPO C		25.00	ELETRÔNICOS E ACESSÓRIOS	7908125203333	1.000	NULL
1275	CABO DE DADOS V8		25.00	Geral	6920231018015	1.000	NULL
1276	CABO DE IPHONE  KAIDE		20.00	Geral	6650590882001	1.000	NULL
1277	CABO DE NET		20.00	Geral	NULL	1.000	NULL
1278	CABO DE REDE		47.00	Geral	NULL	1.000	NULL
1279	CABO DE REDE 15M		20.00	Geral	NULL	1.000	NULL
1280	CABO DE VASSOURA		5.00	Geral	NULL	1.000	NULL
1281	CABO DVD		20.00	Geral	7898461111747	1.000	NULL
1282	CABO DVD COLORS LTOMEX		15.00	ELETRÔNICOS E ACESSÓRIOS	8878918335895	1.000	NULL
1283	CABO EXBOM 3 MTS		20.00	Geral	7899718703449	1.000	NULL
1284	CABO FLAT V8 3.0A X-CELL		25.00	ELETRÔNICOS E ACESSÓRIOS	7898615158949	1.000	NULL
1285	CABO HDMI		15.00	Geral	NULL	1.000	NULL
1286	CABO IPHONE USB HMASTON		30.00	Geral	6920218113627	1.000	NULL
1287	CABO LIGHTNING IPHONE		25.00	Geral	6923450901922	1.000	NULL
1288	CABO P10 P2 IT BLUE		15.00	Geral	7898605600816	1.000	NULL
1289	CABO P2 P2		15.00	Geral	7893590426410	1.000	NULL
1290	cabo preto v8		10.00	Geral	NULL	1.000	NULL
1291	CABO SOLTO DE VASSOURA/RODO		5.00	Geral	NULL	1.000	NULL
1292	CABO SOLTO DE VASSOURA/RODO		4.00	Geral	NULL	1.000	NULL
1293	cabo tipo c		25.00	Geral	6920231018022	1.000	NULL
1294	cabo tipo c		30.00	Geral	7803138100115	1.000	NULL
1295	CABO TIPO C A'GOLD		20.00	Geral	7908153833427	1.000	NULL
1296	CABO TIPO C FAST CHARGE		15.00	Geral	NULL	1.000	NULL
1297	CABO TIPO C KAIDI		20.00	Geral	6650590882025	1.000	NULL
1298	CABO TIPO-C KAIDI		25.00	Geral	6923450902332	1.000	NULL
1299	CABO TIPO-C PARA LIGHTNING		30.00	Geral	7803138100108	1.000	NULL
1300	CABO TURBO PRETO V-8		25.00	Geral	6923450902615	1.000	NULL
1301	CABO USB IPHONE		20.00	Geral	6998472582329	1.000	NULL
1302	CABO USB IPHONE		25.00	Geral	7908657610609	1.000	NULL
1303	CABO USB LELONG CABO SERIES MACHO/MACHO		25.00	Geral	NULL	1.000	NULL
1304	CABO USB LIGHTNING KAIDI 1M KD-11A		20.00	ELETRONICOS	6650590871999	1.000	NULL
1305	CABO USB RAPIDO LTOMEX 1M		25.00	Geral	8878919083054	1.000	NULL
1306	CABO USB V8		10.00	Geral	NULL	1.000	NULL
1307	CABO USB V8 NOVO		15.00	Geral	NULL	1.000	NULL
1308	CABO V8		30.00	Geral	7893590425109	1.000	NULL
1309	CABO V8 + USB FEMEA		10.00	Geral	NULL	1.000	NULL
1310	CABO V8 DE 10		10.00	Geral	NULL	1.000	NULL
1311	CABO V8 DE 15		15.00	Geral	NULL	1.000	NULL
1312	CABO V8 KAIDI		20.00	Geral	6923450901151	1.000	NULL
1313	caçamba  betoneira		60.00	Geral	7897252260824	1.000	NULL
1314	CAÇAMBA KRAFT		30.00	Geral	7898956448969	1.000	NULL
1315	CAÇAROLA   ANTIADERENTE N 16		39.99	Geral	7898463542143	1.000	NULL
1316	caçarola   antiaderente preta tp vidro n 22		80.00	COZINHA	7898463542747	1.000	NULL
1317	caçarola  antiaderente  n20 preta		39.99	Geral	7898463542167	1.000	NULL
1318	caçarola  extra  preta n 24		58.00	COZINHA	7898463524590	1.000	NULL
1319	caçarola  extra preta n 20		38.00	COZINHA	7898463544574	1.000	NULL
1320	CAÇAROLA ALUMINIO N 22		50.00	Geral	7898917307090	1.000	NULL
1321	CAÇAROLA ANTIADERENTE		88.00	Geral	7898463542181	1.000	NULL
1322	caçarola antiaderente c/tampa de vidro n;18		59.00	ALUMINIO	7898463542723	1.000	NULL
1323	caçarola antiaderente c/tampa de vidro preta		51.00	COZINHA	7898463542716	1.000	NULL
1324	caçarola antoaderente preta tp vidro n 24		88.00	COZINHA	7898463542754	1.000	NULL
1325	CAÇAROLA EXTRA GRAFITE N° 24		43.80	ALUMINIO	7898463542679	1.000	NULL
1326	CAÇAROLA EXTRA POLIDA 16		27.00	Geral	7898463543300	1.000	NULL
1327	CAÇAROLA EXTRA POLIDA N° 18		28.00	ALUMINIO	7898463540651	1.000	NULL
1328	caçarola extra preta  n 18		33.00	COZINHA	7898463544567	1.000	NULL
1329	caçarola extra preta n 22		48.00	COZINHA	7898463544581	1.000	NULL
1330	CAÇAROLA EXTRA VERMELHA N°22		54.00	ALUMINIO	789846354682	1.000	NULL
1331	CAÇAROLA EXTRA VERMELHA N°24		58.00	ALUMINIO	789846354699	1.000	NULL
1332	caçarola extra vermelha n22		48.00	COZINHA	7898463544680	1.000	NULL
1333	CAÇAROLA HOTEL 30		122.50	ALUMINIO	7898463541221	1.000	NULL
1334	CAÇAROLA N 18 ALUMINIO		35.00	Geral	7898917307076	1.000	NULL
1335	CAÇAROLA N 18 ANTIADERENTE N 18 MP		46.00	Geral	7898463542150	1.000	NULL
1336	CAÇAROLA N 20 ALUMINIO		44.00	UTILIDADES	7898917307083	1.000	NULL
1337	CAÇAROLA VERMELHA EXTRA 24		58.00	Geral	7898463524699	1.000	NULL
1338	CAÇAROLA VERMELHA N 20 MP		38.00	COZINHA	7898463544673	1.000	NULL
1339	CACHEPO DE PALHA		15.00	Geral	NULL	1.000	NULL
1340	CACHEPOT GRANDE		3.00	Geral	7890175229756	1.000	NULL
1341	cachepot parede preto 2300ml		5.50	Geral	7897649768285	1.000	NULL
1342	CACHORRO SAPECA		20.00	Geral	7896464701668	1.000	NULL
1343	cad. 1´8  flex espiral		4.50	Geral	7908293900720	1.000	NULL
1344	CADEADO		14.00	Geral	NULL	1.000	NULL
1345	Cadeado		12.00	Geral	NULL	1.000	NULL
1346	CADEADO		12.00	Geral	NULL	1.000	NULL
1347	cadeado  de 12		12.00	Geral	NULL	1.000	NULL
1348	CADEADO DE 15		15.00	Geral	NULL	1.000	NULL
1349	cadeado de 17		17.00	Geral	NULL	1.000	NULL
1350	CADEADO DE 18		18.00	Geral	NULL	1.000	NULL
1351	CADEADO DE 20		20.00	Geral	NULL	1.000	NULL
1352	CADEADO GLORY		8.00	Geral	7896562312209	1.000	NULL
1353	CADEADO GLORY  com codigo		25.00	Geral	7896562350324	1.000	NULL
1354	CADEADO GLORY 25X12MM		15.00	UTILIDADES	7896562312254	1.000	NULL
1355	CADEADO GLORY 32mm]		10.00	Geral	7896562312322	1.000	NULL
1356	CADEADO GLORY C/SENHA		25.00	Geral	7896562350201	1.000	NULL
1357	CADEADO GLORY MEDIO		16.00	Geral	NULL	1.000	NULL
1358	cadeado lexux de bolso		5.00	Geral	NULL	1.000	NULL
1359	CADEADO PEQUENO		10.00	Geral	NULL	1.000	NULL
1360	CADEADO ROSA C/SENHA		15.00	Geral	9100000402680	1.000	NULL
1361	cadeira  branca		65.00	Geral	NULL	1.000	NULL
1362	cadeira adulto		85.00	Geral	NULL	1.000	NULL
1363	CADEIRA AZUL		30.00	Geral	7898911068515	1.000	NULL
1364	CADEIRA AZUL INFANTIL		30.00	Geral	7898919089154	1.000	NULL
1365	CADEIRA BRANCA		70.00	Geral	NULL	1.000	NULL
1366	CADEIRA CAMPING AZUL		50.00	Geral	NULL	1.000	NULL
1367	cadeira de 10		10.00	Geral	NULL	1.000	NULL
1368	CADEIRA INFANTIL		20.00	Geral	NULL	1.000	NULL
1369	CADEIRA INFANTIL		40.00	Geral	7898577791758	1.000	NULL
1370	cadeira infantil   poltrona baby		25.50	Geral	7896871903594	1.000	NULL
1371	cadeira infantil  arqplast  azul		40.00	BRINQUEDOS	7908439801461	1.000	NULL
1372	CADEIRA INFANTIL AZUL		30.00	PLASTICOS	7897848714199	1.000	NULL
1373	cadeira infantil azul plasmont		30.00	Geral	7898378693862	1.000	NULL
1374	CADEIRA INFANTIL ROSA		30.00	Geral	7908439800426	1.000	NULL
1375	CADEIRA INFANTIL ROSA		30.00	PLASTICOS	7897848714182	1.000	NULL
1376	CADEIRA INFANTIL ROSA ARQPLAST		35.00	BRINQUEDOS	7908439801478	1.000	NULL
1377	CADEIRA PRETA		30.00	Geral	NULL	1.000	NULL
1378	CADEIRA PRETA		60.00	Geral	7898919089482	1.000	NULL
1379	CADEIRA RETRATIL AZUL		50.00	Geral	NULL	1.000	NULL
1380	CADEIRA ROSA		30.00	Geral	7898911068508	1.000	NULL
1381	CADEIRINHA DESMONTAVEL		30.00	Geral	7908439805650	1.000	NULL
1382	CADERNETA  PAUTA BRANCA		4.00	Geral	7898944524132	1.000	NULL
1383	CADERNETA ABYARA CASINHAS		8.50	PAPELARIA	7898903700485	1.000	NULL
1384	CADERNETA AMARELA SMILE		8.50	Geral	7898903700324	1.000	NULL
1385	CADERNETA DE DESENHO		2.80	PAPELARIA	7890175221071	1.000	NULL
1386	CADERNETA ESPIRAL 40 FOLHAS 87mmX122mm		3.00	PAPELARIA	7890175221330	1.000	NULL
1387	CADERNETA LOVE ABYARA		7.00	PAPELARIA	7898903700492	1.000	NULL
1388	caderneta preta tamoio		4.00	Geral	7897571920621	1.000	NULL
1389	caderneta simples		3.00	Geral	7890115227330	1.000	NULL
1390	CADERNETA TEMAS DIVERSOS		4.00	PAPELARIA	2120000000003	1.000	NULL
1391	caderno		6.50	Geral	7894494000539	1.000	NULL
1392	caderno		10.00	Geral	NULL	1.000	NULL
1393	caderno		8.50	Geral	7891027140496	1.000	NULL
1394	CADERNO   AMARELO		8.50	Geral	7891253207932	1.000	NULL
1395	CADERNO   DE 10 MATERIAS  STARSCOOL		25.00	ESCOLAR	7894494731860	1.000	NULL
1396	CADERNO  CALIGRAFIA		4.00	Geral	NULL	1.000	NULL
1397	caderno  capa dura  gatinha  sissi   80 folhas animativa		10.00	Geral	7891321104811	1.000	NULL
1398	CADERNO  CARTOGRAFIA HURICANE MENINO CAPA DURA 96		15.00	Geral	7898680036111	1.000	NULL
1399	caderno  credeal 16 materias footbal		40.00	Geral	7891253259474	1.000	NULL
1400	CADERNO  DE 10 MATERIAS		25.00	Geral	7898554450302	1.000	NULL
1401	CADERNO  DE 15 MATERIAS		48.50	Geral	7898944500662	1.000	NULL
1402	CADERNO  DE 15 MATERIAS  MINIE		40.00	ESCOLAR	7894494702419	1.000	NULL
1403	caderno  foroni		10.50	Geral	7899264352931	1.000	NULL
1404	CADERNO  STARSCOOL 80 FOLHAS 140X200MM		10.90	Geral	7894494715051	1.000	NULL
1405	caderno 1 mat		14.00	Geral	7894494711398	1.000	NULL
1406	CADERNO 1 MAT  MARVEL		15.00	Geral	7894494702006	1.000	NULL
1407	CADERNO 1 MATERIA    MICKEY		15.00	Geral	7894494702358	1.000	NULL
1408	caderno 1 materia  star scool		15.00	ESCOLAR	7894494702709	1.000	NULL
1409	CADERNO 1 MATÉRIA DISNEY MARIE		15.00	PAPELARIA	7894494702839	1.000	NULL
1410	CADERNO 1 MATERIA MAXIMUS		10.00	PAPELARIA	7898594062374	1.000	NULL
1411	caderno 1 materia star scool sport		10.00	Geral	7894494732140	1.000	NULL
1412	caderno 1 materia toy story		15.00	Geral	7894494702778	1.000	NULL
1413	CADERNO 1 MTERIA POO		15.00	Geral	7894494702495	1.000	NULL
1414	CADERNO 1/4  MENINO  MAXICAR		10.00	ESCOLAR	7898927470869	1.000	NULL
1415	CADERNO 1/4 ESPIRAL MARIE 80 FLS		8.00	PAPELARIA	7894494702327	1.000	NULL
1416	CADERNO 1/4 ESPIRAL PRINCESAS 80 FLS		8.00	PAPELARIA	7894494702600	1.000	NULL
1417	CADERNO 1/4 ESPIRAL STAR WARS 80 FLS		8.00	PAPELARIA	7894494702747	1.000	NULL
1418	caderno 10 mat. credeal sport		25.00	Geral	7891253254189	1.000	NULL
1419	CADERNO 10 MATÉRIAS BOM D+		23.00	PAPELARIA	7891321330272	1.000	NULL
1420	CADERNO 10 MATÉRIAS CLEAN SD		22.00	PAPELARIA	7891321331354	1.000	NULL
1421	CADERNO 10 MATÉRIAS KBOM LIGHT		23.00	PAPELARIA	7891321330128	1.000	NULL
1422	CADERNO 10 MATERIAS STARSCHOOL		25.00	PAPELARIA	7894494715327	1.000	NULL
1423	CADERNO 10 MATERIAS STARSCOOL		25.00	PAPELARIA	7894494715228	1.000	NULL
1424	CADERNO 10 MATERIAS TILIBRA		22.00	Geral	7891027395315	1.000	NULL
1425	caderno 10 materias tropo		25.00	Geral	7898086995142	1.000	NULL
1426	caderno 10 materias tropo  160 folhas		25.00	Geral	7899743903425	1.000	NULL
1427	caderno 10 materiasa mas.		25.00	ESCOLAR	7894494755255	1.000	NULL
1428	CADERNO 10M COLOR STARSCHOOL JANDAIA		22.00	PAPELARIA	7894494731990	1.000	NULL
1429	CADERNO 10M X-SHOES 200 FLS		25.00	Geral	7898680035329	1.000	NULL
1430	CADERNO 12 MATÉRIAS DREAMS		30.00	PAPELARIA	7894494731679	1.000	NULL
1431	CADERNO 140XMM X 200MM MENINA		10.90	ESCOLAR	7894494733321	1.000	NULL
1432	CADERNO 15 MATÉRIAS MAXCARS		35.00	ESCOLAR	7898938670135	1.000	NULL
1433	caderno 16 mat		40.00	Geral	7891027139339	1.000	NULL
1434	caderno 16 materias credeal fem pop fashion		40.00	Geral	7891253259481	1.000	NULL
1435	CADERNO 1M ANIMATIVA AIR ATTACK		24.00	Geral	7891321102305	1.000	NULL
1436	CADERNO 1M CAVEIRA		15.00	Geral	7898594065252	1.000	NULL
1437	CADERNO 1M MOTO EXTREME		24.00	Geral	7891321101674	1.000	NULL
1438	CADERNO 1M PEPPER		20.00	ESCOLAR	7891027179915	1.000	NULL
1439	CADERNO 1M SPICE		17.50	Geral	7891027349196	1.000	NULL
1440	CADERNO 1M SPICE MASC		17.50	Geral	7891027349165	1.000	NULL
1441	CADERNO 1M WORDS OF WISDOM		15.00	Geral	7898594064972	1.000	NULL
1442	caderno 20 mat credeal  masc.		45.00	Geral	7891253209783	1.000	NULL
1443	caderno 20 mat fem tilibra		55.00	Geral	7891027139360	1.000	NULL
1444	caderno 20 mat masculino tilibra		55.00	Geral	7891027128227	1.000	NULL
1445	caderno 20 materias  pop fashion		45.00	Geral	7891253251874	1.000	NULL
1446	CADERNO 20 MATERIAS GOOD VIBES KBOM LIGHT		37.00	PAPELARIA	7891321330203	1.000	NULL
1447	caderno 48 folhas tropo pq		10.00	ESCOLAR	7898086993346	1.000	NULL
1448	caderno 96 folhas panda		15.00	Geral	7898086991809	1.000	NULL
1449	caderno 96 folhas pq  tropo		15.00	ESCOLAR	7898086994374	1.000	NULL
1450	caderno 96 folhas tropo		15.00	Geral	7898086997764	1.000	NULL
1451	CADERNO AGENDA TILIBRA 200 FOLHAS GOAL TIME		30.00	Geral	7891027140526	1.000	NULL
1452	CADERNO ANIMAL X 10M		20.00	PAPELARIA	7898943902252	1.000	NULL
1453	CADERNO ASTRAL 15 MATERIAS		30.00	PAPELARIA	7894494732041	1.000	NULL
1454	caderno azul class		6.50	Geral	7899264353112	1.000	NULL
1455	CADERNO BARBIE 20M FORONI		45.00	Geral	7899264309317	1.000	NULL
1456	caderno bob good		50.00	Geral	NULL	1.000	NULL
1457	CADERNO BOBGOOD		30.00	Geral	7891452032878	1.000	NULL
1458	CADERNO BRILHANTE BORBOLETA 1/4		25.00	PAPELARIA	6970104055470	1.000	NULL
1459	CADERNO BRILHANTE EMOJIS 1/4		25.00	PAPELARIA	6970104055654	1.000	NULL
1460	CADERNO BRILHANTE LOL SURPRISE 1/4		25.00	PAPELARIA	6970104055647	1.000	NULL
1461	CADERNO BRILHANTE UNICORNIOS 1/4		25.00	PAPELARIA	6970104055494	1.000	NULL
1462	caderno brochura		10.00	Geral	7898594062282	1.000	NULL
1463	CADERNO BROCHURA 96 FLS		6.00	PAPELARIA	7898936257246	1.000	NULL
1464	CADERNO BROCHURA STIFF 1/4 AZUL		6.50	Geral	7894494000522	1.000	NULL
1465	CADERNO BROCHURA UNIV		20.00	Geral	7898936257086	1.000	NULL
1466	CADERNO CALIFORNIA		12.00	Geral	7908293912860	1.000	NULL
1467	CADERNO CALIGRAFIA BROCHURA 1/4 MINNIE MOUSE		8.00	PAPELARIA	7894494719837	1.000	NULL
1468	CADERNO CALIGRAFIA BROCHURA 1/4 TOY STORY		8.00	PAPELARIA	7894494719844	1.000	NULL
1469	caderno capa dura		6.50	Geral	7891027116705	1.000	NULL
1470	CADERNO CAPA DURA 3/4		8.50	Geral	7891253207871	1.000	NULL
1471	caderno capa dura amarelo 48		7.00	Geral	7898946931082	1.000	NULL
1472	caderno capa dura animativa 48 f		10.00	Geral	7891321104828	1.000	NULL
1473	CADERNO CAPA DURA AZUL GR		20.00	Geral	7898936257253	1.000	NULL
1474	caderno capa dura credeal		13.00	Geral	7891253207666	1.000	NULL
1475	caderno capa dura meninas		20.00	Geral	7898554454454	1.000	NULL
1476	caderno capa dura tilibra vermelho , azul gd		20.00	ESCOLAR	7891027116811	1.000	NULL
1477	CADERNO CARS STARSCHOOL 20 MATERIAS		45.00	PAPELARIA	7894494715198	1.000	NULL
1478	CADERNO CARTOGRAFIA CARS 80 FLS		15.00	PAPELARIA	7894494715044	1.000	NULL
1479	CADERNO CARTOGRAFIA CAST LOUSE MENINA 96		15.00	Geral	7898554458995	1.000	NULL
1480	CADERNO CARTOGRAFIA ESPIRAL PRINCESAS 80 FLS		15.00	PAPELARIA	7894494702594	1.000	NULL
1481	CADERNO CARTOGRAFIA SWEET BABY MENINA  CAPA DURA		15.00	Geral	7898680036104	1.000	NULL
1482	CADERNO CLASS		6.00	Geral	7899264353013	1.000	NULL
1483	CADERNO CORUJAS UNIV.		9.00	PAPELARIA	7898594064453	1.000	NULL
1484	caderno creal 10 mat fem		25.00	ESCOLAR	7891253251843	1.000	NULL
1485	CADERNO CREDEAL 96 FOLHAS		8.00	PAPELARIA	7891253202913	1.000	NULL
1486	CADERNO CREDEAL PERFORMANCE		45.00	Geral	7891253254233	1.000	NULL
1487	caderno credeal vermelho		13.00	Geral	7891253207697	1.000	NULL
1488	caderno de 1  materia		15.00	Geral	7894494702426	1.000	NULL
1489	caderno de 1 mat		17.50	Geral	7894494687457	1.000	NULL
1490	caderno de 1 mat fem credeal		15.00	Geral	7891253251836	1.000	NULL
1491	CADeRNO DE 1 MATERIA		20.00	Geral	7898927471309	1.000	NULL
1492	CADERNO DE 1 MATERIA  CARROS		15.00	ESCOLAR	7894494702075	1.000	NULL
1493	caderno de 1 matéria  foroni menina		17.50	PAPELARIA	7908077458683	1.000	NULL
1494	caderno de 1 matéria  girls power		24.00	Geral	7891321102220	1.000	NULL
1495	caderno de 1 materia  jandaia   pets love		20.00	ESCOLAR	7894494688898	1.000	NULL
1496	caderno de 1 materia  silver tuning		24.00	Geral	7891321101643	1.000	NULL
1497	CADERNO DE 1 MATERIA  X GIRLS		17.50	Geral	7898938670050	1.000	NULL
1498	caderno de 1 máteria capa dura personagens		20.00	Geral	7898680035831	1.000	NULL
1499	caderno de 1 materia credeal menina		18.00	Geral	7891253281697	1.000	NULL
1500	caderno de 1 materia foroni fem		17.50	Geral	7899264342055	1.000	NULL
1501	CADERNO DE 1 MÁTERIA KBOM LIGHT		15.00	PAPELARIA	7891321330111	1.000	NULL
1502	caderno de 1 materia menino   foroni  jump		17.50	Geral	7899264301793	1.000	NULL
1503	caderno de 1 materia my pets		24.00	Geral	7891321101889	1.000	NULL
1504	caderno de 1 matéria pet star scool		15.00	Geral	7894494715266	1.000	NULL
1505	CADERNO DE 1 MATERIA PRETO  JANDAIA		20.00	Geral	7891027236731	1.000	NULL
1506	caderno de 1 materia princesa		15.00	ESCOLAR	7894494702563	1.000	NULL
1507	CADERNO DE 1 MATERIA STAR WARS		15.00	ESCOLAR	7894494702211	1.000	NULL
1508	caderno de 1 materia tilibra		18.00	Geral	7891027153649	1.000	NULL
1509	caderno de 1 matérias pixel kraft menino		22.00	ESCOLAR	7891321102121	1.000	NULL
1510	CADERNO DE 1,4 BROCHURA PQ  X SPORTS		5.00	Geral	7898927470357	1.000	NULL
1511	CADERNO DE 1/4 X- GIRLS		10.00	ESCOLAR	7898927470432	1.000	NULL
1512	CADERNO DE 10 MATERIA BRISPRES		30.00	Geral	7898114950631	1.000	NULL
1513	CADERNO DE 10 MATERIAS		25.00	Geral	7898086996743	1.000	NULL
1514	caderno de 10 materias   starscool		25.00	Geral	7894494731808	1.000	NULL
1515	CADERNO DE 10 MATERIAS  JANDAIA  BREATHE IN		30.00	ESCOLAR	7894494699207	1.000	NULL
1516	CADERNO DE 10 MATERIAS  KBOM		27.00	ESCOLAR	7891321101575	1.000	NULL
1517	caderno de 10 materias  office line		30.00	ESCOLAR	7898114952680	1.000	NULL
1518	CADERNO DE 10 MATERIAS  SUN SEA SURF		25.00	Geral	7898594061056	1.000	NULL
1519	caderno de 10 materias  surf		30.00	PAPELARIA	7891253269442	1.000	NULL
1520	CADERNO DE 10 MATERIAS  TILIBRA		30.00	Geral	7891027394561	1.000	NULL
1521	caderno de 10 materias adventure		30.00	Geral	7898114950457	1.000	NULL
1522	caderno de 10 materias colection		30.00	PAPELARIA	7891253269602	1.000	NULL
1523	CADERNO DE 10 MATÉRIAS CORUJA ROSA MAXIMA		25.00	Geral	7898594064149	1.000	NULL
1524	CADERNO DE 10 MATÉRIAS FEM. LINDINHAS		25.00	Geral	7898938670166	1.000	NULL
1525	CADERNO DE 10 MATERIAS MASC.		25.00	Geral	NULL	1.000	NULL
1526	CADERNO DE 10 MATERIAS MASCULINO CARROS		25.00	Geral	7894494715174	1.000	NULL
1527	caderno de 10 materias maxima		25.00	Geral	NULL	1.000	NULL
1528	caderno de 10 materias pauta branca		30.00	Geral	7898944524811	1.000	NULL
1529	CADERNO DE 10 MATERIAS STARSCOOL		25.00	ESCOLAR	7894494731914	1.000	NULL
1530	CADERNO DE 10M 160FLS PEPPER		30.00	Geral	7891027159818	1.000	NULL
1531	caderno de 15 mat disney marie		40.00	Geral	7894494702822	1.000	NULL
1532	CADERNO DE 15 MATERIAS		40.00	Geral	NULL	1.000	NULL
1533	caderno de 15 materias		40.00	Geral	7898938670234	1.000	NULL
1534	CADERNO DE 15 MATERIAS		40.00	Geral	7898943902276	1.000	NULL
1535	CADERNO DE 15 MATÉRIAS  MOTO		30.00	Geral	7898944176300	1.000	NULL
1536	CADERNO DE 15 MATÉRIAS FEM LINDINHAS		35.00	Geral	7898938670180	1.000	NULL
1537	CADERNO DE 1M ENCANTO		15.00	PAPELARIA	7894494733215	1.000	NULL
1538	caderno de 20 mat mac		48.50	Geral	7898938670241	1.000	NULL
1539	CADERNO DE 20 MAT SPORT		45.00	ESCOLAR	7898938670296	1.000	NULL
1540	caderno de 20 materia		45.00	Geral	7898943902283	1.000	NULL
1541	CADERNO DE 20 MATERIAS		40.00	Geral	7898938670142	1.000	NULL
1542	caderno de 20 materias		48.50	Geral	7898680035350	1.000	NULL
1543	CADERNO DE 20 MATERIAS		48.50	ESCOLAR	7898943902559	1.000	NULL
1544	caderno de 20 materias credeal		55.00	ESCOLAR	7891253269473	1.000	NULL
1545	caderno de 20 materias fem credeal		55.00	ESCOLAR	7891253269633	1.000	NULL
1546	CADERNO DE 20 MATERIAS FEM.  X GILRS		48.50	Geral	7898938670098	1.000	NULL
1547	CADERNO DE 20 MATERIAS HOMEN ARANHA 400 F		45.00	ESCOLAR	7894494702648	1.000	NULL
1548	CADERNO DE 20M MASCULINO		40.00	Geral	7898944176317	1.000	NULL
1549	CADERNO DE 20M MINNIE JANDAIA		45.00	PAPELARIA	7894494702433	1.000	NULL
1550	caderno de 48 folhas		10.00	Geral	7898086998082	1.000	NULL
1551	CADERNO DE ARTES   flexivel  48 fls		7.00	Geral	7898554454461	1.000	NULL
1552	CADERNO DE BROCHURA   xwrite		7.00	Geral	7898946931068	1.000	NULL
1553	CADERNO DE BROCHURA AZUL 96 FLS		8.50	ESCOLAR	7898936257260	1.000	NULL
1554	CADERNO DE BROCHURA VERDE		6.00	Geral	7898936257284	1.000	NULL
1555	caderno de capa dura		8.50	Geral	7898936257093	1.000	NULL
1556	CADERNO DE DESENHO		12.00	ESCOLAR	7898916901312	1.000	NULL
1557	CADERNO DE DESENHO		15.00	ESCOLAR	7891253104880	1.000	NULL
1558	CADERNO DE DESENHO  96  FLS		12.00	Geral	7891253104750	1.000	NULL
1559	caderno de desenho  capa dura 60 folhas com margem		15.00	ESCOLAR	7891253104873	1.000	NULL
1560	caderno de desenho  flexivel 96 fls		13.00	ESCOLAR	7898927470951	1.000	NULL
1561	caderno de desenho capa mole		10.00	Geral	7891253104552	1.000	NULL
1562	CADERNO DE DESENHO COLORINDO COM STITCH		50.00	Geral	NULL	1.000	NULL
1563	CADERNO DE DESENHO DINOSAURO   96 FOLHAS		15.00	PAPELARIA	7898965170349	1.000	NULL
1564	CADERNO DE DESENHO DUO STARSCHOOL		13.00	PAPELARIA	7894494731891	1.000	NULL
1565	CADERNO DE DESENHO FADAS		8.50	PAPELARIA	7898554459145	1.000	NULL
1566	CADERNO DE DESENHO HOMEM ARANHA 96 FLS		15.00	PAPELARIA	7898554459114	1.000	NULL
1567	caderno de desenho marvel		13.00	Geral	7894494702037	1.000	NULL
1568	caderno de desenho mikey		13.00	Geral	7894494702389	1.000	NULL
1569	CADERNO DE DESENHO MOANA		18.00	PAPELARIA	7894494733192	1.000	NULL
1570	CADERNO DE DESENHO UNICORNIO/RAPOSA FEM 80 FLS		18.00	PAPELARIA	7894494715075	1.000	NULL
1571	caderno de i materia frozen		15.00	ESCOLAR	7894494702143	1.000	NULL
1572	CADERNO DE LINGUAGEM		7.00	PAPELARIA	7897664262898	1.000	NULL
1573	CADERNO DE LINGUAGEM		4.50	PAPELARIA	7894494005107	1.000	NULL
1574	CADERNO DE PARTITURAS C/ 40 FOLHAS		2.00	PAPELARIA	7891321044001	1.000	NULL
1575	CADERNO DE PINTAR		50.00	Geral	NULL	1.000	NULL
1576	CADERNO DE PROTOCOLO DE CORRESPONDÊNCIA		8.00	PAPELARIA	7897571920256	1.000	NULL
1577	CADERNO ENCANTO 10 MATERIAS STARSCHOOL		22.00	PAPELARIA	7894494733222	1.000	NULL
1578	CADERNO ESCOLAR 1/4 COM FUROS		5.00	PAPELARIA	7891321047255	1.000	NULL
1579	CADERNO ESP 1/4 CAPA DURA		7.00	Geral	7894494732089	1.000	NULL
1580	CADERNO ESPIRAL		10.00	Geral	7891253207376	1.000	NULL
1581	CADERNO ESPIRAL 1/4 CAPA DURA HOMEM ARANHA		10.90	PAPELARIA	7894494702679	1.000	NULL
1582	caderno espiral 96 folhas		6.80	Geral	7898944524323	1.000	NULL
1583	CADERNO FLEXÍVEL 1/4  96 FLS		6.00	PAPELARIA	7898927470319	1.000	NULL
1584	CADERNO FUNNY 10M 160 FLS		25.00	Geral	7898680030737	1.000	NULL
1585	CADERNO GAME 10 MATERIA STARSCHOOL JANDAIA		25.00	PAPELARIA	7894494731952	1.000	NULL
1586	caderno gata marie  20 materias		45.00	Geral	7894494702297	1.000	NULL
1587	caderno graffix i matéria		9.00	Geral	7898965170356	1.000	NULL
1588	caderno grande capa dura  credeal		13.00	Geral	7891253207673	1.000	NULL
1589	caderno grande capa dura verde		13.00	Geral	7891253207680	1.000	NULL
1590	CADERNO HOMEM ARANHA  15 MATÉRIAS UNIVERSITÁRIO		40.00	PAPELARIA	7894494702624	1.000	NULL
1591	CADERNO HOMEM ARANHA STARSCHOOL 1M		15.00	PAPELARIA	7894494702631	1.000	NULL
1592	caderno homen aranha 10 mat.		22.00	Geral	7894494702617	1.000	NULL
1593	CADERNO JANDAIA CARS 12 MATERIAS		25.00	PAPELARIA	7894494731648	1.000	NULL
1594	CADERNO LIFT CREDEAL VERDE		8.50	Geral	7891253207949	1.000	NULL
1595	CADERNO LINDINHAS 1 MATÉRIA		13.00	PAPELARIA	7898938670159	1.000	NULL
1596	CADERNO LINDINHAS 20M		40.00	Geral	7898938670197	1.000	NULL
1597	CADERNO MARVEL AVENGERS		45.00	PAPELARIA	7894494702013	1.000	NULL
1598	CADERNO MAXICARS 10M		25.00	PAPELARIA	7898938670111	1.000	NULL
1599	CADERNO MAXIMONSTER 1M 96FLS		15.00	Geral	7898594064699	1.000	NULL
1600	CADERNO MOANA 1 MATERIA		15.00	Geral	7894494733253	1.000	NULL
1601	caderno moana 1 materia		17.50	ESCOLAR	7894494733239	1.000	NULL
1602	CADERNO MOTO 10M		25.00	PAPELARIA	7898944176287	1.000	NULL
1603	CADERNO MOTORS 10M 200 FLS		25.00	Geral	7898680032700	1.000	NULL
1604	CADERNO NOVA TURMINHA 96 FLS		8.00	Geral	7908293900362	1.000	NULL
1605	CADERNO PATRULHA CANINA FORONI		20.00	PAPELARIA	7899264390438	1.000	NULL
1606	CADERNO PLACES 10 MATERIAS		30.00	Geral	7898114950068	1.000	NULL
1607	CADERNO QUAADRICULADO ARITMÉTICA 40 FOLHAS		2.00	PAPELARIA	7891027113056	1.000	NULL
1608	CADERNO QUADRICULADO LITTLE MONSTERS		7.00	PAPELARIA	7897664265899	1.000	NULL
1609	CADERNO QUADRICULADO SQUARE FORONI		10.00	PAPELARIA	7899264380057	1.000	NULL
1610	CADERNO QUADRICULADO TILIBRA		3.00	PAPELARIA	7891027110642	1.000	NULL
1611	CADERNO SHARK/ ALIEN ABDUCTION 20 MATÉRIAS		37.00	PAPELARIA	7891321330159	1.000	NULL
1612	caderno sport 1,4		10.00	Geral	NULL	1.000	NULL
1613	CADERNO SPORT 10 MAT		23.00	Geral	7894494732133	1.000	NULL
1614	CADERNO SPORT IN ACTION 20M		60.00	Geral	7894494687853	1.000	NULL
1615	CADERNO SPORT RADICAL 10M		25.00	Geral	7898680030751	1.000	NULL
1616	caderno star scool  mickey		40.00	Geral	7894494702341	1.000	NULL
1617	CADERNO STARSCHOOL GATINHO 15M		30.00	Geral	7894494715280	1.000	NULL
1618	caderno tilibra amarelo		6.50	Geral	7891027116729	1.000	NULL
1619	CADERNO TILIBRA D+		30.00	Geral	7891027139285	1.000	NULL
1620	CADERNO TILIBRA SKATE 20M		45.00	Geral	7891027295189	1.000	NULL
1621	caderno tilibra vermelho		6.50	Geral	7891027116736	1.000	NULL
1622	CADERNO TROPPO 10M		25.00	Geral	NULL	1.000	NULL
1623	CADERNO TURMA DA LALA		5.00	Geral	7891253200506	1.000	NULL
1624	CADERNO UNIVERSITARIO 1M JANDAIA BRASILIDADE		14.50	PAPELARIA	7894494081361	1.000	NULL
1625	CADERNO UNIVERSITARIO CARTOGRAFIA FROZEN		18.00	PAPELARIA	7894494702174	1.000	NULL
1626	CADERNO UNIVERSITARIO ESPIRAL 10 MATERIAS AVENGERS 160 FLS		22.00	PAPELARIA	7894494701986	1.000	NULL
1627	CADERNO UNIVERSITARIO MINE 20 MATÉRIAS		45.00	PAPELARIA	7894494731839	1.000	NULL
1628	CADERNO UNIVERSITARIO MY PETS 10 MATERIAS		22.00	PAPELARIA	7891321330821	1.000	NULL
1629	caderno verde  tilibra		6.50	Geral	7891027116712	1.000	NULL
1630	CADERNO X GIRLS 1 MATERIA		17.50	Geral	NULL	1.000	NULL
1631	CADERNO X-GIRLS 10M		25.00	Geral	7898938670067	1.000	NULL
1632	CADERNO X-GIRLS 15M 300 FLS		40.00	Geral	7898938670081	1.000	NULL
1633	CADERNO X-PHOTO		25.00	Geral	7898938670210	1.000	NULL
1634	CADERNO X-POWER 10M		25.00	Geral	7898680035695	1.000	NULL
1635	CADERNO X-SPORT C/D 1/4 96 FLS		10.00	ESCOLAR	7898927470906	1.000	NULL
1636	cadernobob good		20.00	Geral	NULL	1.000	NULL
1637	CAFETEIRA  LENOX		135.00	Geral	21840019037801	1.000	NULL
1638	CAFETEIRA CADENCE 18 CAFÉZINHOS		130.00	Geral	7898700214987	1.000	NULL
1639	CAFETEIRA MONDIAL PRETA		130.00	Geral	7899882304909	1.000	NULL
1640	CAIU PERDEU		40.00	BRINQUEDOS	7896647074602	1.000	NULL
1641	caixa  de presente		6.00	Geral	736532400437	1.000	NULL
1642	CAIXA  MULTIUSO PLASMONT		20.00	Geral	7898378691820	1.000	NULL
1643	CAIXA  ORGA QUADRADA  2,5ML		8.50	Geral	NULL	1.000	NULL
1644	caixa  organizadora preta 40 l		52.00	Geral	NULL	1.000	NULL
1645	caixa  preta  organizado arquaplast		17.00	Geral	7898280076609	1.000	NULL
1646	CAIXA  QUADRADA M		35.00	Geral	NULL	1.000	NULL
1647	caixa 2 m l		10.00	Geral	NULL	1.000	NULL
1648	CAIXA AZUL C TANPA		12.00	Geral	7898646400796	1.000	NULL
1649	CAIXA AZUL DE UNHA TRANSPARENTE C/100		10.00	Geral	NULL	1.000	NULL
1650	CAIXA C/ 12 LAPIS DE COR		8.00	PAPELARIA	7897256246923	1.000	NULL
1651	CAIXA C/ 9 PÇS		80.00	BRINQUEDOS	7892020002255	1.000	NULL
1652	CAIXA C/TRAVA 2,8L TRANSPARENTE		17.00	PLASTICOS	7897649768384	1.000	NULL
1653	CAIXA C/TRAVA TRANSP 1.4L		10.00	Geral	7899809030751	1.000	NULL
1654	CAIXA CESTO DE PRESENTE		22.00	Geral	7909107065192	1.000	NULL
1655	caixa container 50 litros arquaplast		60.00	Geral	7908439800235	1.000	NULL
1656	CAIXA CONTAINER MULTIUSO 30L		38.00	UTILIDADES	7908439800228	1.000	NULL
1657	caixa coraçao		40.00	Geral	NULL	1.000	NULL
1658	caixa coração média  prata c laço		25.00	PRESENTES	NULL	1.000	NULL
1659	caixa coração pequena prata  luxo com laço		18.00	PRESENTES	NULL	1.000	NULL
1660	CAIXA DE ALFINETES BACCHI		8.00	Geral	7897849602068	1.000	NULL
1661	CAIXA DE ALFINETES C/100 UNIDADES BACCHI		8.00	Geral	7897849602600	1.000	NULL
1662	CAIXA DE BIJUTERIA COLORIDA		8.50	PRESENTES	7898961041391	1.000	NULL
1663	CAIXA DE CARRINHOS C/3		30.00	BRINQUEDOS	NULL	1.000	NULL
1664	CAIXA DE CORAÇÃO PRATA		35.00	Geral	NULL	1.000	NULL
1665	caixa de ferramentas		40.00	Geral	7908439801294	1.000	NULL
1666	CAIXA DE GIZ		5.00	Geral	NULL	1.000	NULL
1667	CAIXA DE GRAMPOS DE CABELO		8.00	Geral	7897018800110	1.000	NULL
1668	caixa de isopor pequena		8.50	UTILIDADES	7897764800174	1.000	NULL
1669	CAIXA DE LAPIS DE COR 36 UNID MULTICOLOR		30.00	Geral	7891360587491	1.000	NULL
1670	CAIXA DE MADEIRA DE PRESENTE		15.00	Geral	NULL	1.000	NULL
1671	CAIXA DE PRESENTE		20.00	Geral	NULL	1.000	NULL
1672	CAIXA DE PRESENTE		6.00	Geral	736532400857	1.000	NULL
1673	CAIXA DE PRESENTE		45.00	Geral	NULL	1.000	NULL
1674	CAIXA DE PRESENTE  MONE		5.00	Geral	NULL	1.000	NULL
1675	CAIXA DE PRESENTE CORAÇÃO G		50.00	Geral	NULL	1.000	NULL
1676	caixa de presente coração grande		35.00	PRESENTES	NULL	1.000	NULL
1677	CAIXA DE PRESENTE CORAÇÃO M		40.00	Geral	NULL	1.000	NULL
1678	CAIXA DE PRESENTE CORAÇÃO P		30.00	Geral	NULL	1.000	NULL
1679	CAIXA DE PRESENTE FLORES		3.00	Geral	736532400703	1.000	NULL
1680	CAIXA DE PRESENTE LAÇO		18.00	Geral	NULL	1.000	NULL
1681	CAIXA DE PRESENTE QUADRADA C/ LAÇO		40.00	Geral	NULL	1.000	NULL
1682	caixa de presente quadrada grande		25.00	Geral	NULL	1.000	NULL
1683	caixa de presente quadrada grande		35.00	PRESENTES	NULL	1.000	NULL
1684	CAIXA DE TAÇAS DE SOBREMESA C/6		45.00	Geral	7891155003694	1.000	NULL
1685	CAIXA DE UNHA		15.00	Geral	NULL	1.000	NULL
1686	CAIXA DE UNHA		10.00	MAQUIAGEM	8955155810887	1.000	NULL
1687	CAIXA DE UNHA CHILDREM		5.00	Geral	NULL	1.000	NULL
1688	CAIXA DE UNHA NEW YAZIMJ		5.00	Geral	NULL	1.000	NULL
1689	CAIXA DE UNHA SABRINA SATO		6.00	Geral	7897861931146	1.000	NULL
1690	CAIXA DE UNHAS COLORIDAS		6.00	Geral	6955155880264	1.000	NULL
1691	CAIXA DE UNHAS NAIL TIPS 100UNID		15.00	COSMÉTICOS	8955155810085	1.000	NULL
1692	CAIXA DE UNHAS NEW YAZIMJ		5.00	Geral	NULL	1.000	NULL
1693	CAIXA DE URSO		30.00	Geral	NULL	1.000	NULL
1694	CAIXA GAVI		5.00	Geral	NULL	1.000	NULL
1695	caixa gavi		6.00	Geral	602883877740	1.000	NULL
1696	CAIXA GAVI		4.00	Geral	602883877740	1.000	NULL
1697	caixa laço		35.00	Geral	NULL	1.000	NULL
1698	caixa mone		5.00	Geral	602883877849	1.000	NULL
1699	CAIXA MONE GABIVIVI		5.00	Geral	602883877849	1.000	NULL
1700	CAIXA MULTIUSO   34 LITROS		45.00	Geral	7898378693473	1.000	NULL
1701	CAIXA OG 2,5L		8.50	Geral	NULL	1.000	NULL
1702	caixa org 4 l		9.00	Geral	NULL	1.000	NULL
1703	caixa org. everday 1,5l		5.00	Geral	7897698237077	1.000	NULL
1704	CAIXA ORG. QUAD. GRANDE 5,5L		12.00	UTILIDADES	7897698209616	1.000	NULL
1705	caixa org. quadrada  topa tudo medio 4 l mb		9.00	Geral	7897698209630	1.000	NULL
1706	caixa org. retangular  220 ml		2.00	COZINHA	7897698237046	1.000	NULL
1707	caixa org. retangular 800 ml		4.00	Geral	7897698237060	1.000	NULL
1709	CAIXA ORGA. QUADR. EVERDAY  1,6 ML		5.00	COZINHA	7897698237176	1.000	NULL
1710	CAIXA ORGANIZ. REDONDA INPLAST		8.50	PLASTICOS	7897649768919	1.000	NULL
1711	CAIXA ORGANIZADORA		60.00	Geral	7899335404132	1.000	NULL
1712	CAIXA ORGANIZADORA		70.00	Geral	NULL	1.000	NULL
1713	CAIXA ORGANIZADORA  20 LITROS		35.00	Geral	7897698207827	1.000	NULL
1714	caixa organizadora  400 ml		4.00	Geral	7897698237053	1.000	NULL
1715	CAIXA ORGANIZADORA  MANICURE   28X18X18		42.80	Geral	7896871901606	1.000	NULL
1716	CAIXA ORGANIZADORA  TRANSPARENTE       2L5		8.50	Geral	NULL	1.000	NULL
1717	caixa organizadora 10L uninjet		17.00	Geral	7899335412038	1.000	NULL
1718	CAIXA ORGANIZADORA 11L COM TRAVA		17.00	UTILIDADES	7897698209128	1.000	NULL
1719	CAIXA ORGANIZADORA 11L RETANGULAR TRANSP. C/TRAVA		24.00	Geral	7897649766496	1.000	NULL
1720	CAIXA ORGANIZADORA 17 LTS		17.00	Geral	7898378693466	1.000	NULL
1721	caixa organizadora 20l		25.00	Geral	7897698209135	1.000	NULL
1722	caixa organizadora 3 litros transparente uninjet c tanpa		8.50	Geral	7899335412021	1.000	NULL
1723	caixa organizadora 3,000 ml rae		10.00	Geral	7898718621678	1.000	NULL
1724	CAIXA ORGANIZADORA 3,7L TRANSPARENTE		12.00	UTILIDADES	7897649768865	1.000	NULL
1725	caixa organizadora 30 l preta		32.00	UTILIDADES	7898149701321	1.000	NULL
1726	CAIXA ORGANIZADORA 30 LTS PRETA		30.00	UTILIDADES	7898149780050	1.000	NULL
1727	CAIXA ORGANIZADORA 4L		12.00	Geral	7898718621555	1.000	NULL
1728	CAIXA ORGANIZADORA 53L C/TRAVA E RODIZIO		55.00	UTILIDADES	7897698209159	1.000	NULL
1729	CAIXA ORGANIZADORA 56L		50.00	UTILIDADES	7908439805391	1.000	NULL
1730	CAIXA ORGANIZADORA 6,5 ML TRANPARENTE		25.00	UTILIDADES	7896871903013	1.000	NULL
1731	CAIXA ORGANIZADORA 6L UNINJET TRANSPARENTE		13.70	PLASTICOS	7899335412311	1.000	NULL
1732	CAIXA ORGANIZADORA 900 ML MB		4.80	PLASTICOS	7897698236483	1.000	NULL
1733	CAIXA ORGANIZADORA DE 3 LTS MULTIUSO		11.00	UTILIDADES	7898378693916	1.000	NULL
1734	CAIXA ORGANIZADORA INPLAST 5 LITROS		20.00	Geral	7897649768452	1.000	NULL
1735	CAIXA ORGANIZADORA MEDICA 35X23X23cm		40.00	Geral	7896871903211	1.000	NULL
1736	CAIXA ORGANIZADORA NEON 3L		10.00	Geral	7898718621227	1.000	NULL
1737	CAIXA ORGANIZADORA OVAL TRANSP		7.00	Geral	7898972314378	1.000	NULL
1738	caixa organizadora plastico		28.00	Geral	7898121654232	1.000	NULL
1739	CAIXA ORGANIZADORA PRETA 7L RATTAN C/TAMPA		15.00	UTILIDADES	7898919089116	1.000	NULL
1740	CAIXA ORGANIZADORA PRETA RATTAN  40 litros		52.00	UTILIDADES	7898919089130	1.000	NULL
1741	CAIXA ORGANIZADORA PRETA RATTAN 20L		30.00	UTILIDADES	7908439801416	1.000	NULL
1742	CAIXA ORGANIZADORA PRETA RATTAN C/TAMPA 15L		25.00	UTILIDADES	7898919089123	1.000	NULL
1743	CAIXA ORGANIZADORA QUAD 2,5L TRANSPARENTE		8.50	COZINHA	7897649768810	1.000	NULL
1744	caixa organizadora quadrada		12.00	Geral	NULL	1.000	NULL
1745	CAIXA ORGANIZADORA RET 17L INPLAST		20.00	Geral	7897649766939	1.000	NULL
1746	CAIXA ORGANIZADORA RETANGULAR 2,5 LTS TRANSPARENTE		8.50	PLASTICOS	7897649768827	1.000	NULL
1747	caixa organizadora transparente 20 litros		30.00	Geral	NULL	1.000	NULL
1748	caixa pra presente		60.00	Geral	NULL	1.000	NULL
1749	caixa presente		45.00	Geral	NULL	1.000	NULL
1750	CAIXA QUAD C/TRAVA TRANSP 1.5L		10.00	Geral	7899809031147	1.000	NULL
1751	CAIXA QUADRADA BEGE C BOLINHA M		60.00	Geral	NULL	1.000	NULL
1752	CAIXA QUADRADA BEGE COM BOLINHAS  P		55.00	Geral	NULL	1.000	NULL
1753	CAIXA QUADRADA C BOLINHAS M		60.00	Geral	NULL	1.000	NULL
1754	caixa quadrada cinza  prata c laço pequena		18.00	PRESENTES	NULL	1.000	NULL
1755	CAIXA QUADRADA GRANDE BEGE		70.00	Geral	NULL	1.000	NULL
1756	caixa quadrada m preta		45.00	Geral	NULL	1.000	NULL
1757	CAIXA RATTAN 50L PRETO N°4		52.00	UTILIDADES	7897848720718	1.000	NULL
1758	CAIXA RETA C TRAVA 8 L TRASPARENTE		22.00	Geral	7897649768490	1.000	NULL
1759	caixa reta transparente  c trava  2,8l		10.00	Geral	NULL	1.000	NULL
1760	CAIXA RETANGULAR 11 LITROS		18.00	Geral	NULL	1.000	NULL
1761	CAIXA RETANGULAR 17L MULTIUSO		30.00	UTILIDADES	7897649766793	1.000	NULL
1762	CAIXA RETANGULAR 4 LITROS ERCA		14.00	PLASTICOS	7899809001867	1.000	NULL
1763	CAIXA TÉRMICA		60.00	Geral	7896021906819	1.000	NULL
1764	caixa transparente  56 l  uninjet		85.00	Geral	7899335403647	1.000	NULL
1765	CAIXA UTIL		46.00	Geral	7896871902252	1.000	NULL
1766	caixaorg		8.50	Geral	NULL	1.000	NULL
1767	caixinha de son newton		45.00	Geral	7887184233096	1.000	NULL
1768	CAIXINHA ELASTICOS PREMIER		5.00	PAPELARIA	7898964789115	1.000	NULL
1769	CAIXINHA GILETE LORD PLATINUM		4.00	UTILIDADES	6222001552164	1.000	NULL
1770	calculadora		40.00	Geral	NULL	1.000	NULL
1771	CALCULADORA  ELETRONIC		10.00	Geral	6925625425950	1.000	NULL
1772	calculadora  eletronica  kk 83712s		30.00	Geral	6945647978371	1.000	NULL
1773	CALCULADORA  ELETRÔNICA 12 DIGITOS		30.00	ELETRÔNICOS E ACESSÓRIOS	8878922128056	1.000	NULL
1774	CALCULADORA 8 DIGITOS MAIS OFFICE		10.00	Geral	7897261489612	1.000	NULL
1775	CALCULADORA CIENTÍFICA		13.00	ELETRÔNICOS E ACESSÓRIOS	7893621711058	1.000	NULL
1776	CALCULADORA ELETRONICA		10.00	Geral	7893621704029	1.000	NULL
1777	CALCULADORA ELETRONICA AS-2802		35.00	UTILIDADES	7898822128025	1.000	NULL
1778	CALCULADORA ELETRÔNICA AS-2805		20.00	Geral	7898822128056	1.000	NULL
1779	CALCULADORA ELETRÔNICA KONQUER BK-837B		30.00	ELETRÔNICOS E ACESSÓRIOS	6972400530279	1.000	NULL
1780	CALCULADORA ELETRONICA XH		8.50	Geral	7891212124027	1.000	NULL
1781	CALCULADORA KENKO KK 111-12		35.00	Geral	6925625457067	1.000	NULL
1782	CALCULADORA MAIS OFFICE		8.00	Geral	7892548184020	1.000	NULL
1783	calculadora média  kenko		30.00	Geral	6925625457296	1.000	NULL
1784	CALCULADORA MOURE JAR		25.00	Geral	6926950223235	1.000	NULL
1785	CALCULADORA MOURE JAR MJ-309		10.00	ELETRÔNICOS E ACESSÓRIOS	6925625425462	1.000	NULL
1786	CALCULADORA MOURE JAR MJ-402		8.00	ELETRÔNICOS E ACESSÓRIOS	6926950224027	1.000	NULL
1787	CALCULADORA MULTIFUNCIONAL G LEY 1892		40.00	Geral	6920230822026	1.000	NULL
1788	CALCULADORA PEQUENA LEHMOX LEY 1897		10.00	Geral	6920230822071	1.000	NULL
1789	calculadora pequena xh import		8.00	ESCRITÓRIO	7908593509609	1.000	NULL
1790	CALCULADORA PQ COLORS		8.00	Geral	6975870192206	1.000	NULL
1791	CALCULADORA SHARP EL-233S-BK		8.00	ELETRÔNICOS E ACESSÓRIOS	4974019023571	1.000	NULL
1792	CALDEIRÃO EXTRA N 16 POLIDO MP		32.00	Geral	7898463540231	1.000	NULL
1793	CALDEIRÃO POLIDO N 14 MP		30.00	Geral	7898463540224	1.000	NULL
1794	CALIGRAFIA		4.00	Geral	7891253201602	1.000	NULL
1795	CAMARO  AMARELO		20.00	BRINQUEDOS	7898378739669	1.000	NULL
1796	CAMARO SEM LIMITE 35 PEÇAS		70.00	Geral	7896965205580	1.000	NULL
1797	CAMERA IP		160.00	Geral	NULL	1.000	NULL
1798	caminhão  caçamba c pá		33.00	Geral	7896871900418	1.000	NULL
1799	caminháo  fire truck bombeiro		75.00	Geral	7908261018792	1.000	NULL
1800	caminhão basculante		13.00	Geral	7898301668202	1.000	NULL
1801	CAMINHÃO BASCULANTE		13.00	Geral	7898101662202	1.000	NULL
1802	CAMINHAO BASCULANTE		20.00	BRINQUEDOS	7897063708027	1.000	NULL
1803	CAMINHAO BETONEIRA		13.50	BRINQUEDOS	7898405300022	1.000	NULL
1804	CAMINHÃO BETONEIRA		30.00	Geral	NULL	1.000	NULL
1805	CAMINHAO BETONEIRA		30.00	BRINQUEDOS	7898966563188	1.000	NULL
1806	CAMINHAO BETONEIRA AMARELO		30.00	Geral	NULL	1.000	NULL
1807	CAMINHAO BOIADEIRO		10.00	Geral	7898958261603	1.000	NULL
1808	CAMINHÃO BOIADEIRO		55.00	BRINQUEDOS	7897252260404	1.000	NULL
1809	CAMINHÃO BOMBEIRO		16.00	BRINQUEDOS	7897063708218	1.000	NULL
1810	CAMINHAO BOMBEIRO AMAR E		10.00	Geral	7898958261658	1.000	NULL
1811	caminhão bombeiro fire truck		75.00	Geral	7899632506171	1.000	NULL
1812	CAMINHÃO BOMBEIRO GRANDE		30.00	BRINQUEDOS	7898966563201	1.000	NULL
1813	CAMINHAO BOMBEIRO IVECO		80.00	Geral	7898300575839	1.000	NULL
1814	CAMINHAO BOMBEIRO PEQUENO		13.00	BRINQUEDOS	7897063707433	1.000	NULL
1815	CAMINHÃO BOMBEIRO PLASTICO		14.00	BRINQUEDOS	7898405300138	1.000	NULL
1816	caminhão bombeiros pq. diverplas		13.00	Geral	7897063707136	1.000	NULL
1817	CAMINHÃO BRUTALE BOMBEIRO ROMA		70.00	BRINQUEDOS	7896965215107	1.000	NULL
1818	CAMINHAO BRUTOS COLETA SELETIVA		26.00	BRINQUEDOS	7898958261979	1.000	NULL
1819	CAMINHÃO C CAVALOS		10.00	Geral	7898005840065	1.000	NULL
1820	CAMINHÃO C/ CAVALOS		45.00	BRINQUEDOS	7897063708508	1.000	NULL
1821	CAMINHAO CAÇAMBA		13.50	BRINQUEDOS	7898405300015	1.000	NULL
1822	CAMINHAO CAÇAMBA C/1 PA		10.00	Geral	7898902909872	1.000	NULL
1823	CAMINHÃO CAÇAMBÃO		40.00	BRINQUEDOS	7898405300381	1.000	NULL
1824	CAMINHAO CARGAS CAÇAMBA		32.00	BRINQUEDOS	7898002435882	1.000	NULL
1825	CAMINHÃO CAVALO		40.00	BRINQUEDOS	7897063706467	1.000	NULL
1826	CAMINHAO COM PA		8.00	BRINQUEDOS	7898005840041	1.000	NULL
1827	CAMINHÃO COWBOY TRUCK		69.99	BRINQUEDOS	7898265324152	1.000	NULL
1828	CAMINHAO DE BOIS		10.00	Geral	7898966563508	1.000	NULL
1829	caminhão de bois		14.00	Geral	7898405300084	1.000	NULL
1830	CAMINHÃO DE BOIS		10.00	Geral	7898966563515	1.000	NULL
1831	caminhão escavador		60.00	Geral	7899632516903	1.000	NULL
1832	CAMINHÃO HORSE STRADA		45.00	BRINQUEDOS	7897252260268	1.000	NULL
1833	CAMINHÃO KIT PRAIA		12.00	BRINQUEDOS	7898958261665	1.000	NULL
1834	CAMINHÃO MAX TRUCK		26.00	BRINQUEDOS	7898096080906	1.000	NULL
1835	CAMINHÃO POLLUX BOMBEIRO		100.00	Geral	7897252267205	1.000	NULL
1836	CAMINHÃO RETROSCAVADEIRA		10.00	BRINQUEDOS	7898958261641	1.000	NULL
1837	CAMINHAO ROBOT DEFORM		70.00	BRINQUEDOS	7908691409405	1.000	NULL
1838	CAMINHAO RODOTREM BOIADEIRO		40.00	BRINQUEDOS	7897063708126	1.000	NULL
1839	CAMINHÃO TANQUE AMAR E		10.00	BRINQUEDOS	7898958261627	1.000	NULL
1840	CAMINHÃO TRUCK C/BAÚ		110.00	BRINQUEDOS	7896965213301	1.000	NULL
1841	CAMINHÃO VOYAGER BASCULANTE		75.00	BRINQUEDOS	7896965213523	1.000	NULL
1842	caminho de mesa		8.00	Geral	1083	1.000	NULL
1843	CAMINHO DE MESA DE NATAL		12.00	Geral	NULL	1.000	NULL
1844	caminho de mesa marsale		10.00	Geral	NULL	1.000	NULL
1845	CAMINHO DE MESA TECIDO		12.00	CAMA, MESA E BANHO	7898054631881	1.000	NULL
1846	caminho de mesa tecido		10.00	Geral	NULL	1.000	NULL
1847	CAMINHO DE MESA TERGAL		10.00	Geral	7898943224248	1.000	NULL
1848	caminhonete  power ngm		30.00	Geral	7899923890026	1.000	NULL
1849	CAMINHONETE  SPORTING		15.00	Geral	7897955320160	1.000	NULL
1850	caminhote		30.00	Geral	NULL	1.000	NULL
1851	CANECA		30.00	Geral	NULL	1.000	NULL
1852	caneca		30.00	Geral	NULL	1.000	NULL
1853	caneca		25.00	Geral	NULL	1.000	NULL
1854	CANECA		25.00	Geral	NULL	1.000	NULL
1855	caneca		25.00	Geral	NULL	1.000	NULL
1856	caneca		25.00	Geral	NULL	1.000	NULL
1857	caneca		25.00	Geral	NULL	1.000	NULL
1858	caneca		25.00	Geral	NULL	1.000	NULL
1859	caneca		25.00	Geral	NULL	1.000	NULL
1860	caneca		25.00	Geral	NULL	1.000	NULL
1861	caneca		20.00	Geral	NULL	1.000	NULL
1862	caneca		25.00	Geral	NULL	1.000	NULL
1863	caneca		25.00	Geral	NULL	1.000	NULL
1864	caneca		25.00	Geral	NULL	1.000	NULL
1865	caneca		25.00	Geral	NULL	1.000	NULL
1866	CANECA  DAS MAES		30.00	Geral	NULL	1.000	NULL
1867	CANECA 310ML PORCELANA PASCOA C/CAIXA		30.00	CERAMICAS, PORCELANATO	7898730950336	1.000	NULL
1868	CANECA 7898730950336		30.00	Geral	7898730950336	1.000	NULL
1869	CANECA ALLMIX MÃE		30.00	PORCELANAS	7899471619896	1.000	NULL
1870	CANECA ANTIADERENTE N12 1,1L		25.00	ALUMINIO	7898584434938	1.000	NULL
1871	CANECA ANTIADERENTE N14 1,65L		27.00	ALUMINIO	7898584434921	1.000	NULL
1872	CANECA ANTIADERENTE N16 2,250ML		30.00	ALUMINIO	7898584431951	1.000	NULL
1873	CANECA BRANCA		17.00	Geral	NULL	1.000	NULL
1874	caneca c alça aluminio		9.00	ALUMINIO	7898463540330	1.000	NULL
1875	CANECA CAFÉ LISA HAUSKRAFT		25.00	VIDROS	7896980461411	1.000	NULL
1876	caneca com alça polida mp  350 ml		10.00	Geral	7898463540323	1.000	NULL
1877	CANECA CORINTHIANS 290 ML		30.00	CERAMICAS, PORCELANATO	7898919017492	1.000	NULL
1878	caneca corithians		25.00	Geral	NULL	1.000	NULL
1879	caneca da maes		25.00	Geral	NULL	1.000	NULL
1880	CANECA DE BEBE		7.00	Geral	7898139873601	1.000	NULL
1881	caneca de plastico infantil		2.00	Geral	NULL	1.000	NULL
1882	caneca de shopp aluminio   550 ml		15.00	ALUMINIO	7898463544901	1.000	NULL
1883	CANECA DIA DAS MAES COM CAIXA		30.00	Geral	NULL	1.000	NULL
1884	CANECA DO AMOR		30.00	Geral	1652444	1.000	NULL
1885	CANECA DO AMOR		30.00	Geral	1654257	1.000	NULL
1886	caneca do santos		25.00	Geral	NULL	1.000	NULL
1887	CANECA EXTRA CRAQ. N10 700ml		23.00	ALUMINIO	7898584431685	1.000	NULL
1888	CANECA EXTRA CRAQ. N12 1,1L		24.00	ALUMINIO	7898584431692	1.000	NULL
1889	CANECA EXTRA CRAQ. N14 1,650ml		27.99	ALUMINIO	7898584431708	1.000	NULL
1890	CANECA EXTRA CRAQ. N16 2,250ml		33.00	ALUMINIO	7898584431715	1.000	NULL
1891	caneca flamengo		30.00	Geral	NULL	1.000	NULL
1892	CANECA GOLDEN MUG		30.00	PRESENTES	7898919015757	1.000	NULL
1893	CANECA GOLDEN MUG ROSA		30.00	PRESENTES	7898919015764	1.000	NULL
1894	CANECA HOMEN ARANHA		30.00	Geral	NULL	1.000	NULL
1895	CANECA HOMEN ARANHA		7.00	Geral	7898952063067	1.000	NULL
1896	CANECA INFANTIL		3.50	Geral	7896849405815	1.000	NULL
1897	CANECA INFANTIL		2.00	Geral	NULL	1.000	NULL
1898	CANECA MAE		25.00	Geral	NULL	1.000	NULL
1899	CANECA MÃE 310ML FAIXA SORTIDA C/ESTOJO		30.00	CERAMICAS, PORCELANATO	7898544978021	1.000	NULL
1900	CANECA N12		24.00	Geral	NULL	1.000	NULL
1901	CANECA NA CAIXA		40.00	Geral	7897412900126	1.000	NULL
1902	CANECA PALMEIRAS		30.00	Geral	NULL	1.000	NULL
1903	CANECA PAPAI NOEL		9.00	Geral	7899888500503	1.000	NULL
1904	caneca plastica  450 ml		4.00	ESCOLAR	7897649755070	1.000	NULL
1905	CANECA PLASTICA 500ML		4.00	PLASTICOS	7898933205028	1.000	NULL
1906	CANECA PORCELANA CORINTHIANS 290ML		30.00	PORCELANAS	7896715192221	1.000	NULL
1907	CANECA PORCELANA PALMEIRAS		30.00	PORCELANAS	7898919017515	1.000	NULL
1908	CANECA PP  PLASNORTON		4.00	Geral	7896871900814	1.000	NULL
1909	CANECA PRETA		20.00	UTILIDADES	7897186015262	1.000	NULL
1910	CANECA PROMOCIONAL		10.00	Geral	NULL	1.000	NULL
1911	caneca promocional		10.00	Geral	7899641928766	1.000	NULL
1912	CANECA SAO PAULO		20.00	Geral	NULL	1.000	NULL
1913	CANECA SIMPLES 280ML BRANCA		15.00	PORCELANAS	7898689270790	1.000	NULL
1914	CANECA STHITI		30.00	Geral	NULL	1.000	NULL
1915	caneçaõ  carqueado   n12		24.00	COZINHA	7898584431616	1.000	NULL
1916	caneçaõ  n12  polido		21.00	COZINHA	7898584431579	1.000	NULL
1917	CANECÃO ALUMINIO REDAR 900ml		22.00	ALUMINIO	7898913194793	1.000	NULL
1918	CANECÃO DE ALUMINIO N°16 2,6L  ALMINIO CAMARGO		30.00	ALUMINIO	7898917307045	1.000	NULL
1919	CANECÃO LEVE CRAQUELADO N16 2,25L		32.00	Geral	7898584431630	1.000	NULL
1920	CANEÇÃO N 12 ALUMINIO		25.00	UTILIDADES	7898917307021	1.000	NULL
1921	canecão n 14 aluminio redar		28.00	ALUMINIO	7898913194069	1.000	NULL
1922	caneção n 16 polida		25.00	COZINHA	7898584431593	1.000	NULL
1923	CANECÃO N°10		13.00	ALUMINIO	7898917307717	1.000	NULL
1924	CANECÃO N°10 CRAQUEADO LEVE 700ML		22.00	Geral	7898584431609	1.000	NULL
1925	CANECÃO N°14  ALUMINIO 2 L		23.50	ALUMINIO	7898917307038	1.000	NULL
1926	CANECÃO N14 CRAQUEADO LEVE 1,65L		30.00	Geral	7898584431623	1.000	NULL
1927	caneção polido n 14		23.00	COZINHA	7898584431586	1.000	NULL
1928	caneção polido n10		18.50	Geral	7898584431562	1.000	NULL
1929	CANECO DE ALUMÍNIO ALEGRETE VERMELHO		30.00	Geral	NULL	1.000	NULL
1930	canet bob good		7.00	Geral	NULL	1.000	NULL
1931	CANETA   EURO PEN		15.00	Geral	6939605200093	1.000	NULL
1932	CANETA   EURO PEN  DE DINHEIRO		15.00	ESCOLAR	7821234711554	1.000	NULL
1933	caneta  3 cores		6.00	Geral	NULL	1.000	NULL
1934	CANETA  COLRIDA ROXA JETLUX		3.00	Geral	NULL	1.000	NULL
1935	CANETA  COM CABEÇA DE BONECO		4.00	Geral	NULL	1.000	NULL
1936	caneta  de cd		7.00	Geral	NULL	1.000	NULL
1937	CANETA  DE GATINHO		5.00	Geral	NULL	1.000	NULL
1938	caneta  gatinho		5.00	Geral	NULL	1.000	NULL
1939	CANETA  GEL AVULSA		2.00	Geral	NULL	1.000	NULL
1940	CANETA  VERDE PAPER MATE		3.00	ESCOLAR	7501030683384	1.000	NULL
1941	CANETA 3 CORES		3.00	Geral	NULL	1.000	NULL
1942	caneta 4cores		4.00	Geral	NULL	1.000	NULL
1943	CANETA AIHAO		7.00	Geral	6920930320006	1.000	NULL
1944	caneta avulsa bob good		7.00	Geral	NULL	1.000	NULL
1945	caneta azul		2.00	Geral	NULL	1.000	NULL
1946	CANETA AZUL BICO FINO		2.00	Geral	NULL	1.000	NULL
1947	CANETA AZUL CLARO PAPER MATE		3.00	ESCOLAR	7501030683391	1.000	NULL
1948	CANETA AZUL, VERMELHA E PRETA. verde		2.00	Geral	NULL	1.000	NULL
1949	caneta bic  AZUL		2.00	Geral	NULL	1.000	NULL
1950	caneta bic preta		2.00	Geral	NULL	1.000	NULL
1951	caneta bic vermelha		2.00	Geral	NULL	1.000	NULL
1952	CANETA BOB		5.00	Geral	NULL	1.000	NULL
1953	caneta bobgood avulsa		7.00	Geral	NULL	1.000	NULL
1954	caneta borracha		5.50	Geral	7896342905263	1.000	NULL
1955	caneta c 3 cores		4.00	Geral	NULL	1.000	NULL
1956	CANETA CABEÇA DE BONECO		4.00	Geral	NULL	1.000	NULL
1957	CANETA CABEÇA DE BONECO		5.00	Geral	NULL	1.000	NULL
1958	CANETA CD		7.00	Geral	NULL	1.000	NULL
1959	caneta colorida avulsa		2.50	Geral	NULL	1.000	NULL
1960	CANETA COLORIDA JETLUX  AZUL		3.00	ESCOLAR	7896572016241	1.000	NULL
1961	CANETA COLORIDA JETLUX ROSA		3.00	Geral	7896572016289	1.000	NULL
1962	CANETA COLORIDA PAPER MATE ROXA		3.00	ESCOLAR	7501030683407	1.000	NULL
1963	CANETA COLORS PAPER MATE		3.00	Geral	71641146563	1.000	NULL
1964	caneta colors shen		3.00	Geral	7823127565060	1.000	NULL
1965	CANETA COMPACTOR		2.00	Geral	NULL	1.000	NULL
1966	CANETA COMPACTOR JETLUX ROXA		3.00	Geral	7896572028213	1.000	NULL
1967	CANETA DE 3 CORES		4.00	Geral	NULL	1.000	NULL
1968	CANETA DE 3 CORES		6.00	Geral	7900242300001	1.000	NULL
1969	CANETA DE 3 CORES SPEED BP3 0.7mm		6.00	PAPELARIA	6930126751651	1.000	NULL
1970	CANETA DE 4 CORES REDA COMPANY 0.7mm		8.00	PAPELARIA	7900242280006	1.000	NULL
1971	CANETA DE CD		7.00	Geral	6933032281281	1.000	NULL
1972	CANETA DE CD		7.00	Geral	6973310531202	1.000	NULL
1973	CANETA DE GATINHO		5.00	Geral	NULL	1.000	NULL
1974	caneta de gtinho		5.00	Geral	NULL	1.000	NULL
1975	CANETA EM GEL PONTA FINA		5.00	Geral	NULL	1.000	NULL
1976	CANETA GATINHO		5.00	Geral	NULL	1.000	NULL
1977	CANETA GEL  24 UNIDADES		40.00	PAPELARIA	6971489160247	1.000	NULL
1978	CANETA GEL AVULSA		3.00	Geral	NULL	1.000	NULL
1979	CANETA GEL AVULSA		2.00	Geral	NULL	1.000	NULL
1980	CANETA GEL C 12 CORES		20.00	Geral	6930140200128	1.000	NULL
1981	caneta gel c 6		15.00	Geral	6925782802342	1.000	NULL
1982	caneta gel nova		2.50	Geral	NULL	1.000	NULL
1983	CANETA GEL PRETA		5.00	Geral	6953571248804	1.000	NULL
1984	CANETA GEL SOLTA		2.00	Geral	6930140200364	1.000	NULL
1985	caneta iao		7.00	Geral	NULL	1.000	NULL
1986	CANETA LARANJA JETLUX		3.00	Geral	7896572016302	1.000	NULL
1987	CANETA LOUSA BRANCA		3.00	Geral	NULL	1.000	NULL
1988	CANETA LOUSA BRANCA		2.00	Geral	NULL	1.000	NULL
1989	CANETA MARROM   PAPER MATE		3.00	ESCOLAR	7501030683421	1.000	NULL
1990	caneta piloto azul  brasfort		5.00	Geral	7899807202792	1.000	NULL
1991	CANETA PILOTO PERMANENTE		7.00	Geral	6954712500157	1.000	NULL
1992	caneta ponta fina		5.00	Geral	6953571248835	1.000	NULL
1993	CANETA PONTA FINA AZUL		5.00	Geral	6953571248842	1.000	NULL
1994	caneta preta		2.00	Geral	NULL	1.000	NULL
1995	caneta preta		2.00	Geral	NULL	1.000	NULL
1996	caneta preta		2.50	Geral	NULL	1.000	NULL
1997	CANETA PRETA  PONTA FINA		7.00	Geral	NULL	1.000	NULL
1998	CANETA PRETA 0,5 ROLLER TIP PEN		5.00	Geral	6920930333730	1.000	NULL
1999	CANETA ROSA PAPER MATE		3.00	Geral	7501030683414	1.000	NULL
2000	CANETA VERDE		2.00	Geral	NULL	1.000	NULL
2001	CANETA VERDE CLARO PAPER MATE		3.00	ESCOLAR	7501030683377	1.000	NULL
2002	caneta vermelha		2.00	Geral	NULL	1.000	NULL
2003	CANETAO		7.00	PAPELARIA	6970642481014	1.000	NULL
2004	CANETÃO PILOT		8.00	Geral	7897424080786	1.000	NULL
2005	canetaõ preto		7.00	Geral	NULL	1.000	NULL
2006	CANETAS BIC		1.50	Geral	NULL	1.000	NULL
2007	CANETAS BOB GOOG		38.00	Geral	NULL	1.000	NULL
2008	CANETAS GEL		15.00	Geral	6930140200104	1.000	NULL
2009	CANETINHA		5.00	Geral	NULL	1.000	NULL
2010	canetinha  gatte 12 unid		6.00	Geral	7897771060417	1.000	NULL
2011	canetinha 2 pontas c estojo 12 cores		20.00	Geral	6928649259129	1.000	NULL
2012	canetinha bob goog		80.00	Geral	NULL	1.000	NULL
2013	canetinha bobegode		8.00	Geral	NULL	1.000	NULL
2014	CANETINHA BOBEGODE		7.00	Geral	NULL	1.000	NULL
2015	CANETINHA HIDROCOLOR STARSCHOOL		8.00	PAPELARIA	7897476615882	1.000	NULL
2016	canetinha hidrocor leo leo 12		8.00	PAPELARIA	7897256230014	1.000	NULL
2017	canetinha leo leo   24 cores		15.00	Geral	7897256245827	1.000	NULL
2018	CANETINHA SOLTA		2.00	Geral	NULL	1.000	NULL
2019	cantoneira  colors		10.00	Geral	7898378690960	1.000	NULL
2020	CANTONEIRA  P/BANHEIRO PRETO NITRON		18.00	UTILIDADES	7896779609512	1.000	NULL
2021	CANTONEIRA BRANCA NITRON		18.00	UTILIDADES	7896779609574	1.000	NULL
2022	CANTONEIRA CABE TUDO PRETO		18.00	Geral	7896779621163	1.000	NULL
2023	CANTONEIRA PORTA SHAMPOO		10.00	UTILIDADES	7898048810513	1.000	NULL
2024	CANTONEIRA SUPORTE CINZA		17.00	UTILIDADES	7908439804035	1.000	NULL
2025	CANTONEIRA SUPORTE GRANDE  PRETA		17.00	UTILIDADES	7908439804042	1.000	NULL
2026	CANUDO FESTA		3.00	FESTA	7898663781304	1.000	NULL
2027	CANUDO MILA FESTAS		2.50	Geral	7898610102503	1.000	NULL
2028	CANUDO PLASTICO FESTA		3.00	Geral	7898610100080	1.000	NULL
2029	CANUDO PLASTICO P/ REFRIGERANTE		3.00	Geral	7898610100073	1.000	NULL
2030	CAPA  LAVADORA PACELLY		60.00	UTILIDADES	789891833200	1.000	NULL
2031	capa de  máquina  tam g		30.00	Geral	7893595171209	1.000	NULL
2032	CAPA DE ALMOFADA		9.50	Geral	NULL	1.000	NULL
2033	capa de almofada bege		7.00	Geral	NULL	1.000	NULL
2034	CAPA DE BOTIJÃO DE GÁS TECIDO		8.50	Geral	7898958498450	1.000	NULL
2035	capa de botijão renda		8.50	UTILIDADES	7898958498689	1.000	NULL
2036	CAPA DE BOTIJÃO TECIDO		8.00	Geral	7802143200407	1.000	NULL
2037	CAPA DE BUTJAO DE GAS		7.00	Geral	7896396109112	1.000	NULL
2038	capa de casal		25.00	Geral	NULL	1.000	NULL
2039	capa de chuva adulto  av capas		5.00	UTILIDADES	7891527058086	1.000	NULL
2040	CAPA DE CHUVA PLASTICA TAM: UNICO ADULTO		9.50	UTILIDADES	6920897700903	1.000	NULL
2041	CAPA DE CHUVAS  VIVAPLAS		4.00	ACESSÓRIOS (MODA)	742832626156	1.000	NULL
2042	CAPA de COLCHÃO CASAL  1,90x1,40x 18 cm		26.00	UTILIDADES	7898211655088	1.000	NULL
2043	capa de colchao casal malha		36.00	CAMA, MESA E BANHO	7898211655019	1.000	NULL
2044	capa de colchao solteiro lisa		23.00	CAMA, MESA E BANHO	7898211655095	1.000	NULL
2045	capa de galão de agua renda		8.00	Geral	NULL	1.000	NULL
2046	CAPA DE MAQUINA		50.00	Geral	NULL	1.000	NULL
2047	CAPA DE MÁQUINA   AJUSTÁVEL DE 8 A 15 KL		50.00	Geral	NULL	1.000	NULL
2048	CAPA DE MAQUINA 51x56x86cm LULILU CONFECÇÃO		40.00	Geral	NULL	1.000	NULL
2049	capa de maquina de roupas flanelada tam 12 a 17 kl		60.00	Geral	7898930467290	1.000	NULL
2050	CAPA DE MAQUINA SOFICE  PM G SORTIDA		50.00	Geral	NULL	1.000	NULL
2051	CAPA DE MÁQUINA VINIL LISA (G) 8kg A 15kg		24.00	UTILIDADES	7896396114031	1.000	NULL
2052	CAPA DE RG		3.00	Geral	NULL	1.000	NULL
2053	CAPA DE SOFÁ  KAUANNY SORTIDA		150.00	Geral	NULL	1.000	NULL
2054	capa de sofá 2 peças roma		80.00	CAMA, MESA E BANHO	7898964135028	1.000	NULL
2055	capa de sofá em malha Ana		115.00	Geral	NULL	1.000	NULL
2056	capa de sofa malha  vermelha anna		105.00	Geral	NULL	1.000	NULL
2057	CAPA DE SOFÁ STRETCH		150.00	UTILIDADES	7898964135103	1.000	NULL
2058	CAPA DE TANQUINHO  TAM UNICO		40.00	Geral	NULL	1.000	NULL
2059	CAPA GALÃO AGUÁ TECIDO SABI		6.50	Geral	7802143200605	1.000	NULL
2060	capa maquina linha ouro lulilu		50.00	CAMA, MESA E BANHO	7898948249956	1.000	NULL
2061	CAPA MAQUINA LINHA OURO TAM		50.00	Geral	7898948249949	1.000	NULL
2062	CAPA P/ COLCHÃO KALIFA SOLTEIRO		22.00	UTILIDADES	7898913666054	1.000	NULL
2063	CAPA P/ SOFA COLADINHA MONACO		97.00	Geral	7898651680138	1.000	NULL
2064	CAPA P/CADEIRA SOFFICE		30.00	Geral	7989641355614	1.000	NULL
2065	CAPA P/MAQUINA DE LAVAR DE 8 A 15KG		50.00	Geral	7898057976590	1.000	NULL
2066	CAPA PARA ALMOFADA 43X43CM		7.00	Geral	7898415490935	1.000	NULL
2067	capa para colchao solteiro malha		35.00	CAMA, MESA E BANHO	7898211655026	1.000	NULL
2068	CAPA PARA MAQUINA  TAM P		50.00	Geral	7898948249932	1.000	NULL
2069	CAPA PARA MAQUINA DE LAVAR - TANQUINHO C/ ESFREGADOR		40.00	Geral	NULL	1.000	NULL
2070	CAPA PARA SOFÁ EM MALHA ANNA		115.00	Geral	NULL	1.000	NULL
2071	CAPA PARA SOFÉ EM MALHA ANNA		90.00	Geral	NULL	1.000	NULL
2072	CAPA PARA TANQUINHO tamanho unico		40.00	UTILIDADES	NULL	1.000	NULL
2073	CAPA PRA COLCHÃO CASAL KALIFA		25.00	UTILIDADES	8982116550698	1.000	NULL
2074	CAPA PRA TANQUINHO  LEO PLAST		24.00	Geral	7896396172161	1.000	NULL
2075	capa protetora de colchão casal		36.00	CAMA, MESA E BANHO	7898211655323	1.000	NULL
2076	car universal  holder		30.00	Geral	8878920200181	1.000	NULL
2077	CARD BOOK 4.0		7.00	Geral	NULL	1.000	NULL
2078	CARDAÇO		2.00	Geral	NULL	1.000	NULL
2079	CARDAÇO AZUL G		3.00	Geral	NULL	1.000	NULL
2080	cardaço branco preto		2.50	Geral	6972833610111	1.000	NULL
2081	CARDAÇO COLORIDO		3.00	Geral	736532401144	1.000	NULL
2082	cardaço par novo preto, branco		3.00	Geral	NULL	1.000	NULL
2083	CARDENO 10M		25.00	Geral	7894494732188	1.000	NULL
2084	carderno 1m		13.00	Geral	7898938670104	1.000	NULL
2085	cards  personagens		0.80	Geral	7895641233152	1.000	NULL
2086	carinho		13.00	Geral	7898265329034	1.000	NULL
2087	carinho		30.00	Geral	NULL	1.000	NULL
2088	CARNÊ GUIA DA PREVIDENCIA SOCIAL GPS		7.00	Geral	7897571910486	1.000	NULL
2089	CARPETE PE TAPETES		25.00	Geral	7890198920142	1.000	NULL
2090	CARPETE SEJA BEM VINDO		7.00	Geral	NULL	1.000	NULL
2091	CARREGADEIRA     RETRO C BONECO		30.00	BRINQUEDOS	7898951187955	1.000	NULL
2092	CARREGADEIRA PLASPOLO		35.00	BRINQUEDOS	7898405300367	1.000	NULL
2093	CARREGADOR   GOLD V 8		20.00	Geral	7908153846458	1.000	NULL
2094	CARREGADOR  AIRFOHE		30.00	Geral	7908657602185	1.000	NULL
2095	carregador  newton rápido		39.99	Geral	7803138691095	1.000	NULL
2096	CARREGADOR  ORIGINAL		20.00	Geral	8563480000271	1.000	NULL
2097	CARREGADOR  RÁPIDO TPC		30.00	ELETRONICOS	NULL	1.000	NULL
2098	CARREGADOR  TIPO C		30.00	Geral	7899090161844	1.000	NULL
2099	CARREGADOR  TIPO C HMASTON		35.00	Geral	7908657600877	1.000	NULL
2100	carregador aifone		50.00	Geral	NULL	1.000	NULL
2101	CARREGADOR CABEÇA  MAX TURBO		15.00	Geral	7908657600433	1.000	NULL
2102	carregador de air fone  lehmox		30.00	Geral	6920231122163	1.000	NULL
2103	CARREGADOR DE AIRFONE		30.00	Geral	7898832390887	1.000	NULL
2104	CARREGADOR DE CARRO		10.00	Geral	NULL	1.000	NULL
2105	CARREGADOR DE CARRO		20.00	Geral	7908153845857	1.000	NULL
2106	CARREGADOR DE CELULAR LEHMOX		25.00	Geral	6920231122200	1.000	NULL
2107	CARREGADOR GOLD TIPO C		30.00	Geral	7908153846472	1.000	NULL
2108	CARREGADOR HMASTON  IPHONE		35.00	Geral	7908657600860	1.000	NULL
2109	CARREGADOR HMASTON AIR FONE		35.00	Geral	7896621610680	1.000	NULL
2110	CARREGADOR INOVA 3.1A V8		25.00	Geral	7899085490546	1.000	NULL
2111	carregador inova tipo c		30.00	Geral	7899085125141	1.000	NULL
2112	CARREGADOR INOVA V 8		15.00	ELETRÔNICOS E ACESSÓRIOS	7893595555566	1.000	NULL
2113	CARREGADOR INOVA V8		15.00	Geral	7893590426779	1.000	NULL
2114	CARREGADOR INTELIGENTE PLUG-IN		30.00	Geral	7908611103277	1.000	NULL
2115	carregador kaidi		50.00	Geral	6998472581858	1.000	NULL
2116	CARREGADOR KAIDI  USB		20.00	Geral	6923450901175	1.000	NULL
2117	CARREGADOR KAPBOM 3,6A		25.00	Geral	8563480000561	1.000	NULL
2118	carregador le 485-2 lehmox		30.00	Geral	NULL	1.000	NULL
2119	CARREGADOR LEHMOX		30.00	Geral	6974407809723	1.000	NULL
2120	CARREGADOR LEHMOX LE-480TYPE C		30.00	Geral	7899090160694	1.000	NULL
2121	CARREGADOR ORIGINAL UNIVERSAL		15.00	ELETRÔNICOS E ACESSÓRIOS	7881234567117	1.000	NULL
2122	carregador rápido		40.00	Geral	7896621610918	1.000	NULL
2123	CARREGADOR RÁPIDO  GOLD  EARPHONE		30.00	Geral	7908153836282	1.000	NULL
2124	carregador rápido  tipo c  h maston		40.00	Geral	7896621610925	1.000	NULL
2125	CARREGADOR RÁPIDO HMASTON IPHONE		40.00	ELETRÔNICOS E ACESSÓRIOS	7896621610550	1.000	NULL
2126	CARREGADOR RÁPIDO IOS 3.1A RENUX		40.00	Geral	2000000036342	1.000	NULL
2127	CARREGADOR RAPIDO IPHONE LEHMOX		30.00	Geral	6920231122194	1.000	NULL
2128	CARREGADOR TIPO C		30.00	Geral	7899085593384	1.000	NULL
2129	CARREGADOR TIPO C		30.00	Geral	6920231122170	1.000	NULL
2130	CARREGADOR TURBO 4.8A HMASTON		30.00	Geral	7908657601454	1.000	NULL
2131	CARREGADOR TURBO 5.1A		35.00	Geral	7896621610222	1.000	NULL
2132	CARREGADOR TURBO a'GOLD 30W 6.0A CA27-3 USBC		39.99	ELETRÔNICOS E ACESSÓRIOS	7908153832284	1.000	NULL
2133	CARREGADOR TURBO AIR FONE		35.00	Geral	7896621610277	1.000	NULL
2134	CARREGADOR USB-C IPHONE PRA TIPO C		50.00	Geral	190198889973	1.000	NULL
2135	carregador v 8		15.00	Geral	7893590426946	1.000	NULL
2136	CARREGADOR V8		20.00	Geral	6998472581100	1.000	NULL
2137	CARREGADOR V8 3.1A		25.00	Geral	7899085593377	1.000	NULL
2138	CARREGADOR Y24-2		1.00	Geral	7908657600747	1.000	NULL
2139	CARREGAKAIDE TIPO C		25.00	ELETRÔNICOS E ACESSÓRIOS	6923450901168	1.000	NULL
2140	carreta com 1 carrinho		40.00	Geral	7899923890019	1.000	NULL
2141	CARRETILHA  DE PASTEL		6.00	Geral	7898095210090	1.000	NULL
2142	CARRINHO  SPIDER  AZUL		17.00	Geral	7893595541613	1.000	NULL
2143	carrinho baby car		23.00	BRINQUEDOS	7898265325371	1.000	NULL
2144	CARRINHO BABY LINE		20.00	BRINQUEDOS	7898002433178	1.000	NULL
2145	CARRINHO C 4		40.00	Geral	NULL	1.000	NULL
2146	CARRINHO CAIXA DIE CAST 10 UNIDADES		80.00	BRINQUEDOS	7899085478865	1.000	NULL
2147	CARRINHO COLEÇAO		30.00	Geral	NULL	1.000	NULL
2148	carrinho com sacola arame car preto		120.00	Geral	7896557272525	1.000	NULL
2149	CARRINHO DA HOTWHEELS SOLTO		10.00	Geral	NULL	1.000	NULL
2150	CARRINHO DE 5		5.00	Geral	NULL	1.000	NULL
2151	CARRINHO DE BOMBEIRO TATO		17.00	Geral	7893595541897	1.000	NULL
2152	CARRINHO DE BONECA		35.00	BRINQUEDOS	7896464730309	1.000	NULL
2153	CARRINHO DE BONECA ART BRINK		30.00	BRINQUEDOS	7899658418311	1.000	NULL
2154	CARRINHO DE FEIRA  ALUMINIO		90.00	UTILIDADES	NULL	1.000	NULL
2155	CARRINHO DE FEIRA  GABIVIVI		85.00	UTILIDADES	NULL	1.000	NULL
2156	CARRINHO DE FEIRA DE METAL		110.00	Geral	7896557272440	1.000	NULL
2157	CARRINHO DE FEIRA L&T		70.00	Geral	7898631222372	1.000	NULL
2158	carrinho de ferro g		40.00	Geral	7899899920604	1.000	NULL
2159	CARRINHO DE FESTA		2.00	Geral	7898610101032	1.000	NULL
2160	CARRINHO DE FRICÇÃO POLICIA		40.00	Geral	NULL	1.000	NULL
2161	CARRINHO DE METAL		1.00	BRINQUEDOS	7894383012117	1.000	NULL
2162	CARRINHO DE MOCHILA ROSA		70.00	Geral	NULL	1.000	NULL
2163	CARRINHO DIE CAST		50.00	Geral	7899785700648	1.000	NULL
2164	CARRINHO FRICÇÃO		30.00	Geral	NULL	1.000	NULL
2165	carrinho hot wells		10.00	Geral	2022050500222	1.000	NULL
2166	CARRINHO KOMBI SURF		30.00	BRINQUEDOS	7898265325067	1.000	NULL
2167	CARRINHO METAL		10.00	Geral	NULL	1.000	NULL
2168	carrinho novo		40.00	Geral	7899899857030	1.000	NULL
2169	carrinho pequeno avulso		10.00	Geral	NULL	1.000	NULL
2170	CARRINHO PICK-UP FORCE FIRE		100.00	BRINQUEDOS	7896965209922	1.000	NULL
2171	CARRINHO PICK-UP FORCE POLICE		75.00	BRINQUEDOS	7896965209915	1.000	NULL
2172	CARRINHO PRETO JEEP POLICIAL		25.00	BRINQUEDOS	7897252230148	1.000	NULL
2173	CARRINHO RATTAM 4X4		50.00	BRINQUEDOS	7898300571121	1.000	NULL
2174	CARRINHO RELAMPAGO MACCQUEN		20.00	BRINQUEDOS	7898378840662	1.000	NULL
2175	carrinho road diary		15.00	Geral	NULL	1.000	NULL
2176	CARRINHO ROBÔ		65.00	Geral	7899984533214	1.000	NULL
2177	CARRINHO ROBO TRANSFORMERS QUE PISCA		70.00	BRINQUEDOS	7898624603720	1.000	NULL
2178	CARRINHO ROBOT DEFORM		55.00	BRINQUEDOS	7899085403379	1.000	NULL
2179	CARRINHO SIXSIXZERO SOLTO		12.50	Geral	NULL	1.000	NULL
2180	CARRINHO SOLTO		10.00	Geral	NULL	1.000	NULL
2181	CARRINHO SPEEDY VEGAS		25.00	BRINQUEDOS	7897252265607	1.000	NULL
2182	CARRINHO VERMELHO JEEP RESGATE		25.00	BRINQUEDOS	7897252230162	1.000	NULL
2183	CARRINHOS CARTOON CAR COLORIDO		30.00	BRINQUEDOS	7890000000222	1.000	NULL
2184	CARRINHOS DIE-CAST		40.00	Geral	7899085400064	1.000	NULL
2185	carrinhoS DIVERSOS		40.00	Geral	NULL	1.000	NULL
2186	carrinhos fuscas ,kombis, police		30.00	Geral	7899090095774	1.000	NULL
2187	CARRINHOS PATRULHA CANINA C/6		65.00	BRINQUEDOS	7892020002262	1.000	NULL
2188	CARRO    EVOK		25.00	Geral	7898956184270	1.000	NULL
2189	carro  mega car		15.00	Geral	7898966563539	1.000	NULL
2190	CARRO BOMBEIRO PICKUP		23.00	BRINQUEDOS	7898631556743	1.000	NULL
2191	carro camaro		20.00	Geral	NULL	1.000	NULL
2192	carro camaro robõ		50.00	Geral	7899085479565	1.000	NULL
2193	carro controle remoto model car		70.00	BRINQUEDOS	7899890662657	1.000	NULL
2194	CARRO CONTROLE REMOTO PHANTON		150.00	BRINQUEDOS	7899527108121	1.000	NULL
2195	CARRO CONTROLE REMOTO POSSANTE		90.00	BRINQUEDOS	7899527140220	1.000	NULL
2196	CARRO CONTROLE REMOTO SUPER		80.00	Geral	7908273071884	1.000	NULL
2197	CARRO DE POLICIA		17.00	Geral	7893595541576	1.000	NULL
2198	carro de policia controle remoto		125.00	Geral	7899984552024	1.000	NULL
2199	CARRO FUSCA VERDE		17.00	Geral	7898002434793	1.000	NULL
2200	carro mega car		15.00	Geral	7898966563577	1.000	NULL
2201	CARRO METAL		20.00	BRINQUEDOS	6922102600145	1.000	NULL
2202	carro mini model		10.00	Geral	7899899893083	1.000	NULL
2203	CARRO MXT 2.0		40.00	BRINQUEDOS	7896965212908	1.000	NULL
2204	carro pic cap  fireblade		32.00	Geral	7896965247368	1.000	NULL
2205	CARRO PORSCHE		20.00	Geral	NULL	1.000	NULL
2206	carro porshe		20.00	Geral	7898388850057	1.000	NULL
2207	CARRO RELAMPAÇO		20.00	Geral	NULL	1.000	NULL
2208	CARRO ROBOT		65.00	BRINQUEDOS	3737373766666	1.000	NULL
2209	CARRO ROBOT		65.00	BRINQUEDOS	7908261012189	1.000	NULL
2210	carro scorpion		55.00	Geral	7897252264303	1.000	NULL
2211	CARROA RODA KIT 4 PEÇAS		20.00	BRINQUEDOS	7899605713209	1.000	NULL
2212	CARROS		30.00	Geral	NULL	1.000	NULL
2213	CARTA MEDIA		1.00	Geral	NULL	1.000	NULL
2214	CARTA PEQ		0.50	Geral	NULL	1.000	NULL
2215	cartaõ de aniversário		4.00	Geral	NULL	1.000	NULL
2216	CARTÃO DE ONIBUS		4.00	Geral	NULL	1.000	NULL
2217	CARTÃO DE PONTO		1.00	Geral	NULL	1.000	NULL
2218	CARTAO DE PRESENTE		4.00	Geral	NULL	1.000	NULL
2219	CARTAO DE PRESENTE		2.00	Geral	7893798113808	1.000	NULL
2220	CARTÃO DE PRESENTE		4.00	Geral	7898940597116	1.000	NULL
2221	CARTÃO DE PRESENTE		1.00	Geral	7893798250022	1.000	NULL
2222	CARTÃO DE PRESENTE		2.00	Geral	7893798113822	1.000	NULL
2223	CARTÃO DE PRESENTE DE NATAL		10.00	Geral	7123456720148	1.000	NULL
2224	cartão natal		5.00	Geral	7893798093810	1.000	NULL
2225	CARTEIRA		30.00	Geral	NULL	1.000	NULL
2226	CARTEIRA    PRA HABILITAÇÃO		18.00	Geral	NULL	1.000	NULL
2227	carteira  masculina		20.00	Geral	NULL	1.000	NULL
2228	CARTEIRA BOOK		7.00	Geral	6900000211885	1.000	NULL
2229	CARTEIRA BVEIS		20.00	Geral	7800475006445	1.000	NULL
2230	CARTEIRA C/ VISOR		10.00	Geral	NULL	1.000	NULL
2231	carteira dakley caixa		30.00	Geral	NULL	1.000	NULL
2232	CARTEIRA DE TRABALHO		3.00	Geral	NULL	1.000	NULL
2233	CARTEIRA FEMININA		15.00	Geral	NULL	1.000	NULL
2234	CARTEIRA FEMININA GRANDE		40.00	Geral	NULL	1.000	NULL
2235	CARTEIRA FEMININA PEQUENA		20.00	Geral	NULL	1.000	NULL
2236	carteira grande fem		40.00	Geral	7896247354210	1.000	NULL
2237	CARTEIRA MASCULINA		7.00	Geral	NULL	1.000	NULL
2238	CARTEIRA MASCULINA		35.00	Geral	NULL	1.000	NULL
2239	carteira masculina		30.00	Geral	NULL	1.000	NULL
2240	CARTEIRA MASCULINA		25.00	Geral	NULL	1.000	NULL
2241	CARTEIRA MASCULINA		18.00	Geral	NULL	1.000	NULL
2242	CARTEIRA MASCULINA		15.00	Geral	NULL	1.000	NULL
2243	CARTEIRA MASCULINA		30.00	Geral	NULL	1.000	NULL
2244	CARTEIRA MASCULINA		20.00	Geral	NULL	1.000	NULL
2245	carteira masculina  bveis		20.00	Geral	NULL	1.000	NULL
2246	carteira masculina darkley		30.00	Geral	NULL	1.000	NULL
2247	CARTEIRA MÉDIA FEMININA		30.00	ACESSÓRIOS (MODA)	7802021032632	1.000	NULL
2248	CARTEIRA/BOLSA FEM DE COURO		30.00	Geral	NULL	1.000	NULL
2249	CARTELA C/6 CARROS		45.00	Geral	7898624605045	1.000	NULL
2250	CARTELA DE ADESIVO GRD.		5.00	Geral	NULL	1.000	NULL
2251	CARTELA DE AGULHA MILWARD		2.00	Geral	7891020424630	1.000	NULL
2252	CARTELA DE BRINCO C/3 PARES		3.00	Geral	NULL	1.000	NULL
2253	CARTELA DE BRINCOS C/3 PARES COROA		5.00	Geral	NULL	1.000	NULL
2254	CARTELA DE CARRINHOS C/6		30.00	BRINQUEDOS	NULL	1.000	NULL
2255	CARTELA DE CARRINHOS C/6 MCQUEEN		30.00	BRINQUEDOS	NULL	1.000	NULL
2256	CARTELA DE PRESILHAS		4.00	Geral	NULL	1.000	NULL
2257	CARTELA DE RIFA		2.00	Geral	NULL	1.000	NULL
2258	CARTOLINA AMARELA		2.00	Geral	NULL	1.000	NULL
2259	CARTOLINA AZUL		2.00	Geral	NULL	1.000	NULL
2260	CARTOLINA BRANCA		2.00	Geral	NULL	1.000	NULL
2261	CARTOLINA ROSA		2.00	Geral	NULL	1.000	NULL
2262	CARTOLINA VERDE		2.00	Geral	NULL	1.000	NULL
2263	CARTS		0.80	Geral	NULL	1.000	NULL
2264	casadinho de goiabada   300 gr		15.00	Geral	7895896470708	1.000	NULL
2265	casca de arroz		7.00	Geral	7898980277702	1.000	NULL
2266	CASCA DE ARROZ TERRA GARDEN 200G		3.00	JARDINAGEM	NULL	1.000	NULL
2267	CASCA DE COCO		6.00	JARDINAGEM	609963461783	1.000	NULL
2268	casca de pinus		5.00	Geral	609963461813	1.000	NULL
2269	CASCA DE PINUS 200G		4.50	JARDINAGEM	609963461769	1.000	NULL
2270	CASCA DE PINUS TERRA BRASIL		3.00	JARDINAGEM	2010000001127	1.000	NULL
2271	CASCA DE PINUS TERRA GARDEN		10.00	Geral	NULL	1.000	NULL
2272	CASCA DE PINUS TERRA GARDEN		10.00	JARDINAGEM	609963461813	1.000	NULL
2273	CASINHA DOS SONHOS		23.50	BRINQUEDOS	7896464737896	1.000	NULL
2274	CASTELO PRINCESA SNOW		90.00	BRINQUEDOS	7898631554718	1.000	NULL
2275	CAVALINHO 89 CM		12.00	Geral	NULL	1.000	NULL
2276	CAVALINHO DE BRINQUEDO		12.00	BRINQUEDOS	7898958261351	1.000	NULL
2277	CAVALINHO DE MADEIRA		12.00	Geral	NULL	1.000	NULL
2278	CAVALINHO PULA PULA		70.00	Geral	NULL	1.000	NULL
2279	CAVALINHO PULA PULA		90.00	Geral	NULL	1.000	NULL
2280	cavalinho upa upa sortido		90.00	BRINQUEDOS	7898731516968	1.000	NULL
2281	CAVALO		80.00	Geral	NULL	1.000	NULL
2282	cavalo		60.00	Geral	NULL	1.000	NULL
2283	CAVALO FASHION com pilha		45.00	Geral	7898624607872	1.000	NULL
2284	CELULAR REDMI A1		800.00	Geral	NULL	1.000	NULL
2285	centrinho emborrachado		7.00	Geral	NULL	1.000	NULL
2286	centro de mesa  esferas bicolors		35.00	Geral	7897839703744	1.000	NULL
2287	CENTRO DE MESA ACRILICO		35.00	Geral	7897839703737	1.000	NULL
2288	centro de mesa acrilico		22.00	Geral	7897839703720	1.000	NULL
2289	centro de mesa flor bicolor		22.00	Geral	7897839703713	1.000	NULL
2290	centro de mesa vitazza		30.00	Geral	7908399145315	1.000	NULL
2291	cesta		125.00	Geral	NULL	1.000	NULL
2292	CESTA		180.00	Geral	NULL	1.000	NULL
2293	CESTA		40.00	Geral	NULL	1.000	NULL
2294	cesta		20.00	Geral	7899363184570	1.000	NULL
2295	cesta		5.00	Geral	NULL	1.000	NULL
2296	cesta  dia das maes		85.00	Geral	NULL	1.000	NULL
2297	cesta  dia das maes flor		87.00	Geral	NULL	1.000	NULL
2298	cesta caneca com porta joia		60.00	Geral	NULL	1.000	NULL
2299	cesta caneca urso		70.00	Geral	NULL	1.000	NULL
2300	cesta das maes		60.00	Geral	NULL	1.000	NULL
2301	CESTA DE CAFE		195.00	Geral	NULL	1.000	NULL
2302	cesta de palha		30.00	Geral	NULL	1.000	NULL
2303	CESTA DE PASCOA		50.00	Geral	NULL	1.000	NULL
2304	CESTA DE PASCOA C XICARA		45.00	Geral	NULL	1.000	NULL
2305	CESTA DE PRESENTE		20.00	Geral	7899363122671	1.000	NULL
2306	CESTA DE PRESENTE, DE PAPELÃO		20.00	Geral	7909107891333	1.000	NULL
2307	CESTA DIA DA MULHER		55.00	Geral	NULL	1.000	NULL
2308	CESTA DIA DA MULHER		45.00	Geral	NULL	1.000	NULL
2309	CESTA DIA DA MULHER		50.00	Geral	NULL	1.000	NULL
2310	cesta dia das maes		85.00	Geral	NULL	1.000	NULL
2311	cesta dia das maes esp.		190.00	Geral	NULL	1.000	NULL
2312	CESTA DIA DAS MAES P		40.00	Geral	NULL	1.000	NULL
2313	cesta dia das maos		52.00	Geral	NULL	1.000	NULL
2314	cesta dia do namorados		185.00	Geral	NULL	1.000	NULL
2315	cesta dia dos namorados g		150.00	Geral	NULL	1.000	NULL
2316	CESTA DIA DOS NAMORADOS P		60.00	Geral	NULL	1.000	NULL
2317	cesta dos namorados		80.00	Geral	NULL	1.000	NULL
2318	CESTA ESPECIAL COM UTILIDADES		220.00	Geral	NULL	1.000	NULL
2319	CESTA GRANDE DE PRESENTES/ DIA DAS MÃES		90.00	Geral	NULL	1.000	NULL
2320	CESTA GRANDE DE PRESENTES/ DIA DAS MÃES		147.00	Geral	NULL	1.000	NULL
2321	CESTA GRANDE DE PRESENTES/ DIA DAS MULHERES		80.00	Geral	NULL	1.000	NULL
2322	CESTA GRANDE DE PRESENTES/ DIA DAS MULHERES		90.00	Geral	NULL	1.000	NULL
2323	CESTA GRANDE P/ PRESENTES		20.00	PRESENTES	7898903000752	1.000	NULL
2324	CESTA MANDALA PEQUENA		15.00	Geral	7896744819106	1.000	NULL
2325	CESTA ORGANIZADORA 230ML		9.00	UTILIDADES	7899809001720	1.000	NULL
2326	CESTA PEQUENA		15.00	Geral	7899440931684	1.000	NULL
2327	CESTA PEQUENA 1,400 ML		5.00	PLASTICOS	7898502719482	1.000	NULL
2328	CESTA PRENDEDOR		8.00	Geral	7896042041643	1.000	NULL
2329	CESTA QUADRADA		10.00	Geral	7898646400765	1.000	NULL
2330	CESTINHA MINI MERCADO C/ COMPRINHAS		15.00	BRINQUEDOS	7896464703549	1.000	NULL
2331	CESTINHA ORGANIZADORA 800ML		3.00	UTILIDADES	7898502719086	1.000	NULL
2332	cesto		50.00	Geral	NULL	1.000	NULL
2333	cesto		20.00	Geral	NULL	1.000	NULL
2334	CESTO   COM TAMPA ROSA  40 LITROS		40.00	Geral	NULL	1.000	NULL
2335	CESTO   COM TAMPA ROSA  40 LITROS		40.00	Geral	NULL	1.000	NULL
2336	CESTO   DE PRENDEDOR CORAÇÃO		4.00	UTILIDADES	7896797000346	1.000	NULL
2337	CESTO  2,5 L COM TAMPA MADEIRA LABEL		15.00	UTILIDADES	7908439806855	1.000	NULL
2338	cesto  fechado 60 l   colors		25.00	UTILIDADES	7898036702622	1.000	NULL
2339	cesto  quadrado		5.00	Geral	7899335410409	1.000	NULL
2340	cesto 14L preto ref 0331		10.00	CAsa	7899335486640	1.000	NULL
2341	CESTO 14L PRETO REF 0331		22.00	BANHEIRO	7899335403319	1.000	NULL
2342	cesto 30L preto mb		30.00	Geral	NULL	1.000	NULL
2343	cesto 30L preto ref 0332		25.00	BANHEIRO	7899335403326	1.000	NULL
2344	CESTO 64 L		44.99	UTILIDADES	7897649766779	1.000	NULL
2345	cesto 6L pia c tampa conico ref 1086		8.00	COZINHA	7899335410867	1.000	NULL
2346	cesto 6L pia c tampa conico UP house Ref1089		8.00	COZINHA	7899335410898	1.000	NULL
2347	CESTO 6L PIA COM TAMPA CONICO ref 1090		8.00	COZINHA	7899335410904	1.000	NULL
2348	CESTO 8L UNINJET		7.50	UTILIDADES	7899335403388	1.000	NULL
2349	CESTO ARQUAPLAST		35.00	Geral	NULL	1.000	NULL
2350	CESTO ATENAS PEQUENO QUADRADO		13.00	PLASTICOS	7908439802765	1.000	NULL
2351	CESTO AZUL C/ TAMPA 40L		40.00	PLASTICOS	7898036720909	1.000	NULL
2352	CESTO BRANCO ORGANIZADOR PEQUENO QUADRADO  UNIJET		6.00	UTILIDADES	7899335406914	1.000	NULL
2353	CESTO DE 60 LITROS UNINJET		40.00	UTILIDADES	7899335403333	1.000	NULL
2354	cesto de canto		35.00	Geral	7897848728127	1.000	NULL
2355	CESTO DE CANTO  CINZA		39.99	UTILIDADES	7897848728103	1.000	NULL
2356	cesto de lixo telado		5.00	Geral	7898948178126	1.000	NULL
2357	CESTO DE PEDAL 12 LITROS  PRETA		25.00	UTILIDADES	7899335403371	1.000	NULL
2358	CESTO DE PEDAL 8L PRETO UNINJET		25.00	UTILIDADES	7899335406235	1.000	NULL
2359	CESTO DE ROUPA		55.00	Geral	NULL	1.000	NULL
2360	cesto de roupa		50.00	Geral	NULL	1.000	NULL
2361	CESTO DE ROUPAS ECO NATURE PRETO		30.00	Geral	7896952530831	1.000	NULL
2362	cesto dobrável 50cm x 30cm		20.00	UTILIDADES	7899605708304	1.000	NULL
2363	cesto fechado 100 l aqplast		85.00	Geral	NULL	1.000	NULL
2364	CESTO FECHADO 30 LITROS  INPLAST		32.00	UTILIDADES	7897649766380	1.000	NULL
2365	CESTO FECHADO 64 L  COLOR		45.00	UTILIDADES	7898933917280	1.000	NULL
2366	CESTO FECHADO C/ TAMPA 20L		22.00	UTILIDADES	7908439801157	1.000	NULL
2367	CESTO FECHADO C/ TAMPA 25L		32.00	Geral	7898502711493	1.000	NULL
2368	CESTO FECHADO PRETO 14 L		20.00	Geral	NULL	1.000	NULL
2369	CESTO FECHADO PRETO 65 L		45.00	COZINHA	7908439801171	1.000	NULL
2370	CESTO FECHADO REDONDO COLORS 35L		25.00	UTILIDADES	7898036702646	1.000	NULL
2371	CESTO FECHADO UNIJET 30 LITRO		25.00	Geral	NULL	1.000	NULL
2372	CESTO FLOR VERDE		5.00	PLASTICOS	7908439800907	1.000	NULL
2373	CESTO INFANTIL CARA DE URSO		55.00	Geral	7898933917167	1.000	NULL
2374	cesto lavandeira verde 60 litros  uninjet		45.00	UTILIDADES	7899335403432	1.000	NULL
2375	CESTO MULTIUSO ARIPLAS		7.00	UTILIDADES	7898635511250	1.000	NULL
2376	CESTO ORG ALTO GRANDE ROSA		12.00	UTILIDADES	7899335410478	1.000	NULL
2377	cesto org. branco  26x12  uninjet		12.00	UTILIDADES	7899335406976	1.000	NULL
2378	CESTO ORG. MULT. ALTO GRANDE TRANSP.		12.00	Geral	7899335411222	1.000	NULL
2379	CESTO ORG. RET. COMPRIDO AZUL		8.00	Geral	7899335410430	1.000	NULL
2380	CESTO ORGANIZADOR  FRUTEIRA COM 4 ANDAR		40.00	Geral	NULL	1.000	NULL
2381	CESTO ORGANIZADOR  reto cumprido		8.00	UTILIDADES	7899335411215	1.000	NULL
2382	CESTO ORGANIZADOR ALTO PRETO		12.00	UTILIDADES	7899335406969	1.000	NULL
2383	CESTO ORGANIZADOR C/TAMPA CINZA		12.00	Geral	7898646400758	1.000	NULL
2384	CESTO ORGANIZADOR CUMPRIDO		9.00	Geral	7899335406938	1.000	NULL
2385	CESTO ORGANIZADOR QUADRADO AZUL		10.00	COZINHA	7898646400802	1.000	NULL
2386	CESTO ORGANIZADOR QUADRADO PEQUENO		5.00	Geral	7899335410393	1.000	NULL
2387	CESTO ORGANIZADOR RET COMPRIDO		8.00	Geral	7899335410423	1.000	NULL
2388	CESTO ORGANIZADOR RET COMPRIDO ROSA		9.00	UTILIDADES	7899335410447	1.000	NULL
2389	CESTO ORGANIZADOR ROSA C/TAMPA		12.00	Geral	7898646400772	1.000	NULL
2390	CESTO ORGANIZADOR ROSA g		12.00	UTILIDADES	7898646400789	1.000	NULL
2391	CESTO OVAL   PRETO  ARQPLAST		49.99	UTILIDADES	7908439800914	1.000	NULL
2392	cesto pia 6 litros unin jet preto		9.00	Geral	7899335411130	1.000	NULL
2393	cesto pia branco 6 litros uninjet		9.00	Geral	7899335411161	1.000	NULL
2394	CESTO PQ.		5.00	Geral	7898502722482	1.000	NULL
2395	cesto pra pia rosa  6 litros		9.00	Geral	7899335411154	1.000	NULL
2396	CESTO PRA PRENDEDOR		6.00	UTILIDADES	7898009151976	1.000	NULL
2397	CESTO PRETO		40.00	Geral	7897848728110	1.000	NULL
2398	CESTO PRETO C/ TAMPA 40L		40.00	PLASTICOS	7898036780910	1.000	NULL
2399	cesto quadrado  plasnew  branco		35.00	Geral	7897848703513	1.000	NULL
2400	CESTO QUADRADO 28 LITROS INPLAST   PRETO		30.00	UTILIDADES	7897649769176	1.000	NULL
2401	CESTO QUADRADO DE PEDAL 14 LITROS UNINJET[		30.00	UTILIDADES	7899335403777	1.000	NULL
2402	CESTO QUADRADO INPLAST 60,LITROS		47.00	Geral	7897649766823	1.000	NULL
2403	cesto quadrado preto 40 l		40.00	Geral	NULL	1.000	NULL
2404	CESTO QUADRADO UNINJET 14 LITROS  BRANCA		30.00	UTILIDADES	7899335404026	1.000	NULL
2405	CESTO RATAN 45 LITROS PRETO QUADRADO		50.00	UTILIDADES	7898635512004	1.000	NULL
2406	CESTO RATAN QUADRADO BRANCO 45 L		50.00	UTILIDADES	7898635511274	1.000	NULL
2407	CESTO RATTAN 72L		70.00	UTILIDADES	7898933918034	1.000	NULL
2408	CESTO REDONDO 12 LITROS BRANCO		25.00	UTILIDADES	7899335404033	1.000	NULL
2409	CESTO REDONDO 30 LITROS		30.00	Geral	NULL	1.000	NULL
2410	cesto REDONDO 64 LITROS PRETO		35.00	Geral	NULL	1.000	NULL
2411	CESTO RET TELADO 30L  JAGUAR		32.00	UTILIDADES	7896952514428	1.000	NULL
2412	CESTO ROSA ORGANIZADOR QUADRADO P		6.00	UTILIDADES	7899335410416	1.000	NULL
2413	CESTO TELADO		4.50	UTILIDADES	7898149730055	1.000	NULL
2414	CESTO TELADO 10 L PRETO		5.00	PLASTICOS	7898972314286	1.000	NULL
2415	CESTO TELADO 30L SILVERBLACK		30.00	UTILIDADES	7897698221106	1.000	NULL
2416	CESTO TELADO 36L C/TAMPA  PRETO		25.00	Geral	7898149702564	1.000	NULL
2417	cesto telado 40 litro		35.00	Geral	NULL	1.000	NULL
2418	CESTO TELADO 48L SILVERBRACK		40.00	UTILIDADES	7897698212180	1.000	NULL
2419	CESTO TELADO 56L PRETO		30.00	UTILIDADES	7897848728011	1.000	NULL
2420	cesto telado 60 litros		50.00	Geral	7898149702496	1.000	NULL
2421	CESTO TELADO 60 LTS JAGUAR		40.00	UTILIDADES	7896952500506	1.000	NULL
2422	CESTO TELADO 60L		47.00	Geral	NULL	1.000	NULL
2423	cesto telado 60l arquplast branco		40.00	Geral	NULL	1.000	NULL
2424	CESTO TELADO 60L BRANCO C/TAMPA		35.00	Geral	7908439800204	1.000	NULL
2425	CESTO TELADO 72L		50.00	Geral	NULL	1.000	NULL
2426	CESTO TELADO 8 LT INPLAST		4.00	UTILIDADES	7897649766205	1.000	NULL
2427	CESTO TELADO 9 LTS COLOR		5.00	PLASTICOS	7899335402657	1.000	NULL
2428	CESTO TELADO ARQUAPLAST  RATAN  PRETO  50 LT		50.00	UTILIDADES	7908439804110	1.000	NULL
2429	CESTO TELADO C/ TAMPA CINZA 30L		24.00	UTILIDADES	7897848725300	1.000	NULL
2430	cesto telado cinza redondo 56l		30.00	Geral	7897848728004	1.000	NULL
2431	CESTO TELADO COM TAMPA 72 LITROS  SORTIDOS		60.00	UTILIDADES	7898933917150	1.000	NULL
2432	CESTO TELADO DE CANTO 40L SILVERBLACK		45.00	UTILIDADES	7897698221212	1.000	NULL
2433	CESTO TELADO JAGUAR  PRETO		40.00	UTILIDADES	7896952531005	1.000	NULL
2434	CESTO TELADO JAGUAR BRANCO  30 L		25.00	Geral	NULL	1.000	NULL
2435	CESTO TELADO NR 60 SILVERBLACK		35.00	UTILIDADES	7897698221090	1.000	NULL
2436	CESTO TELADO PEQUENO 10 LTS ARQPLAST		5.50	UTILIDADES	7908439800198	1.000	NULL
2437	CESTO TELADO PRETO		5.00	UTILIDADES	7898653552181	1.000	NULL
2438	CESTO TELADO QUADRADO PRETO		30.00	Geral	NULL	1.000	NULL
2439	cesto telado ratan 72 l		70.00	Geral	NULL	1.000	NULL
2440	CESTO TELADO REDONDO ARQPLAST PRETO 60 LTS  PRETO		35.00	UTILIDADES	7908439800211	1.000	NULL
2441	CESTO TELADO REDONDO JAGUAR 30 LITROS		30.00	UTILIDADES	7896952500018	1.000	NULL
2442	CESTO TELADO RET  BRANCO 60 LT  JAGUAR		55.00	UTILIDADES	7896952517948	1.000	NULL
2443	CESTO TELADO RET. 72L - SILVERBLACK		50.00	UTILIDADES	7897698221083	1.000	NULL
2444	CESTO TELADO RET. 72L C/ TAMPA		50.00	UTILIDADES	7897698222011	1.000	NULL
2445	CESTO TELADO RETANGULAR 40L		40.00	UTILIDADES	7898036710900	1.000	NULL
2446	CESTO TELADO RETANGULAR C/ TAMPA 60 LTS		50.00	UTILIDADES	7898121650593	1.000	NULL
2447	CESTO TELADO VERDE C/ TAMPA - 30 LTS		26.00	Geral	7897848725324	1.000	NULL
2448	cesto telado verde redondo plasnew		30.00	Geral	7897848728028	1.000	NULL
2449	CESTO TRANSPARENTE P QUADRADO		6.00	UTILIDADES	7899335411208	1.000	NULL
2450	CESTO VERMELHO C/TAMPA 40L		40.00	PLASTICOS	7898036750906	1.000	NULL
2451	CHALEIRA C SUPORTE CAFÉ CARQUEADO		31.00	ALUMINIO	7898584430046	1.000	NULL
2452	chaleira de microondas		14.00	Geral	7898003932380	1.000	NULL
2453	CHALEIRA N 14 CARQUEADO		40.00	ALUMINIO	7898917301081	1.000	NULL
2454	CHALEIRA POLIDA 14		35.60	Geral	7898463540262	1.000	NULL
2455	CHALEIRA POLIDA 16		38.70	Geral	7898463540279	1.000	NULL
2456	CHALEIRA PRETA N°14 1L		34.00	ALUMINIO	7898917309902	1.000	NULL
2457	CHAPELEIRA DE MADEIRA		70.00	Geral	NULL	1.000	NULL
2458	CHAPELEIRA DE MADEIRA		60.00	Geral	NULL	1.000	NULL
2459	CHAPELEIRA DE MADEIRA		80.00	Geral	NULL	1.000	NULL
2460	chapeu  de quadrilha		15.00	Geral	2546325894767	1.000	NULL
2461	CHAPEU C/ TRANÇA E RENDA		15.00	Geral	7897668800805	1.000	NULL
2462	CHAPEU DE ANIVERSARIO		2.00	Geral	7898610100851	1.000	NULL
2463	CHAPEU DE PALHA		15.00	Geral	7897668800034	1.000	NULL
2464	CHAPÉU DE PALHA		20.00	Geral	7897744606185	1.000	NULL
2465	chapeu de palha		15.00	Geral	NULL	1.000	NULL
2466	CHAPÉU DE PALHA COLORIDO		20.00	Geral	NULL	1.000	NULL
2467	CHAPÉU DE PALHA FEMININO		15.00	Geral	7897744606208	1.000	NULL
2468	CHAPÉU DE PALHA PEQ AZUL		7.00	Geral	NULL	1.000	NULL
2469	CHAPEU MALANDRINHO		15.00	Geral	NULL	1.000	NULL
2470	CHAPÉU PALHA CARNAUBA		18.00	UTILIDADES	7897668800317	1.000	NULL
2471	chapeu quadrilha		12.00	Geral	NULL	1.000	NULL
2472	CHAPINHA + BOLSINHA		10.50	BRINQUEDOS	7898521373610	1.000	NULL
2473	chaveiro		8.00	Geral	NULL	1.000	NULL
2474	CHAVEIRO		8.00	Geral	NULL	1.000	NULL
2475	CHAVEIRO		3.00	Geral	NULL	1.000	NULL
2476	CHAVEIRO		10.00	Geral	NULL	1.000	NULL
2477	chaveiro		10.00	Geral	NULL	1.000	NULL
2478	chaveiro		10.00	Geral	NULL	1.000	NULL
2479	chaveiro  coelho		10.00	Geral	7888211223028	1.000	NULL
2480	CHAVEIRO  EMOJI		7.00	Geral	NULL	1.000	NULL
2481	CHAVEIRO  HELLO KIT		15.00	Geral	NULL	1.000	NULL
2482	CHAVEIRO  PON PON		10.00	Geral	NULL	1.000	NULL
2483	chaveiro  ursinho		10.00	Geral	NULL	1.000	NULL
2484	chaveiro bailarina		4.00	Geral	NULL	1.000	NULL
2485	CHAVEIRO BASQUETE		6.00	Geral	NULL	1.000	NULL
2486	chaveiro biblico		7.00	Geral	NULL	1.000	NULL
2487	CHAVEIRO BONECA		10.00	Geral	NULL	1.000	NULL
2488	chaveiro boneca pequena nova		8.00	Geral	NULL	1.000	NULL
2489	CHAVEIRO BONECO		10.00	Geral	NULL	1.000	NULL
2490	CHAVEIRO BOYA		7.00	Geral	NULL	1.000	NULL
2491	CHAVEIRO BOYA		5.00	Geral	NULL	1.000	NULL
2492	chaveiro coelho		10.00	Geral	NULL	1.000	NULL
2493	CHAVEIRO COLORIDO		8.00	Geral	NULL	1.000	NULL
2494	CHAVEIRO CORACAO		4.00	Geral	NULL	1.000	NULL
2495	CHAVEIRO CORAÇÃO PELUCIA		10.00	Geral	7899956867217	1.000	NULL
2496	CHAVEIRO CORDAO		7.00	Geral	NULL	1.000	NULL
2497	CHAVEIRO CORDAO		8.00	Geral	NULL	1.000	NULL
2498	chaveiro cordão		5.00	Geral	NULL	1.000	NULL
2499	CHAVEIRO CORDAO FINO		4.00	Geral	NULL	1.000	NULL
2500	CHAVEIRO CORUJA		4.00	UTILIDADES	NULL	1.000	NULL
2501	CHAVEIRO CRISTAL		6.00	Geral	NULL	1.000	NULL
2502	CHAVEIRO CRISTAL DE 4		4.00	Geral	NULL	1.000	NULL
2503	CHAVEIRO CRS 1034 METAL		6.00	UTILIDADES	2010000014103	1.000	NULL
2504	CHAVEIRO DE 6		6.00	Geral	NULL	1.000	NULL
2505	CHAVEIRO DE 8		8.00	Geral	NULL	1.000	NULL
2506	CHAVEIRO DE BEIJO		6.00	Geral	NULL	1.000	NULL
2507	CHAVEIRO DE BEIJO		4.00	Geral	NULL	1.000	NULL
2508	CHAVEIRO DE BONECA		8.00	Geral	NULL	1.000	NULL
2509	CHAVEIRO DE BONECA		10.00	Geral	NULL	1.000	NULL
2510	CHAVEIRO DE CARRO		7.00	Geral	NULL	1.000	NULL
2511	CHAVEIRO DE CARRO		8.00	Geral	NULL	1.000	NULL
2512	chaveiro de cavalo		4.00	Geral	NULL	1.000	NULL
2513	chaveiro de coelho		10.00	Geral	NULL	1.000	NULL
2514	CHAVEIRO DE CORDÃO FINO		3.00	Geral	NULL	1.000	NULL
2515	CHAVEIRO DE CORDÃO NOMES		5.00	Geral	NULL	1.000	NULL
2516	CHAVEIRO DE EMOJI		5.00	Geral	NULL	1.000	NULL
2517	CHAVEIRO DE EMOJI		7.00	Geral	NULL	1.000	NULL
2518	CHAVEIRO DE MICROFONE  GRD.		4.00	Geral	NULL	1.000	NULL
2519	CHAVEIRO DE PAREDE PERSONALIZADO		20.00	Geral	NULL	1.000	NULL
2520	CHAVEIRO DE ROBO		12.00	Geral	NULL	1.000	NULL
2521	CHAVEIRO DE ROBO		10.00	Geral	NULL	1.000	NULL
2522	CHAVEIRO DE ROSQUINHA		10.00	Geral	NULL	1.000	NULL
2523	CHAVEIRO DE SAPATINHO		6.00	Geral	NULL	1.000	NULL
2524	CHAVEIRO DE SAPATINHO		4.00	Geral	NULL	1.000	NULL
2525	chaveiro de tijolos		4.00	Geral	NULL	1.000	NULL
2526	CHAVEIRO DE TIMES		7.00	Geral	NULL	1.000	NULL
2527	CHAVEIRO DE TIMES		8.00	Geral	NULL	1.000	NULL
2528	CHAVEIRO DE TIMES		20.00	Geral	NULL	1.000	NULL
2529	CHAVEIRO DE TIRA COLORIDA		8.00	Geral	NULL	1.000	NULL
2530	CHAVEIRO DE URSINHO		6.00	Geral	NULL	1.000	NULL
2531	CHAVEIRO DE URSINHO		8.00	Geral	NULL	1.000	NULL
2532	CHAVEIRO DE URSINHO		10.00	Geral	NULL	1.000	NULL
2533	CHAVEIRO DE URSINHO CORAÇÃO		12.00	Geral	NULL	1.000	NULL
2534	chaveiro de urso		10.00	Geral	NULL	1.000	NULL
2535	CHAVEIRO DO DEADPOOL		15.00	Geral	NULL	1.000	NULL
2536	CHAVEIRO DO HOMEM-ARANHA		15.00	Geral	NULL	1.000	NULL
2537	CHAVEIRO DOURADO ELEFANTE		4.00	Geral	NULL	1.000	NULL
2538	chaveiro elefante		5.00	Geral	NULL	1.000	NULL
2539	CHAVEIRO EMOJI		7.00	Geral	NULL	1.000	NULL
2540	CHAVEIRO EVANGELICO		6.00	Geral	NULL	1.000	NULL
2541	CHAVEIRO FINO		4.00	Geral	NULL	1.000	NULL
2542	CHAVEIRO FUTEBOL		6.00	Geral	NULL	1.000	NULL
2543	CHAVEIRO HELLO KIT		15.00	Geral	NULL	1.000	NULL
2544	chaveiro heloo kit		15.00	Geral	NULL	1.000	NULL
2545	CHAVEIRO HOMEM ARANHA		15.00	Geral	NULL	1.000	NULL
2546	CHAVEIRO LEXUS KEYCHAIN		5.00	Geral	6920709306781	1.000	NULL
2547	chaveiro lilo stitch		15.00	Geral	NULL	1.000	NULL
2548	CHAVEIRO LILO STITCH  GRANDE		18.00	Geral	NULL	1.000	NULL
2549	CHAVEIRO MAQUAQUINO		10.00	Geral	NULL	1.000	NULL
2550	chaveiro masculino		8.00	Geral	NULL	1.000	NULL
2551	CHAVEIRO MICROFONE		6.00	Geral	NULL	1.000	NULL
2552	CHAVEIRO MICROFONE PEQUENO		3.00	Geral	NULL	1.000	NULL
2553	CHAVEIRO NIKE		5.00	Geral	NULL	1.000	NULL
2554	CHAVEIRO PÉLUCIA  CORAÇÃO		4.00	Geral	NULL	1.000	NULL
2555	CHAVEIRO PEQUENO		10.00	Geral	NULL	1.000	NULL
2556	CHAVEIRO PERSONAGEM		5.00	Geral	NULL	1.000	NULL
2557	chaveiro personagens homen aranha, capitão america,batman, super		15.00	Geral	NULL	1.000	NULL
2558	chaveiro personagens stite		18.00	Geral	NULL	1.000	NULL
2559	CHAVEIRO POMPOM		10.00	Geral	NULL	1.000	NULL
2560	CHAVEIRO POMPOM CORAÇÃO		8.00	Geral	NULL	1.000	NULL
2561	CHAVEIRO POMPOM sortido		8.00	Geral	NULL	1.000	NULL
2562	CHAVEIRO ROBO		10.00	Geral	NULL	1.000	NULL
2563	chaveiro salto		4.00	Geral	NULL	1.000	NULL
2564	chaveiro skate		4.00	Geral	NULL	1.000	NULL
2565	chaveiro stite grande		18.00	Geral	NULL	1.000	NULL
2566	chaveiro stite medio		15.00	Geral	NULL	1.000	NULL
2567	chaveiro stith		15.00	Geral	NULL	1.000	NULL
2568	CHAVEIRO SUPER HEROIS		12.00	Geral	NULL	1.000	NULL
2569	CHAVEIRO SUPER HEROIS		15.00	Geral	NULL	1.000	NULL
2570	CHAVEIRO TIJOLO		4.00	Geral	NULL	1.000	NULL
2571	chaveiro times		7.00	Geral	NULL	1.000	NULL
2572	chaveiro times		5.00	Geral	NULL	1.000	NULL
2573	CHAVEIRO URSINHO		12.00	Geral	NULL	1.000	NULL
2574	CHAVEIRO URSINHO		10.00	Geral	NULL	1.000	NULL
2575	CHAVEIRO URSO		8.00	Geral	NULL	1.000	NULL
2576	CHAVEIROC HAVEIRO EMOJI		7.00	Geral	NULL	1.000	NULL
2577	CHAVEIROS DE PERSONAGEM		6.00	Geral	NULL	1.000	NULL
2578	CHAVES INTERCAMBIAVEIS SQ		30.00	Geral	7899441516392	1.000	NULL
2579	CHICARA 280ML MAE MAIS		17.00	PORCELANAS	7898689271483	1.000	NULL
2580	CHICARA 280ML MAE MAIS C CAIXA		20.00	PORCELANAS	7898689271476	1.000	NULL
2581	chinela		12.00	Geral	NULL	1.000	NULL
2582	CHINELA HAVAIANAS		20.00	Geral	NULL	1.000	NULL
2583	chinela ipanema		35.00	Geral	NULL	1.000	NULL
2584	chinela maculina		25.00	Geral	NULL	1.000	NULL
2585	CHINELI LASCOSTE  INFANTIL		20.00	Geral	NULL	1.000	NULL
2586	chineli rider preto		25.50	Geral	7909510648937	1.000	NULL
2587	CHINELO		20.00	Geral	7890152067081	1.000	NULL
2588	CHINELO		15.00	Geral	7890244992758	1.000	NULL
2589	CHINELO    fem		25.00	Geral	NULL	1.000	NULL
2590	chinelo   boxing		20.00	Geral	NULL	1.000	NULL
2591	CHINELO   fem vermelho		30.00	Geral	NULL	1.000	NULL
2592	CHINELO   LACOSTE		25.00	Geral	NULL	1.000	NULL
2593	chinelo   starlux		15.00	Geral	7909510557918	1.000	NULL
2594	CHINELO  CALVIM KLEIN		25.00	Geral	NULL	1.000	NULL
2595	chinelo  da lacoste		22.00	Geral	NULL	1.000	NULL
2596	CHINELO  FEM PROMOÇÃO		15.00	Geral	NULL	1.000	NULL
2597	chinelo  feminina		25.00	Geral	NULL	1.000	NULL
2598	CHINELO  FEMININO		20.00	Geral	NULL	1.000	NULL
2599	CHINELO  HAVAIANAS  BRANCO FEM		40.00	Geral	NULL	1.000	NULL
2600	chinelo  havaianas cinza fem.		30.00	Geral	NULL	1.000	NULL
2601	CHINELO  INFANTIL IPANEMA		20.00	Geral	NULL	1.000	NULL
2602	chinelo  infantil nenê		20.00	Geral	NULL	1.000	NULL
2603	CHINELO  IPANEMA  FLORES		18.50	Geral	7909510897908	1.000	NULL
2604	CHINELO  IPANEMA INFANTIL		17.00	Geral	NULL	1.000	NULL
2605	CHINELO  KENER		30.00	Geral	NULL	1.000	NULL
2606	chinelo  lacoste		25.00	Geral	NULL	1.000	NULL
2607	chinelo  masculino beira mar		20.00	Geral	NULL	1.000	NULL
2608	chinelo  masculino e 30		30.00	Geral	NULL	1.000	NULL
2609	chinelo  mormay fem preto		25.00	Geral	NULL	1.000	NULL
2610	chinelo  nike madculino		25.00	Geral	NULL	1.000	NULL
2611	chinelo  polo culture		40.00	Geral	NULL	1.000	NULL
2612	CHINELO  RIDER		25.50	Geral	7909510648951	1.000	NULL
2613	CHINELO  RIDER		25.00	Geral	7909510648944	1.000	NULL
2614	chinelo  rider branco		25.50	Geral	7909510648586	1.000	NULL
2615	CHINELO  rider vermelho		45.00	Geral	NULL	1.000	NULL
2616	chinelo  santa lola		22.00	Geral	NULL	1.000	NULL
2617	chinelo  tomy hilfiger		20.00	Geral	NULL	1.000	NULL
2618	CHINELO 25/26 MINNIE HAVAIANAS		17.00	Geral	NULL	1.000	NULL
2619	CHINELO 29/30 MINNIE HAVAIANAS		17.00	Geral	NULL	1.000	NULL
2620	CHINELO AUTENTICA		30.00	Geral	NULL	1.000	NULL
2621	CHINELO AUTENTICA		25.00	Geral	NULL	1.000	NULL
2622	CHINELO BART		17.00	Geral	NULL	1.000	NULL
2623	chinelo beira mar		20.00	Geral	NULL	1.000	NULL
2624	CHINELO BEIRA MAR AZUL 37/38		20.00	Geral	7890152073792	1.000	NULL
2625	CHINELO BEIRA MAR MARROM		20.00	Geral	7890152073884	1.000	NULL
2626	CHINELO BOB MARLEY		25.00	Geral	NULL	1.000	NULL
2627	CHINELO BORUTO		25.00	Geral	7909937487485	1.000	NULL
2628	CHINELO BORUTO 25/26 CORES DIVERSAS		25.00	CHINELOS	7909937487478	1.000	NULL
2629	CHINELO BORUTO CORES DIVERSAS 29/30		25.00	CHINELOS	7909937487492	1.000	NULL
2630	chinelo boxing		25.00	Geral	NULL	1.000	NULL
2631	chinelo boxing		20.00	Geral	NULL	1.000	NULL
2632	CHINELO BOXING VERMELHO E PRETO		30.00	Geral	NULL	1.000	NULL
2633	CHINELO CALVIN KLEIN		20.00	Geral	NULL	1.000	NULL
2634	CHINELO CARTAGO		40.00	Geral	7891261145059	1.000	NULL
2635	CHINELO CARTAGO		40.00	Geral	7909806005550	1.000	NULL
2636	CHINELO CARTAGO AZUL ESCURO/CINZA DAKAR PLUS		30.00	Geral	NULL	1.000	NULL
2637	CHINELO CARTAGO AZUL ESCURO/VERMELHO		25.00	CHINELOS	7909006187889	1.000	NULL
2638	CHINELO CARTAGO PRETO/CINZA		25.00	Geral	NULL	1.000	NULL
2639	chinelo cinza com brilho		30.00	Geral	NULL	1.000	NULL
2640	CHINELO DA PROMOÇÃO DE 10		10.00	Geral	NULL	1.000	NULL
2641	CHINELO DOS SIMPSONS		20.00	Geral	NULL	1.000	NULL
2642	CHINELO FEM BRANCO  VERDE		30.00	Geral	NULL	1.000	NULL
2643	chinelo fem preto mormai		25.00	Geral	NULL	1.000	NULL
2644	CHINELO FEM. OASIS		19.99	Geral	7909510751194	1.000	NULL
2645	CHINELO FEMININO HAVAIANAS		20.00	Geral	NULL	1.000	NULL
2646	chinelo feminino novo		25.00	Geral	NULL	1.000	NULL
2647	CHINELO FEMININO TODOS OS MODELOS		17.00	Geral	NULL	1.000	NULL
2648	CHINELO HAVAI MASCULINO		20.00	Geral	5414849279544	1.000	NULL
2649	CHINELO HAVAIANAS		18.00	Geral	7891109146392	1.000	NULL
2650	chinelo havaianas  brancas, off  fem		40.00	Geral	NULL	1.000	NULL
2651	CHINELO HAVAIANAS  FLORES		25.00	Geral	NULL	1.000	NULL
2652	CHINELO HAVAIANAS 37/38 AZUL/BRANCO		18.00	Geral	7891109146378	1.000	NULL
2653	CHINELO HAVAIANAS AZUL BANDEIRA		17.00	Geral	NULL	1.000	NULL
2654	CHINELO HAVAIANAS AZUL BANDEIRA		20.00	Geral	NULL	1.000	NULL
2655	CHINELO HAVAIANAS AZUL BANDEIRA		25.00	Geral	NULL	1.000	NULL
2656	CHINELO HAVAIANAS AZUL BANDEIRA		30.00	Geral	NULL	1.000	NULL
2657	CHINELO HAVAIANAS BANDEIRA		15.00	Geral	NULL	1.000	NULL
2658	CHINELO HAVAIANAS BART SIMPSON		20.00	Geral	NULL	1.000	NULL
2659	CHINELO HAVAIANAS BASICO		18.00	Geral	7909224289907	1.000	NULL
2660	CHINELO HAVAIANAS BRANCO BANDEIRA		22.00	Geral	NULL	1.000	NULL
2661	CHINELO HAVAIANAS BRANCO BANDEIRA		30.00	Geral	NULL	1.000	NULL
2662	CHINELO HAVAIANAS BRANCO BANDEIRA		30.00	Geral	NULL	1.000	NULL
2663	CHINELO HAVAIANAS BRANCO BANDEIRA		25.00	Geral	NULL	1.000	NULL
2664	CHINELO HAVAIANAS BRANCO/ROSA		20.00	Geral	NULL	1.000	NULL
2665	CHINELO HAVAIANAS BRANCO/VERDE		20.00	Geral	NULL	1.000	NULL
2666	CHINELO HAVAIANAS CALVIN KLEIN PRETO		25.00	Geral	NULL	1.000	NULL
2667	CHINELO HAVAIANAS CORREIA GEL		25.00	Geral	NULL	1.000	NULL
2668	CHINELO HAVAIANAS FEMININO		30.00	Geral	NULL	1.000	NULL
2669	chinelo havaianas feminino		17.00	Geral	NULL	1.000	NULL
2670	CHINELO HAVAIANAS FEMININO		40.00	Geral	NULL	1.000	NULL
2671	CHINELO HAVAIANAS FEMININO		20.00	Geral	NULL	1.000	NULL
2672	CHINELO HAVAIANAS FEMININO		25.00	Geral	NULL	1.000	NULL
2673	CHINELO HAVAIANAS HOMEM ARANHA		17.00	Geral	NULL	1.000	NULL
2674	CHINELO HAVAIANAS INFANTIL		17.00	Geral	NULL	1.000	NULL
2675	CHINELO HAVAIANAS INFANTIL		20.00	Geral	NULL	1.000	NULL
2676	CHINELO HAVAIANAS INFANTIL FEMININO		20.00	Geral	NULL	1.000	NULL
2677	CHINELO HAVAIANAS INFANTIL MASCULINO		25.00	Geral	NULL	1.000	NULL
2678	CHINELO HAVAIANAS INFANTIL MASCULINO		30.00	Geral	NULL	1.000	NULL
2679	CHINELO HAVAIANAS INFANTIL PROMOÇÃO		15.00	Geral	NULL	1.000	NULL
2680	CHINELO HAVAIANAS LACOSTE ADULTO		22.00	Geral	NULL	1.000	NULL
2681	CHINELO HAVAIANAS LACOSTE ADULTO		25.00	Geral	NULL	1.000	NULL
2682	CHINELO HAVAIANAS MASCULINO		25.00	Geral	NULL	1.000	NULL
2683	CHINELO HAVAIANAS MASCULINO		30.00	Geral	NULL	1.000	NULL
2684	CHINELO HAVAIANAS MASCULINO		20.00	Geral	NULL	1.000	NULL
2685	CHINELO HAVAIANAS MASCULINO PRETO, BRANCO		30.00	Geral	NULL	1.000	NULL
2686	CHINELO HAVAIANAS MINNIE INFANTIL		17.00	Geral	NULL	1.000	NULL
2687	CHINELO HAVAIANAS NBA		20.00	Geral	NULL	1.000	NULL
2688	CHINELO HAVAIANAS PRETO BANDEIRA		17.00	Geral	NULL	1.000	NULL
2689	CHINELO HAVAIANAS PRETO BANDEIRA		22.00	Geral	NULL	1.000	NULL
2690	CHINELO HAVAIANAS PRETO BANDEIRA		30.00	Geral	NULL	1.000	NULL
2691	CHINELO HAVAIANAS PRETO BANDEIRA		25.00	Geral	NULL	1.000	NULL
2692	CHINELO HAVAIANAS PRETO C/ AMARELO		20.00	Geral	NULL	1.000	NULL
2693	CHINELO HAVAIANAS PROMOÇÃO		15.00	Geral	NULL	1.000	NULL
2694	CHINELO HAVAIANAS ROSA		15.00	CHINELOS	7909171339298	1.000	NULL
2695	CHINELO HAVAIANAS ROSA CORREIA GEL		25.00	Geral	NULL	1.000	NULL
2696	chinelo havaianas rosa gliter		30.00	Geral	NULL	1.000	NULL
2697	CHINELO HAVAIANAS SIMPSONS		17.00	Geral	NULL	1.000	NULL
2698	CHINELO HAVAIANAS TRADICIONAIS		18.00	Geral	7891109146385	1.000	NULL
2699	CHINELO HAVAIANAS VERDE CORREIA GEL		25.00	Geral	NULL	1.000	NULL
2700	CHINELO HOMEM ARANHA		20.00	Geral	NULL	1.000	NULL
2701	CHINELO HOMEM ARANHA INFANTIL 31/32		17.00	Geral	NULL	1.000	NULL
2702	CHINELO HULK NOVO		25.00	Geral	NULL	1.000	NULL
2703	CHINELO IMFANTIL MENINA		20.00	Geral	NULL	1.000	NULL
2704	CHINELO INFANTIL		25.00	Geral	7909510777033	1.000	NULL
2705	chinelo infantil  autentica masc.		25.00	Geral	NULL	1.000	NULL
2706	CHINELO INFANTIL  IPANEMA NARUTO		25.00	Geral	7909937487515	1.000	NULL
2707	CHINELO INFANTIL FEMININO		10.00	Geral	NULL	1.000	NULL
2708	CHINELO INFANTIL FEMININO		17.00	Geral	NULL	1.000	NULL
2709	CHINELO INFANTIL FEMININO		20.00	Geral	NULL	1.000	NULL
2710	CHINELO INFANTIL FEMININO		25.00	Geral	NULL	1.000	NULL
2711	chinelo infantil feminino ipanema 20		20.00	Geral	NULL	1.000	NULL
2712	CHINELO INFANTIL FEMININO IPANEMA SEMPRE NOVA		17.00	Geral	NULL	1.000	NULL
2713	chinelo infantil homen aranha		30.00	Geral	NULL	1.000	NULL
2714	CHINELO INFANTIL IPANEMA		17.00	Geral	7909224450765	1.000	NULL
2715	chinelo infantil ipanema		15.00	Geral	7891261121213	1.000	NULL
2716	chinelo infantil ipanema  mario		25.00	Geral	NULL	1.000	NULL
2717	CHINELO INFANTIL IPANEMA ROSA MEU SOL		17.00	Geral	7909937442194	1.000	NULL
2718	chinelo infantil masc. batmam		25.00	Geral	NULL	1.000	NULL
2719	CHINELO INFANTIL MASCULINO		15.00	Geral	NULL	1.000	NULL
2720	CHINELO INFANTIL MASCULINO		17.00	Geral	NULL	1.000	NULL
2721	CHINELO INFANTIL MASCULINO		25.00	Geral	NULL	1.000	NULL
2722	CHINELO INFANTIL MASCULINO		20.00	Geral	NULL	1.000	NULL
2723	CHINELO INFANTIL NARUTO		17.00	Geral	NULL	1.000	NULL
2724	CHINELO INFANTIL POLO MASCULINO		25.00	Geral	NULL	1.000	NULL
2725	chinelo infantil promoção		15.00	Geral	NULL	1.000	NULL
2726	CHINELO INFANTIL TURMA DA MONICA		15.00	Geral	NULL	1.000	NULL
2727	CHINELO IPANEMA		17.00	Geral	7890875124245	1.000	NULL
2728	CHINELO IPANEMA		15.00	Geral	7891261121244	1.000	NULL
2729	CHINELO IPANEMA		15.00	Geral	7890244991720	1.000	NULL
2730	CHINELO IPANEMA		15.00	Geral	7890875227328	1.000	NULL
2731	CHINELO IPANEMA		35.00	Geral	NULL	1.000	NULL
2732	CHINELO IPANEMA		15.00	Geral	7909510897915	1.000	NULL
2733	CHINELO IPANEMA		25.00	Geral	7909510949799	1.000	NULL
2734	CHINELO IPANEMA		20.00	Geral	7890875020769	1.000	NULL
2735	CHINELO IPANEMA  TEMAS		25.00	Geral	7909510949782	1.000	NULL
2736	CHINELO IPANEMA ART  AZUL FEM.		15.00	Geral	7909224869321	1.000	NULL
2737	CHINELO IPANEMA ART AZUL		15.00	Geral	7909224869352	1.000	NULL
2738	CHINELO IPANEMA ART AZUL		15.50	Geral	7909224869338	1.000	NULL
2739	CHINELO IPANEMA AZUL CLASSIC		17.00	Geral	7890244991768	1.000	NULL
2740	CHINELO IPANEMA AZUL MASC		17.00	UTILIDADES	7890244991775	1.000	NULL
2741	CHINELO IPANEMA AZUL/AMARELO INFANTIL 23/24 BORUTO		25.00	CHINELOS	7909937487461	1.000	NULL
2742	CHINELO IPANEMA BORUTO 31/32		25.00	Geral	7909937487508	1.000	NULL
2743	CHINELO IPANEMA CLASSICA		15.00	Geral	7890244992772	1.000	NULL
2744	CHINELO IPANEMA CLASSICA 23/24		15.00	Geral	7909171339250	1.000	NULL
2745	CHINELO IPANEMA CLASSICA 29/30		15.00	Geral	7890244992765	1.000	NULL
2746	CHINELO IPANEMA CLASSICO 33/34		15.00	Geral	7909006060977	1.000	NULL
2747	CHINELO IPANEMA CRIANÇA 23/24		15.00	Geral	7890244992734	1.000	NULL
2748	CHINELO IPANEMA FEM		15.00	Geral	7909510949812	1.000	NULL
2749	CHINELO IPANEMA FEM		20.00	Geral	7890875020752	1.000	NULL
2750	CHINELO IPANEMA FEM METALIZADA		18.50	Geral	7909510897922	1.000	NULL
2751	CHINELO IPANEMA FEM PRETO		20.00	Geral	7909510751347	1.000	NULL
2752	CHINELO IPANEMA FEMININO		18.50	Geral	7909510897892	1.000	NULL
2753	CHINELO IPANEMA FEMININO		18.50	Geral	7909510751323	1.000	NULL
2754	chinelo ipanema flores		18.50	Geral	7909510897885	1.000	NULL
2755	CHINELO IPANEMA INFANTIL CLASSIC		17.00	Geral	7891261121251	1.000	NULL
2756	CHINELO IPANEMA INFANTIL CLASSIC		15.00	Geral	NULL	1.000	NULL
2757	CHINELO IPANEMA INFANTIL CLASSIC		20.00	Geral	NULL	1.000	NULL
2758	CHINELO IPANEMA INFANTIL CLASSIC		20.00	Geral	NULL	1.000	NULL
2759	CHINELO IPANEMA INFANTIL FEMININO 25/26		20.00	CHINELOS	7909006291999	1.000	NULL
2760	CHINELO IPANEMA JOLIE		25.00	Geral	7909510038479	1.000	NULL
2761	CHINELO IPANEMA MARIO		25.00	Geral	NULL	1.000	NULL
2762	CHINELO IPANEMA MASC 31/32		15.00	Geral	7909224450802	1.000	NULL
2763	CHINELO IPANEMA OASIS ROSA,PRETO		20.00	CHINELOS	7909510751200	1.000	NULL
2764	CHINELO IPANEMA PRETO		20.00	Geral	7909510751354	1.000	NULL
2765	chinelo ipanema preto  45/46		15.00	Geral	7891261849032	1.000	NULL
2766	CHINELO IPANEMA PRETO 35		15.00	Geral	7891261878391	1.000	NULL
2767	chinelo ipanema preto 36		15.00	Geral	7891261878407	1.000	NULL
2768	CHINELO IPANEMA preto 37/38		15.00	Geral	7891261848998	1.000	NULL
2769	CHINELO IPANEMA preto 39/40		15.00	Geral	7891261849001	1.000	NULL
2770	CHINELO IPANEMA preto 41/42		15.00	Geral	7891261849018	1.000	NULL
2771	chinelo ipanema preto 43/44		15.00	Geral	7891261849025	1.000	NULL
2772	CHINELO IPANEMA SOLAR PRETO N°35		25.00	CHINELOS	7909806772292	1.000	NULL
2773	CHINELO IPANEMA SOLAR PRETO N°37		25.00	CHINELOS	7909806772315	1.000	NULL
2774	CHINELO IPANEMA SOLAR PRETO N°38		25.00	CHINELOS	7909806772322	1.000	NULL
2775	CHINELO IPANEMA SOLAR ROSA N°35		25.00	CHINELOS	7909806772353	1.000	NULL
2776	CHINELO IPANEMA SOLAR ROSA N°36		25.00	CHINELOS	7909806772360	1.000	NULL
2777	CHINELO IPANEMA SOLAR ROSA N°37		25.00	CHINELOS	7909806772377	1.000	NULL
2778	CHINELO IPANEMA SOLAR ROSA N°38		25.00	CHINELOS	7909806772384	1.000	NULL
2779	CHINELO IPANEMA SOLAR SANDÁLIA PRETO		25.00	CHINELOS	7909806772308	1.000	NULL
2780	chinelo ipanema temas		25.00	Geral	7909510949836	1.000	NULL
2781	chinelo jolie		25.00	Geral	7909510533219	1.000	NULL
2782	chinelo lacoste adulto		25.00	Geral	NULL	1.000	NULL
2783	CHINELO LACOSTE AZUL		30.00	Geral	NULL	1.000	NULL
2784	CHINELO LACOSTE CAPITÃO AMERICA		20.00	Geral	NULL	1.000	NULL
2785	CHINELO LACOSTE GARFIELD		20.00	Geral	NULL	1.000	NULL
2786	CHINELO LACOSTE MICKEY		20.00	Geral	NULL	1.000	NULL
2787	CHINELO LARAMA ROSA		17.00	Geral	NULL	1.000	NULL
2788	chinelo lascoste masculino		25.00	Geral	NULL	1.000	NULL
2789	CHINELO MARIO		25.00	Geral	NULL	1.000	NULL
2790	chinelo masaculino polo culture		40.00	Geral	NULL	1.000	NULL
2791	CHINELO MASC BARBEARIA		20.00	Geral	NULL	1.000	NULL
2792	CHINELO MASC. AUTENTICA		30.00	Geral	NULL	1.000	NULL
2793	chinelo masc. beira mar		20.00	CHINELOS	7890152073853	1.000	NULL
2794	CHINELO MASCULINO		25.00	Geral	NULL	1.000	NULL
2795	CHINELO MASCULINO		30.00	Geral	NULL	1.000	NULL
2796	chinelo masculino		20.00	Geral	7890152090904	1.000	NULL
2797	CHINELO MASCULINO		20.00	Geral	NULL	1.000	NULL
2798	CHINELO MASCULINO  BEIRA MAR		20.00	Geral	7890152073808	1.000	NULL
2799	CHINELO MASCULINO BRASIL		25.00	Geral	7892265600254	1.000	NULL
2800	CHINELO MASCULINO BRASIL HAVAIANAS		15.00	Geral	NULL	1.000	NULL
2801	CHINELO MASCULINO CALVIM  KLEN		25.00	Geral	NULL	1.000	NULL
2802	chinelo masculino polo culture		40.00	Geral	NULL	1.000	NULL
2803	chinelo mormaifem		25.00	Geral	NULL	1.000	NULL
2804	CHINELO MORMAII		30.00	Geral	NULL	1.000	NULL
2805	CHINELO MORMAII 37/38		30.00	Geral	7909006944611	1.000	NULL
2806	CHINELO MRIDER MASCULINO		25.50	Geral	7909510648692	1.000	NULL
2807	chinelo nene		20.00	Geral	NULL	1.000	NULL
2808	chinelo nike		25.00	Geral	NULL	1.000	NULL
2809	chinelo nike masculino preto		40.00	Geral	NULL	1.000	NULL
2810	CHINELO OFERTA		10.00	Geral	NULL	1.000	NULL
2811	CHINELO POLO CULTURE		40.00	Geral	NULL	1.000	NULL
2812	CHINELO PROMOÇÃO DE 12		12.00	Geral	NULL	1.000	NULL
2813	CHINELO PROMOÇAO NATAL		15.00	Geral	NULL	1.000	NULL
2814	CHINELO RESERVA		20.00	Geral	NULL	1.000	NULL
2815	chinelo RIDER		25.00	Geral	7909171218739	1.000	NULL
2816	CHINELO RIDER		25.50	Geral	7909510648968	1.000	NULL
2817	CHINELO RIDER		25.50	Geral	7909510648654	1.000	NULL
2818	CHINELO RIDER		25.50	Geral	7909510648845	1.000	NULL
2819	CHINELO RIDER		25.50	Geral	7909510648579	1.000	NULL
2820	CHINELO RIDER  MASCULINO		25.50	Geral	7909510648975	1.000	NULL
2821	CHINELO RIDER  masculino		30.00	Geral	7909171218630	1.000	NULL
2822	CHINELO RIDER BRANCO/PRETO		25.50	Geral	7909510648609	1.000	NULL
2823	CHINELO RIDER MASCULINO		30.00	Geral	7909510366107	1.000	NULL
2824	CHINELO RIDER MASCULINO		25.50	Geral	7909510648593	1.000	NULL
2825	CHINELO RIDER MASCULINO		25.50	Geral	7909510648616	1.000	NULL
2826	CHINELO RIDER MASCULINO		25.50	Geral	7909510648685	1.000	NULL
2827	chinelo rider novo		45.00	Geral	NULL	1.000	NULL
2828	CHINELO RIDER OLÉ FC		30.00	Geral	7909806224098	1.000	NULL
2829	CHINELO RIDER STRIKE		20.00	Geral	7909171956273	1.000	NULL
2830	CHINELO RIDER STRIKE AD PRETO 43/44		25.00	Geral	7909171218654	1.000	NULL
2831	CHINELO RIDER STRIKE AD VERMELHO		25.00	Geral	7909171218753	1.000	NULL
2832	CHINELO RIDER STRIKE AD VERMELHO 37/38		25.00	Geral	7909171218722	1.000	NULL
2833	CHINELO RIDER VERMELHO		25.50	Geral	7909510648678	1.000	NULL
2834	CHINELO RYDER		30.00	Geral	7909806224074	1.000	NULL
2835	CHINELO RYDER STREET		45.00	Geral	7909937133757	1.000	NULL
2836	chinelo sandbell		20.00	Geral	7890152067074	1.000	NULL
2837	CHINELO SANDBELL		20.00	Geral	7890152090959	1.000	NULL
2838	CHINELO SANDBELL		20.00	Geral	7890152067050	1.000	NULL
2839	CHINELO SANDBELL 39/40		20.00	Geral	7890152090898	1.000	NULL
2840	CHINELO SANDBELL 41/42		20.00	Geral	7890152090942	1.000	NULL
2841	CHINELO SANDBELL 41/42		20.00	Geral	7890152067098	1.000	NULL
2842	CHINELO SANTA LOLLA		22.00	Geral	NULL	1.000	NULL
2843	CHINELO STARLUX		15.00	Geral	7909510558267	1.000	NULL
2844	CHINELO STARLUX		15.00	Geral	7909510557901	1.000	NULL
2845	CHINELO STARLUX AZUL N°39/40		15.00	CHINELOS	7909510558342	1.000	NULL
2846	CHINELO STARLUX AZUL N°41		15.00	CHINELOS	7909510558175	1.000	NULL
2847	CHINELO STARLUX AZUL N°42		15.00	CHINELOS	7909510558182	1.000	NULL
2848	CHINELO STARLUX BRANCO		15.00	Geral	7909510557802	1.000	NULL
2849	CHINELO STARLUX BRANCO		15.00	Geral	7909510557796	1.000	NULL
2850	CHINELO STARLUX BRANCO N°33/34		15.00	CHINELOS	7909510557789	1.000	NULL
2851	CHINELO STARLUX BRANCO N°39/40		15.00	CHINELOS	7909510558281	1.000	NULL
2852	CHINELO STARLUX BRANCO N°41		15.00	CHINELOS	7909510558298	1.000	NULL
2853	CHINELO STARLUX BRANCO N°42		15.00	CHINELOS	7909510558304	1.000	NULL
2854	CHINELO STARLUX PRETO N°37		15.00	CHINELOS	7909510558328	1.000	NULL
2855	CHINELO STARLUX PRETO N°38		15.00	CHINELOS	7909510558335	1.000	NULL
2856	CHINELO STARLUX PRETO N°41		17.00	CHINELOS	7909510558359	1.000	NULL
2857	CHINELO STARLUX PRETO N°42		15.00	CHINELOS	7909510558366	1.000	NULL
2858	CHINELO STARLUX PRETO N°43/44		15.00	CHINELOS	7909510558373	1.000	NULL
2859	CHINELO TOMMY HILFIGER		25.00	Geral	NULL	1.000	NULL
2860	CHINELO TURMA DA MÔNICA INFANTIL		20.00	Geral	7909806031313	1.000	NULL
2861	CHINELO VIA MALIBU		20.00	Geral	7890152074393	1.000	NULL
2862	chinelos cartago masculino		30.00	Geral	NULL	1.000	NULL
2863	chinelos havaianas infantil masculino		25.00	Geral	NULL	1.000	NULL
2864	CHINELOS HAVAIANAS MASC		30.00	Geral	NULL	1.000	NULL
2865	chinelos infantil menina		20.00	Geral	NULL	1.000	NULL
2866	CHIP DE COCO		5.60	JARDINAGEM	7898947482422	1.000	NULL
2867	chocalho  bebe		5.00	BRINQUEDOS	7898954739038	1.000	NULL
2868	CHOCALHO INFANTIL		7.50	Geral	7896464702108	1.000	NULL
2869	chocalho sortido		8.00	Geral	7896464701354	1.000	NULL
2870	CHUVEIRINHO EXTENSOR P/ TORNEIRA		5.00	UTILIDADES	7899739297521	1.000	NULL
2871	CHUVEIRINHO P/TORNEIRA JAPONES		3.90	UTILIDADES	7896202400655	1.000	NULL
2872	chuveiro  ducha hidra 220 v		56.00	Geral	7891071011407	1.000	NULL
2873	chuveiro hydra  ballerina		55.00	Geral	7891071141203	1.000	NULL
2874	CHUVEIRO HYDRA DUCHA 37 220V 4400W		56.00	Geral	7891071011100	1.000	NULL
2875	CHUVEIRO HYDRA MULTITEMPERATURA		55.00	Geral	7891071012107	1.000	NULL
2876	cilios  mnj com brilho		7.00	Geral	NULL	1.000	NULL
2877	CÍLIOS HUDA BEAULTY 6D		7.00	Geral	6978974136169	1.000	NULL
2878	CILIOS HUDABEAULTY 048		5.00	Geral	NULL	1.000	NULL
2879	cilios jiefeibeauty		10.00	Geral	8971544021139	1.000	NULL
2880	CILIOS POSTIÇO HUDABEAUTY 5D		7.00	Geral	6978974136152	1.000	NULL
2881	CILIOS POSTIÇOS 8D		7.00	MAQUIAGEM	7862531088390	1.000	NULL
2882	cilios postiços fashion charme		5.00	Geral	NULL	1.000	NULL
2883	CILIOS POSTIÇOS HUDABEAULTY		5.00	MAQUIAGEM	6982831751983	1.000	NULL
2884	CINTO   DE GORGURÃO		20.00	ACESSÓRIOS (MODA)	7898571141122	1.000	NULL
2885	CINTO AIRPORT FREE REF:540		30.00	Geral	7898571140347	1.000	NULL
2886	CINTO DE PANO		15.00	Geral	NULL	1.000	NULL
2887	CINTO IMPERIO SINTETICO		16.00	UTILIDADES	7898479470034	1.000	NULL
2888	CINTO IMPERIO SINTETICO		20.00	Geral	NULL	1.000	NULL
2889	CINTO SOCIAL MASC.		20.00	ACESSÓRIOS (MODA)	7898571140552	1.000	NULL
2890	cinto social novo		30.00	Geral	NULL	1.000	NULL
2891	cinzeiro grupo pauli		8.55	Geral	7898081820012	1.000	NULL
2892	CINZEIRO LATA		3.00	Geral	7890055000888	1.000	NULL
2893	CINZEIRO PLASTICO  PRETO UNIJET		4.00	Geral	7899335404514	1.000	NULL
2894	CJ DE GARFO, COLHER E FACA C/3		8.00	Geral	7898132157951	1.000	NULL
2895	CJ FACAS PRETA LUNA		8.00	COZINHA	7898132149925	1.000	NULL
2896	CJ MANTIMENTO DEC. GALINHA C/5 PÇS		50.00	Geral	7896900202049	1.000	NULL
2897	CJ. CAÇAROLAS 05 PEÇAS ROUGE		285.00	Geral	7896856320354	1.000	NULL
2898	CJ. POTES QUADRADOS C/4 LEITE		7.50	PLASTICOS	7898264713407	1.000	NULL
2899	CJ. POTES QUADRADOS PMG		8.50	PLASTICOS	7898264715456	1.000	NULL
2900	CLIPS  BACCHI		4.00	ESCRITÓRIO	7897849609074	1.000	NULL
2901	clips avulso		0.20	Geral	NULL	1.000	NULL
2902	clips caixa		4.00	Geral	7897849609081	1.000	NULL
2903	CLIPS DE 0,30		0.30	Geral	NULL	1.000	NULL
2904	CLIPS DE PAPEL		0.50	Geral	7897849611060	1.000	NULL
2905	CLIPS MEDIO		4.00	Geral	7897849609067	1.000	NULL
2906	CLOCK FASHION		25.00	Geral	7866000022106	1.000	NULL
2907	CLORO 5 LITREOS		15.00	LIMPEZA	7898535351703	1.000	NULL
2908	coador de cafe		6.00	Geral	NULL	1.000	NULL
2909	COADOR DE CAFE		4.00	Geral	NULL	1.000	NULL
2910	COADOR DE CAFÉ  103 TAM G		5.00	Geral	7898920804203	1.000	NULL
2911	COADOR DE CAFÉ DE PANO		5.00	Geral	7898373980011	1.000	NULL
2912	COADOR DE CAFÉ G DE PANO CABO PVC		5.00	UTILIDADES	7898357460126	1.000	NULL
2913	COADOR DE FLANELA		5.80	UTILIDADES	7898373980028	1.000	NULL
2914	coador de flanela cabo madeira		8.70	UTILIDADES	7898373980110	1.000	NULL
2915	COADOR DE PANO  GRANDE		5.00	Geral	7898148910182	1.000	NULL
2916	COADOR DE PANO PEQUENO		4.00	Geral	7898148910106	1.000	NULL
2917	COADOR DE PANO PLASTICO		5.50	Geral	7898373980752	1.000	NULL
2918	COADOR MINI		5.00	Geral	7898373980622	1.000	NULL
2919	COADOR PARA CAFÉ PANO		6.00	COZINHA	7896976600015	1.000	NULL
2920	COBERTOR  SULMAX 1,80X2,00CM		60.00	Geral	NULL	1.000	NULL
2921	COBERTOR MANTA 190X210CM		100.00	CAMA, MESA E BANHO	NULL	1.000	NULL
2922	COBERTOR SULMAX 180,X2,00		60.00	CAMA, MESA E BANHO	7898971995011	1.000	NULL
2923	COBRINHA PESO DE PORTA		6.00	Geral	78989412	1.000	NULL
2924	COFRE		5.00	Geral	7893835292442	1.000	NULL
2925	cofre		7.00	Geral	NULL	1.000	NULL
2926	COFRE   latão		13.00	Geral	NULL	1.000	NULL
2927	COFRE  BOTIJÃO		6.00	Geral	NULL	1.000	NULL
2928	COFRE  PORÇAO COLORIDO		5.00	Geral	NULL	1.000	NULL
2929	COFRE BOTIJÃO		6.00	Geral	7898920343337	1.000	NULL
2930	COFRE BOTIJÃO GRANDE		7.00	UTILIDADES	7893736292855	1.000	NULL
2931	COFRE BOTIJÃO PEQUENO		4.00	UTILIDADES	7893835292190	1.000	NULL
2932	COFRE DE CHAPA 15X10		6.00	Geral	7898081821897	1.000	NULL
2933	COFRE DE CHAPA PQ		4.00	Geral	7898081821903	1.000	NULL
2934	COFRE DE GESSO		20.00	Geral	NULL	1.000	NULL
2935	COFRE DE GESSO CHAVES		25.00	Geral	NULL	1.000	NULL
2936	COFRE DE PORQUINHO COLORIDO		5.00	Geral	7898081820227	1.000	NULL
2937	COFRE GIGANTE		13.00	UTILIDADES	7898219612557	1.000	NULL
2938	COFRE GRANDE		6.00	UTILIDADES	1543987523715	1.000	NULL
2939	COFRE LATA GRANDE NOVAES		4.00	BRINQUEDOS	4985632795868	1.000	NULL
2940	cofre lata pequeno		2.50	Geral	NULL	1.000	NULL
2941	COFRE PORCA BOLA		12.00	BRINQUEDOS	7898948029565	1.000	NULL
2942	COFRE PORCÃO COLORIDO		6.00	UTILIDADES	7895099931044	1.000	NULL
2943	cofre porco		3.50	Geral	7898494620223	1.000	NULL
2944	COFRE PORCO		7.00	Geral	NULL	1.000	NULL
2945	COFRE PORCO G		6.00	Geral	7898933603213	1.000	NULL
2946	COFRE PORCO GRANDE		5.00	UTILIDADES	7898125784003	1.000	NULL
2947	COFRE PORCO GRANDE		8.00	Geral	7898385079017	1.000	NULL
2948	COFRE PORCO PEQUENO		5.00	UTILIDADES	7898907580762	1.000	NULL
2949	COFRE PORQUINHO		7.00	Geral	NULL	1.000	NULL
2950	COFRE/POTE MIX		5.00	BRINQUEDOS	7898933463251	1.000	NULL
2951	COFRINHO PORCO		7.00	Geral	7898081821712	1.000	NULL
2952	cola		3.00	Geral	NULL	1.000	NULL
2953	COLA		3.00	Geral	NULL	1.000	NULL
2954	cola  de cilios		5.00	Geral	NULL	1.000	NULL
2955	cola  de unha		5.00	Geral	6991211321609	1.000	NULL
2956	cola  quente		1.50	Geral	NULL	1.000	NULL
2957	cola  tek bond		15.00	Geral	6154413561963	1.000	NULL
2958	cola bastao		3.00	Geral	7899014964025	1.000	NULL
2959	cola bastão		3.00	Geral	7897476613369	1.000	NULL
2960	cola bastão  20 grs  radex		4.50	Geral	7897254138039	1.000	NULL
2961	COLA BASTÃO  PEQUENA		3.00	Geral	7897256220015	1.000	NULL
2962	COLA BASTÃO 21 GR		4.00	ESCOLAR	7897256245445	1.000	NULL
2963	COLA BASTÃO GRANDE LEO LEO		4.50	Geral	7897256245452	1.000	NULL
2964	COLA BASTÃO PEQUENA		3.00	PAPELARIA	7897771010108	1.000	NULL
2965	COLA BASTÃO PEQUENA		3.00	ESCOLAR	7899014964001	1.000	NULL
2966	cola bastao pequena radex		3.50	Geral	NULL	1.000	NULL
2967	COLA BEST BOND		3.00	Geral	602883932197	1.000	NULL
2968	COLA BRANCA  40 GR		3.00	ESCOLAR	7908214714726	1.000	NULL
2969	COLA BRANCA 90G		4.00	Geral	7897776241019	1.000	NULL
2970	cola branca pequena   40 grs		3.00	PAPELARIA	7893595509378	1.000	NULL
2971	COLA BRANCA STARSCHOOL 40G		3.50	PAPELARIA	7897254133881	1.000	NULL
2972	cola cilios		5.00	Geral	NULL	1.000	NULL
2973	cola de  cilios  duo		5.00	Geral	NULL	1.000	NULL
2974	cola de cilios eye		8.00	Geral	6945147965239	1.000	NULL
2975	COLA DE CÍLIOS EYE VERDE		6.00	COSMÉTICOS	6954706412664	1.000	NULL
2976	cola de unha fengcail		8.00	Unhas	6996987321693	1.000	NULL
2977	COLA EM BASTÃO 10G  FUTURO ESCOLAR		2.00	ESCOLAR	7908214714658	1.000	NULL
2978	COLA ESCOLAR 90 G PALHACINHO		4.00	ESCOLAR	7898916814025	1.000	NULL
2979	COLA ESCOLAR BRANCA 90G		4.00	ESCOLAR	7893595509385	1.000	NULL
2980	COLA ESCOLAR PALHACINHO 40g		3.00	PAPELARIA	7898916814018	1.000	NULL
2981	COLA LIQUIDA GRANDE		4.00	PAPELARIA	7893595508173	1.000	NULL
2982	COLA LIQUIDA POLAR		3.00	Geral	7896572014056	1.000	NULL
2983	COLA PARA CÍLIOS EYELASH ADHESIVE 7g		6.00	COSMÉTICOS	6954706412657	1.000	NULL
2984	cola quente  grande		3.00	Geral	NULL	1.000	NULL
2985	cola quente pequena		2.00	Geral	NULL	1.000	NULL
2986	cola refil		2.00	Geral	NULL	1.000	NULL
2987	COLA TEK BOND		4.00	Geral	7898904869105	1.000	NULL
2988	cola tek bond 793		20.00	Geral	7898904869815	1.000	NULL
2989	COLA THREE BOND SUPER 1000		4.00	Geral	NULL	1.000	NULL
2990	COLA THREE BOND SUPER 1000		4.00	Geral	7896020417149	1.000	NULL
2991	cola ultra		4.00	Geral	7898944454989	1.000	NULL
2992	COLA UP BONDE		15.00	Geral	7908359100026	1.000	NULL
2993	COLAR DANILO BIJOUX		10.00	Geral	NULL	1.000	NULL
2994	colar feminino		10.00	Geral	NULL	1.000	NULL
2995	colar feminino		15.00	Geral	NULL	1.000	NULL
2996	colar infantil		5.00	Geral	NULL	1.000	NULL
2997	COLAR VERONA DUPLO		17.00	BIJUTERIA	7898635090106	1.000	NULL
2998	COLCHA  BOUTIS CASAL  QUEN		150.00	CAMA, MESA E BANHO	7908383928009	1.000	NULL
2999	COLCHA CASAL  BOUTIS  QUEN		150.00	CAMA, MESA E BANHO	7908383938541	1.000	NULL
3000	COLCHA CASAL ATUALE		150.00	Geral	7908383927958	1.000	NULL
3001	COLCHA CASAL QUEN ATUALE		150.00	CAMA, MESA E BANHO	7908383921871	1.000	NULL
3002	colcha de solteiro personagens		25.00	Geral	NULL	1.000	NULL
3003	colcha infantil   personagens		28.00	Geral	NULL	1.000	NULL
3004	COLCHA MILÃO QUEN		150.00	CAMA, MESA E BANHO	7908383946294	1.000	NULL
3005	COLEÇÃO DE MINIATURAS DE VEÍCULOS		30.00	Geral	7898624604987	1.000	NULL
3006	coleção hair soft negra		40.00	Geral	7898283854044	1.000	NULL
3007	COLEÇÃO PATRULHA CANINA 3 UNIDADES		35.00	Geral	2016012345679	1.000	NULL
3008	COLHER		8.00	Geral	NULL	1.000	NULL
3009	colher		7.50	Geral	NULL	1.000	NULL
3010	colher		15.00	Geral	NULL	1.000	NULL
3011	COLHER  DESCARTAVEL		2.00	Geral	NULL	1.000	NULL
3012	COLHER  REFEIÇÃO C 20   REFORÇADA		8.00	kit FESTA	7898663781540	1.000	NULL
3013	colher aluminio		3.00	Geral	NULL	1.000	NULL
3014	COLHER AMARELA		2.00	Geral	7898610101322	1.000	NULL
3015	colher avulsa		4.00	Geral	NULL	1.000	NULL
3016	COLHER AZUL		2.00	Geral	NULL	1.000	NULL
3017	COLHER BRANCA DESCARTÁVEL		2.00	kitfesta	7898610100677	1.000	NULL
3018	COLHER CRISTAL 12 UNID		2.00	kitfesta	7898610100684	1.000	NULL
3019	COLHER CRISTAL COLOR		4.00	UTILIDADES	7899658373146	1.000	NULL
3020	COLHER DE  PAU PEQ		5.00	Geral	NULL	1.000	NULL
3021	COLHER DE ACRILICO ART HOUSE SOLTA		4.00	Geral	NULL	1.000	NULL
3022	COLHER DE ARROZ		12.00	UTILIDADES	7899441532569	1.000	NULL
3023	COLHER DE ARROZ C/2		10.00	UTILIDADES	7898918866060	1.000	NULL
3024	colher de festa		2.00	Geral	NULL	1.000	NULL
3025	colher de inox 1 peça		4.00	Geral	7898631229241	1.000	NULL
3026	colher de inox sorvete		15.00	Geral	NULL	1.000	NULL
3027	colher de madeira		5.80	Geral	NULL	1.000	NULL
3028	COLHER DE MADEIRA		6.00	Geral	NULL	1.000	NULL
3029	COLHER DE MADEIRA		7.00	Geral	NULL	1.000	NULL
3030	colher de madeira		4.80	Geral	NULL	1.000	NULL
3031	colher de madeira		5.00	Geral	7890000064613	1.000	NULL
3032	COLHER DE MADEIRA GIGANTE		13.00	Geral	NULL	1.000	NULL
3033	COLHER DE MADEIRA GRANDE		8.50	Geral	NULL	1.000	NULL
3034	COLHER DE MADEIRA GRANDE		8.00	Geral	NULL	1.000	NULL
3035	COLHER DE MADERIA PEQ		4.80	Geral	NULL	1.000	NULL
3036	COLHER DE MESA COLOR PRETA		11.50	UTILIDADES	7898743880040	1.000	NULL
3037	COLHER DE MESA INOX		5.00	COZINHA	7899701846757	1.000	NULL
3038	colher de mesA INOX 6 PEÇAS		20.00	Geral	7899441533009	1.000	NULL
3039	COLHER DE MESA ORIENTE C/6 PÇS		11.50	UTILIDADES	7898743880606	1.000	NULL
3040	colher de pau		5.80	Geral	NULL	1.000	NULL
3041	colher de pau		5.00	Geral	7897138601017	1.000	NULL
3042	COLHER DE PAU  EXTRA GRANDE		13.00	Geral	NULL	1.000	NULL
3043	COLHER DE PAU  GRANDE  DIVERSAS		8.00	Geral	NULL	1.000	NULL
3044	colher de pau g		8.00	Geral	NULL	1.000	NULL
3045	COLHER DE PAU M		5.00	Geral	NULL	1.000	NULL
3046	colher de sorvete		7.50	Geral	7896743807203	1.000	NULL
3047	COLHER DE SORVETE  DOME		15.00	Geral	NULL	1.000	NULL
3048	colher de sorvete inox original		20.00	ALUMINIO	7899441527244	1.000	NULL
3049	COLHER DE SUCO  INOX		5.00	Geral	7899653779622	1.000	NULL
3050	COLHER E PAU  P		5.00	Geral	NULL	1.000	NULL
3051	COLHER FESTA B		2.00	Geral	NULL	1.000	NULL
3052	COLHER INOX		3.80	UTILIDADES	7899751108232	1.000	NULL
3053	COLHER INOX ORIGINAL SOLTA		4.00	Geral	7899653779547	1.000	NULL
3054	colher kit		11.50	Geral	7899751109826	1.000	NULL
3055	COLHER LILAS 12 UNID		2.00	kitfesta	7898610101834	1.000	NULL
3056	COLHER OVAL 32CM		6.00	Geral	7897138601031	1.000	NULL
3057	COLHER PARA ARROZ INOX		8.00	COZINHA	7898697210269	1.000	NULL
3058	COLHER PARA SORVETE		15.00	UTILIDADES	7898750053062	1.000	NULL
3059	COLHER PRETA 12 UNID		2.00	FESTA	7898610101384	1.000	NULL
3060	COLHER PRETA AVULSA		3.00	Geral	NULL	1.000	NULL
3061	colher refeição alegria festa		7.00	Geral	NULL	1.000	NULL
3062	COLHER REFEIÇÃO MASTER		3.00	kitfesta	7898610101438	1.000	NULL
3063	COLHER ROSA 12 UNID[		2.00	Geral	7898610100691	1.000	NULL
3064	colher silicone		20.00	Geral	NULL	1.000	NULL
3065	COLHER SILICONE  AMARELA		5.00	COZINHA	7898930467542	1.000	NULL
3066	colher silicone kit		70.00	Geral	NULL	1.000	NULL
3067	COLHER SOBREMESA C/10 CORES DIVERSAS		2.00	FESTA	7898663780093	1.000	NULL
3068	colher solta		3.20	Geral	NULL	1.000	NULL
3069	COLHER SOLTA ALUMINIO		3.00	Geral	NULL	1.000	NULL
3070	COLHER SOLTA ALUMINIO		4.00	Geral	NULL	1.000	NULL
3071	COLHER SOLTA PRETA		3.00	Geral	7896211871668	1.000	NULL
3072	COLHER SOLTA VERMELH		3.00	Geral	7896211854241	1.000	NULL
3073	colher taumer 3 unidade		8.00	Geral	NULL	1.000	NULL
3074	colher unidade		4.00	Geral	NULL	1.000	NULL
3075	colher unidade		3.00	Geral	NULL	1.000	NULL
3076	colher unidade		3.00	Geral	NULL	1.000	NULL
3077	COLHER VERDE 12 UNID		2.00	Geral	7898610101766	1.000	NULL
3078	COLHER, garfo,,faca  de mesa simonagio  avulso		3.00	COZINHA	7896211859604	1.000	NULL
3079	COLHERZINHA AZUL		2.00	Geral	7898610100660	1.000	NULL
3080	COLHERZINHA PLASTICA		2.00	Geral	7898610100813	1.000	NULL
3081	COLORINDO  COM GIZ DE CERA		5.00	Geral	7897103520015	1.000	NULL
3082	colorindo  pequeno		4.00	ESCOLAR	7898359170054	1.000	NULL
3083	colorindo grande		6.00	ESCOLAR	7898359170092	1.000	NULL
3084	COLORIR   ATIVIDADES		5.00	ESCOLAR	NULL	1.000	NULL
3085	COLORIR ATIVIDADE  SORTIDOS MENINOS		5.00	ESCOLAR	NULL	1.000	NULL
3086	comanda de mesa		4.00	Geral	7898909580975	1.000	NULL
3087	COMJUNTO DE POTES DE ROSCA PARA MANTIMENTOS		45.50	UTILIDADES	7899335407836	1.000	NULL
3088	COMPASSO JOLLY COR SORTIDA		7.00	Geral	7896572034238	1.000	NULL
3089	concha aluminio		10.00	Geral	7897268900103	1.000	NULL
3090	concha inox polo		7.00	Geral	7899958101555	1.000	NULL
3091	CONCHA MEDIA INOX		9.00	UTILIDADES	7898697210283	1.000	NULL
3092	CONCHETES		0.50	Geral	NULL	1.000	NULL
3093	condicionador de solo		4.50	Geral	609963461806	1.000	NULL
3094	condicionador de solo 1 kl		4.50	JARDINAGEM	609963461806	1.000	NULL
3095	CONFEITARIA MASSINHA		26.00	BRINQUEDOS	NULL	1.000	NULL
3096	CONJ 3 BACIA E 1 BALDE		60.00	Geral	NULL	1.000	NULL
3097	CONJ C/2 PENTES VERDES		4.00	Geral	NULL	1.000	NULL
3098	CONJ C/3 TALHERES TAUMER LUNA		7.00	Geral	7898132158699	1.000	NULL
3099	conj condimentos erca		8.50	Geral	NULL	1.000	NULL
3100	conj de cabides c 6		11.00	Geral	NULL	1.000	NULL
3101	CONJ HORA DAS COMPRAS C/15 ALTIMIX		40.00	Geral	7898578477972	1.000	NULL
3102	CONJ TALHERES TAUMER		8.00	Geral	7898132150969	1.000	NULL
3103	CONJ. 3 POTES RETANGULAR MEDIO		8.50	PLASTICOS	7898264715326	1.000	NULL
3104	CONJ. 4 POTES RETANGULAR		8.50	Geral	7898264712097	1.000	NULL
3105	CONJ. 4POTES PEQUENOS		7.00	Geral	7898502719413	1.000	NULL
3106	CONJ. BOLEIRA PETIT POÁ C/ PÉ VITAZZA		70.00	Geral	7898964200375	1.000	NULL
3107	CONJ. CABIDES 3 UNID		5.00	UTILIDADES	7899335401643	1.000	NULL
3108	CONJ. CAFE E AÇÚCAR		8.80	MAQUIAGEM	7899809002291	1.000	NULL
3109	CONJ. COLHER INFANTIL 6 PÇS		5.00	UTILIDADES	7898502712131	1.000	NULL
3110	CONJ. CONTAINERS UNINJET		40.00	COZINHA	7899335406785	1.000	NULL
3111	CONJ. DE AGULHAS EM CARTELA		3.00	Geral	7898586293137	1.000	NULL
3112	CONJ. DE CONDIMENTOS C 2  200 ML		8.00	Geral	7896103402826	1.000	NULL
3113	CONJ. DE CONDIMENTOS C 2 500 ML		10.00	Geral	7896103402796	1.000	NULL
3114	CONJ. DE PORTA CONDIMENTO VIDRO		23.00	Geral	7899110521948	1.000	NULL
3115	CONJ. ESQUADRO		7.00	Geral	7897798501931	1.000	NULL
3116	CONJ. MANTIMENTO		50.00	Geral	7899809004905	1.000	NULL
3117	CONJ. POTES QUADRADO TRANSPARENTE		7.50	PLASTICOS	7898264713094	1.000	NULL
3118	CONJ. POTES REDONDO PMG		8.50	Geral	7898264715555	1.000	NULL
3119	CONJ. TIGELAS DE VIDRO 7 PÇS		60.00	Geral	6223004809941	1.000	NULL
3120	CONJUGADO LIMPESA ERCA		5.50	Geral	7898264711403	1.000	NULL
3121	CONJUNTO  de CONDIMENTOS		8.50	COZINHA	NULL	1.000	NULL
3122	CONJUNTO  DE SOBREMESA  6 PEÇAS		30.00	VIDROS	7891155083115	1.000	NULL
3123	CONJUNTO 5PCS MANTIMENTO C/ROSCA		50.00	Geral	7897698236285	1.000	NULL
3124	conjunto c/ 3 potes quadrado medio		8.50	Geral	7898264715425	1.000	NULL
3125	conjunto com 10 cabides   preto		16.00	Geral	NULL	1.000	NULL
3126	conjunto de   container		25.00	Geral	NULL	1.000	NULL
3127	CONJUNTO DE 18 COPOS		100.00	Geral	7891240036477	1.000	NULL
3128	conjunto de 3 mantimentos c rosca		15.00	COZINHA	7897698236261	1.000	NULL
3129	CONJUNTO DE ARROZ NITRON		50.00	Geral	7896779601523	1.000	NULL
3130	conjunto de assadeira  aluminio 3 peças nigro		57.00	Geral	7891232252014	1.000	NULL
3131	CONJUNTO DE BACIAS PMG INPLAST		12.00	UTILIDADES	7897649744449	1.000	NULL
3132	CONJUNTO DE CABIDES PRETOS		8.00	Geral	NULL	1.000	NULL
3133	conjunto de caçarola c 6 peças  polida		160.00	COZINHA	7898584431241	1.000	NULL
3134	CONJUNTO DE CANETINHA 24		80.00	Geral	NULL	1.000	NULL
3135	CONJUNTO DE CARROS		40.00	BRINQUEDOS	7899785700624	1.000	NULL
3136	conjunto de condimentos c 3 peças		6.00	Geral	7899809002222	1.000	NULL
3137	CONJUNTO DE COPOS VITRAGE 8 UNIDS NADIR		40.00	Geral	7891155039006	1.000	NULL
3138	CONJUNTO DE FACAS  DE COZINHA		40.00	Geral	7899110635270	1.000	NULL
3139	CONJUNTO DE FACAS 6PCS		50.00	Geral	6950600100881	1.000	NULL
3140	CONJUNTO DE FORMAS P/ PASTEL E FOGAZZA		10.00	Geral	7897839701016	1.000	NULL
3141	conjunto de jarra de suco 4 copos  ginga nadir		50.00	UTILIDADES	7891155075196	1.000	NULL
3142	CONJUNTO DE JARRA DE SUCO 4 COPOS SM NATURE		50.00	UTILIDADES	7891155075189	1.000	NULL
3143	CONJUNTO DE MANTIMENTO		25.00	Geral	7899335411437	1.000	NULL
3144	CONJUNTO DE MANTIMENTO  DE ROSCA PRETO		50.00	UTILIDADES	7899335410997	1.000	NULL
3145	conjunto de mantimento 5 peças  uninjet  transparente		35.00	UTILIDADES	7899335411000	1.000	NULL
3146	CONJUNTO DE MEDIDORES		10.00	Geral	7896743803304	1.000	NULL
3147	CONJUNTO DE PANELA LEVE C 6 PEÇAS POLIDA C CABO		166.00	COZINHA	7898584438790	1.000	NULL
3148	CONJUNTO DE PANELAS		15.00	BRINQUEDOS	7896464703860	1.000	NULL
3149	CONJUNTO DE PANELAS COM 6 PEÇAS QUAQUEADA		180.00	Geral	7898584438806	1.000	NULL
3150	CONJUNTO DE PORTA CONDIMENTO		23.00	UTILIDADES	7899110657197	1.000	NULL
3151	CONJUNTO DE POTES MEDIO C/3		8.50	Geral	7898264715524	1.000	NULL
3152	CONJUNTO DE SOBREMESA BARICHELLO		40.00	Geral	7893505001886	1.000	NULL
3153	CONJUNTO DE SOBREMESA C 4 PEÇAS		20.00	COZINHA	7898264716781	1.000	NULL
3154	CONJUNTO DE SOBREMESA INOX		30.00	Geral	7898901928706	1.000	NULL
3155	CONJUNTO DE TALHERES DE SILICONES SORTIDO		35.00	Geral	7898357460089	1.000	NULL
3156	CONJUNTO DE TAPOE 4 PEÇAS		45.00	Geral	NULL	1.000	NULL
3157	CONJUNTO DE VEICULOS		20.00	Geral	7899956896781	1.000	NULL
3158	CONJUNTO DE XICARA C 3 UNIDADES		20.00	COZINHA	7908871002228	1.000	NULL
3159	conjunto de xicaras 4 peças		20.00	Geral	7898618771305	1.000	NULL
3160	conjunto de xicaras com pires cristal		65.00	Geral	7891240003608	1.000	NULL
3161	CONJUNTO ENJOY 10 PÇS C/ ACESSORIOS VERMELHO		320.00	ALUMINIO	7897103805518	1.000	NULL
3162	CONJUNTO ENJOY 6 PÇS COM TAMPA DE VIDRO E PANELA DE PRESSÃO 4,5L		220.00	ALUMINIO	7897103803903	1.000	NULL
3163	CONJUNTO ENJOY C/ ACESSORIOS CINZA		320.00	ALUMINIO	7897103805525	1.000	NULL
3164	CONJUNTO ENJOY C/4 PÇS VERMELHO		135.00	ALUMINIO	7897103805365	1.000	NULL
3165	conjunto mantimento erca plast		50.00	Geral	7899809004912	1.000	NULL
3166	conjunto mantimento redondo transparente erca		35.00	Geral	7898264711540	1.000	NULL
3167	conjunto organizador c 3 unidades		10.00	COZINHA	7897698237121	1.000	NULL
3168	CONJUNTO PANELAS DE PRESSÃO		22.50	BRINQUEDOS	7898096081347	1.000	NULL
3169	conjunto para churasco 3 peças		32.00	COZINHA	7899751102605	1.000	NULL
3170	CONJUNTO PARA MANTIMENTOS TRANSPARENTE		37.00	Geral	7899809002055	1.000	NULL
3171	CONJUNTO STYLUS		40.00	COZINHA	7899701803873	1.000	NULL
3172	CONJUNTO VEGA		30.00	COZINHA	7899701803804	1.000	NULL
3173	CONJUNTO XICARAS DE CAFE C/6		16.00	Geral	7898962382219	1.000	NULL
3174	CONJUNTOS DE FACAS 3 PEÇAS  FRATELI		45.00	Geral	7899110638165	1.000	NULL
3175	conjuntos de somemesa vidro		65.00	Geral	7891240010521	1.000	NULL
3176	CONSTRUCTION CAÇAMBA		30.00	Geral	7898966563140	1.000	NULL
3177	CONTA DE FIADO		1.00	Geral	NULL	1.000	NULL
3178	container  multuso c t  trans  9l		18.00	UTILIDADES	7899335402121	1.000	NULL
3179	CONTAINER 1,6L PRIMEIROS SOCORROS		9.00	Geral	7899335404507	1.000	NULL
3180	container 3,6 l transparente		12.00	Geral	NULL	1.000	NULL
3181	container c trava 700 ml trasparente		4.50	Geral	7899335403678	1.000	NULL
3182	CONTAINER C/ RODAS 80 LTS PRETO PLASNORTON		90.00	UTILIDADES	7896871905642	1.000	NULL
3183	CONTAINER C/ ROSCA 2L BRANCO		8.00	UTILIDADES	7899335408154	1.000	NULL
3184	CONTAINER C/ TRAVA PRIME 1400ML		9.00	PLASTICOS	7899335412588	1.000	NULL
3185	CONTAINER C/ TRAVAS UNINJET		7.00	PLASTICOS	7899335412571	1.000	NULL
3186	CONTAINER C/TRAVA 400 ML		5.50	PLASTICOS	7899335412564	1.000	NULL
3187	CONTAINER COM RODAS CINZA  PLASNORTHON		80.00	UTILIDADES	7896871905604	1.000	NULL
3188	container com tanpa rosa 2 litros		8.00	PLASTICOS	7899335412595	1.000	NULL
3189	CONTAINER COM TRAVA 900ML TRANSPARENTE		6.00	UTILIDADES	7899335403685	1.000	NULL
3190	container de rosca unijet  500 ml   branco		5.00	UTILIDADES	7899335409755	1.000	NULL
3191	CONTAINER MULTIUSO COM TRAVA 1,4L		7.00	UTILIDADES	7899335404316	1.000	NULL
3192	CONTAINER MULTIUSO PRETO 35 L		47.00	Geral	7908439800969	1.000	NULL
3193	CONTAINER MULTIUSO TRANSPARENTE 1,6L		7.00	UTILIDADES	7899335404262	1.000	NULL
3194	container organizador 10 lt		20.00	UTILIDADES	7908439800952	1.000	NULL
3195	CONTAINER QUADRADO 5L		10.00	UTILIDADES	7899335404781	1.000	NULL
3196	CONTAINER REDONDO 2,5 LTS UNINJET		8.50	UTILIDADES	7899335411307	1.000	NULL
3197	CONTAINER REDONDO 3L		7.00	Geral	7899335405573	1.000	NULL
3198	CONTAINER RET 2,5L UNINJET		7.50	PLASTICOS	7899335404668	1.000	NULL
3199	CONTAINER RET 350 ML		2.00	UTILIDADES	7899335411260	1.000	NULL
3200	CONTAINER RETANGULAR 3,6L		12.00	UTILIDADES	7899335404675	1.000	NULL
3201	CONTAINER ROSA TRANSPARENTE REDONDO C/ ROSCA 2L		8.00	UTILIDADES	7899335409793	1.000	NULL
3202	CONTAINER TRANSPARENTE  REDONDO TAMPA DE ROSCA ROSA		5.00	UTILIDADES	7899335409762	1.000	NULL
3203	CONTAINER TRANSPARENTE RED C/ TAMPA DE ROSCA 3L		11.00	UTILIDADES	7899335409809	1.000	NULL
3204	CONTAINER TRANSPARENTE REDONDO TAMPA DE ROSCA 3L		11.00	UTILIDADES	7899335410942	1.000	NULL
3205	CONTAINER TRANSPARENTEC/ ROSCA REDONDO 3L		11.00	UTILIDADES	7899335408161	1.000	NULL
3206	container tras redondo c rosca    6 l   unidade		15.00	UTILIDADES	7899335410959	1.000	NULL
3207	CONTAINER UNINJET 320ml TRANSPARENTE C/TAMPA		3.00	PLASTICOS	7899335411239	1.000	NULL
3208	CONTAINER UNINJET TRANSPARENTE 700ml		4.00	PLASTICOS	7899335411246	1.000	NULL
3209	contaneir 2,6 ml unijet		7.00	Geral	NULL	1.000	NULL
3210	contaner quadrado uninjet colors		7.00	Geral	7899335405542	1.000	NULL
3211	contaner redondo uninjet colors		7.00	Geral	7899335405566	1.000	NULL
3212	conteiner transparente 2l redondo		8.00	Geral	7899335410935	1.000	NULL
3213	CONTROL REMOTO PIX		20.00	Geral	7899744025935	1.000	NULL
3214	CONVITE CHÁ DE BEBE		2.50	Geral	7424535164717	1.000	NULL
3215	CONVITE DE BEBE		2.00	Geral	7898094730025	1.000	NULL
3216	CONVITE DE CHA DE BEBE		2.50	Geral	7898563069700	1.000	NULL
3217	cookies de chocolate		15.00	Doces	7895896470500	1.000	NULL
3218	cookies tradicional   300 gr		15.00	Doces	7895896470593	1.000	NULL
3219	COOKING GAME 16 PEÇAS		45.00	BRINQUEDOS	7899605714275	1.000	NULL
3220	COOKING HAPPY EVERY DAY		20.00	BRINQUEDOS	7899605710529	1.000	NULL
3221	COPINHO		3.00	Geral	7896952514909	1.000	NULL
3222	COPINHO ACRILICO CORES VARIADAS		2.00	Geral	7898663780604	1.000	NULL
3223	COPINHO ACRILICOS ROSA		2.00	Geral	7898610101698	1.000	NULL
3224	COPINHO BABY-STYLO		4.00	ESCOLAR	7897008000346	1.000	NULL
3225	COPINHO DE PLASTICO		3.00	PLASTICOS	7898948178805	1.000	NULL
3226	copinho infantil  c bico		7.00	Geral	7898139873625	1.000	NULL
3228	COPINHO KIDS MICKEY		12.50	Geral	7897659625912	1.000	NULL
3229	COPINHO PLASTICO C/ALÇA  ERCA PLAST		2.00	Geral	NULL	1.000	NULL
3230	copo		25.00	Geral	NULL	1.000	NULL
3231	COPO		12.50	Geral	7897659627220	1.000	NULL
3232	COPO   DESC. 180 ML  BRANCO		6.00	Geral	7898942338496	1.000	NULL
3233	copo  300 ml mb		2.50	PLASTICOS	7897698236957	1.000	NULL
3234	copo  500 ml   mb		5.00	UTILIDADES	7897698236964	1.000	NULL
3235	copo  americano		1.80	Geral	NULL	1.000	NULL
3236	copo  com canudo arqplast		7.50	Geral	7908439803083	1.000	NULL
3237	copo  de café térmico		40.00	COZINHA	7898731517279	1.000	NULL
3238	COPO  DESCARTÁVEL VERDE		6.70	Geral	7898912338341	1.000	NULL
3239	COPO  DESCARTAVEL VITALFOR		7.00	Geral	NULL	1.000	NULL
3240	COPO  INFANTIL		10.00	Geral	NULL	1.000	NULL
3241	copo  medidor erca		5.00	Geral	7899809003489	1.000	NULL
3242	COPO 200ML BRANCO C/100 UNID		7.00	Geral	7898912339737	1.000	NULL
3243	COPO 550 ML TAMPA - LABEL - DIVERSOS		7.50	Geral	7908439802970	1.000	NULL
3244	COPO ACRILICO COM TAMPA E CANUDO		7.00	Geral	7898933452613	1.000	NULL
3245	COPO ACRILICO INFANTIL		3.00	Geral	NULL	1.000	NULL
3246	COPO ADULTO DIA DA MAS		10.00	Geral	NULL	1.000	NULL
3247	copo americano		1.50	Geral	NULL	1.000	NULL
3248	COPO AMERICANO		1.80	UTILIDADES	7891155002420	1.000	NULL
3249	COPO AMERICANO		1.80	UTILIDADES	7891155003663	1.000	NULL
3250	COPO AMERICANO		1.80	Geral	7891550036631	1.000	NULL
3251	COPO AURORA		15.00	COZINHA	7891155065838	1.000	NULL
3252	copo avulso		2.50	Geral	NULL	1.000	NULL
3253	copo bela   descartável rosa		8.00	Geral	7898634584538	1.000	NULL
3254	copo bela roxo		8.00	Geral	7898634584583	1.000	NULL
3255	COPO C/ ALÇA ALUMINIOS REDAR		8.00	Geral	7898913195226	1.000	NULL
3256	COPO CAIPIRÃO		10.00	Geral	7896849401565	1.000	NULL
3257	COPO CHUQUINHA 250 ML		6.00	Geral	7897659642100	1.000	NULL
3258	COPO COLEÇÃO AMOR CORAÇÃO DOURADO		12.00	VIDROS	7898919016433	1.000	NULL
3259	COPO COLEÇÃO LOVE ACREDITE NO AMOR		12.00	VIDROS	7898919016419	1.000	NULL
3260	copo colors bela azul descartável		8.00	Geral	7898634584552	1.000	NULL
3261	COPO COM ALÇA BABY  PLASDURAN		12.50	ESCOLAR	7897659661682	1.000	NULL
3262	COPO COM CANUDO INFANTIL UNICORNIO		8.00	UTILIDADES	7908439803090	1.000	NULL
3263	COPO COM T		7.00	Geral	NULL	1.000	NULL
3264	copo cõnico  600 ml		5.00	UTILIDADES	7899335403050	1.000	NULL
3265	COPO CÔNICO 600ml PP NEON		3.00	PLASTICOS	7899335405108	1.000	NULL
3266	copo de dose		3.50	UTILIDADES	7891155002604	1.000	NULL
3267	COPO DE MEDIDA 0,57L		5.00	Geral	7896900292033	1.000	NULL
3268	COPO DE VIDRO SOLTO		3.00	Geral	NULL	1.000	NULL
3269	COPO DESC. AZUL, ROSA		2.50	kit FESTA	7898663780086	1.000	NULL
3270	COPO DESCARTAVEL		7.50	Geral	7896424100043	1.000	NULL
3271	copo descartável 180 ml		7.00	Geral	7898339100385	1.000	NULL
3272	COPO DESCARTAVEL 200 ML		7.50	Geral	NULL	1.000	NULL
3273	COPO DESCARTÁVEL 500 ML		8.70	Geral	7898339100477	1.000	NULL
3274	COPO DESCARTÁVEL AZUL		7.00	Geral	7898912338327	1.000	NULL
3275	COPO DESCARTAVEL C 100    KEROCOPO		6.00	Geral	7898918330394	1.000	NULL
3276	COPO DESCARTÁVEL ROSA		6.70	Geral	7898912338334	1.000	NULL
3277	copo descrtavel  branco  180 ml c 10		2.50	Geral	7898663789997	1.000	NULL
3278	COPO DIA DAS MAES		10.00	Geral	NULL	1.000	NULL
3279	COPO EDUCATIVO MURANO		7.00	Geral	7898908237030	1.000	NULL
3280	COPO GRADUADO MEDIR		5.00	Geral	NULL	1.000	NULL
3281	COPO INFANTIL		4.50	Geral	7896725716202	1.000	NULL
3282	copo infantil		3.00	Geral	NULL	1.000	NULL
3283	COPO INFANTIL AZUL/ROSA/VERDE		12.00	UTILIDADES	7897659652109	1.000	NULL
3284	COPO INFANTIL GRUPO PAULI		3.00	PLASTICOS	7898081820203	1.000	NULL
3285	COPO INFANTIL NITRON		12.50	PLASTICOS	7896779602278	1.000	NULL
3286	COPO INFANTIL NITRON		6.50	PLASTICOS	7896779600069	1.000	NULL
3287	copo infantil plasduran		6.00	Geral	NULL	1.000	NULL
3288	COPO JARDIM DE VIDRO		15.00	Geral	7899931504861	1.000	NULL
3289	COPO KIDS BABY C/DOSADOR DE LEITE		15.00	UTILIDADES	7897659615524	1.000	NULL
3290	COPO KIDS C/ALÇA		12.00	UTILIDADES	7897659651270	1.000	NULL
3291	COPO LONG DRINK COLEÇÃO LOVE		12.00	VIDROS	7898919016488	1.000	NULL
3292	COPO LONG DRINK COLEÇÃO LOVE		12.00	VIDROS	7898919016471	1.000	NULL
3293	COPO MEDIDOR  CAP. 0,4L		4.50	Geral	7896900292125	1.000	NULL
3294	copo medidor 500 ml		6.00	PLASTICOS	7898378697266	1.000	NULL
3295	COPO MEDIDOR 500ML		5.00	Geral	7897698234724	1.000	NULL
3296	COPO MEDIDOR MULTI AZUL		6.00	UTILIDADES	7896900292071	1.000	NULL
3297	COPO MEDIDOR TRANSPARENTE		5.00	UTILIDADES	7897649755094	1.000	NULL
3298	COPO MICKEY 340 ML BABYGO		22.00	Geral	7891301019319	1.000	NULL
3299	COPO NATURE		18.00	COZINHA	7891155065852	1.000	NULL
3300	COPO ORIENTAL 500 ML		3.00	Geral	7898933205233	1.000	NULL
3301	copo p caipirinha 15 cm		27.00	Geral	7896489400010	1.000	NULL
3302	copo petit cristal  10 ml  c 30 unidades maxplastic		6.00	Geral	7898907793056	1.000	NULL
3303	copo pilão  sortido unipop		6.00	Geral	7898936774071	1.000	NULL
3304	COPO PINSEN  LINHA MAES		20.00	Geral	7899701873487	1.000	NULL
3305	COPO PLASTICO		10.00	UTILIDADES	7908174965749	1.000	NULL
3306	COPO PLÁSTICO 550ML COM TAMPA LABEL MENINA		7.50	Geral	7908439803007	1.000	NULL
3307	COPO PLÁSTICO C/TAMPA LABEL - MENINO		7.50	Geral	7908439803014	1.000	NULL
3308	COPO PLASTICO L&T		3.00	Geral	7898631220958	1.000	NULL
3309	COPO POEMA 300ML LUVA C/6		20.00	VIDROS	7891155069959	1.000	NULL
3310	COPO POP CÔNICO 400ml		2.50	PLASTICOS	7899335401322	1.000	NULL
3311	COPO PROSA 300ML C/6		20.00	VIDROS	7891155069966	1.000	NULL
3312	COPO RIO DE JANEIRO		2.50	Geral	7891240086632	1.000	NULL
3313	copo s alça aluminio		8.50	ALUMINIO	7898463540347	1.000	NULL
3314	COPO SEM ALÇA REDAR ALUMINIO		6.00	Geral	7898913194977	1.000	NULL
3315	COPO SHAKE C/ CANUDO 550 ML		7.00	UTILIDADES	7896952541943	1.000	NULL
3316	COPO SORTIDO URSINHO		3.00	Geral	7898064810429	1.000	NULL
3317	COPO STANLEY		25.00	Geral	NULL	1.000	NULL
3318	COPO STANLEY		40.00	Geral	NULL	1.000	NULL
3319	COPO SUL 180 ML		6.00	UTILIDADES	7896424100036	1.000	NULL
3320	copo termico preto		35.00	Geral	NULL	1.000	NULL
3321	COPO ULTRA PP 770 ML		9.00	Geral	7898339100453	1.000	NULL
3322	copo unidade		2.50	Geral	NULL	1.000	NULL
3323	COPO WHEATON		2.50	Geral	7891240086625	1.000	NULL
3324	COPO ZUMBA		15.00	COZINHA	7891155065814	1.000	NULL
3325	COPOS AMAZON		12.00	VIDROS	7891155076179	1.000	NULL
3326	COPOS DESCARTAVEIS 200 ML		7.80	Geral	7840502007205	1.000	NULL
3327	copos descartável 200 ml		7.00	Geral	7898339100408	1.000	NULL
3328	COPOS GINGA		18.00	VIDROS	7891155025115	1.000	NULL
3329	COPOS NADIR BATUQUE		15.00	VIDROS	7891155017684	1.000	NULL
3330	COPOS VIDROS 6 UNIDADES LIGHTS  300 ML		25.00	VIDROS	7891155054122	1.000	NULL
3331	COQUETELEIRA  REDAR		14.00	Geral	7898913194601	1.000	NULL
3332	COQUETELEIRA POLIDA N2 2,4L		13.50	ALUMINIO	7898584438974	1.000	NULL
3333	CORAÇÃO DE PELÚCIA		80.00	PELÚCIA	4894290037800	1.000	NULL
3334	CORAÇÃO DE PELÚCIA (PRESENTE DO DIA DOS NAMORADOS)		70.00	Geral	NULL	1.000	NULL
3335	coração pelucia gr		55.00	Geral	31300025	1.000	NULL
3336	CORAÇÃO PELUCIA M		45.00	Geral	NULL	1.000	NULL
3337	CORAÇÃOZINHO PELUCIA		25.00	Geral	7899984614814	1.000	NULL
3338	CORANTE		2.50	Geral	7896226350059	1.000	NULL
3339	CORANTE  AMARELO  liquido		5.00	Geral	7896226300016	1.000	NULL
3340	corante  liquido rosa		5.00	Geral	7896226300078	1.000	NULL
3341	CORANTE  MARRON		4.00	Geral	7897568400327	1.000	NULL
3342	corante  rosa liquida  icerberg chef		5.00	Geral	7898329014678	1.000	NULL
3343	corante  tupy marinho		4.00	Geral	NULL	1.000	NULL
3344	Corante Alegria Preto		5.00	Geral	7896226300085	1.000	NULL
3345	CORANTE AMARELO		5.00	Geral	7898329013565	1.000	NULL
3346	CORANTE ARCOLOR		2.50	Geral	7896226300092	1.000	NULL
3347	CORANTE AZUL		4.50	Geral	7898013192163	1.000	NULL
3348	CORANTE AZUL CLARO		4.00	Geral	7897568400211	1.000	NULL
3349	corante azul liquido		5.00	Geral	7898329013596	1.000	NULL
3350	CORANTE DE BOLO VERMELHO		3.00	UTILIDADES	7896226300108	1.000	NULL
3351	CORANTE EM PÓ AZUL		2.50	Geral	7896226300146	1.000	NULL
3352	CORANTE EM PÓ LARANJA		2.50	Geral	NULL	1.000	NULL
3353	CORANTE EM PÓ ROSA		2.50	Geral	7896226300153	1.000	NULL
3354	CORANTE EM PÓ VERDE		2.50	Geral	7896226300139	1.000	NULL
3355	CORANTE LARANJA		5.00	Geral	7896226300177	1.000	NULL
3356	CORANTE LARANJA		5.00	Geral	7898329014647	1.000	NULL
3357	CORANTE LIQUIDO  MARRON		5.00	kit FESTA	7896226300047	1.000	NULL
3358	CORANTE LIQUIDO AZUL		5.00	kit FESTA	7896226300061	1.000	NULL
3359	CORANTE LIQUIDO VERDE		5.00	Geral	7896226300054	1.000	NULL
3360	CORANTE PRETO C/ FIXADOR		5.00	UTILIDADES	7898013192057	1.000	NULL
3361	CORANTE ROSA ALEGRIA FESTAS		5.00	kit FESTA	NULL	1.000	NULL
3362	CORANTE TUPY    COR ROSA		4.50	UTILIDADES	7897568400136	1.000	NULL
3363	CORANTE TUPY  AZUL MÉDIO		4.00	UTILIDADES	7897568400228	1.000	NULL
3364	CORANTE TUPY CINZA		4.00	UTILIDADES	7897568400341	1.000	NULL
3365	CORANTE TUPY VERMELHO		4.00	UTILIDADES	7897568500157	1.000	NULL
3366	CORANTE VERDE		5.00	Geral	7898329014753	1.000	NULL
3367	CORANTE VERMELHO		5.00	Geral	7898329013558	1.000	NULL
3368	CORANTE VERMELHO ALEGRIA FESTAS		5.00	Geral	7896226300023	1.000	NULL
3369	CORDA DE MOTO SOLTA		5.00	Geral	NULL	1.000	NULL
3370	CORDA DE PULAR PEROLA		10.00	BRINQUEDOS	7896884600152	1.000	NULL
3371	CORDA DE VARAL PROLICOR		2.50	Geral	742832500937	1.000	NULL
3372	CORDA P/ VARAL POLIFORT		6.00	UTILIDADES	7897369817485	1.000	NULL
3373	CORDA PRA VARAL 3 UNID		6.00	UTILIDADES	7897369822816	1.000	NULL
3374	CORDÃO DE CHAVE FINO		5.00	Geral	NULL	1.000	NULL
3375	CORDÃO DE CHAVE FINO		3.00	Geral	NULL	1.000	NULL
3376	CORDÃO DE CHAVE FINO		4.00	Geral	NULL	1.000	NULL
3377	CORDÃO DE CHAVE MARCAS		5.00	Geral	NULL	1.000	NULL
3378	CORDÃO DE CHAVE MARCAS		7.00	Geral	NULL	1.000	NULL
3379	CORDÃO DE CHAVE TIME		7.00	Geral	NULL	1.000	NULL
3380	CORDÃO DE CHAVE TIME		5.00	Geral	NULL	1.000	NULL
3381	CORDÃO DE CRACHÁ SOLTO		4.00	Geral	NULL	1.000	NULL
3382	cordao fino simples		4.00	Geral	NULL	1.000	NULL
3383	CORRENTE DE OURO		15.00	Geral	NULL	1.000	NULL
3384	CORRENTE DE OURO		30.00	Geral	NULL	1.000	NULL
3385	CORRENTE DE PRATA		20.00	Geral	NULL	1.000	NULL
3386	CORRENTE DE PRATA ACESSORIO		10.00	Geral	NULL	1.000	NULL
3387	CORRENTE P/ VASOS DE PLANTA		8.00	Geral	NULL	1.000	NULL
3388	CORRENTE P/ VASOS DE PLANTA		10.00	Geral	NULL	1.000	NULL
3389	corretivo bic		4.50	Geral	70330506091	1.000	NULL
3390	CORRETIVO COLLEGE RADEX		4.50	PAPELARIA	7897254112312	1.000	NULL
3391	CORRETIVO DE CANETA		6.00	Geral	7898119105258	1.000	NULL
3392	corretivo de fita jocarofice		7.00	Geral	7503002900666	1.000	NULL
3393	CORRETIVO FITA		7.00	Geral	NULL	1.000	NULL
3394	CORRETIVO LIQUIDO   RADEX		4.50	ESCOLAR	7897254111322	1.000	NULL
3395	CORRETIVO LIQUIDO ENDA		4.50	Geral	7908363801346	1.000	NULL
3396	CORRETIVO LIQUIDO MERCUR 18ML		4.80	PAPELARIA	7896342413089	1.000	NULL
3397	CORRETIVO LIQUIDO OFFICE		5.00	Geral	7897254113302	1.000	NULL
3398	CORRETIVO RADEX		5.00	ESCOLAR	7897254100401	1.000	NULL
3399	CORTA PIZZA		5.00	UTILIDADES	7898095210281	1.000	NULL
3400	CORTADOR DE LEGUMES   DUPLA FACE		14.00	Geral	7897839700026	1.000	NULL
3401	cortador de pizza		6.00	Geral	NULL	1.000	NULL
3402	CORTADOR DE UNHA		6.00	Geral	NULL	1.000	NULL
3403	CORTADOR DE UNHA		5.00	Geral	7908596408312	1.000	NULL
3404	cortador de unha		5.00	Geral	2010000011133	1.000	NULL
3405	CORTADOR DE UNHA 0757		6.00	Geral	6154413560980	1.000	NULL
3406	cortador de unha g		8.50	BIJUTERIA	7899471613634	1.000	NULL
3407	CORTADOR DE UNHA G MUMDIAL		10.00	Geral	49774999004	1.000	NULL
3408	CORTADOR DE UNHA GRANDE		8.50	Geral	7899441505914	1.000	NULL
3409	CORTADOR DE UNHA GRANDE BARCELONA		6.00	Geral	7899576620926	1.000	NULL
3410	CORTADOR DE UNHA GRANDE MUNDIAL		8.00	Geral	7891060836189	1.000	NULL
3411	CORTADOR DE UNHA HUI QIANG		8.00	Geral	NULL	1.000	NULL
3412	CORTADOR DE UNHA P		8.00	Geral	49774998977	1.000	NULL
3413	CORTADOR DE UNHA PEQ		3.00	Geral	7908596408329	1.000	NULL
3414	CORTADOR DE UNHA PEQUENO		4.00	UTILIDADES	7898517745339	1.000	NULL
3415	cortador de unha pequeno  original		4.00	Geral	7899471613603	1.000	NULL
3416	CORTADOR DE UNHA PEQUENO MUNDIAL		10.00	Geral	7891060822977	7.000	NULL
3417	cortador de unha pequeno n		7.00	Geral	NULL	1.000	NULL
3418	CORTADOR DE UNHA PLB		12.00	Geral	NULL	1.000	NULL
3419	CORTADOR E RALADOR DE LEGUMES HM		10.00	UTILIDADES	7898491820039	1.000	NULL
3420	cortador grande		6.00	Geral	7898673530411	1.000	NULL
3421	cortador pequeno		7.00	Geral	NULL	1.000	NULL
3422	cortina  ana maria 3,00x1x80. sortida		96.00	Geral	9876924406072	1.000	NULL
3423	cortina  botix cozinha renda		50.00	Geral	7893828200874	1.000	NULL
3424	CORTINA  BOX CRISTAL PERFETTO		24.00	UTILIDADES	7898192061434	1.000	NULL
3425	cortina  dubai 2,80x1,80  sortida  sala ;quarto		125.00	CAMA, MESA E BANHO	7898552861230	1.000	NULL
3426	CORTINA  SALA QUARTO  1,80X1,30 CM		40.00	CAMA, MESA E BANHO	NULL	1.000	NULL
3427	CORTINA BANHEIRO RENDA MENDES 70X70CM		9.00	CAMA, MESA E BANHO	7898365210201	1.000	NULL
3428	CORTINA BOTTICELLI		42.00	Geral	7893828200898	1.000	NULL
3429	CORTINA BOTTICELLI		50.00	Geral	7893828200843	1.000	NULL
3430	CORTINA BOTTICELLI PIMENTA		42.00	Geral	7893828204872	1.000	NULL
3431	CORTINA BOX COM ILHOS PLAST LEO		33.00	Geral	7896396146407	1.000	NULL
3432	CORTINA BOX PERFEITO VISOR		30.00	Geral	7898192061724	1.000	NULL
3433	cortina box ref 615		9.00	Geral	NULL	1.000	NULL
3434	CORTINA BOX VISOR PLAST LEO		29.99	UTILIDADES	7896396172208	1.000	NULL
3435	CORTINA COM ILHOS 2,80M x 1,70M  VENEZA		125.00	Geral	7898934333461	1.000	NULL
3436	CORTINA COPA & COZINHA BOTTICELLI MORANGOS		50.00	UTILIDADES	7893828200904	1.000	NULL
3437	CORTINA CORTILESTER COPA & COZINHA 1,50 A 2,00		50.00	COZINHA	7893828204865	1.000	NULL
3438	CORTINA DE BOX 1,35X1,78cm		9.00	UTILIDADES	7896396106159	1.000	NULL
3439	CORTINA DE BOX ESTAMPADA LUXO 1,38X2,00M		14.50	UTILIDADES	7898192061472	1.000	NULL
3440	CORTINA DE BOX PERFETTO 1,38X2,00M		30.00	UTILIDADES	7898192061717	1.000	NULL
3441	CORTINA DE BOX VINIL ESTAMPADA		23.00	Geral	7896396106043	1.000	NULL
3442	CORTINA DE BOX VISOR		23.00	Geral	7896396106081	1.000	NULL
3443	CORTINA DE COZINHA BOTTICELLI		50.00	Geral	7893828206470	1.000	NULL
3444	CORTINA DE COZINHA DE RENDA		42.00	Geral	7893882200292	1.000	NULL
3445	CORTINA DE COZINHA RENDA		45.00	Geral	7893828206487	1.000	NULL
3446	CORTINA DE COZINHA SABI SORTIDA 2,00X1,35		40.00	UTILIDADES	7898934333126	1.000	NULL
3447	cortina de pia  mendes  poliester		16.00	CAMA, MESA E BANHO	7898365210041	1.000	NULL
3448	cortina de pia  tam. 1,35 cmx 80 cm.		24.99	CAMA, MESA E BANHO	7898948249857	1.000	NULL
3449	cortina de pia l		10.00	Geral	NULL	1.000	NULL
3450	CORTINA DE PIA PLASTLEO		5.00	UTILIDADES	7896396109167	1.000	NULL
3451	CORTINA DE PIA TECIDO 1,35X0,80m oxford		22.00	UTILIDADES	7802143200704	1.000	NULL
3452	CORTINA DE PORTA		45.00	Geral	NULL	1.000	NULL
3453	CORTINA DE RENDA COZINHA		50.00	CAMA, MESA E BANHO	7893828202069	1.000	NULL
3454	CORTINA DE RENDA COZINHA		50.00	CAMA, MESA E BANHO	7893828200881	1.000	NULL
3455	CORTINA DE RENDA SUAVITTÁ BAKERY		50.00	UTILIDADES	7893828243369	1.000	NULL
3456	CORTINA DE RENDA SUAVITTÁ CEREJAS		50.00	UTILIDADES	7893828244212	1.000	NULL
3457	CORTINA DE RENDA SUAVITTA PASSARINHOS 1,50X2,20		50.00	UTILIDADES	7893828244205	1.000	NULL
3458	CORTINA DE RENDA SUAVITTÁ PIZZAIOLOS 1,50X2,20M		50.00	UTILIDADES	7893828243390	1.000	NULL
3459	cortina de sala ana maria		96.00	CAMA, MESA E BANHO	9876924406065	1.000	NULL
3460	CORTINA DE TIRA		43.00	Geral	NULL	1.000	NULL
3461	CORTINA DE TIRAS DE PORTA   2,20X80 CM		45.00	CAMA, MESA E BANHO	602883893061	1.000	NULL
3462	CORTINA ESTAMPADA BOX LUXO		45.00	CAMA, MESA E BANHO	7898948249802	1.000	NULL
3463	CORTINA LUXO BOX 1,38X88CM		10.00	BANHEIRO	7898192061410	1.000	NULL
3464	CORTINA P/ VARÃO 3,0X1,80m		96.00	CORTINAS	9876924406096	1.000	NULL
3465	CORTINA PARA SALA E QUARTO		45.00	CAMA, MESA E BANHO	7898365210034	1.000	NULL
3466	CORTINA RENDA COZINHA CORTILESTER		50.00	Geral	7893828206517	1.000	NULL
3467	CORTINA RENDA COZINHA JCM PENTEADO		18.00	UTILIDADES	7898938340571	1.000	NULL
3468	CORTINA ROMA COM ILHÓS CASA SUSI 2,80X2,30		125.00	UTILIDADES	7898934333553	1.000	NULL
3469	CORTINA VENEZA C/ ILHÓS SABI  4 MTS		170.00	UTILIDADES	7898934333485	1.000	NULL
3470	CORTINA VENEZA COM ILHÓS SABI		45.00	UTILIDADES	7898934333133	1.000	NULL
3471	CORTLEX COLCHA MILÃO QUEEN VERMELHO		150.00	Geral	NULL	1.000	NULL
3472	CORTLEX COLCHA MILÃO QUEN AZUL		150.00	Geral	NULL	1.000	NULL
3473	cotonete cotonela		2.00	Geral	7898916237015	1.000	NULL
3474	COWBOY		2.00	Geral	7898610102787	1.000	NULL
3475	COZINHA ENCANTADA		17.00	Geral	7898970558491	1.000	NULL
3476	COZINHA ENCANTADA LIQUIDIFICADOR		12.50	BRINQUEDOS	7898970558354	1.000	NULL
3477	COZINHA ENCANTADA SAYURI		10.00	Geral	7898921701303	1.000	NULL
3478	COZINHA JUDY HOME		30.00	BRINQUEDOS	7898631550543	1.000	NULL
3479	COZINHA PIZZA BRINQUEDO		24.00	BRINQUEDOS	7896464738176	1.000	NULL
3480	CRACHÁ		4.00	Geral	NULL	1.000	NULL
3481	cracha c cordão		10.00	Geral	NULL	1.000	NULL
3482	CRACHA DE RG		3.00	Geral	NULL	1.000	NULL
3483	CREPOM BRANCO		2.50	Geral	7898432536807	1.000	NULL
3484	CREPOM PRETO		2.50	Geral	7898432536951	1.000	NULL
3485	CREPOM VERDE		3.00	Geral	7898738760265	1.000	NULL
3486	CREPOM VERMELHO		3.00	Geral	7898738760241	1.000	NULL
3487	crepon		2.50	Geral	7898432536906	1.000	NULL
3488	CREPON		2.50	Geral	7898432536883	1.000	NULL
3489	CREPON  LARANJA		2.50	Geral	7898432536845	1.000	NULL
3490	CREPON  SORTIDOS CREP MAIS		2.50	Geral	7898432536838	1.000	NULL
3491	crepon azul		2.50	Geral	7898432536937	1.000	NULL
3492	crepon azul		2.50	Geral	7898432536913	1.000	NULL
3493	CREPON DIVERSOS		2.50	Geral	7898432536869	1.000	NULL
3494	crepon lilas claro		2.50	Geral	7898432536890	1.000	NULL
3495	crepon marrom		2.50	Geral	7898432536944	1.000	NULL
3496	CREPON ROSA		2.50	Geral	7898432536814	1.000	NULL
3497	CROCS ADULTO		30.00	Geral	NULL	1.000	NULL
3498	CROCS ADULTO MEIA		40.00	Geral	NULL	1.000	NULL
3499	CROCS INFANTIL		30.00	CHINELOS	NULL	1.000	NULL
3500	croks		30.00	Geral	NULL	1.000	NULL
3501	crosk infantil		30.00	Geral	NULL	1.000	NULL
3502	csacola   tnt metalizada grande		10.00	Geral	7898667650187	1.000	NULL
3503	CUBO DE PELUCIA		50.00	BRINQUEDOS	7898370516374	1.000	NULL
3504	CUBO DIDÁTICO TOY MASTER		20.00	BRINQUEDOS	7908071505284	1.000	NULL
3505	CUBO MAGICO		10.00	Geral	7899632511168	1.000	NULL
3506	cubo mágico		7.00	BRINQUEDOS	7899605711199	1.000	NULL
3507	CUBO MÁGICO		5.00	BRINQUEDOS	7898505935360	1.000	NULL
3508	CUBO MAGICO		7.00	BRINQUEDOS	7899605718723	1.000	NULL
3509	CUBO MAGICO FX TOYS		7.00	BRINQUEDOS	7899866222854	1.000	NULL
3510	CUBO MAGICO GRANDE		10.00	Geral	7899070444110	1.000	NULL
3511	CUBO MAGICO PEQ		7.00	Geral	7899070490377	1.000	NULL
3512	CUBO MAGICO PLASTICO		7.00	BRINQUEDOS	7908256503289	1.000	NULL
3513	CUBO MÁGICO TOYKING		7.00	BRINQUEDOS	7908487301388	1.000	NULL
3514	CUBO MAGICO ULTIMATE CHALLENGE		20.00	Geral	7908691406411	1.000	NULL
3515	CUCUZEIRO		45.00	Geral	NULL	1.000	NULL
3516	CUDDLY UNICORNS C/06		40.00	Geral	9788557584266	1.000	NULL
3517	CUECA MASCULINA		12.00	Geral	NULL	1.000	NULL
3518	CUECA MEN SPORT		10.00	Geral	NULL	1.000	NULL
3519	CUIA  NOBRE C PRATO PRETO		15.00	Geral	7896403222537	1.000	NULL
3520	cuia  preto		7.00	Geral	7898064810047	1.000	NULL
3521	CUMBUCA PRATO  N12 CM		2.50	FESTA	7898912338129	1.000	NULL
3522	CUMBUCA PRATO N 15 CM		4.00	kit FESTA	7898912338112	1.000	NULL
3523	CUSCUZEIRA		30.00	Geral	NULL	1.000	NULL
3524	CUSCUZEIRA * VERMELHA N 14		35.00	Geral	NULL	1.000	NULL
3525	CUSCUZEIRA ALEGRETE CINZA		40.00	Geral	NULL	1.000	NULL
3526	CUSCUZEIRA INDIVIDUAL 1,5L POLIDA		40.00	COZINHA	7898653702920	1.000	NULL
3527	CUSCUZEIRA N°12 ALUMINIO CAMARGO		23.50	ALUMINIO	7898917309919	1.000	NULL
3528	CUSCUZEIRA PRETO  14		30.50	Geral	7898463541344	1.000	NULL
3529	CUSCUZEIRO		24.00	Geral	7898958515478	1.000	NULL
3530	CUSCUZEIRO  VERMELHO N 14		20.50	Geral	7898463544024	1.000	NULL
3531	cuscuzeiro 14 polido paneflon		28.00	Geral	7898584430435	1.000	NULL
3532	CUSCUZEIRO ALUMINIO N 18 MP		30.00	ALUMINIO	7898463540392	1.000	NULL
3533	CUSCUZEIRO AMERICANO POLIDO   500 ML  MP		49.99	Geral	7898463546431	1.000	NULL
3534	CUSCUZEIRO CARQUEADO N 14		28.00	ALUMINIO	7898584430442	1.000	NULL
3535	CUSCUZEIRO COLOR N°18		45.00	ALUMINIO	7898917307755	1.000	NULL
3536	CUSCUZEIRO CRAQ. N16 2,7L PANEFLON		30.00	ALUMINIO	7898584430466	1.000	NULL
3537	CUSCUZEIRO CRAQ. N18 3,3L		40.00	ALUMINIO	7898584430480	1.000	NULL
3538	CUSCUZEIRO CRAQ. N20 4,1L		45.00	ALUMINIO	7898584433900	1.000	NULL
3539	CUSCUZEIRO CRAQUELADO PRETO PQ n 12		27.00	COZINHA	7898584438448	1.000	NULL
3540	CUSCUZEIRO GRAFITE N 18 MP		45.00	Geral	7898463541368	1.000	NULL
3541	CUSCUZEIRO INDIVIDUAL POLIDO  MP		35.00	Geral	7898463545342	1.000	NULL
3542	cuscuzeiro n 12 polido		25.00	Geral	7898584438455	1.000	NULL
3543	cuscuzeiro n 14 tanpa de vidro  alegrete  cinza antiaderente		40.00	ALUMINIO e antiaderente	7897103899555	1.000	NULL
3544	CUSCUZEIRO N 16 POLIDA		35.00	ALUMINIO	7898917307175	1.000	NULL
3545	CUSCUZEIRO N 16 PRETO		33.00	Geral	7898463541351	1.000	NULL
3546	CUSCUZEIRO N 18 ALUMINIO  REDAR		30.00	Geral	7898913195981	1.000	NULL
3547	CUSCUZEIRO N°14 ALUMÍNIO CAMARGO		30.00	ALUMINIO	7898917307168	1.000	NULL
3548	CUSCUZEIRO N°14 PRETA/VERMELHA CARQUEADA		35.00	ALUMINIO	7898917301487	1.000	NULL
3549	CUSCUZEIRO N°16		28.00	Geral	7898621360305	1.000	NULL
3550	CUSCUZEIRO N°18		40.00	ALUMINIO	7898917307182	1.000	NULL
3551	CUSCUZEIRO N10 600ML CRAQUEADO		23.00	ALUMINIO	7898584434792	1.000	NULL
3552	CUSCUZEIRO N10 POLIDO 600ML		20.00	Geral	7898584434785	1.000	NULL
3553	cuscuzeiro polida n 18		35.00	COZINHA	7898584430473	1.000	NULL
3554	CUSCUZEIRO POLIDO 12		22.00	Geral	NULL	1.000	NULL
3555	CUSCUZEIRO POLIDO 12 MP		15.00	POlido	7898463546639	1.000	NULL
3556	CUSCUZEIRO POLIDO N 14 MP		33.00	ALUMINIO	7898463540378	1.000	NULL
3557	cuscuzeiro polido n 16		30.00	Geral	7898584430459	1.000	NULL
3558	CUSCUZEIRO POLIDO N 16 MP		35.00	ALUMINIO	7898463540385	1.000	NULL
3559	cuscuzeiro pq		22.00	Geral	NULL	1.000	NULL
3560	CUSCUZEIRO VERMELHA/PRETA CARQUEADA N°16		38.00	ALUMINIO	7898917307762	0.000	NULL
3561	CUSCUZEIRO VERMELHO 16		24.00	ALUMINIO	7898463544031	1.000	NULL
3562	CUSCUZEIRO VERMELHO N 18		40.00	ALUMINIO	7898463544048	1.000	NULL
3563	cvesta de pascoa		85.00	Geral	NULL	1.000	NULL
3564	DAMA		15.00	Geral	7898198920025	1.000	NULL
3565	DAMA		15.00	Geral	NULL	1.000	NULL
3566	DAMAS EM MDF +5 ANOS COLUNA		23.00	BRINQUEDOS	7896647007846	1.000	NULL
3567	DECORADOR DE BOLO		14.00	UTILIDADES	7896900210006	1.000	NULL
3568	DEDEIRA DE COSTURAR		1.00	Geral	NULL	1.000	NULL
3569	DENTADURA COLORIDA		2.00	Geral	7898610101018	1.000	NULL
3570	DENTE DE VAMPIRO		2.50	Geral	NULL	1.000	NULL
3571	descansa panelas kit 3 peças madeira		8.00	Geral	7897746600044	1.000	NULL
3572	DESCASCADOR		13.00	Geral	7899658327996	1.000	NULL
3573	DESCASCADOR E BOLEADOR		5.00	UTILIDADES	7897839700033	1.000	NULL
3574	descascador e fatiador  gp6		7.00	UTILIDADES	7898728894499	1.000	NULL
3575	DESENGORDURANTE LIMPOL BOMBRIL		12.50	Geral	7891022860733	1.000	NULL
3576	DESENTUPIDOR DE BANHEIRO		8.00	Geral	7898918854067	1.000	NULL
3577	desentupidor de fogão		1.00	Geral	NULL	1.000	NULL
3578	desentupidor de pia		5.00	UTILIDADES	7897788813235	1.000	NULL
3579	desentupidor de pia bj plasticos		5.00	COZINHA	7893835499971	1.000	NULL
3580	DESENTUPIDOR DE VASO		12.00	UTILIDADES	7898912014498	1.000	NULL
3581	DESENTUPIDOR DE VASO C/CABO		8.00	UTILIDADES	7898994096719	1.000	NULL
3582	DESENTUPIDOR VASO BANHEIRO		12.00	UTILIDADES	7893835498868	1.000	NULL
3583	DESINFETANTE BUFALO 2L		7.50	Geral	7896097607214	1.000	NULL
3584	DESINFETANTE EUCALIPTO MINUANO		4.00	LIMPEZA	7897664140226	1.000	NULL
3585	DESINFETANTE KALIPTO 2L EUCALIPTO		8.50	LIMPEZA	7891022854862	1.000	NULL
3586	DESINFETANTE KALIPTO LAVANDA 2L		8.50	LIMPEZA	7891022848083	1.000	NULL
3587	DESINFETANTE KALYPTO BRANCO 2L		8.50	Geral	7891022101287	1.000	NULL
3588	DESINFETANTE YPE BAK		5.00	Geral	7896098903612	1.000	NULL
3589	DESINFETANTE YPE BAK		5.00	Geral	7896098903605	1.000	NULL
3590	DESINFETANTE YPE PINHO		5.00	Geral	7896098900628	1.000	NULL
3591	DESODORIZANTE SANITÁRIO		2.00	BANHEIRO	7898032680016	1.000	NULL
3592	DESPERTADOR		12.00	Geral	7899790910377	1.000	NULL
3593	DESPERTADOR		15.00	Geral	7891234528407	1.000	NULL
3594	despertador  de mesa		25.00	Geral	7899790910599	1.000	NULL
3595	DESPERTADOR ABBMIX		25.00	Geral	7898663726534	1.000	NULL
3596	DESPERTADOR CORUJA		20.00	Geral	1423201810312	1.000	NULL
3597	DESPERTADOR IMPORT		20.00	Geral	7908593505908	1.000	NULL
3598	DESPERTADOR LET		20.00	Geral	7908139506185	1.000	NULL
3599	DETERGENTE LIMPOL 500ML		2.50	Geral	7891022640007	1.000	NULL
3600	DETERGENTE NEUTRO CANDURA		2.00	LIMPEZA	7896105501022	1.000	NULL
3601	DINHEIRINHO		1.50	Geral	7898610101025	1.000	NULL
3602	DINHEIRINHO C/ 50 NOTAS		4.00	BRINQUEDOS	7898359170078	1.000	NULL
3603	DINOSSAUROS		40.00	Geral	7899632507819	1.000	NULL
3604	DINOSSAUROS COLORIDOS		20.00	BRINQUEDOS	7908212159666	1.000	NULL
3605	DISPENSER BRANCO		20.00	UTILIDADES	7896744819700	1.000	NULL
3606	DISPENSER P/SABONETE LIQUIDO SKY		10.00	UTILIDADES	7897698236988	1.000	NULL
3607	DISPENSER PRETO P/ DETERGENTE OU SABONETE LIQUIDO		20.00	UTILIDADES	7896744819717	1.000	NULL
3608	DISPENSER RATTAN REF.040		11.00	BANHEIRO	7898036700406	1.000	NULL
3609	DISPENSER VERMELHO P/ DETERGENTE E SABONETE LIQUIDO		20.00	UTILIDADES	7896744819731	1.000	NULL
3610	DIVER MASSA		5.00	Geral	7898639380777	1.000	NULL
3611	diversos		75.00	Geral	NULL	1.000	NULL
3612	DIVERSOS		0.00	Geral	NULL	1.000	NULL
3613	DIVISORIAS PLASTICAS		3.00	Geral	7897027207542	1.000	NULL
3614	DOMINO		30.00	Geral	7899899971095	1.000	NULL
3615	DOMINO 28 PEDRAS		6.50	BRINQUEDOS	7898160200032	1.000	NULL
3616	DOMINO ATTIC GOAL		30.00	BRINQUEDOS	7899958204034	1.000	NULL
3617	DOMINO BRINQUEDO		6.60	BRINQUEDOS	7898954739076	1.000	NULL
3618	DOMINO DE OSSO		32.00	Geral	7897186075419	1.000	NULL
3619	DOMINO DOUBLE SIX		30.00	Geral	7892588850084	1.000	NULL
3620	DOMINO DOUBLE SIX 28PÇS		30.00	Geral	7899894889111	1.000	NULL
3621	DOMINO DOUBLE SIX VARIAS CORES		30.00	Geral	7890000920025	1.000	NULL
3622	DOMINO INFANTIL		6.60	Geral	NULL	1.000	NULL
3623	domino infantil		7.50	Geral	9788492808274	1.000	NULL
3624	DOMINÓ LATA		40.00	Geral	NULL	1.000	NULL
3625	DOMINÓ LUATEK		40.00	BRINQUEDOS	7892022010111	1.000	NULL
3626	DOMINÓ LUATEK DIVERSAS CORES		40.00	BRINQUEDOS	7898517745476	1.000	NULL
3627	DOMINÓ LUATEK PRETO		40.00	Geral	7892022010128	1.000	NULL
3628	DOMINÓ NZA		40.00	Geral	7908596407469	1.000	NULL
3629	DOMINO SIMPLES		7.50	Geral	7898365250054	1.000	NULL
3630	dominoes		40.00	Geral	NULL	1.000	NULL
3631	DOUBLE SIX DOMINOES SET OF 28		30.00	BRINQUEDOS	7800001500201	1.000	NULL
3632	dupla face  branca		4.00	Geral	NULL	1.000	NULL
3633	dupla face verde   especial		20.00	Geral	7898970053019	1.000	NULL
3634	duralex   branca		20.00	Geral	7891155054368	1.000	NULL
3635	DUREX		2.00	Geral	NULL	1.000	NULL
3636	DUREX FINO TRANSPARENTE		4.50	Geral	NULL	1.000	NULL
3637	DUREX FINO TRANSPARENTE		4.00	Geral	7896603800511	1.000	NULL
3638	DUREX FIT-PEL PEQUENO		2.00	Geral	7897980700036	1.000	NULL
3639	durex grande		8.00	Geral	7891040118809	1.000	NULL
3640	DUREX GRANDE TRANSPARENTE		9.00	Geral	NULL	1.000	NULL
3641	DUREX GROSSO TRANSPARENTE		7.00	Geral	7898573160480	1.000	NULL
3642	durex marrom grande		8.00	Geral	NULL	1.000	NULL
3643	DUREX PEQ		1.00	Geral	NULL	1.000	NULL
3644	DUREX PEQ		1.50	Geral	7899320355166	1.000	NULL
3645	DUREX PEQ		3.00	Geral	7898495733892	1.000	NULL
3646	durex transparente		9.00	Geral	NULL	1.000	NULL
3647	durex transparente		9.00	Geral	NULL	1.000	NULL
3648	e. v. a  azul		3.00	Geral	7899411520275	1.000	NULL
3649	E.V.A AZUL		2.50	Geral	NULL	1.000	NULL
3650	E.V.A BRANCO		2.50	Geral	7899411523283	1.000	NULL
3651	e.v.a branco		3.00	Geral	7899411520282	1.000	NULL
3652	E.V.A LARANJA		2.50	Geral	7899411520305	1.000	NULL
3653	E.V.A PRETO		2.50	Geral	7897779706102	1.000	NULL
3654	E.V.A TODAS AS CORES		2.50	Geral	NULL	1.000	NULL
3655	E.V.A VERDE CLARO		2.50	Geral	NULL	1.000	NULL
3656	E.V.A VERDE ESCURO		2.50	Geral	NULL	1.000	NULL
3657	ECOVA DE BANHO  SPA		25.00	LIMPEZA	7898920552180	1.000	NULL
3658	elastico cartela		7.00	Geral	NULL	1.000	NULL
3659	elastico de cabelo		2.00	Geral	NULL	1.000	NULL
3660	ELASTICO DE CABELO GRANDE		3.00	Geral	NULL	1.000	NULL
3661	elastico de dinheiro		4.00	Geral	NULL	1.000	NULL
3662	ELASTICO DE ROUPA		2.00	Geral	NULL	1.000	NULL
3663	ELASTICO DE ROUPA		1.00	Geral	NULL	1.000	NULL
3664	ELASTICO DUDA		7.00	Geral	7897906412135	1.000	NULL
3665	elastico metro		2.00	Geral	NULL	1.000	NULL
3666	ELASTICO N°10 C/10M		8.00	Geral	7891055000717	1.000	NULL
3667	ELASTICO N10 10M		8.00	Geral	7897906412142	1.000	NULL
3668	ELASTICO P/ROUPA C/10MTS N°08		7.00	UTILIDADES	7890055000727	1.000	NULL
3669	ELÁSTICO PRENDEDOR GOAL		10.00	UTILIDADES	7899958221802	1.000	NULL
3670	embalagem de bolo de pote		0.80	Geral	NULL	1.000	NULL
3671	EMBALAGEM P/ SALADA		1.00	Geral	NULL	1.000	NULL
3672	EMBALAGEN		2.00	Geral	7898422002756	1.000	NULL
3673	EMBALAGENS DE DOCE		2.00	Geral	7898422000363	1.000	NULL
3674	ENVALOPE DE CURRICULO		2.00	Geral	NULL	1.000	NULL
3675	ENVELOPE		1.00	Geral	NULL	1.000	NULL
3676	envelope  pardo		2.00	Geral	NULL	1.000	NULL
3677	ENVELOPE AMARELO MEDIO		1.00	Geral	NULL	1.000	NULL
3678	envelope branco  grande		2.00	Geral	NULL	1.000	NULL
3679	ENVELOPE DE CARTA		0.50	Geral	NULL	1.000	NULL
3680	ENVELOPE DE CARTA		0.50	Geral	7899264369243	1.000	NULL
3681	ENVELOPE DE CARTA		1.00	Geral	NULL	1.000	NULL
3682	ENVELOPE DE CARTA PQ		0.70	Geral	7898563362474	1.000	NULL
3683	ENVELOPE DE CURRÍCULO		1.00	Geral	NULL	1.000	NULL
3684	envelope grande		2.00	Geral	NULL	1.000	NULL
3685	envelope pardo kraft		2.00	Geral	736532401212	1.000	NULL
3686	ERCA 3 POTES REDONDOS		7.00	PLASTICOS	7898502717938	1.000	NULL
3687	ERCA 3 POTES RETANGULARES  LEITODO		8.50	Geral	7898502717846	1.000	NULL
3688	ERCA 4 POTES REGULADORES		7.00	Geral	7898502719406	1.000	NULL
3689	ESCADA  ALUMINIO GRANDE		350.00	Geral	7896020651055	1.000	NULL
3690	ESCAVADEIRA		50.00	Geral	7897252268004	1.000	NULL
3691	escavadeira  amarela		55.00	BRINQUEDOS	7896965203432	1.000	NULL
3692	ESCAVADEIRA DE BRINQUEDO		35.00	BRINQUEDOS	7898951187436	1.000	NULL
3693	ESCORREDOR  JAGUAR		17.00	Geral	7896952500162	1.000	NULL
3694	ESCORREDOR  NITRON PRETO		18.00	Geral	7896779605910	1.000	NULL
3695	ESCORREDOR  NITRON VERDE		18.00	Geral	7896779605927	1.000	NULL
3696	ESCORREDOR BRANCO		38.00	Geral	7897807410568	1.000	NULL
3697	escorredor branco uninjet		18.00	UTILIDADES	7899335406174	1.000	NULL
3698	ESCORREDOR C/ PORTA COPOS CROMADO		40.00	UTILIDADES	7896557272457	1.000	NULL
3699	ESCORREDOR DE 2 ANDAR ALUMINIO		50.00	ALUMINIO	7896557272662	1.000	NULL
3700	ESCORREDOR DE ARROZ		4.50	COZINHA	7899809004509	1.000	NULL
3701	ESCORREDOR DE ARROZ		5.00	Geral	7897848700925	1.000	NULL
3702	ESCORREDOR DE ARROZ   formplast		8.50	PLASTICOS	7898149701475	1.000	NULL
3703	ESCORREDOR DE ARROZ COLORIDO		5.00	UTILIDADES	7898149730123	1.000	NULL
3704	ESCORREDOR DE LOUÇA		12.00	UTILIDADES	7898378691677	1.000	NULL
3705	ESCORREDOR DE LOUÇA		12.00	Geral	7896725705558	1.000	NULL
3706	ESCORREDOR DE LOUÇA ARCO PARA 5 COPOS		50.00	COZINHA	7898901928218	1.000	NULL
3707	ESCORREDOR DE LOUÇA COLORIDO FORMPLAST		11.00	UTILIDADES	7898149702175	1.000	NULL
3708	ESCORREDOR DE LOUÇA COLORS PRETO/BRANCO		55.00	UTILIDADES	7896557272518	1.000	NULL
3709	ESCORREDOR DE LOUÇA DIVERPLAS		27.00	Geral	7897063707150	1.000	NULL
3710	ESCORREDOR DE LOUÇAS G PRETO		15.00	Geral	7898653552020	1.000	NULL
3711	ESCORREDOR DE LOUÇAS PRETO		50.00	UTILIDADES	7897996719107	1.000	NULL
3712	escorredor de loucas rosa		18.00	UTILIDADES	7899335410379	1.000	NULL
3713	ESCORREDOR DE LOUÇAS UNINJET PRETO		18.00	UTILIDADES	7899335406167	1.000	NULL
3714	ESCORREDOR DE MASSAS		8.50	UTILIDADES	7897698204550	1.000	NULL
3715	ESCORREDOR DE MASSAS com cabo		8.50	PLASTICOS	7898378693565	1.000	NULL
3716	ESCORREDOR DE PRATO  preto		13.00	COZINHA	7908439803298	1.000	NULL
3717	ESCORREDOR DE PRATO ALUMINIO PRETO		35.00	Geral	7896557272570	1.000	NULL
3718	ESCORREDOR DE PRATOS MASTER		25.00	UTILIDADES	7896355707809	1.000	NULL
3719	ESCORREDOR DE PRATOS SANTANA		10.00	UTILIDADES	7896355707700	1.000	NULL
3720	ESCORREDOR DE TALHER PLASMONT		7.00	UTILIDADES	7898378693169	1.000	NULL
3721	ESCORREDOR DE TALHER PLASTICO		5.00	UTILIDADES	7897649766342	1.000	NULL
3722	ESCORREDOR NITRON BRANCO		18.00	Geral	7896779605941	1.000	NULL
3723	ESCORREDOR PLÁSTICO DE LOUÇA ARQPLAST		13.00	UTILIDADES	7908439803304	1.000	NULL
3724	ESCORREDOR PLASTICO DE LOUÇA BRANCO		13.00	UTILIDADES	7908439803274	1.000	NULL
3725	ESCORREDOR PLÁSTICO DE LOUÇA cinza		13.00	UTILIDADES	7908439803281	1.000	NULL
3726	escorredor vermelho uninjet		18.00	UTILIDADES	7899335410386	1.000	NULL
3727	escova   sanitaria		6.00	Geral	NULL	1.000	NULL
3728	ESCOVA  CABELO OVAL		15.00	Geral	NULL	1.000	NULL
3729	escova  de cabelo		4.00	Geral	NULL	1.000	NULL
3730	ESCOVA  DE CABELO		20.00	Geral	NULL	1.000	NULL
3731	ESCOVA  SANITARIA GRANDE COLORS		15.00	Geral	NULL	1.000	NULL
3732	ESCOVA ANATÔMICA PLASTICA		6.00	UTILIDADES	7898920552043	1.000	NULL
3733	ESCOVA AZUL/ROSA QUADRADA		25.00	Geral	NULL	1.000	NULL
3734	ESCOVA C/ALÇA CLEAN		10.00	Geral	7896456100974	1.000	NULL
3735	ESCOVA C/P/ ROUPA PLASTICO		7.00	Geral	7908139505799	1.000	NULL
3736	escova cabelo		4.00	Geral	NULL	1.000	NULL
3737	ESCOVA DE  CABELO		4.00	Geral	NULL	1.000	NULL
3738	escova de banho		13.00	Geral	7898944110304	1.000	NULL
3739	ESCOVA DE BANHO 2 EM 1		25.00	Geral	NULL	1.000	NULL
3740	ESCOVA DE BANHO OVAL C/ CABO		10.00	UTILIDADES	7898495734714	1.000	NULL
3741	ESCOVA DE CABELO COLORIDA		5.00	Geral	NULL	1.000	NULL
3742	ESCOVA DE CABELO COMUN		4.00	Geral	NULL	1.000	NULL
3743	ESCOVA DE CABELO ISACARE		17.00	Geral	7898546783210	1.000	NULL
3744	ESCOVA DE CABELO JADE		14.60	Geral	7898944111042	1.000	NULL
3745	ESCOVA DE CABELO LUPE RF 2		4.50	UTILIDADES	NULL	1.000	NULL
3746	escova de cabelo nova		30.00	Geral	NULL	1.000	NULL
3747	escova de cabelo pra cachear		15.00	Geral	NULL	1.000	NULL
3749	ESCOVA DE CABELO ROSA		20.00	Geral	NULL	1.000	NULL
3750	escova de cabelo sortida		25.00	Geral	NULL	1.000	NULL
3751	escova de cabo rosa  mq beleza		14.00	Geral	7908422600552	1.000	NULL
3752	escova de dente  goal  cerdas macias adulto sortido		4.50	Geral	7899958216433	1.000	NULL
3753	ESCOVA DE DENTE  INFANTIL		3.00	Geral	7898634470817	1.000	NULL
3754	ESCOVA DE DENTE BLACK		6.50	UTILIDADES	7897534851559	1.000	NULL
3755	ESCOVA DE DENTE EXTRA ORAL Z		4.00	UTILIDADES	7899658382056	1.000	NULL
3756	ESCOVA DE DENTE INFANTIL		3.00	Geral	7908139501821	1.000	NULL
3757	ESCOVA DE DENTE INFANTIL		4.00	Geral	7899441525561	1.000	NULL
3758	ESCOVA DE DENTE KIDS ORALZ		3.50	Geral	7899658389352	1.000	NULL
3759	ESCOVA DE DENTE MÉDIA CERDAS POLIDORAS		4.00	UTILIDADES	7898634470015	1.000	NULL
3760	ESCOVA DE DENTE SLIM MÉDIA		4.00	UTILIDADES	7899658382070	1.000	NULL
3761	ESCOVA DE DENTES PLUS MÉDIA		4.00	UTILIDADES	7899658382049	1.000	NULL
3762	ESCOVA DE LAVAR ROUPA NOVO HORIZONTE		4.00	Geral	7898909110011	1.000	NULL
3763	ESCOVA DE MADEIRA DE ROUPA		5.00	UTILIDADES	7898944110199	1.000	NULL
3764	ESCOVA DE MAMADEIRA		6.00	UTILIDADES	7898644230562	1.000	NULL
3765	escova de roupa		4.00	Geral	NULL	1.000	NULL
3766	ESCOVA DE UNHA		3.50	Geral	7898944110151	1.000	NULL
3767	ESCOVA DE UNHA CLIP LIMPAMANIA		4.00	UTILIDADES	7898920552203	1.000	NULL
3768	ESCOVA DE VASO SANITÁRIO		6.00	UTILIDADES	7899605708311	1.000	NULL
3769	ESCOVA DENTAL INFANTIL ULTRA SOFT		6.50	UTILIDADES	7898711711000	1.000	NULL
3770	ESCOVA DENTAL USO ADULTO		4.00	UTILIDADES	7899958229587	1.000	NULL
3771	ESCOVA INFANTIL EXTRA MACIA		10.00	Geral	7896025538504	1.000	NULL
3772	ESCOVA INFANTIL KIDS		8.00	Geral	7896025522886	1.000	NULL
3773	ESCOVA INFANTIL MAMADEIRA 40 CM		8.00	UTILIDADES	7908139501180	1.000	NULL
3774	ESCOVA ISACARE MAGIC COLORS WHITE QUAD		15.00	Geral	7898546782138	1.000	NULL
3775	ESCOVA ISACARE SÍRIUS ABS TUBO ALUMÍNIO		24.00	Geral	7898546780141	1.000	NULL
3776	escova lavadeira de roupa		7.00	Geral	NULL	1.000	NULL
3777	ESCOVA LAVANDEIRIA C CABO		10.00	Geral	NULL	1.000	NULL
3778	ESCOVA LIMPA BICO		4.00	Geral	7898944111288	1.000	NULL
3779	ESCOVA MAGICA		10.00	UTILIDADES	7894055502137	1.000	NULL
3780	escova oval		3.00	Geral	7896818211102	1.000	NULL
3781	escova oval  pequena  masculina		3.00	Geral	7896818221132	1.000	NULL
3782	ESCOVA OVAL COM ALÇA		6.50	Geral	7898495732925	1.000	NULL
3783	ESCOVA OVAL MADEIRA		6.00	UTILIDADES	7898909770017	1.000	NULL
3784	ESCOVA OVAL PLAST		3.50	UTILIDADES	7898948435137	1.000	NULL
3785	ESCOVA P/ CABELO RAQUETE		10.00	UTILIDADES	7890055003469	1.000	NULL
3786	ESCOVA PARA CABELO ESCOBEL		20.00	Geral	7898923148588	1.000	NULL
3787	ESCOVA PARA MAMADEIRA C/2 PÇS		6.00	UTILIDADES	7908682600200	1.000	NULL
3788	ESCOVA PARA SAPATOS		14.50	Geral	8430422360963	1.000	NULL
3789	ESCOVA PEQUENA		7.00	Geral	1112112000164	1.000	NULL
3790	ESCOVA PEQUENA AMARELA		7.00	Geral	1112112000188	1.000	NULL
3791	ESCOVA PEROLA		4.50	UTILIDADES	7898944110069	1.000	NULL
3792	ESCOVA PLASTICA NITTA		6.00	UTILIDADES	736532677525	1.000	NULL
3793	ESCOVA SANITARIA		9.60	UTILIDADES	7898927066246	1.000	NULL
3794	escova sanitaria  colors		8.00	Geral	7908139502507	1.000	NULL
3795	ESCOVA SANITÁRIA C/POTE		16.00	UTILIDADES	7898311540598	1.000	NULL
3796	ESCOVA SANITARIA COLORS		7.00	Geral	7898631221429	1.000	NULL
3797	escova sanitaria colors		6.00	Geral	NULL	1.000	NULL
3798	ESCOVA SANITARIA COLORS		8.00	Geral	7890066200369	1.000	NULL
3799	ESCOVA SANITÁRIA COLORS		6.00	Geral	7898505935629	1.000	NULL
3800	ESCOVA SANITÁRIA DE MADEIRA lavatina nylon		5.00	LIMPEZA	NULL	1.000	NULL
3801	ESCOVA SANITARIA GRANDE		15.00	Geral	NULL	1.000	NULL
3802	ESCOVA SANITARIA PLASNEW		7.00	BANHEIRO	7897848708044	1.000	NULL
3803	ESCOVA SANITARIA PLAST GRAN		9.60	Geral	7898929403599	1.000	NULL
3804	ESCOVA SANITARIA RATTAN		10.00	UTILIDADES	7899701868148	1.000	NULL
3805	ESCOVA SANITARIA SORTIDA IMPORTADA COM BASE - A		6.00	Geral	7899850303071	1.000	NULL
3806	ESCOVA SANITARIA UNINJET		16.00	UTILIDADES	7899335410737	1.000	NULL
3807	ESCOVA TURQUESA		4.50	Geral	7898944110526	1.000	NULL
3808	ESCOVA/PENTE GRANDE COLORIDO		25.00	Geral	NULL	1.000	NULL
3809	ESCOVAO PLASTICO		8.50	Geral	7898929403162	1.000	NULL
3810	ESCOVINHA MILA FESTAS		2.00	Geral	7898610101513	1.000	NULL
3811	escudo heroes		30.00	Geral	7908071503457	1.000	NULL
3812	ESCUMADEIRA		4.00	Geral	7897435101401	1.000	NULL
3813	ESCUMADEIRA CABO DE MADEIRA		4.00	Geral	7898960896534	1.000	NULL
3814	escumadeira de inox		9.00	UTILIDADES	7898697210306	1.000	NULL
3815	ESCUMADEIRA INOX POLO IMPORTS		7.00	Geral	7899958101531	1.000	NULL
3816	ESPADA C/BAINHA		10.00	BRINQUEDOS	7898948029091	1.000	NULL
3817	ESPADA COM ACESSORIOS		20.00	Geral	7899605715050	1.000	NULL
3818	ESPADA COM LUZ		45.00	Geral	7899605713353	1.000	NULL
3819	ESPADA DE PLASTICO		10.00	Geral	7896464704812	1.000	NULL
3820	ESPADA DE PLASTICO QUE EMITE LUZ		35.00	BRINQUEDOS	7898624603515	1.000	NULL
3821	ESPADA INFANTIL		16.00	Geral	7896464706175	1.000	NULL
3822	ESPADA TOY C/LUZ		25.00	BRINQUEDOS	7908434977772	1.000	NULL
3823	espalha cera		10.00	COZINHA	NULL	1.000	NULL
3824	espalha cera  brihex		9.99	UTILIDADES	7897750786505	1.000	NULL
3825	espalha cera de		8.50	Geral	NULL	1.000	NULL
3826	espalha cera so peça		7.00	Geral	NULL	1.000	NULL
3827	ESPANADOR		30.00	Geral	NULL	1.000	NULL
3828	ESPANADOR  DE PÓ N 3 NOMO		14.50	Geral	7896771056451	1.000	NULL
3829	ESPANADOR DE PÓ		28.00	Geral	NULL	1.000	NULL
3830	ESPANADOR DE PÓ		8.50	Geral	NULL	1.000	NULL
3831	ESPANADOR DE PÓ		30.00	Geral	NULL	1.000	NULL
3832	ESPANADOR DE PÓ		35.00	Geral	NULL	1.000	NULL
3833	ESPANADOR DE PÓ N 20  COLOR NOMO		12.00	Geral	7896771001000	1.000	NULL
3834	ESPANADOR DE PÓ N 30 colorido		25.00	UTILIDADES	7896771001017	1.000	NULL
3835	ESPANADOR PENAS DE AVESTRUZ		40.00	UTILIDADES	7896578910505	1.000	NULL
3836	ESPÁTULA  VASADA AÇO INOX		7.80	COZINHA	7899441532590	1.000	NULL
3837	ESPATULA DE BOLO		10.00	Geral	618231808861	1.000	NULL
3838	ESPÁTULA DE BOLO ACRÍLICO		8.00	UTILIDADES	7898025470099	1.000	NULL
3839	ESPÁTULA DE INOX		10.00	COZINHA	618231808861	1.000	NULL
3840	ESPATULA DE METAL P/ USO CULINARIO		7.00	Geral	5900869410468	1.000	NULL
3841	ESPATULA DE SILICONE		7.00	Geral	7899658414306	1.000	NULL
3842	ESPÁTULA DE SILICONE  GRANDE		7.00	Geral	7899090195573	1.000	NULL
3843	ESPÁTULA DE SILICONE ART HOUSE		7.00	Geral	7899658414375	1.000	NULL
3844	ESPÁTULA INOX  ORIGINAL PREMIUM		17.00	Geral	7899653780116	1.000	NULL
3845	ESPÁTULA MULTIUSO PLASTUTTI		8.00	UTILIDADES	7898611897071	1.000	NULL
3846	ESPATULA PARA BOLO ART HOUSE		12.00	Geral	7899658420567	1.000	NULL
3847	espelho  GRANDE		220.00	Geral	7898337049150	1.000	NULL
3848	ESPELHO  LEÃO  94X44		100.00	UTILIDADES	7897776507900	1.000	NULL
3849	ESPELHO  TRELISA  15X21		8.00	Geral	7898550710684	1.000	NULL
3850	ESPELHO 33X43 MADEIRA		50.00	UTILIDADES	7898337041000	1.000	NULL
3851	ESPELHO 60X160		185.00	Geral	7898337049570	1.000	NULL
3852	ESPELHO DE MESA 15.5CM X 14.5CM		10.00	Geral	7892404207726	1.000	NULL
3853	ESPELHO GIGANTE		185.00	Geral	120060000052	1.000	NULL
3854	espelho gigante		220.00	Geral	NULL	1.000	NULL
3855	Espelho grande		220.00	Geral	NULL	1.000	NULL
3856	ESPELHO LARANJA N 16		6.50	Geral	7898902084708	1.000	NULL
3857	espelho laranja n 18		7.00	UTILIDADES	7898902084715	1.000	NULL
3858	ESPELHO LARANJA N°12 (12X18cm)		4.00	UTILIDADES	7898902084395	1.000	NULL
3859	ESPELHO LARANJA N°14 (14X20cm)		4.50	UTILIDADES	7898902084401	1.000	NULL
3860	ESPELHO LARANJA N°18 (18X25cm)		12.00	UTILIDADES	7898902084425	1.000	NULL
3861	espelho laranja n10		10.00	Geral	NULL	1.000	NULL
3862	espelho leão  44x94		120.00	Geral	7898337049679	1.000	NULL
3863	ESPELHO MADEIRA 37X115  TRIAX		105.00	Geral	7898337044957	1.000	NULL
3864	ESPELHO MOLDURA 3CM 30CMX40CM		40.00	VIDROS	7898956365068	1.000	NULL
3865	espelho n 20 laranja		15.00	Geral	7898294940200	1.000	NULL
3866	ESPELHO N°16 LARANJA (16X23cm)		10.00	UTILIDADES	7898902084418	1.000	NULL
3867	ESPELHO N°20 LARANJA (20X31cm)		15.00	UTILIDADES	7898902084432	1.000	NULL
3868	ESPELHO OVAL DE BOLSO		3.00	Geral	7890055000512	1.000	NULL
3869	ESPELHO TRELIÇA  20X25		11.00	Geral	7898550711414	1.000	NULL
3870	ESPELHO TRIAX 20X25		11.00	Geral	7898337042212	1.000	NULL
3871	ESPELHO TRIAX GIGANTE		185.00	Geral	7898337046104	1.000	NULL
3872	ESPETO CHURRASCO INOX		16.00	Geral	NULL	1.000	NULL
3873	espeto churrasco magrão m		5.00	Geral	7897772600025	1.000	NULL
3874	ESPETO CHURRASCO SÃO ROQUE		3.00	UTILIDADES	7898958922078	1.000	NULL
3875	esponja		5.00	Geral	NULL	1.000	NULL
3876	ESPONJA  PEÇA LIMPA AZULEJO		5.00	Geral	NULL	1.000	NULL
3877	esponja com rodo		10.00	Geral	NULL	1.000	NULL
3878	ESPONJA DE AÇO  SQ		3.00	COZINHA	7899441532989	1.000	NULL
3879	ESPONJA DE LAVAR LOUCA C/3		4.00	Geral	7897750778708	1.000	NULL
3880	ESPONJA MULTIUSO 80X60X15mm		1.50	UTILIDADES	7897750788684	1.000	NULL
3881	ESPONJA P/BANHO ADULTO COLORIDA		6.00	UTILIDADES	7896818201196	1.000	NULL
3882	ESPONJA VEGETAL		5.00	Geral	602883992757	1.000	NULL
3883	ESPONJA VEGETAL DUPLA FACE		7.00	UTILIDADES	7898347860141	1.000	NULL
3884	ESPONJA VEGETAL IENDIS		5.00	Geral	7898712230043	1.000	NULL
3885	ESPONJINHA SOFT BANHO PEQUENA		5.00	BANHEIRO	7896818202421	1.000	NULL
3886	espremedor   de limão  aluminio		12.00	Geral	4898977475077	1.000	NULL
3887	espremedor  de frutas  pananby		7.35	Geral	7898374847733	1.000	NULL
3888	espremedor de  batata		15.00	Geral	7898917425107	1.000	NULL
3889	ESPREMEDOR DE ALHO		8.50	COZINHA	7898907775090	1.000	NULL
3890	ESPREMEDOR DE ALHO		5.00	Geral	7898960896374	1.000	NULL
3891	ESPREMEDOR DE ALHO  ALUMINO  5 UTILIDADES		6.00	COZINHA	7898917425060	1.000	NULL
3892	ESPREMEDOR DE BATATA ALUMINIO		12.50	ALUMINIO	7898907775182	1.000	NULL
3893	ESPREMEDOR DE BATATA mk utencilios		20.00	UTILIDADES	7898958293017	1.000	NULL
3894	espremedor de batata polido		15.50	Geral	7898960896398	1.000	NULL
3895	espremedor de fruta branco mondial		100.00	Geral	7898216290161	1.000	NULL
3896	espremedor de frutas preto mondial		100.00	Geral	7898216295784	1.000	NULL
3897	ESPREMEDOR DE LIMAO		7.80	Geral	7897435103078	1.000	NULL
3898	ESPREMEDOR DE LIMÃO		12.00	COZINHA	7898917425077	1.000	NULL
3899	ESPREMEDOR DE LIMÃO		8.00	Geral	7898960896466	1.000	NULL
3900	ESPREMEDOR DE LIMÃO ALUMINIO		9.00	UTILIDADES	7898731360110	1.000	NULL
3901	espremedor de limão aluminio		9.00	ALUMINIO	7898255100261	1.000	NULL
3902	ESPREMEDOR DE LIMÃO ALUMINIO MK		10.00	Geral	7898958293161	1.000	NULL
3903	espremedor de limão inox		20.00	Geral	7899441535324	1.000	NULL
3904	espremedor inox original		25.99	Geral	7899751103169	1.000	NULL
3905	espremedor mondial vermelho		100.00	Geral	7899882302332	1.000	NULL
3906	ESPUMA EM SPRAY DE CARNAVAL		10.00	UTILIDADES	NULL	1.000	NULL
3907	ESQUADRO 60°X21CM		6.00	Geral	7897798501917	1.000	NULL
3908	ESQUEIRO		4.00	Geral	NULL	1.000	NULL
3909	ESTALINHOS MULEKE		1.00	BRINQUEDOS	609963058303	1.000	NULL
3910	estalo muleque		1.00	Geral	609963058303	1.000	NULL
3911	ESTALOS		1.00	Geral	7898906985032	1.000	NULL
3912	estalos		1.00	Geral	609963058310	1.000	NULL
3913	ESTALOS  REAL		1.00	Geral	7898066302755	1.000	NULL
3914	estalos muleque		1.00	Geral	609963058334	1.000	NULL
3915	ESTANTE MULTIUSO ARQPLAST		110.00	UTILIDADES	7908439801003	1.000	NULL
3916	ESTELTE		4.00	Geral	NULL	1.000	NULL
3917	ESTERCO DE CURRAL		4.50	Geral	602883272033	1.000	NULL
3918	esterco de curral		4.50	Geral	602883272033	1.000	NULL
3919	ESTERCO DE CURRAL 1KG		4.50	JARDINAGEM	602883272033	1.000	NULL
3920	ESTERCO DE GALINHA		3.00	Geral	NULL	1.000	NULL
3921	ESTILETE		4.00	Geral	6920805677228	1.000	NULL
3922	ESTILETE		5.00	Geral	6920805677679	1.000	NULL
3923	ESTILETE		5.00	Geral	6920805678225	1.000	NULL
3924	ESTILETE CORES SORTIDAS		5.00	Geral	NULL	1.000	NULL
3925	ESTILETE LARGO B4002		5.00	Geral	7897476614656	1.000	NULL
3926	estileto colors g		7.00	Geral	6977591910862	1.000	NULL
3927	ESTILETO GATTE		7.00	Geral	7897771100205	1.000	NULL
3928	estileto goal		5.00	Geral	7899958203938	1.000	NULL
3929	ESTILETO PEQUENO		2.50	Geral	7898955079188	1.000	NULL
3930	ESTOJÃO DE 1 ZÍPER		12.00	Geral	NULL	1.000	NULL
3931	estojo		10.00	Geral	NULL	1.000	NULL
3932	ESTOJO		10.00	Geral	NULL	1.000	NULL
3933	estojo		20.00	Geral	NULL	1.000	NULL
3934	estojo		10.00	Geral	NULL	1.000	NULL
3935	estojo		25.00	Geral	NULL	1.000	NULL
3936	ESTOJO   DUPLO MASC C CHAVEIRO AZUL MARINHO		25.00	Geral	7880843166889	1.000	NULL
3937	estojo  dental  brasami		8.00	Geral	7898093553236	1.000	NULL
3938	estojo  porta escova de dentes c 2		6.00	UTILIDADES	7896818201387	1.000	NULL
3939	ESTOJO  ROSA COM CHAVEIRO  DUPLO		25.00	Geral	7880843127262	1.000	NULL
3940	ESTOJO 1 ZIPER		10.00	Geral	NULL	1.000	NULL
3941	ESTOJO 1 ZIPER SIMPLES		7.00	Geral	NULL	1.000	NULL
3942	ESTOJO 3 ZÍPERS		25.00	Geral	NULL	1.000	NULL
3943	ESTOJO BATMAN 2 ZIPER		25.00	Geral	NULL	1.000	NULL
3944	estojo bob grud 24 peças		25.00	ESCOLAR	6901790735025	1.000	NULL
3945	ESTOJO BRILHOSO		9.00	Geral	NULL	1.000	NULL
3946	ESTOJO C 2 ZIPER		20.00	Geral	NULL	1.000	NULL
3947	ESTOJO C/24 CANETAS		38.00	Geral	NULL	1.000	NULL
3948	ESTOJO COM CANETINHAS BOB GOOD 24 UNID		48.00	Geral	NULL	1.000	NULL
3949	estojo de 1 ziper		8.00	Geral	NULL	1.000	NULL
3950	estojo de 1 ziper		14.00	Geral	NULL	1.000	NULL
3951	ESTOJO DE 1 ZIPER		15.00	Geral	NULL	1.000	NULL
3952	estojo de 1 ziper		10.00	Geral	NULL	1.000	NULL
3953	ESTOJO DE 1 ZIPER GRANDE		18.00	Geral	NULL	1.000	NULL
3954	estojo de 12		12.00	Geral	NULL	1.000	NULL
3955	estojo de 18		18.00	Geral	NULL	1.000	NULL
3956	ESTOJO DE 2 NOVOS		22.00	Geral	NULL	1.000	NULL
3957	ESTOJO DE 2 ZÍPER		20.00	Geral	NULL	1.000	NULL
3958	ESTOJO DE 2 ZIPER  PRINCESAS		25.00	Geral	NULL	1.000	NULL
3959	ESTOJO DE 3 ZIPER		30.00	Geral	NULL	1.000	NULL
3960	ESTOJO DE 3 ZIPER		25.00	Geral	NULL	1.000	NULL
3961	ESTOJO DE MAQUIAGEM DISCOTEEN		20.00	Geral	7898590338169	1.000	NULL
3962	ESTOJO DE MARCADOR 24PCS		48.00	Geral	NULL	1.000	NULL
3963	ESTOJO DE MARCADORES MAGIC ARTMARKER		70.00	Geral	7908312127176	1.000	NULL
3964	estojo do bob goog com 24		40.00	Geral	NULL	1.000	NULL
3965	ESTOJO DO HOMEM ARANHA		5.00	Geral	7898542871553	1.000	NULL
3966	ESTOJO DRAGON BALL 2 ZIPER		25.00	Geral	NULL	1.000	NULL
3967	estojo e 2 ziper  diversos		15.00	Geral	9201119962314	1.000	NULL
3968	ESTOJO ESCOLAR		10.00	Geral	NULL	1.000	NULL
3969	estojo escolar		18.00	Geral	NULL	1.000	NULL
3970	ESTOJO ESCOLAR 3 ZIPER		30.00	Geral	NULL	1.000	NULL
3971	ESTOJO ESCOLAR DE 8		8.00	Geral	NULL	1.000	NULL
3972	ESTOJO LOVE COLORIDO		30.00	Geral	NULL	1.000	NULL
3973	ESTOJO MACQUENN		25.00	Geral	NULL	1.000	NULL
3974	ESTOJO MASHA E O URSO		25.00	Geral	NULL	1.000	NULL
3975	ESTOJO PARA VIAGEM		10.00	UTILIDADES	7896042027951	1.000	NULL
3976	ESTOJO PÉLUCIA		8.50	Geral	736532400253	1.000	NULL
3977	estojo pinguin		18.00	Geral	NULL	1.000	NULL
3978	ESTOJO PLASTICO DIVERSOS		5.00	Geral	7898542871430	1.000	NULL
3979	estojo preto c pom pom		30.00	Geral	7891165311819	1.000	NULL
3980	ESTOJO SIMPLES DE 1 ZIPER		10.00	Geral	NULL	1.000	NULL
3981	ESTOJO TRANSPARENTE		20.00	Geral	NULL	1.000	NULL
3982	estojo trasnparente		30.00	Geral	7891165300240	1.000	NULL
3983	ESTOJO VMP		4.00	Geral	7898542891704	1.000	NULL
3984	ESTOJO YIYPIANZ		25.00	MOCHILAS E BOLSAS	7811653805514	1.000	NULL
3985	esttojo		18.00	Geral	NULL	1.000	NULL
3986	ETIIQUETADORA LUA TEK		50.00	UTILIDADES	7892019051349	1.000	NULL
3987	ETIQUETA  DE PARA		2.00	Geral	NULL	1.000	NULL
3988	etiqueta  escolar		4.00	Geral	70341023563	1.000	NULL
3989	ETIQUETA  PARA PRESENTE DE PARA		5.00	Geral	7890202330356	1.000	NULL
3990	etiqueta de para		0.50	Geral	NULL	1.000	NULL
3991	ETIQUETA DE PREÇO		4.00	Geral	7898961041148	1.000	NULL
3992	ETIQUETA DE PREÇO		4.00	PAPELARIA	7896004704999	1.000	NULL
3993	ETIQUETA DE PREÇO		4.00	Geral	NULL	1.000	NULL
3994	ETIQUETA DE PREÇO		4.00	Geral	7898451721154	1.000	NULL
3995	etiqueta de presente		2.00	Geral	NULL	1.000	NULL
3996	ETIQUETA ESCOLAR DE NOME		4.00	PAPELARIA	7896004725666	1.000	NULL
3997	ETIQUETA PICO VERMELHO		4.00	Geral	7898451720065	1.000	NULL
3998	ETIQUETA PREÇO		4.00	Geral	NULL	1.000	NULL
3999	etiquetadora		50.00	Geral	7813456789213	1.000	NULL
4000	ETIQUETADORA  WESTERN		75.00	Geral	7897186006116	1.000	NULL
4001	ETIQUETADORA EOS5500		60.00	Geral	7898667533480	1.000	NULL
4002	ETIQUETADORA M M HOUSE		50.00	Geral	7898722311206	1.000	NULL
4003	ETIQUETAS		5.00	Geral	7899767447417	1.000	NULL
4004	ETIQUETAS ADESIVAS DE NOME		5.00	Geral	5901234123457	1.000	NULL
4005	ETIQUETAS ADESIVAS DE PREÇO		3.00	Geral	NULL	1.000	NULL
4006	ETIQUETAS ADESIVAS MULTIUSO		5.00	Geral	70341023563	1.000	NULL
4007	eva  lilas		3.00	Geral	7899411520312	1.000	NULL
4008	EVA AMARELO		3.00	Geral	NULL	1.000	NULL
4009	eva branco		2.50	Geral	NULL	1.000	NULL
4010	EVA MARROM		3.00	Geral	NULL	1.000	NULL
4011	EVA MARRON		2.50	Geral	NULL	1.000	NULL
4012	EVA PRETO		3.00	Geral	NULL	1.000	NULL
4013	EVA ROSA		3.00	Geral	7899411520350	1.000	NULL
4014	EVA ROXO		2.50	Geral	NULL	1.000	NULL
4015	EVA VERDE		2.50	Geral	NULL	1.000	NULL
4016	EVA VERDE CLARO		3.00	Geral	NULL	1.000	NULL
4017	EVA VERMELHO		2.50	Geral	NULL	1.000	NULL
4018	expresso no coador		13.00	Geral	7897839702129	1.000	NULL
4019	extenão  de 3 metros flp		33.00	Geral	7898629661527	1.000	NULL
4020	EXTENSÃO 2M PRETA		13.00	ELETRÔNICOS E ACESSÓRIOS	7898969329071	1.000	NULL
4021	EXTENSÃO 3 M		15.00	UTILIDADES	7898969329088	1.000	NULL
4022	EXTENSAO 3 METROS		17.00	Geral	609963495115	1.000	NULL
4023	EXTENSÃO 3 METROS FLP		33.00	ELETRÔNICOS E ACESSÓRIOS	7898947446745	1.000	NULL
4024	EXTENSÃO 3 MTS BRANCA		25.50	ELETRÔNICOS E ACESSÓRIOS	7898629661572	1.000	NULL
4025	EXTENSÃO 3M 3 SAÍDAS		23.00	ELETRÔNICOS E ACESSÓRIOS	NULL	1.000	NULL
4026	extensaõ 5 metros  fc		35.00	Geral	7897356525287	1.000	NULL
4027	extensão 5 mt legrand		31.50	Geral	7896586816561	1.000	NULL
4028	EXTENSÃO 5 MTS 3 FURO PRETA		33.00	ELETRÔNICOS E ACESSÓRIOS	NULL	1.000	NULL
4029	extensão compolux  5 m		35.00	Geral	7898624480284	1.000	NULL
4030	extensão de 1,5 mt  fc		22.00	Geral	7897356525249	1.000	NULL
4031	EXTENSÃO DE 10 MT		30.00	Geral	NULL	1.000	NULL
4032	EXTENSÃO DE 2 MT C 3		22.00	UTILIDADES	609963866021	1.000	NULL
4033	extensão de 3  mt jetcon		23.00	Geral	7898969329149	1.000	NULL
4034	EXTENSAO DE 3 METROS		32.00	ELETRONICOS	7897356525423	1.000	NULL
4035	EXTENSÃO DE 3 MT  C 2 ENT		22.00	Geral	7898624480734	1.000	NULL
4036	EXTENSÃO DE 3 MT C 2 ENT.		22.00	Geral	7898624480277	1.000	NULL
4037	EXTENSÃO DE 3 MTS C 3		30.00	UTILIDADES	609963866014	1.000	NULL
4038	extensão de 3 mts c 3 pinus prismatec		30.00	Geral	7898954175317	1.000	NULL
4039	EXTENSÃO DE 3 MTS LIDER PLUS		21.50	ELETRÔNICOS E ACESSÓRIOS	7898176830209	1.000	NULL
4040	extensão de 5 mt jetcon		33.00	Geral	7898969329156	1.000	NULL
4041	EXTENSÃO DE 5 MTS C 3  TRIPOLAR		35.00	UTILIDADES	609963865987	1.000	NULL
4042	EXTENSÃO DE 5M LIDER PLÜS		23.00	ELETRÔNICOS E ACESSÓRIOS	7898474252222	1.000	NULL
4043	EXTENSÃO ELÉTRICA 10M LIDERLUX		30.00	ELETRÔNICOS E ACESSÓRIOS	609963495085	1.000	NULL
4044	EXTENSÃO ELETRICA 2M LIDERLUX		15.00	ELETRÔNICOS E ACESSÓRIOS	609963495092	1.000	NULL
4045	EXTENSÃO ELÉTRICA 5M LIDERLUX		21.00	ELETRÔNICOS E ACESSÓRIOS	609963495108	1.000	NULL
4046	EXTENSÃO ELÉTRICA BRANCA 10M LIDERLUX		30.00	Geral	619205374740	1.000	NULL
4047	EXTENSÃO ELÉTRICA BRANCA 2M LIDERLUX		16.00	Geral	619205374733	1.000	NULL
4048	EXTENSÃO ELÉTRICA BRANCA 3M LIDERLUX		18.00	ELETRONICOS	619205374757	1.000	NULL
4049	EXTENSÃO ELÉTRICA BRANCA 5M LIDERLUX		22.00	Geral	619205374764	1.000	NULL
4050	EXTENSÃO LIDERLUX 3 METROS		17.00	UTILIDADES	609963495115	1.000	NULL
4051	EXTENSÃO MULTIUSO 3 TOMADAS 3 METROS		35.00	ELETRÔNICOS E ACESSÓRIOS	7898624480352	1.000	NULL
4052	EXTENSÃO PARALELA 10MTS		30.00	ELETRÔNICOS E ACESSÓRIOS	7899594402511	1.000	NULL
4053	EXTENSÃO PL 5M JETCON		20.00	Geral	7898969329095	1.000	NULL
4054	EXTENSAO TRIPOLAR 10 MTS C/INMETRO-C		55.00	ELETRÔNICOS E ACESSÓRIOS	609963866007	1.000	NULL
4055	EXTENSÃOP DE 3 M		30.00	Geral	609963866014	1.000	NULL
4056	EXTENSOR PONTA ELÁSTICA 1,5M		5.00	UTILIDADES	7896572308094	1.000	NULL
4057	EXTRATO DE ORQUIDEA		18.00	Geral	NULL	1.000	NULL
4058	FACA   SIMONAGIO MADEIRA		13.50	Geral	7896211814771	1.000	NULL
4059	FACA  AVULSA		4.00	Geral	NULL	1.000	NULL
4060	faca  de cozinha n 7 com capa		25.00	COZINHA	7898728892488	1.000	NULL
4061	faca  inox  n 7    original		13.00	Geral	7899751102599	1.000	NULL
4062	FACA  LINHA CHURRASCO STARLUX		15.80	Geral	7896479978000	1.000	NULL
4063	FACA  ORIGINAL PRO 10		40.00	Geral	7899653780000	1.000	NULL
4064	faca  para pão n 8		12.00	Geral	7898743880323	1.000	NULL
4065	FACA  SORTIDA		2.50	Geral	7898505944898	1.000	NULL
4066	FACA C 3 UNIDADES		8.00	Geral	7898132150167	1.000	NULL
4067	FACA DE AÇO INOX QUALITY HOUSE		4.00	Geral	7898690150364	1.000	NULL
4068	faca de aço pra pão abbmix		7.50	Geral	7898663728767	1.000	NULL
4069	faca de carne 8 corneta cutelaria		31.00	Geral	7896673112880	1.000	NULL
4070	FACA DE CHURRASCO EM INOX		5.00	COZINHA	7899701846740	1.000	NULL
4071	FACA DE CHURRASCO PRETO		11.00	UTILIDADES	7898743880033	1.000	NULL
4072	FACA DE COZINHA		20.00	Geral	7899441504726	1.000	NULL
4073	FACA DE COZINHA 7 SQ INOX		20.00	COZINHA	7899441504467	1.000	NULL
4074	faca de cozinha art house 8		15.80	Geral	7899658418243	1.000	NULL
4075	FACA DE COZINHA N°7 TRAMONTINA		20.00	COZINHA	NULL	1.000	NULL
4076	faca de cozinha sq madeira		14.00	Geral	7899441503392	1.000	NULL
4077	FACA DE LEGUMES		12.00	Geral	7898663727982	1.000	NULL
4078	faca de madeira n 8		13.50	COZINHA	7899441501534	1.000	NULL
4079	FACA DE MESA INOX		16.00	UTILIDADES	7908475101631	1.000	NULL
4080	faca de metal		4.00	Geral	NULL	1.000	NULL
4081	FACA DE SERRA + DUAS DE LAMINAS LISAS		17.00	COZINHA	7899850354608	1.000	NULL
4082	FACA INOX		3.00	Geral	7908139504181	1.000	NULL
4083	FACA INOX ORIGINAL LINE		3.80	UTILIDADES	7899751108218	1.000	NULL
4084	faca kit c 3  unidades		8.00	COZINHA	7898132156145	1.000	NULL
4085	faca laurel		20.00	Geral	7898505903734	1.000	NULL
4086	faca n 7 cook		13.00	Geral	7898743880286	1.000	NULL
4087	FACA SOLTA		4.00	Geral	NULL	1.000	NULL
4088	faca sortida		3.00	Geral	7898505944928	1.000	NULL
4089	FACA SQ 6		7.00	Geral	7899441504719	1.000	NULL
4090	faca tramontina		20.00	Geral	NULL	1.000	NULL
4091	faca tramontinan 7		30.00	Geral	7891112003675	1.000	NULL
4092	faca western		35.00	Geral	7897186078748	1.000	NULL
4093	faca,  colher garfo,avulsa simonagio		3.00	COZINHA	7896211820468	1.000	NULL
4094	FAIXA COM 8 LETRAS		2.00	FESTA	7898663781298	1.000	NULL
4095	FAQUEIRO		35.00	Geral	7908802303622	1.000	NULL
4096	faqueiro   12 peças		35.00	Geral	7893505018266	1.000	NULL
4097	FAQUEIRO  12 PEÇAS		46.00	COZINHA	7893505017146	1.000	NULL
4098	FAQUEIRO  C 16 PEÇAS MAIS SUPORTE		45.00	COZINHA	7898505913986	1.000	NULL
4099	FAQUEIRO  FRATELI 25 PEÇAS		60.00	Geral	7899110578041	1.000	NULL
4100	faqueiro  mrtnzo		40.00	Geral	7896479939933	1.000	NULL
4101	FAQUEIRO 12 PÇ LARANJA INOX		40.00	COZINHA	7893505002005	1.000	NULL
4102	FAQUEIRO 12 PÇS BARICHELLO INOX		40.00	Geral	7893505001671	1.000	NULL
4103	FAQUEIRO 24 PÇS		30.00	Geral	7896479940328	1.000	NULL
4104	FAQUEIRO 25 PEÇAS TUNICASA VERMELHO		50.00	COZINHA	7908093816771	1.000	NULL
4105	faqueiro finlandek preto		30.00	Geral	7895000503582	1.000	NULL
4106	faqueiro luna  16 peças		30.00	COZINHA	7898132157319	1.000	NULL
4107	FAQUEIRO LUNA TAUMER 16 PÇS		40.00	COZINHA	7898132157326	1.000	NULL
4108	faqueiro mrtnzo 24 peças com pote		40.00	Geral	7896479906638	1.000	NULL
4109	FAQUEIRO TRAMONTINA		80.00	Geral	7891112274075	1.000	NULL
4110	faqueiro tramontina		50.00	Geral	NULL	1.000	NULL
4111	FAQUEIRO TRAMONTINA 24 PCS IPANEMA		70.00	UTILIDADES	7891112086357	1.000	NULL
4112	FAQUEIRO TRAMONTINA BÚZIOS 24 PCS		80.00	Geral	7891112185944	1.000	NULL
4113	faquerito frateli  vermelho 24 peças		35.00	Geral	7908802303639	1.000	NULL
4114	FARINHEIRA MULTIUSO		5.00	UTILIDADES	7899335410799	1.000	NULL
4115	FARINHEIRA MULTIUSO UNINJET		5.00	COZINHA	7899335410805	1.000	NULL
4116	FARINHEIRA/AÇUCAREIRO 700ML		4.00	UTILIDADES	7899809001928	1.000	NULL
4117	FARINHEIRO		8.50	UTILIDADES	7897698235103	1.000	NULL
4118	fatiador de batata		5.00	Geral	NULL	1.000	NULL
4119	FATIADOR E DESCASCADOR DE LEGUMES		7.00	UTILIDADES	7899441531142	1.000	NULL
4120	FELIZ E.V.A		2.00	Geral	7898610100592	1.000	NULL
4121	FERRAMENTAS PEQUENO MECANICO		6.00	BRINQUEDOS	NULL	1.000	NULL
4122	FERRINHO FASHION BRINQ		20.00	Geral	7896885202980	1.000	NULL
4123	ferro  a vapor eletrolux		145.00	Geral	7896347149341	1.000	NULL
4124	ferrophilco ceramic		100.00	Geral	NULL	1.000	NULL
4125	fertilizante  cobertura		5.70	Geral	602883272019	1.000	NULL
4126	FERTILIZANTE COBERTURA TERRA GARDEN		5.70	JARDINAGEM	602883272019	1.000	NULL
4127	FERVEDOR ANTIADERENTE  CEREJA N12		30.00	Geral	7898463543133	1.000	NULL
4128	FERVEDOR ANTIADERENTE PRETO N14		37.00	Geral	7898463542242	1.000	NULL
4129	FERVEDOR BOJ MED 1,0L		25.00	ALUMINIO	7898584430039	1.000	NULL
4130	FERVEDOR C BICO CRAQUEADO		24.50	ALUMINIO	7898584438509	1.000	NULL
4131	FERVEDOR CEREJA N 14 MP		37.00	Geral	7898463543140	1.000	NULL
4132	FERVEDOR EXTRA POLIDO 12		18.00	Geral	NULL	1.000	NULL
4133	FERVEDOR EXTRA POLIDO 12		18.00	Geral	7898463540170	1.000	NULL
4134	FERVEDOR EXTRA POLIDO 16		25.00	Geral	7898463540194	1.000	NULL
4135	FERVEDOR EXTRA POLIDO N 14		20.00	Geral	7898463540187	1.000	NULL
4136	FERVEDOR POLIDO  1,7		21.00	ALUMINIO	7898584432613	1.000	NULL
4137	FERVEDORANTIADERENTE PRETOP N12		30.00	Geral	7898463542235	1.000	NULL
4138	fiat toro		87.00	Geral	7896965218658	1.000	NULL
4139	FIBRA DE COCO		6.25	JARDINAGEM	7898947842431	1.000	NULL
4140	FIBRA DE COCO		5.00	Geral	609963461790	1.000	NULL
4141	FIBRA DE COCO		5.00	JARDINAGEM	609963461790	1.000	NULL
4142	FIBRAXIM TERRA BRASIL		3.50	Geral	7898947482989	1.000	NULL
4143	FIGURINHA COPA DO MUNDO		5.00	BRINQUEDOS	7897653539581	1.000	NULL
4144	FIGURINHA DA COPA		7.00	Geral	NULL	1.000	NULL
4145	filme pvc  supratico		8.50	kit FESTA	7898953979343	1.000	NULL
4146	filtro  colors		120.00	Geral	7898933917198	1.000	NULL
4147	FILTRO ACRILICO N01 7,6L COM 1 VELA		125.00	Geral	7898932051626	1.000	NULL
4148	FILTRO ACRILICO N02 11,2L COM 1 VELA		140.00	Geral	7898932051572	1.000	NULL
4149	FILTRO ACRILICO N03 16,2L C/2 VELA		160.00	Geral	7898932051671	1.000	NULL
4150	FILTRO ACRILICO N03 C/1 VELA 16,4L		160.00	Geral	7898932051374	1.000	NULL
4151	FILTRO AQUA FRESH N 2 5 LITROS		116.00	Geral	7898932051435	1.000	NULL
4152	FILTRO CAFE 102 TELA		5.00	COZINHA	7898184080023	1.000	NULL
4153	FILTRO DE BARRO		145.00	Geral	NULL	1.000	NULL
4154	FILTRO DE BARRO		87.00	Geral	NULL	1.000	NULL
4155	filtro de barro  n 5 c 3 vela		182.00	Geral	7898932051466	1.000	NULL
4156	FILTRO DE BARRO N°4 8L COM 2 VELA		145.00	Geral	7898932051459	1.000	NULL
4157	FILTRO DE BARRO N3 6L COM 1 VELA		126.00	Geral	7898932051442	1.000	NULL
4158	FILTRO DE BARRO PEQUENO N°0		94.00	Geral	7898932051411	1.000	NULL
4159	filtro de linha  portátil		25.00	Geral	7807291733197	1.000	NULL
4160	FILTRO DE LINHA 5 TOMADAS		40.00	Geral	7898622610959	1.000	NULL
4161	FILTRO DE PAPEL		4.00	Geral	7898953979183	1.000	NULL
4162	FILTRO MASTER  9 L		85.00	Geral	7898932051114	1.000	NULL
4163	FILTRO N°01 4L COM 1 VELA		106.00	Geral	7898932051428	1.000	NULL
4164	FILTRO NYLON P CAFE 103  TRIÚTIL		6.00	COZINHA	7896976600305	1.000	NULL
4165	FILTRO PARA AGUA AJA		90.00	Geral	7898933917556	1.000	NULL
4166	FIRE POWER GUN		65.00	BRINQUEDOS	7899632509691	1.000	NULL
4167	FISHING GAME PEGA PEIXE		30.00	Geral	7899605783035	1.000	NULL
4168	FITA   DUPLA FACE  TRANSPARENTE  ADELBRAS  24X30		20.00	PAPELARIA	7896603802171	1.000	NULL
4169	FITA   trasnparente de 15		15.00	Geral	NULL	1.000	NULL
4170	fita  banana		8.00	Geral	7898994831891	1.000	NULL
4171	FITA  CREPE ESCOLAR		3.00	Geral	NULL	1.000	NULL
4172	fita  dupla face		7.00	Geral	7898673631491	1.000	NULL
4173	FITA  ETIQUETA DE PREÇO		4.00	Geral	7898451721161	1.000	NULL
4174	FITA  ETIQUETA DE PREÇO		4.50	Geral	NULL	1.000	NULL
4175	FITA  MARRON		8.00	Geral	NULL	1.000	NULL
4176	FITA  PREÇO		4.00	Geral	NULL	1.000	NULL
4177	FITA  TRASPARENTE LARGA		9.00	Geral	NULL	1.000	NULL
4178	fita adesiva		2.50	Geral	7899320381653	1.000	NULL
4179	fita adesiva adelbras		4.00	Geral	7896603803918	1.000	NULL
4180	FITA ADESIVA AMARELA ADELBRAS		0.50	Geral	7896603846564	1.000	NULL
4181	FITA ADESIVA EUROCEL		4.00	Geral	7899320355210	1.000	NULL
4182	FITA ADESIVA EUROCELL PP		2.00	PAPELARIA	7899320355128	1.000	NULL
4183	FITA ADESIVA MARROM KORETECH		7.00	Geral	NULL	1.000	NULL
4184	FITA ADESIVA PEQUENA		1.00	PAPELARIA	7897980700029	1.000	NULL
4185	FITA ADESIVA TRANSPARENTE		9.00	Geral	7897980700173	1.000	NULL
4186	FITA ADESIVA TRANSPARENTE KORETECH		8.00	Geral	7908467200946	1.000	NULL
4187	FITA ADESIVA TRANSPARENTE LARGA		9.00	Geral	7897980700463	1.000	NULL
4188	fita adesiva trasnparente fina		2.50	Geral	NULL	1.000	NULL
4189	FITA CETIN GITEX		6.00	Geral	7893791061571	1.000	NULL
4190	FITA COLORIDA ADESIVA		2.00	Geral	NULL	1.000	NULL
4191	fita corretiva		20.00	Geral	6975628229086	1.000	NULL
4192	FITA CORRETIVA CIS		9.00	Geral	7896326923160	1.000	NULL
4193	FITA CORRETIVA MASTERPRINT		7.00	PAPELARIA	7898119105272	1.000	NULL
4194	FITA CREPE		3.00	Geral	7897980704010	1.000	NULL
4195	FITA CREPE		5.00	PAPELARIA	7899320385729	1.000	NULL
4196	FITA CREPE		8.50	Geral	7898472262490	1.000	NULL
4197	FITA CREPE ADELBRAS 710		8.50	Geral	7896603846267	1.000	NULL
4198	FITA CREPE ESCOLAR ADELBRAS		4.00	ESCOLAR	7896603846106	1.000	NULL
4199	FITA CREPE EUROCELL		3.00	Geral	NULL	1.000	NULL
4200	FITA CREPE FIT-PEL		3.00	Geral	7897980702153	1.000	NULL
4201	FITA CREPE FIT-PEL		6.00	Geral	NULL	1.000	NULL
4202	fita cuidado fragil		22.50	Geral	7899727000485	1.000	NULL
4203	fita de preço		4.00	Geral	NULL	1.000	NULL
4204	FITA DUPLA FACE		9.00	Geral	7896603846373	1.000	NULL
4205	fita dupla face		4.00	Geral	7899727000850	1.000	NULL
4206	FITA DUPLA FACE		8.00	Geral	7898544630936	1.000	NULL
4207	FITA DUPLA FACE		20.00	Geral	7898544628506	1.000	NULL
4208	fita dupla face  REFORÇADA		20.00	Geral	NULL	1.000	NULL
4209	FITA DUPLA FACE  RIO MASTER		8.00	Geral	7898494693944	1.000	NULL
4210	FITA DUPLA FACE  STARLUX		7.00	Geral	7898573160473	1.000	NULL
4211	fita dupla face 12m		4.00	Geral	7899727000461	1.000	NULL
4212	FITA DUPLA FACE 12mmX10m		4.00	Geral	7890055003421	1.000	NULL
4213	FITA DUPLA FACE 12mmX2m ACRILICA		8.50	Geral	7890055003100	1.000	NULL
4214	FITA DUPLA FACE 3 MTS		5.50	Geral	7908348202922	1.000	NULL
4215	fita dupla face adelbras espuma		13.00	ESCRITÓRIO	7896603803123	1.000	NULL
4216	FITA DUPLA FACE BRANCA		8.00	Geral	7898544625543	1.000	NULL
4217	FITA DUPLA FACE ESPUMADA		7.00	Geral	7898663720327	1.000	NULL
4218	FITA DUPLA FACE EURO FITA		13.00	Geral	7898544625499	1.000	NULL
4219	FITA DUPLA FACE EURO FITA 12mmX2m		5.80	PAPELARIA	7898544625536	1.000	NULL
4220	FITA DUPLA FACE FINA		4.50	Geral	7899181000250	1.000	NULL
4221	FITA DUPLA FACE WESTERN PRO		10.00	PAPELARIA	7896980420616	1.000	NULL
4222	FITA DUPLAFACE GOAL		5.00	UTILIDADES	7899958229747	1.000	NULL
4223	fita durex		8.00	Geral	NULL	1.000	NULL
4224	FITA DUREX 12MM X 10M		1.50	Geral	7899320355258	1.000	NULL
4225	FITA DUREX EUROCEL		4.00	Geral	7899320355142	1.000	NULL
4226	FITA DUREX FINA		4.00	PAPELARIA	7897980700050	1.000	NULL
4227	fita durex fina		4.00	Geral	7896603800528	1.000	NULL
4228	FITA DUREX FIT-PEL		4.00	Geral	7897980701132	1.000	NULL
4229	FITA DUREX MARROM		6.00	Geral	78928831	1.000	NULL
4230	FITA DUREX PEQ		2.50	Geral	7899441524885	1.000	NULL
4231	FITA DUREX PEQ		2.50	Geral	7899320381707	1.000	NULL
4232	FITA DUREX PP TRANSPARENTE		0.50	Geral	7899727001079	1.000	NULL
4233	FITA DUREX PQ		2.50	Geral	7897980700364	1.000	NULL
4234	FITA DUREX TRANSPARENTE		3.00	Geral	7896603803895	1.000	NULL
4235	FITA DUREX TRANSPARENTE		8.00	Geral	7898573160374	1.000	NULL
4236	FITA DUREX TRANSPARENTE		9.00	Geral	7897980703037	1.000	NULL
4237	FITA DUREX TRANSPARENTE FINA		3.00	Geral	NULL	1.000	NULL
4238	FITA DUREX TRANSPARENTE GROSSA		8.50	Geral	NULL	1.000	NULL
4239	fita durx grossa		8.00	Geral	NULL	1.000	NULL
4240	FITA EUROCEL		6.00	Geral	7899180382142	1.000	NULL
4241	fita fina  adelbras		4.00	Geral	7896603803901	1.000	NULL
4242	FITA FIT-PEL		9.00	Geral	7897980705901	1.000	NULL
4243	FITA FIT-PEL MARROM		8.00	Geral	7897980700456	1.000	NULL
4244	FITA FIT-PEL TRANSPARENTE PEQUENA		4.00	Geral	NULL	1.000	NULL
4245	fita forte dupla face		8.50	Geral	7896193236769	1.000	NULL
4246	FITA HELLERMAN		35.00	Geral	NULL	1.000	NULL
4247	FITA ISOLANTE		2.50	Geral	7897186060644	1.000	NULL
4248	FITA ISOLANTE		5.00	Geral	7908348202762	1.000	NULL
4249	FITA ISOLANTE 3M		16.00	Geral	NULL	1.000	NULL
4250	fita isolante preta		3.00	UTILIDADES	7453050042231	1.000	NULL
4251	fita isolante preta		4.00	Geral	6925879200167	1.000	NULL
4252	fita isolate		4.00	Geral	6925879200174	1.000	NULL
4253	FITA LARGA MARROM		6.00	Geral	7897980700296	1.000	NULL
4254	FITA LARGA MARROM		8.50	Geral	NULL	1.000	NULL
4255	FITA LARGA MARROM		8.00	Geral	17899057900179	1.000	NULL
4256	FITA LARGA MARROM		8.00	Geral	7898358340823	1.000	NULL
4257	FITA MARROM EUROCELL		8.00	Geral	7899320387907	1.000	NULL
4258	FITA MARROM STARSCHOOL		8.00	Geral	7899057900172	1.000	NULL
4259	FITA MARROM STARSCHOOL		9.00	Geral	NULL	1.000	NULL
4260	fita marron		8.00	Geral	NULL	1.000	NULL
4261	FITA MASTER		12.00	Geral	7898500406056	1.000	NULL
4262	FITA MEDIA		4.00	Geral	7899320389413	1.000	NULL
4263	FITA METRICA		4.00	Geral	6932185794877	1.000	NULL
4264	FITA MÉTRICA COLORS		8.00	Geral	6932185794211	1.000	NULL
4265	FITA MÉTRICA MAIS LINHA		9.00	Geral	7890055001946	1.000	NULL
4266	FITA PQ		3.00	Geral	7899320355203	1.000	NULL
4267	FITA TEK BOND TRANSPARENTE		8.00	ESCRITÓRIO	7898543417231	1.000	NULL
4268	FITA TEKBOND		9.00	UTILIDADES	7898543417224	1.000	NULL
4269	FITA TRANSPARENTE		9.00	ESCOLAR	7897980700197	1.000	NULL
4270	FITA TRANSPARENTE DUREFIX		9.00	PAPELARIA	NULL	1.000	NULL
4271	FITA TRANSPARENTE FINA		4.50	Geral	NULL	1.000	NULL
4272	FITA TRANSPARENTE FINA  FIT PEL		4.00	Geral	7897980701156	1.000	NULL
4273	FITA TRANSPARENTE PQ   EUROCEL		1.00	PAPELARIA	7899320381684	1.000	NULL
4274	fita trasparente de vidro		15.00	Geral	NULL	1.000	NULL
4275	FITA VERMELHA PRETA DUPLA FACE		8.00	PAPELARIA	7898544625505	1.000	NULL
4276	FITAR FITA ADESIVA LARGA		8.00	Geral	7899727000775	1.000	NULL
4277	FITILHO		4.00	Geral	7898598841333	1.000	NULL
4278	fitilho   sortido  laranja		4.00	Geral	7898598840084	1.000	NULL
4279	FITILHO  SORTIDO		4.00	Geral	7898598841418	1.000	NULL
4280	FITILHO 05X50MTS VERDE ESCURO		4.00	PRESENTES	7898598841265	1.000	NULL
4281	FITILHO AZUL CLARO		4.00	PRESENTES	7898598841395	1.000	NULL
4282	FITILHO BRANCO		4.00	PRESENTES	7898598841388	1.000	NULL
4283	FITILHO LILAS 05mmX50M		4.00	PRESENTES	7898598841319	1.000	NULL
4284	FITILHO OURO		4.00	Geral	7898598841241	1.000	NULL
4285	FITILHO PRATA		4.00	PRESENTES	7898598841326	1.000	NULL
4286	FITILHO PRETO		4.00	PRESENTES	7898598841227	1.000	NULL
4287	FITILHO ROSA		4.00	PRESENTES	7898598841289	1.000	NULL
4288	FITILHO ROXO		4.00	Geral	7898112930505	1.000	NULL
4289	FITILHO VERDE		4.00	Geral	7898598841258	1.000	NULL
4290	FITILHO VERMELHO		4.00	Geral	NULL	1.000	NULL
4291	FITILHO VERMELHO		4.00	PRESENTES	7898598841296	1.000	NULL
4292	fixador de cor tupy		4.00	Geral	7897568400501	1.000	NULL
4293	FIXADOR DE TINTA TUPY		4.00	Geral	7897568406602	1.000	NULL
4294	FLAMULA FELIZ ANIVERSARIO		3.00	Geral	7898610101841	1.000	NULL
4295	FLANELA		4.00	Geral	7898990702249	1.000	NULL
4296	flanela		4.00	Geral	7898990702294	1.000	NULL
4297	flanela branca		3.00	Geral	8898947405222	1.000	NULL
4298	FLANELA BRANCA		4.00	Geral	7898093783213	1.000	NULL
4299	FLANELA BRANCA		4.00	UTILIDADES	7898902405282	1.000	NULL
4300	FLANELA BRANCA		4.00	Geral	7896439930147	1.000	NULL
4301	flanela itatex branca		4.00	Geral	NULL	1.000	NULL
4302	FLANELA LARANJA GRANDE		4.00	UTILIDADES	7898902405251	1.000	NULL
4303	FLANELA OURO		4.00	Geral	7898912015242	1.000	NULL
4304	FLANELINHA LARANJA		4.00	Geral	7898093782865	1.000	NULL
4305	FLAUTA DOCE (ACOMPANHA PARTITURA)		4.00	BRINQUEDOS	7898958261474	1.000	NULL
4306	FLIPERAMA SAMBA TOYS PINBALL		20.00	BRINQUEDOS	7898631554909	1.000	NULL
4307	flor  dia das maes		10.00	Geral	NULL	1.000	NULL
4308	flor  terra brasil		25.00	Geral	NULL	1.000	NULL
4309	FLOR 55 CM		10.00	Geral	NULL	1.000	NULL
4310	FLOR ARTIFICIAL NO VASO 2W		20.00	Geral	7898974787736	1.000	NULL
4312	FLOR CAIXA AZUL ARTIFICIAL		20.00	Geral	7898974787729	1.000	NULL
4313	flor com led		30.00	Geral	4894290298621	1.000	NULL
4314	flor com ursinho		15.00	Geral	NULL	1.000	NULL
4315	FLOR COM URSINHO  PEQUENO		10.00	Geral	NULL	1.000	NULL
4316	flor cristal terra brasil		25.00	Geral	NULL	1.000	NULL
4317	flor de madeira		30.00	Geral	NULL	1.000	NULL
4318	flor de meia fina		10.00	Geral	NULL	1.000	NULL
4319	FLOR DE PLASTICO		10.00	Geral	NULL	1.000	NULL
4320	FLOR DE PLASTICO		10.00	Geral	7899605739995	1.000	NULL
4321	FLOR PLASTICA		10.00	Geral	8675458900473	1.000	NULL
4322	FLOR PRESENTEAVEL		10.00	Geral	7898441560169	1.000	NULL
4323	flor ursinho dia das maes		15.00	Geral	NULL	1.000	NULL
4324	floreira  terra cota 4l		7.00	Geral	7897649767066	1.000	NULL
4325	floreira 4 color		30.00	JARDINAGEM	7898521060787	1.000	NULL
4326	floreira extra grande		28.00	Geral	7898036784604	1.000	NULL
4327	FLOREIRA GRANDE PRETA 9,5L		10.00	Geral	7897848700130	1.000	NULL
4328	FLOREIRA PEQUENA PRETA N°1 REF:6704		5.00	JARDINAGEM	7897649767042	1.000	NULL
4329	floreira preta  retangular  g 10 l		20.00	Geral	7897698204451	1.000	NULL
4330	FLORES		42.00	Geral	NULL	1.000	NULL
4331	FLORES ARRANJO COPO DE LEITE ROSA		45.00	Geral	2016012366612	1.000	NULL
4332	FOGÃO E CIA ROMA BRINQUEDOS		45.00	BRINQUEDOS	7896965253024	1.000	NULL
4333	FOGÃO MAMY COOK		200.00	BRINQUEDOS	7897252261807	1.000	NULL
4334	folha  de seda		1.00	Geral	NULL	1.000	NULL
4335	FOLHA ALMAÇO		0.50	Geral	NULL	1.000	NULL
4336	FOLHA DE E.V.A		2.50	Geral	7899550900334	1.000	NULL
4337	FOLHA DE E.V.A PRETA		2.50	Geral	NULL	1.000	NULL
4338	FOLHA DE PAPEL CANSON		1.50	Geral	NULL	1.000	NULL
4339	FOLHA DE PRESENTE		2.00	Geral	NULL	1.000	NULL
4340	FOLHA SUFITE SOLTA		0.50	PAPELARIA	NULL	1.000	NULL
4341	FOLHA SULFITE ROSA		0.50	Geral	7890175221019	1.000	NULL
4342	FOLHA SULFITE ROXA		0.50	Geral	NULL	1.000	NULL
4343	FOLHA SULFITE SOLTA COLORIDA		0.50	Geral	NULL	1.000	NULL
4344	FOLHA SULFITE VERDE		0.50	Geral	NULL	1.000	NULL
4345	FOLHAS P/ CADERNO ARGOLADO STILO		5.00	PAPELARIA	7894494410505	1.000	NULL
4346	FONE  DE OUVIDO EARPHONE S BORRACHA		10.00	Geral	7891110014024	1.000	NULL
4347	FONE BLUETOOTH		40.00	Geral	7899090160359	1.000	NULL
4348	FONE BLUETOOTH HEADSET 4.1 LC-777		50.00	ELETRÔNICOS E ACESSÓRIOS	7895872317768	1.000	NULL
4349	FONE BLUETOOTH LTOMEX A-287		70.00	Geral	7898820222879	1.000	NULL
4350	fone bluetooth newest m10		50.00	ELETRÔNICOS E ACESSÓRIOS	NULL	1.000	NULL
4351	FONE BLUETOOTH REDMI AIRDOTSPRO		45.00	Geral	6934177708800	1.000	NULL
4352	FONE COM FIO LEHMOX		15.00	Geral	7899090162445	1.000	NULL
4353	FONE DA SAMSUNG		25.00	Geral	7893095164282	1.000	NULL
4354	FONE DE IPHONE		30.00	FONES	7896525652205	1.000	NULL
4355	FONE DE iPHONE		30.00	Geral	7898822009195	1.000	NULL
4356	FONE DE OUVIDO		50.00	Geral	6965634312698	1.000	NULL
4357	FONE DE OUVIDO		10.00	Geral	7898843230608	1.000	NULL
4358	FONE DE OUVIDO		85.00	Geral	7845611128339	1.000	NULL
4359	FONE DE OUVIDO   LEHMOX S BORRACHA		20.00	Geral	7899090162049	1.000	NULL
4360	FONE DE OUVIDO  F070 C BORRACHA		10.00	Geral	7898920210707	1.000	NULL
4361	FONE DE OUVIDO  HD ESTÉREO		30.00	ELETRONICOS	7898205620559	1.000	NULL
4362	FONE DE OUVIDO  HEARDPHONE		50.00	Geral	789007430897	1.000	NULL
4363	FONE DE OUVIDO  MUSIC EARPHONE  S BORRACHA		10.00	Geral	7898861271430	1.000	NULL
4364	FONE DE OUVIDO  WIRELESS HEARDPHONE		40.00	Geral	7899090160335	1.000	NULL
4365	FONE DE OUVIDO A'GOLD FN-A14 3.5MM		20.00	ELETRÔNICOS E ACESSÓRIOS	7908153833311	1.000	NULL
4366	fone de ouvido blu tuf i7		60.00	Geral	3325221101372	1.000	NULL
4367	FONE DE OUVIDO BLUETOOTH I7 MINI		50.00	ELETRÔNICOS E ACESSÓRIOS	7898820220929	1.000	NULL
4368	FONE DE OUVIDO C MICROFONE  AW3		70.00	Geral	7898820238603	1.000	NULL
4369	FONE DE OUVIDO COM BORRACHA  ox gold		10.00	Geral	7908153834462	1.000	NULL
4370	FONE DE OUVIDO HI TURBO PRETO T-677		15.00	ELETRÔNICOS E ACESSÓRIOS	7891908296779	1.000	NULL
4371	FONE DE OUVIDO HI-TURBO T-688		15.00	ELETRÔNICOS E ACESSÓRIOS	7892019090485	1.000	NULL
4372	fone de ouvido i12 blu tuf		60.00	Geral	3325221101365	1.000	NULL
4373	FONE DE OUVIDO INOVA FON-2178D		20.00	ELETRÔNICOS E ACESSÓRIOS	7897473116627	1.000	NULL
4374	fone de ouvido lelong		20.00	ELETRONICOS	7898605606870	1.000	NULL
4375	FONE DE OUVIDO MUSIC STEREO EARPHONE		10.00	ELETRÔNICOS E ACESSÓRIOS	6901234567892	1.000	NULL
4376	FONE DE OUVIDO P/ IPHONE		30.00	Geral	8878920210708	1.000	NULL
4377	FONE DE OUVIDO PRETO		10.00	Geral	6982246686559	1.000	NULL
4378	FONE DE OUVIDO SEM FIO M10 V5.3		50.00	Geral	NULL	1.000	NULL
4379	FONE DE OUVIDO STEREO M		10.00	Geral	5606868131310	1.000	NULL
4380	FONE GRANDE RIGE		7.00	Geral	6962668652127	1.000	NULL
4381	FONE HI TURBO T-616		20.00	Geral	7892011648202	1.000	NULL
4382	FONE I7 MINI		50.00	Geral	7898822110020	1.000	NULL
4383	FONE INTRA-AURICULAR F0-11		10.00	Geral	7898657060019	1.000	NULL
4384	FONE IOS		25.00	Geral	7891088001217	1.000	NULL
4385	fone lavalier  microfone		30.00	Geral	NULL	1.000	NULL
4386	fone lelong		20.00	Geral	7908125202336	1.000	NULL
4387	FONE LELONG ESTEREO LE-0234		15.00	Geral	7908125207805	1.000	NULL
4388	FONE M10 NEWST		60.00	Geral	NULL	1.000	NULL
4389	FONE RELOG'S RR ES-36		10.00	Geral	6955412540528	1.000	NULL
4390	FONE SEM FIO  GAMES		70.00	Geral	7898806110602	1.000	NULL
4391	FONE STEREO HEADPHONES VARIAS CORES		10.00	ELETRÔNICOS E ACESSÓRIOS	6897415467283	1.000	NULL
4392	FONES DE OUVIDO HI-TUBO BRANCO T-666		15.00	ELETRÔNICOS E ACESSÓRIOS	7892019121103	1.000	NULL
4393	forma   de bolo n 022  alegreto  polida		15.00	ALUMINIO	7897103842131	1.000	NULL
4394	FORMA  DE BOLO MP N20 REDONDA		20.00	Geral	7898463540927	1.000	NULL
4395	forma  de doce  n 6		2.00	Geral	7898610101537	1.000	NULL
4396	forma  de pudim n18  mp		17.50	Geral	7898463542464	1.000	NULL
4397	FORMA 01 C/12 UNIDS		4.60	Geral	7898081820098	1.000	NULL
4398	FORMA 02 EMPADINHA		4.60	Geral	7898081820104	1.000	NULL
4399	FORMA ASSA FRANGO2		22.00	Geral	7898463540019	1.000	NULL
4400	forma branca n 6 festa		2.00	Geral	7898610100240	1.000	NULL
4401	FORMA BURACO N 24		26.00	COZINHA	7898584430664	1.000	NULL
4402	forma c tubo  n 24 aluminio		26.50	COZINHA	7898463540835	1.000	NULL
4403	FORMA C TUBO C POMEL N 20		24.00	ALUMINIO	7898463545212	1.000	NULL
4404	FORMA C/ TUBO 22 MP		24.00	COZINHA	7898463540828	1.000	NULL
4405	forma c/tubo 26		27.00	ALUMINIO	7898463540842	1.000	NULL
4406	forma coração  numéro 1		15.00	Geral	7898463541092	1.000	NULL
4407	FORMA DE ALUMINIO NACIONAL		11.00	Geral	7898211761345	1.000	NULL
4408	forma de bolo		40.00	Geral	NULL	1.000	NULL
4409	forma de bolo		23.00	Geral	NULL	1.000	NULL
4410	forma de bolo  pudim plastico  unijet		5.00	Geral	7899335404309	1.000	NULL
4411	FORMA DE BOLO ALTA FUNDO FALSO		28.00	ALUMINIO	7898653702340	1.000	NULL
4412	forma de bolo coracao 02		22.00	Geral	7898463541108	1.000	NULL
4413	FORMA DE BOLO E PUDIM N°22 REDAR		27.00	ALUMINIO	7898913194878	1.000	NULL
4414	FORMA DE BOLO E PUDIM REDAR		13.00	ALUMINIO	7898913194281	1.000	NULL
4415	forma de bolo n		24.00	Geral	NULL	1.000	NULL
4416	FORMA DE BOLO N°24		30.00	ALUMINIO	7898917307304	1.000	NULL
4417	FORMA DE BOLO N°28		25.00	Geral	7898917307502	1.000	NULL
4418	FORMA DE BOLO N22 1,9L BURACO		24.00	ALUMINIO	7898584430657	1.000	NULL
4419	FORMA DE BOLO PISCINA  REDONDA		28.00	Geral	7898463546479	1.000	NULL
4420	FORMA DE BOLO PISCINA REDONDA MP		28.00	Geral	NULL	1.000	NULL
4421	FORMA DE BOLO POLIDA 1,4L N20		22.00	ALUMINIO	7898584430640	1.000	NULL
4422	forma de bolo redonda N22		24.00	Geral	7898917307298	1.000	NULL
4423	FORMA DE BRIGADEIRO N°5 C/200 UN		2.00	FESTA	7898663780178	1.000	NULL
4424	forma de doce  personagens		2.00	Geral	7890090456312	1.000	NULL
4425	FORMA DE DOCE N 6		2.00	Geral	7898610100226	1.000	NULL
4426	forma de doce n 6		2.00	Geral	7898610100257	1.000	NULL
4427	FORMA DE DOCINHO		2.00	Geral	7898610101674	1.000	NULL
4428	forma de docinho plastico c 5		2.00	Geral	7898610100868	1.000	NULL
4429	FORMA DE EMPADA MARÍLIA N°1		4.00	ALUMINIO	7898687750058	1.000	NULL
4430	forma de gelo		3.60	Geral	7896952506157	1.000	NULL
4431	FORMA DE GELO		3.00	UTILIDADES	7899335403395	1.000	NULL
4432	FORMA DE GELO   SORTIDO ARIPLAS		3.00	Geral	7898958018825	1.000	NULL
4433	FORMA DE GELO  UNINJET VERDE		3.00	Geral	7899335405047	1.000	NULL
4434	FORMA DE GELO C 14 CAVIDADES		10.00	UTILIDADES	7898750052348	1.000	NULL
4435	FORMA DE PAO GRANDE		20.00	Geral	7898913194434	1.000	NULL
4436	FORMA DE PÃO GRANDE		20.00	Geral	NULL	1.000	NULL
4437	FORMA DE PÃO N 1 ALUMINIO		15.00	COZINHA	7898463541061	1.000	NULL
4438	FORMA DE PÃO PEQUENA		16.50	ALUMINIO	7898913194427	1.000	NULL
4439	FORMA DE PAPELPARA EMPADA N°0		3.00	Geral	7898610102411	1.000	NULL
4440	FORMA DE PASTEL  GRANDE		8.50	Geral	7898282400037	1.000	NULL
4441	FORMA DE PIZZA N 35 - 35CM X 3CM DE ALT		24.00	Geral	7898913194335	1.000	NULL
4442	FORMA DE PIZZA N°40		28.00	Geral	7898655330206	1.000	NULL
4443	FORMA DE PUDIM  16		12.00	Geral	7898653700636	1.000	NULL
4444	forma de pudim hotel n 24		30.00	Geral	7898653702418	1.000	NULL
4445	forma de pudim n 18		13.00	Geral	NULL	1.000	NULL
4446	forma de pudim n 18 fundo		18.00	ALUMINIO	7898917307342	1.000	NULL
4447	FORMA DE PUDIM N°20 REDAR 1,5 LTS		25.00	ALUMINIO	7898653701718	1.000	NULL
4448	FORMA DE PUDIM PLASTICO INPLAST		6.50	UTILIDADES	7897649766304	1.000	NULL
4449	forma de tubo n 28 aluminio		32.00	COZINHA	7898463540859	1.000	NULL
4450	FORMA DE VIDRO MARINEX 2,4L		38.00	VIDROS	7891155065005	1.000	NULL
4451	FORMA DOCE		2.00	Geral	7898610102534	1.000	NULL
4452	FORMA EMPADA 2		4.00	Geral	7898687750072	1.000	NULL
4453	FORMA N° 06 AMARELO		2.00	Geral	7898610100295	1.000	NULL
4454	FORMA N°0 C/30		4.00	Geral	7898663780550	1.000	NULL
4455	FORMA N°30 POLIDA F.F 4L		35.00	ALUMINIO	7898584431852	1.000	NULL
4456	FORMA N°6		2.00	Geral	7898610100288	1.000	NULL
4457	FORMA N°6 AZUL ESCURO		2.00	Geral	7898610100264	1.000	NULL
4458	FORMA N°6 VERMELHO FESTA		2.00	Geral	7898610100271	1.000	NULL
4459	FORMA P/ BOLO N°22		17.00	Geral	7898958515522	1.000	NULL
4460	FORMA P/ DOCINHO C/3		2.00	Geral	7898610100011	1.000	NULL
4461	FORMA P/DOCINHO		2.00	Geral	7898610101629	1.000	NULL
4462	FORMA PARA DOCINHO CRISTAL C/3 UNID		2.00	Geral	7898610101643	1.000	NULL
4463	FORMA PARA DOCINHO GRANDE VERMELHA 3 UNID		2.00	FESTA	7898610101216	1.000	NULL
4464	FORMA PLÁSTICA PARA GELO C 18 CAVIDADES		15.00	UTILIDADES	7898750052331	1.000	NULL
4465	FORMA POLIDA P/ PÃO N°2		15.00	Geral	7899011044058	1.000	NULL
4466	FORMA PORA EMPADA		2.50	Geral	7898610102428	1.000	NULL
4467	FORMA PRA DOCINHO ACRILICO		2.00	Geral	7898610101667	1.000	NULL
4468	FORMA REDONDA  ALTA FUNDO FALSO		14.00	Geral	7898653702760	1.000	NULL
4469	forma redonda  bolo		17.50	Geral	7898463541009	1.000	NULL
4470	FORMA REDONDA  MP N 24		21.00	Geral	7898463541023	1.000	NULL
4471	FORMA REDONDA DE BOLO N 18 CAMARGO		22.00	COZINHA	7898917309070	1.000	NULL
4472	FORMA REDONDA N°2		23.00	Geral	7898917307823	1.000	NULL
4473	FORMA SANDUICHEIRA ALUMINIO		18.50	UTILIDADES	7898958293208	1.000	NULL
4474	FORMA VULCAO ALUMINIO		33.70	Geral	7898463542006	1.000	NULL
4475	forminha		2.00	Geral	7890090456329	1.000	NULL
4476	FORMINHA DE BRIGADEIRO		2.00	Geral	7890090431326	1.000	NULL
4477	FORRO TÁBUA DE PASSAR LEO PLAST 1,20X45CM		25.00	UTILIDADES	7896396105206	1.000	NULL
4478	FORRO TERMICO P/ TABUA DE PASSAR		13.00	UTILIDADES	7896396105107	1.000	NULL
4479	FOUET BATE CLARAS INOX 29,5 CM		10.00	UTILIDADES	618231808946	1.000	NULL
4480	fouet de madeira		6.80	Geral	7897435103139	1.000	NULL
4481	FRANELA		4.00	Geral	NULL	1.000	NULL
4482	FRANJA PLISSADA		2.00	Geral	7898610100349	1.000	NULL
4483	FRANJA PLISSADA		2.00	Geral	7898610100325	1.000	NULL
4484	FRANJA PLISSADA		2.00	Geral	7898610100301	1.000	NULL
4485	FRANJA PLISSADA 1,2M PRATA		2.00	Geral	7898610100356	1.000	NULL
4486	FRATELLI		22.99	Geral	7899110657203	1.000	NULL
4487	FRIGIDEIRA		18.50	Geral	7896444652515	1.000	NULL
4488	FRIGIDEIRA   RAMOS 1,6		24.00	Geral	7896444652546	1.000	NULL
4489	frigideira  antiaderente    cereja tp vidro  n 24		80.00	COZINHA	7898463543249	1.000	NULL
4490	FRIGIDEIRA ALEGRETE		35.00	Geral	NULL	1.000	NULL
4491	FRIGIDEIRA ALEGRETE		30.00	Geral	NULL	1.000	NULL
4492	FRIGIDEIRA ALEGRETE TEFLON		60.00	Geral	NULL	1.000	NULL
4493	FRIGIDEIRA ANTIADERENTE		28.00	Geral	7898463542228	1.000	NULL
4494	FRIGIDEIRA ANTIADERENTE CEREJA C/ TAMPA N°18		49.99	ALUMINIO	7898463545564	1.000	NULL
4495	frigideira antiaderente cereja tp vidro n20		60.00	COZINHA	7898463543225	1.000	NULL
4496	FRIGIDEIRA ANTIADERENTE COM ESPÁTULA N 18		39.99	Geral	7898463542310	1.000	NULL
4497	FRIGIDEIRA ANTIADERENTE PRETA N°18		28.00	ALUMINIO	7898463542228	1.000	NULL
4498	FRIGIDEIRA C/ ACESSÓRIOS		39.99	BRINQUEDOS	7896965253116	1.000	NULL
4499	FRIGIDEIRA ENJOY OVO N°14 VERMELHA		15.00	ALUMINIO	7897103894123	1.000	NULL
4500	FRIGIDEIRA ENJOY RETA N°24 C/TAMPA DE VIDRO E ALÇA, VERMELHA		60.00	ALUMINIO	7897103802760	1.000	NULL
4501	FRIGIDEIRA EXTRA POLIDA		28.00	ALUMINIO	7898463540415	1.000	NULL
4502	FRIGIDEIRA FRANCESA N°18		36.00	ALUMINIO	7898917307946	1.000	NULL
4503	FRIGIDEIRA FRANCESA N°20		35.50	ALUMINIO	7898917307953	1.000	NULL
4504	FRIGIDEIRA FRANCESA N°22		45.00	ALUMINIO	7898917307960	1.000	NULL
4505	FRIGIDEIRA FRITANELLA ANTIADERENTE 1,6L		24.00	Geral	7896444652591	1.000	NULL
4506	FRIGIDEIRA FRITANELLA CINZA N 16		17.50	ALUMINIO	7896444652508	1.000	NULL
4507	FRIGIDEIRA MARCOLAR		80.00	ALUMINIO	7896856314612	1.000	NULL
4508	FRIGIDEIRA N16 FRITANELLA ANTIAD. GRAFITE		17.50	ALUMINIO	7896444652553	1.000	NULL
4509	FRIGIDEIRA N18 ANTIAD. GRAFITE		18.50	ALUMINIO	7896444652560	1.000	NULL
4510	FRIGIDEIRA N20 FRITANELLA ANTIAD. GRAFITE		20.50	ALUMINIO	7896444652577	1.000	NULL
4511	FRIGIDEIRA N20 FRITANELLA CINZA		20.50	ALUMINIO	7896444652522	1.000	NULL
4512	FRIGIDEIRA N22 ANTIAD. CINZA		22.00	ALUMINIO	7896444652539	1.000	NULL
4513	FRIGIDEIRA N22 FRITANELLA ANTIAD. GRAFITE		22.00	ALUMINIO	7896444652584	1.000	NULL
4514	FRIGIDEIRA PRETA N 18		39.99	Geral	7898463542198	1.000	NULL
4515	FRONHA DE TRAVESSEIRO		7.00	Geral	NULL	1.000	NULL
4516	FRONHA DE TRAVESSEIRO COLORIDA		7.50	Geral	NULL	1.000	NULL
4517	FRONHA P/ TRAVESSEIRO 50X70cm		8.50	CAMA, MESA E BANHO	7898941549039	1.000	NULL
4518	FRONHA SABI PAR C/2		15.00	CAMA, MESA E BANHO	7898934333324	1.000	NULL
4519	FRUTEIRA		17.00	UTILIDADES	7898264718167	1.000	NULL
4520	fruteira 3 cestas		45.00	Geral	7896679704546	1.000	NULL
4521	FRUTEIRA 3 CESTOS REDONDOS		65.00	UTILIDADES	NULL	1.000	NULL
4522	FRUTEIRA ALUMINIO C/3 CESTOS REDONDOS		65.00	Geral	7896557272716	1.000	NULL
4523	FRUTEIRA CESTO REDONDO C/3 PLASNEW		35.00	Geral	7897848703537	1.000	NULL
4524	fruteira de 4 andar		36.00	Geral	NULL	1.000	NULL
4525	FRUTEIRA DE ALUMINIO 3 CESTOS RED.		65.00	Geral	7896557272723	1.000	NULL
4526	FRUTEIRA DE MADEIRA		98.00	Geral	NULL	1.000	NULL
4527	FRUTEIRA DE MESA		9.00	UTILIDADES	7898378692766	1.000	NULL
4528	FRUTEIRA DE MESA FIRENZE STANDART		25.00	Geral	7897698208008	1.000	NULL
4529	FRUTEIRA DUPLA CROMO		35.00	Geral	7898902578788	1.000	NULL
4530	fruteira mb pret c cinza		25.00	Geral	NULL	1.000	NULL
4531	FRUTEIRA ORGANIZADORA ARQPLAST PRETA		50.00	Geral	NULL	1.000	NULL
4532	FRUTEIRA OVAL INPLAST		9.00	UTILIDADES	7897649769367	1.000	NULL
4533	FRUTEIRA QUADRADA 4 ANDARES		36.00	Geral	NULL	1.000	NULL
4534	fruteira redonda 4 andares		36.00	Geral	7899335403753	1.000	NULL
4535	FRUTEIRA TRÊS ANDAR QUADRADA BRANCA		30.00	Geral	NULL	1.000	NULL
4536	FRUTEIRA TRES ANDAR REDONDA		30.00	Geral	7899335403746	1.000	NULL
4537	fue  vermelho silicone		12.00	Geral	NULL	1.000	NULL
4538	FULL;1031		80.00	Geral	NULL	1.000	NULL
4539	fundo  incolor		2.00	Geral	7898912733184	1.000	NULL
4540	FUNDO RENDADO		2.00	Geral	7890806200222	1.000	NULL
4541	FUNIL		3.00	Geral	7899809001782	1.000	NULL
4542	FUNIL   PLASTICO G		6.00	UTILIDADES	7898936774088	1.000	NULL
4543	FUNIL  EXTRA		6.00	COZINHA	7898109501312	1.000	NULL
4544	FUNIL CONJ. P.M.G		3.00	Geral	7899809001799	1.000	NULL
4545	FUNIL L&T		2.00	Geral	7898631222297	1.000	NULL
4546	FUNIL PEQ PRETO		1.50	Geral	NULL	1.000	NULL
4547	FUNIL PLAST. MEDIO 11CM DIAM. X 15CM ALT		2.50	Geral	7897659600605	1.000	NULL
4548	FUNIL PLASTICO MEDIO 11X15cm ROXO/VERDE		4.00	UTILIDADES	7893835298819	1.000	NULL
4549	FUNNY BLOCKS CREATIVE SERIES		30.00	BRINQUEDOS	7892023238866	1.000	NULL
4550	FURA COCO		13.50	UTILIDADES	7897839700910	1.000	NULL
4551	FURADOR DE COCO LAUREL		11.70	UTILIDADES	7898505901303	1.000	NULL
4552	FURGÃO DE BRINQUEDO		8.00	BRINQUEDOS	7897063707280	1.000	NULL
4553	fusca carrinho se diverplas		9.00	Geral	7897063707709	1.000	NULL
4554	GACHO ADESIVO PLAST		6.50	Geral	7898750053307	1.000	NULL
4555	GANCHO A		9.00	Geral	NULL	1.000	NULL
4556	GANCHO A PEQUENO		6.00	Geral	NULL	1.000	NULL
4557	GANCHO A PEQUENO		7.00	Geral	NULL	1.000	NULL
4558	gancho adesivo		8.00	Geral	7899605708755	1.000	NULL
4559	GANCHO ADESIVO PLÁSTICO		6.50	UTILIDADES	7898750053291	1.000	NULL
4560	GANCHO C 3		7.00	Geral	7899850329903	1.000	NULL
4561	GANCHO COM3 PEÇAS		9.00	Geral	7892019061430	1.000	NULL
4562	GANCHO DE CORRENTES		8.00	Geral	NULL	1.000	NULL
4563	GANCHO DUPLO 2KG CLINK		11.00	Geral	7899850359078	1.000	NULL
4564	GANCHO SOLTO		7.50	Geral	NULL	1.000	NULL
4565	GANCHOS ADESIVOS SHOCK IMPORTS		8.00	UTILIDADES	7899605708748	1.000	NULL
4566	GAQRRAFA P/GELADEIRA 2L TRANSP		7.00	Geral	7895099930627	1.000	NULL
4567	garafa de cafe  7,50		48.00	Geral	7898955019733	1.000	NULL
4568	GARDA CHUVA		20.00	Geral	NULL	1.000	NULL
4569	GARFINHO DE FESTA		2.00	FESTA	7898610101247	1.000	NULL
4570	GARFINHO VERMELHO		2.00	Geral	7898610101544	1.000	NULL
4571	GARFINHO VERMELHO 12 UNID		2.00	Geral	7898610100769	1.000	NULL
4572	GARFO		3.00	Geral	7898505944843	1.000	NULL
4573	GARFO  de mesa simonagio		3.00	Geral	NULL	1.000	NULL
4574	GARFO  REFEIÇÃO C 10 TRANSPARENTE C 10		4.00	kit FESTA	7898663780123	1.000	NULL
4575	GARFO  REFEIÇÃO C 50 UNIDADES  MAXPLASTIC		7.00	FESTA	7898907791014	1.000	NULL
4576	GARFO  solto metal		4.00	Geral	NULL	1.000	NULL
4577	GARFO AMARELO		2.00	Geral	7898610100776	1.000	NULL
4578	GARFO AZUL		3.00	Geral	7898505944874	1.000	NULL
4579	GARFO AZUL C/12 UNID		2.00	FESTA	7898610100714	1.000	NULL
4580	GARFO BRANCO		2.00	Geral	7898610100721	1.000	NULL
4581	GARFO CRISTAL		2.00	kitfesta	7898610100738	1.000	NULL
4582	GARFO DE MESA		11.50	UTILIDADES	7899751109802	1.000	NULL
4583	GARFO DE MESA 6PÇS		11.50	UTILIDADES	7898743880569	1.000	NULL
4584	GARFO DE MESA INOX		5.00	COZINHA	7899701846733	1.000	NULL
4585	GARFO DE METAL		4.00	Geral	NULL	1.000	NULL
4586	GARFO DE REFEIÇÃO C/50 UNID CRISTAL		7.00	Geral	NULL	1.000	NULL
4587	garfo descartavel transp.		4.00	Geral	NULL	1.000	NULL
4588	GARFO DESCATAVEL		2.00	Geral	7898610101339	1.000	NULL
4589	GARFO INOX		3.00	Geral	7898505944904	1.000	NULL
4590	GARFO INOX ORIGINAL LINE		3.80	UTILIDADES	7899751108195	1.000	NULL
4591	GARFO MESA INOX ORIGINAL		4.00	Geral	7899653779431	1.000	NULL
4592	GARFO PRETO		3.00	Geral	7898505944812	1.000	NULL
4593	GARFO QUALITY HOUSE AÇO INOX		4.00	Geral	7898690150371	1.000	NULL
4594	GARFO REFEIÇÃO  TRANSPARENTE C 40		8.00	FESTA	7898663781571	1.000	NULL
4595	GARFO REFEIÇAO 10 UNID		3.00	Geral	7898610100783	1.000	NULL
4596	GARFO REFEIÇÃO C 20  REFORÇADO		8.00	kit FESTA	7898663781557	1.000	NULL
4597	GARFO REFEIÇAO FESTA		4.00	FESTA	7898610101773	1.000	NULL
4598	GARFO REFEIÇÃO TRANSPARENTE C/40		7.50	FESTA	7898663781564	1.000	NULL
4599	GARFO ROSA		2.00	Geral	7898610100745	1.000	NULL
4600	GARFO SOBREMESA		2.50	Geral	NULL	1.000	NULL
4601	GARFO SOLTO		2.50	Geral	NULL	1.000	NULL
4602	GARFO SOLTO		3.00	Geral	NULL	1.000	NULL
4603	GARFO SOLTO		4.00	Geral	NULL	1.000	NULL
4604	GARFO SOMEMESA C/10 CORES VARIADAS		2.00	FESTA	7898663780116	1.000	NULL
4605	garfo tauner c 3		8.00	Geral	NULL	1.000	NULL
4606	GARFO VERDE C/12UNID		2.00	Geral	7898610100752	1.000	NULL
4607	gargantilha		15.00	Geral	NULL	1.000	NULL
4608	GARRAFA		7.00	Geral	NULL	1.000	NULL
4609	GARRAFA		12.00	Geral	NULL	1.000	NULL
4610	GARRAFA   INFINITY NEON 1 L		20.00	ESCOLAR	7899869501307	1.000	NULL
4611	GARRAFA   PRETA COLORS 1 L		20.00	Geral	NULL	1.000	NULL
4612	garrafa   unitermi   PRESSÃO   VERONA   1L		55.00	Geral	7898955019535	1.000	NULL
4613	garrafa  DE CAFE  UNITERMI 1 L		46.00	Geral	NULL	1.000	NULL
4614	GARRAFA  DITOY  650  ML		10.00	Geral	7896187113830	1.000	NULL
4615	garrafa  minie		22.00	Geral	7891301019364	1.000	NULL
4616	garrafa  palmeiras		9.99	ESCOLAR	7896103460130	1.000	NULL
4617	garrafa  quadrada 700 ml plasútil		20.00	Geral	7899808864678	1.000	NULL
4619	GARRAFA 250 ML ROSA		40.00	Geral	7891023550565	1.000	NULL
4620	GARRAFA 250ML C/ PERSONAGENS -A		7.00	Geral	7897659632910	1.000	NULL
4621	GARRAFA 300ML		15.00	Geral	NULL	1.000	NULL
4622	GARRAFA 600 ML		15.00	UTILIDADES	7899869500843	1.000	NULL
4623	GARRAFA ACRILICO COLORS 600 ML		10.00	UTILIDADES	6923298577952	1.000	NULL
4624	garrafa aladim  500 ml		45.00	UTILIDADES	7891108030289	1.000	NULL
4625	GARRAFA ALADIM 1 LITRO		45.00	Geral	7820108030272	1.000	NULL
4626	garrafa aladim 1 litro colors		40.00	Geral	7891108020631	1.000	NULL
4627	GARRAFA ALADIN 1,0L  BRANCA		50.00	Geral	7891108032641	1.000	NULL
4628	GARRAFA ALADIN 750 ML VERDE		36.00	Geral	7891108030210	1.000	NULL
4629	GARRAFA ALADIN 750 ML VERDE		36.00	Geral	7891108020495	1.000	NULL
4630	GARRAFA ALADIN DE MESA  PRIMAVERA		50.00	UTILIDADES	7891108032399	1.000	NULL
4631	garrafa amo vc		20.00	Geral	7908174966302	1.000	NULL
4632	GARRAFA BATMAN 450 ML		8.00	UTILIDADES	7897659607819	1.000	NULL
4633	GARRAFA BICHOS		15.00	Geral	7896908239214	1.000	NULL
4634	GARRAFA BUTTERCUP VERDE		15.00	Geral	7896908256211	1.000	NULL
4635	GARRAFA COLORIDA 2L		30.00	Geral	NULL	1.000	NULL
4636	GARRAFA COLORIDA 2L AZUL/ROSA		20.00	Geral	NULL	1.000	NULL
4637	GARRAFA COLORIDA 2L CINZA/ROXO/PRETO		20.00	Geral	7802023001155	1.000	NULL
4638	GARRAFA COLORIDA GRANDE FRASES		25.00	Geral	NULL	1.000	NULL
4639	GARRAFA COLORIDA INFANTIL		20.00	Geral	NULL	1.000	NULL
4640	GARRAFA COLORIDA MEDIA FRASES		20.00	Geral	NULL	1.000	NULL
4641	GARRAFA COLORIDA MEDIA FRASES		15.00	Geral	NULL	1.000	NULL
4642	GARRAFA COLORIDA PEQUENA		10.00	Geral	NULL	1.000	NULL
4643	garrafa colors		25.00	Geral	NULL	1.000	NULL
4644	garrafa corinthias		10.00	ESCOLAR	7896103460116	1.000	NULL
4645	garrafa d café  termolar 1 litro		35.00	Geral	7891023547794	1.000	NULL
4646	GARRAFA D'ÁGUA 2 LITROS FRUTAS		10.00	PLASTICOS	7897659602708	1.000	NULL
4647	GARRAFA DE AGUA  5 L		80.00	Geral	7896021989102	1.000	NULL
4648	GARRAFA DE AGUA ICE		9.60	UTILIDADES	7897659601909	1.000	NULL
4649	GARRAFA DE AGUÁ JAGUAR 1,5		7.00	PLASTICOS	7896952514701	1.000	NULL
4650	GARRAFA DE AGUA JAGUAR 3,5 LTS		17.50	PLASTICOS	7896952530039	1.000	NULL
4651	GARRAFA DE ALUMINIO C/3 COPOS		40.00	Geral	7898731518481	1.000	NULL
4652	garrafa de cafe		45.00	Geral	7896021912858	1.000	NULL
4653	GARRAFA DE CAFÉ  MOR  1 LITRO		30.00	Geral	7898580991619	1.000	NULL
4654	garrafa de café  mor 1 litro		30.00	Geral	7898580991756	1.000	NULL
4655	GARRAFA DE CAFÉ  SOPRANO 1 LITRO SORTIDA		60.00	COZINHA	7896021912537	1.000	NULL
4656	garrafa de café  termolar bule		60.00	Geral	7891023572314	1.000	NULL
4657	GARRAFA DE CAFÉ  VISTA HOME BEJE 1 L		80.00	Geral	NULL	1.000	NULL
4658	GARRAFA DE CAFÉ 1,0L VENEZA		50.00	Geral	7898955019528	1.000	NULL
4659	garrafa de café 300 ml		30.00	Geral	NULL	1.000	NULL
4660	garrafa de cafe aladdin 500ml		45.00	COZINHA	7891108033020	1.000	NULL
4661	GARRAFA DE CAFÉ ALADIM 1 L		45.00	Geral	7891108030272	1.000	NULL
4662	garrafa de café com cabo		60.00	Geral	NULL	1.000	NULL
4663	garrafa de café inox  420 ml   flash keep		45.00	UTILIDADES	7908470605011	1.000	NULL
4664	GARRAFA DE CAFÉ MOR  1L AZUL		30.00	UTILIDADES	7898580991626	1.000	NULL
4665	GARRAFA DE CAFÉ MUNDIAL 1L		35.00	UTILIDADES	7891023027005	1.000	NULL
4666	GARRAFA DE CAFÉ PRETO  1 LITRO COM CABO		80.00	Geral	NULL	1.000	NULL
4667	GARRAFA DE CAFE SOPRANO		45.00	Geral	7896021906475	1.000	NULL
4668	GARRAFA DE CAFE SOPRANO  250 ML		45.00	Geral	7896021905935	1.000	NULL
4669	garrafa de café soprano 1 l		45.00	Geral	7896021901715	1.000	NULL
4670	GARRAFA DE CAFE SUPERTERMO 5L		60.00	COZINHA	7891023563640	1.000	NULL
4671	garrafa de café termica 1 litro preta com cabo bambu nixhouse		60.00	UTILIDADES	NULL	1.000	NULL
4672	GARRAFA DE CAFE TERMOLAR 1L		85.00	Geral	7891023073613	1.000	NULL
4673	garrafa de café unitermi		45.00	Geral	NULL	1.000	NULL
4674	GARRAFA DE CAFÉ UNITERMI ROMA  1,0L		46.00	Geral	7898955019504	1.000	NULL
4675	GARRAFA DE CAFÉ/AGUA INVICTA		45.00	Geral	NULL	1.000	NULL
4676	GARRAFA DE INOX		60.00	Geral	NULL	1.000	NULL
4677	GARRAFA DE MESA ALADDIN 500 ML		45.00	UTILIDADES	7891108032306	1.000	NULL
4678	GARRAFA DE MESA P/CAFE TERMOLAR 500ML		85.00	Geral	7891023529998	1.000	NULL
4679	GARRAFA DE MESA ROMA 1L UNITERMI		45.00	UTILIDADES	7898955019030	1.000	NULL
4680	GARRAFA DE MESA TERMOLAR 1L		35.00	Geral	7891023074894	1.000	NULL
4681	GARRAFA DE MESA UNITERMI  250 ML		35.00	Geral	7898955019559	1.000	NULL
4682	GARRAFA DE MESA VERSATILE 1L		40.00	UTILIDADES	7891023567655	1.000	NULL
4683	garrafa de personagens infantil		5.50	Geral	7897659656190	1.000	NULL
4684	garrafa de vidro aguá newell		20.00	Geral	7891691009815	1.000	NULL
4685	garrafa ditoy		16.00	Geral	NULL	1.000	NULL
4686	garrafa e café soprano  250 ml		40.00	Geral	7896021900077	1.000	NULL
4687	GARRAFA FROZEN 450ML SQUEEZE		7.00	UTILIDADES	7897659612608	1.000	NULL
4688	GARRAFA GELADEIRA 2 LT COLOUR		7.00	UTILIDADES	7895099930702	1.000	NULL
4689	GARRAFA HOMEFLEX 1 LITRO		35.00	Geral	7899869501390	1.000	NULL
4690	GARRAFA HOMEM ARANHA 450ML		8.00	UTILIDADES	7897659621006	1.000	NULL
4691	garrafa infantil		5.50	Geral	7897659623413	1.000	NULL
4692	GARRAFA INFANTIL		6.00	Geral	7897659676211	1.000	NULL
4693	GARRAFA INFANTIL MICKEY  TIBA		7.00	Geral	7896103473499	1.000	NULL
4694	GARRAFA INFANTIL NOVA		20.00	Geral	NULL	1.000	NULL
4695	garrafa infantil personagens		5.50	Geral	7897659696400	1.000	NULL
4696	GARRAFA INFANTIL PERSONAGENS		5.50	UTILIDADES	7897659656213	1.000	NULL
4697	garrafa infantil personagens  250 ML		8.50	UTILIDADES	7897659612516	1.000	NULL
4698	GARRAFA INFANTIL SQUESE  250 ML		5.50	Geral	7897659656206	1.000	NULL
4699	garrafa invicta  vermelho		20.00	UTILIDADES	7891691184314	1.000	NULL
4700	garrafa invicta 1 litro preta		20.00	UTILIDADES	7891691284311	1.000	NULL
4701	GARRAFA INVICTA 3 LITROS		68.00	Geral	NULL	1.000	NULL
4702	garrafa jaguar  1 litro		8.50	Geral	NULL	1.000	NULL
4703	GARRAFA LIGA DA JUSTIÇA 250 ML		8.50	UTILIDADES	7897659606911	1.000	NULL
4704	GARRAFA LIGA DA JUSTIÇA 450 ML		8.00	UTILIDADES	7897659606812	1.000	NULL
4705	garrafa love tiba 600 ml		8.50	Geral	7896103460741	1.000	NULL
4706	GARRAFA MARVEL COM TUBO DE GELO		16.50	UTILIDADES	7897659652499	1.000	NULL
4707	GARRAFA MICKEY MOUSE		8.00	Geral	7897659676235	1.000	NULL
4708	GARRAFA MOR  500 ML VERDEDE PRESSÃO		45.00	Geral	7896020697398	1.000	NULL
4709	GARRAFA MOR 500 ML DE PRESSÃO PRETA		45.00	Geral	7896020694533	1.000	NULL
4710	GARRAFA MORINGA 1,3 L		7.00	Geral	7896187423083	1.000	NULL
4711	garrafa na caixa vacuum flask set		40.00	Geral	NULL	1.000	NULL
4712	garrafa neon  laranja i litro		35.00	Geral	7899869501383	1.000	NULL
4713	GARRAFA NEON 1L HOMEFLEX PET		35.00	Geral	7899869501369	1.000	NULL
4714	GARRAFA P/ GELADEIRA 1,75 LTS TRANSPARENTE		7.00	PLASTICOS	7895099932010	1.000	NULL
4715	GARRAFA P/GELADEIRA 1,750 L		7.00	Geral	7898625851120	1.000	NULL
4716	GARRAFA PARA GELADEIRA 2 LTS TRANSPARENTE		7.00	PLASTICOS	7895099930696	1.000	NULL
4717	GARRAFA PEQUENA PRETA		10.00	Geral	NULL	1.000	NULL
4718	GARRAFA PET SQUEEZE PLASTICA 750ML		8.50	UTILIDADES	7895099932140	1.000	NULL
4719	GARRAFA PRETA BASIC HOMEFLEX 1L		18.90	UTILIDADES	7899869501604	1.000	NULL
4720	GARRAFA RIO 1 LITRO VIVA		25.00	VIDROS	7898721351258	1.000	NULL
4721	GARRAFA ROSA		14.00	Geral	7896908214150	1.000	NULL
4722	GARRAFA RUN YOUR OWN PACE		10.00	UTILIDADES	7896103471242	1.000	NULL
4723	GARRAFA SLEEVE 450 ML		6.00	Geral	7897659656626	1.000	NULL
4724	GARRAFA SLEEVE UNICORNIO 250 ML		5.50	Geral	7897659657876	1.000	NULL
4725	GARRAFA SLEEVE UNICORNIO 450 ML		7.00	Geral	7897659657869	1.000	NULL
4726	GARRAFA SOPRANO 1 LITRO		45.00	Geral	NULL	1.000	NULL
4727	GARRAFA SOPRANO 250		45.00	Geral	NULL	1.000	NULL
4728	GARRAFA SOPRANO 5 LITROS		80.00	Geral	NULL	1.000	NULL
4729	GARRAFA SPORT BOTTLE		80.00	Geral	NULL	1.000	NULL
4730	GARRAFA SQUEEZE 500 ML		8.00	UTILIDADES	7895099932249	1.000	NULL
4731	GARRAFA SQUEEZE ATENAS TRASNPARENTE  500 ML		20.00	Geral	7896103476247	1.000	NULL
4732	GARRAFA SQUEEZE PET MICKEY MOUSE		20.00	Geral	7897659664911	1.000	NULL
4733	GARRAFA SQUEEZE SLEEVE STITCH 250ML		8.50	UTILIDADES	7897659636512	1.000	NULL
4734	garrafa squeze 600 ml colors		15.00	Geral	7899701833894	1.000	NULL
4735	GARRAFA SQUEZEE		20.00	Geral	NULL	1.000	NULL
4736	GARRAFA SQUEZEE HYRA AZUL		10.00	Geral	7896908218752	1.000	NULL
4737	garrafa term de mesa		45.00	Geral	7891108020587	1.000	NULL
4738	GARRAFA TERMICA		40.00	Geral	7898955019474	1.000	NULL
4739	GARRAFA TERMICA  DE AGUA  ROSA CLARO   1 L   VACUUM BOTTLE		80.00	UTILIDADES	NULL	1.000	NULL
4740	garrafa termica 500 ml   home presentes		50.00	Geral	7898998771087	1.000	NULL
4741	garrafa termica 600 ml		60.00	Geral	7898998592002	1.000	NULL
4742	GARRAFA TERMICA ALADIN 1L		45.00	UTILIDADES	7891108035321	1.000	NULL
4743	GARRAFA TERMICA BULE TRAMONTINA PRETA		45.00	UTILIDADES	7891116169544	1.000	NULL
4744	GARRAFA TERMICA BULE VERMELHA		45.00	UTILIDADES	7891116169551	1.000	NULL
4745	GARRAFA TERMICA CRISTAL 1L		45.00	Geral	7896021901876	1.000	NULL
4746	GARRAFA TERMICA DE AGUÁ 1 L BEER PINTS PRETA		80.00	UTILIDADES	7892312562016	1.000	NULL
4747	garrafa termica de inox 500ml		60.00	Geral	7898998521408	1.000	NULL
4748	GARRAFA TERMICA DE MESA		45.00	Geral	7891108020655	1.000	NULL
4749	GARRAFA TERMICA DE MESA ALADDIN		45.00	Geral	7891108030968	1.000	NULL
4750	GARRAFA TÉRMICA DE MESA LOTUS 500ml CORES		45.00	UTILIDADES	7896021911387	1.000	NULL
4751	GARRAFA TÉRMICA DE MESA SATURNO MOR 1L		30.00	Geral	7898580991763	1.000	NULL
4752	GARRAFA TERMICA FANO KIDS		30.00	UTILIDADES	7898961930138	1.000	NULL
4753	GARRAFA TÉRMICA INOX C CAIXA		40.00	Geral	NULL	1.000	NULL
4754	GARRAFA TÉRMICA PORTÁTIL 250ml		45.00	UTILIDADES	7896359036028	1.000	NULL
4755	garrafa termica preta		80.00	Geral	7890000829809	1.000	NULL
4756	GARRAFA TERMICA UNITERMI 750 ML		40.00	UTILIDADES	7898955019054	1.000	NULL
4757	garrafa termolar  preta 1 litro		85.00	UTILIDADES	7891023087009	1.000	NULL
4758	GARRAFA TERMOLAR 1 LITRO		85.00	Geral	NULL	1.000	NULL
4759	GARRAFA TERMOLAR 250 ML BRANCA		39.99	Geral	7891023570136	1.000	NULL
4760	GARRAFA TERMOLAR 250 ML PRETA		36.00	Geral	7891023547213	1.000	NULL
4761	GARRAFA TERMOLAR BULE 1L		60.00	Geral	7891023572345	1.000	NULL
4762	garrafa termolar preta 1l		35.00	Geral	7891023547282	1.000	NULL
4763	GARRAFA TIBA BEBA MAIS AGUA		20.00	Geral	7896103476223	1.000	NULL
4764	garrafa times		9.99	Geral	7896103460215	1.000	NULL
4765	garrafa times santos		9.99	Geral	7896103460154	1.000	NULL
4766	GARRAFÃO  PRO   AZUL		50.00	Geral	7891691399756	1.000	NULL
4767	garrafâo  termico 3 l  invicta		60.00	Geral	7891691399732	1.000	NULL
4768	GARRAFÃO TERMICO 5L		60.00	UTILIDADES	7891691399749	1.000	NULL
4769	GARRAFINHA AZUL MICKEY		20.00	Geral	NULL	1.000	NULL
4770	GARRAFINHA INFANTIL 250ML		7.00	UTILIDADES	7897659676174	1.000	NULL
4771	GARRAFINHA INFANTIL STITCH		20.00	Geral	7897659635874	1.000	NULL
4772	GARRAFINHA NOVA COM ALÇA		20.00	Geral	NULL	1.000	NULL
4773	GARRAFINHA ROSA PRINCESAS		20.00	Geral	NULL	1.000	NULL
4774	GARRAFINHA SLEEVE MICKEY		8.50	UTILIDADES	7897659676150	1.000	NULL
4775	GARRAFINHA SQUEEZE SLEEVE MARRIE		10.00	Geral	7897659604818	1.000	NULL
4776	GARRAFINHA SQUEEZE SLEEVE PRINCESAS 250ML		8.50	UTILIDADES	7897659676457	1.000	NULL
4777	GARRAFINHA VERMELHA MICKEY		20.00	Geral	NULL	1.000	NULL
4778	GARRAGA ALADIN PRETA 1,0L		40.00	COZINHA	7891108020624	1.000	NULL
4779	GARRFA DE AGUÁ		14.00	Geral	7896908215164	1.000	NULL
4780	GARRFINHA INFANTIL		7.00	Geral	NULL	1.000	NULL
4781	garrrafa de cafe		30.00	Geral	NULL	1.000	NULL
4782	GATILHO DE ESGUICHO P/ MANGUEIRA		9.00	UTILIDADES	7898955345177	1.000	NULL
4783	GATO CHORAO		20.00	BRINQUEDOS	7896464701323	1.000	NULL
4784	GEL LELECA		6.00	Geral	7898994125914	1.000	NULL
4785	GEL LELECA BAILARINA		20.00	Geral	NULL	1.000	NULL
4786	GELADEIRINHA CASINHA DOS SONHOS		12.00	BRINQUEDOS	7898921701174	1.000	NULL
4787	GILETE  PRESTOBARBAS AZUL PAR		8.00	Geral	7500435154420	1.000	NULL
4788	GILETE LORD		3.00	Geral	6222001551013	1.000	NULL
4789	GILETE MASTER BARBA		3.00	Geral	7897609901523	1.000	NULL
4790	gilete wilson		4.00	Geral	NULL	1.000	NULL
4791	GIRLS DOCTOR SET ROSA		15.00	Geral	7899605735706	1.000	NULL
4792	GIRLS JEANS NOVA COLECAO		98.00	BRINQUEDOS	7898283854877	1.000	NULL
4793	GIRO-HELICE		2.00	Geral	7898610101063	1.000	NULL
4794	GIZ AVULSO		0.50	Geral	NULL	1.000	NULL
4795	giz de cera 12		7.00	Geral	7891153005423	1.000	NULL
4796	GIZ DE CERA 12UNID ABELHINHAS		5.00	PAPELARIA	7891153090122	1.000	NULL
4797	giz de cera acrilex c 12 un		8.00	Geral	7891153005249	1.000	NULL
4798	giz de cera pequeno		5.00	Geral	7897254133966	1.000	NULL
4799	giz de cera pequeno		2.00	Geral	7898922797060	1.000	NULL
4800	GIZ DE LOUSA SOLTO		0.50	Geral	NULL	1.000	NULL
4801	GIZ ESCOLAR BRANCO CAIXA		6.00	ESCOLAR	7897464700019	1.000	NULL
4802	GIZ ESCOLAR BRANCO SOLTO		0.50	Geral	NULL	1.000	NULL
4803	GIZ MARACANÃ CAIXA FECHADA C/50 UNID		7.00	Geral	7898349583307	1.000	NULL
4804	GIZAO DE CERA		8.00	Geral	40232714917	1.000	NULL
4805	GIZÃO DE CERA STARSCHOOL		7.00	PAPELARIA	7897254133980	1.000	NULL
4806	gliter		2.00	Geral	NULL	1.000	NULL
4807	gliter novo acrilico d unha		4.00	Geral	NULL	1.000	NULL
4808	gliter roxo		4.00	Geral	NULL	1.000	NULL
4809	gliter sortidos		2.00	Geral	NULL	1.000	NULL
4810	GLITTER		2.00	Geral	7898461574559	1.000	NULL
4811	GLITTER ACQUARELA		1.00	Geral	NULL	1.000	NULL
4812	GLITTER ACQUARELA		2.00	Geral	NULL	1.000	NULL
4813	GLITTER AZUL CLARO		1.00	PAPELARIA	7898286945046	1.000	NULL
4814	GLITTER AZUL ESCURO		2.00	PAPELARIA	7898286945053	1.000	NULL
4815	GLITTER BRANCO		1.00	Geral	NULL	1.000	NULL
4816	GLITTER BRANCO		4.00	Geral	NULL	1.000	NULL
4817	GLITTER BRONZE 3g		1.00	PAPELARIA	7898286945114	1.000	NULL
4818	GLITTER LARANJA 3g		1.00	PAPELARIA	7898286945145	1.000	NULL
4819	GLITTER OURO 3g		1.00	PAPELARIA	7898286945015	1.000	NULL
4820	GLITTER PRATA 3g		1.00	PAPELARIA	7898286945008	1.000	NULL
4821	GLITTER PRATA GRANDE		4.00	Geral	NULL	1.000	NULL
4822	GLITTER PRETO		1.00	Geral	NULL	1.000	NULL
4823	GLITTER PRETO 3g		1.00	PAPELARIA	7898286945107	1.000	NULL
4824	GLITTER ROSA 3g		2.00	Geral	NULL	1.000	NULL
4825	GLITTER ROSA 3g		2.00	PAPELARIA	7898286945060	1.000	NULL
4826	GLITTER ROSA CLARO		1.00	Geral	7898286945121	1.000	NULL
4827	GLITTER ROSA CLARO 3g		1.00	PAPELARIA	7898286945077	1.000	NULL
4828	GLITTER ROSE		1.00	Geral	7898286940850	1.000	NULL
4829	GLITTER ROXO		1.00	Geral	7898286945084	1.000	NULL
4830	GLITTER VERDE		2.00	Geral	7898461574450	1.000	NULL
4831	GLITTER VERDE 3g		1.00	PAPELARIA	7898286945022	1.000	NULL
4832	GLITTER VERMELHO		1.00	PAPELARIA	7898286945039	1.000	NULL
4833	GONGONZELA		15.00	Geral	NULL	1.000	NULL
4834	GRAFITE		3.00	Geral	NULL	1.000	NULL
4835	grafite 0,5		2.00	Geral	7896326908938	1.000	NULL
4836	grafite 0,7		2.00	Geral	7890535073029	1.000	NULL
4837	grafite 0,7		3.00	Geral	NULL	1.000	NULL
4838	GRAFITE 0.5 SEKICH		2.00	Geral	6920930318881	1.000	NULL
4839	GRAFITE 0.7 CLASSE HB		2.00	Geral	NULL	1.000	NULL
4840	GRAFITE 0.7 GATTE		2.00	Geral	7897771081115	1.000	NULL
4841	grafite 2.0		2.00	Geral	7896326926550	1.000	NULL
4842	GRAFITE DE LAPIZEIRA 0.7 MAPED		6.00	PAPELARIA	3154145604306	1.000	NULL
4843	GRAFITE GATTE 0.7		2.00	Geral	7897771081108	1.000	NULL
4844	GRAFITE GOLLER 0.5		2.00	Geral	7897185939187	1.000	NULL
4845	grafite0,7import		3.00	Geral	NULL	1.000	NULL
4846	GRAMPEADOR CLASSE		7.00	Geral	6931043399155	1.000	NULL
4847	GRAMPEADOR GOLLER METAL 26/6		28.00	Geral	7897185957884	1.000	NULL
4848	GRAMPEADOR IT BLUE		25.00	ESCRITÓRIO	7908125203449	1.000	NULL
4849	GRAMPEADOR PEQ CIS OFFICE		20.00	PAPELARIA	7896326923153	1.000	NULL
4850	GRAMPO DE CABELO LA LUPE		8.00	Geral	7897018800226	1.000	NULL
4851	GRAMPOS 26/6 OFFICE CIS		15.00	Geral	7896326999547	1.000	NULL
4852	GRAMPOS BACCHI		6.00	ESCRITÓRIO	7897849621519	1.000	NULL
4853	grampos bacchi 1000 uni		4.00	Geral	7897849621526	1.000	NULL
4854	grampos bacchi 5000 uni		15.00	Geral	7897849621601	1.000	NULL
4855	GRAMPOS DE CABELO		4.00	Geral	7895000503650	1.000	NULL
4856	GRAMPOS TOT PEQUENOS C/1000 UNID		4.00	PAPELARIA	7897849621540	1.000	NULL
4857	granpeador    goller		25.00	Geral	7897185957952	1.000	NULL
4858	GRANPEADOR   G E 10 36		33.00	ESCRITÓRIO	7909549206597	1.000	NULL
4859	GRANPEADOR   G E GRAN LINE 1035		25.00	ESCRITÓRIO	7909549206566	1.000	NULL
4860	GRANPEADOR  CLASSE		15.00	Geral	7895444003563	1.000	NULL
4861	GRANPEADOR  G E 1037		25.00	ESCRITÓRIO	7899549201718	1.000	NULL
4862	granpeador  goller		20.00	Geral	7897185985900	1.000	NULL
4863	GRANPEADOR  SIS		21.00	ESCRITÓRIO	7896326902974	1.000	NULL
4864	GRANPEADOR COLORS  STAPLER		30.00	PAPELARIA	6939184885681	1.000	NULL
4865	granpeador fer son		21.00	Geral	7897439600252	1.000	NULL
4866	GRANPEADOR G E  1044 PEQUENO		15.00	ESCRITÓRIO	7899549201787	1.000	NULL
4867	GRANPO  GALVANIZADOS		20.00	Geral	7897256230595	1.000	NULL
4868	granpo pra granpeador 26/6		15.00	Geral	7898033752538	1.000	NULL
4869	granpos cobreados 26,6 jocar		16.00	Geral	7897256220237	1.000	NULL
4870	GRANPOS GALVANIZADOS 26,6		10.00	ESCRITÓRIO	7503002900727	1.000	NULL
4871	grapiado		30.00	Geral	6939184882581	1.000	NULL
4872	grapo 6,50		20.00	Geral	6955510566765	1.000	NULL
4873	GRELHA DE PEIXE		57.00	Geral	7898132135409	1.000	NULL
4874	GUAANAPO COLORS		4.00	Geral	NULL	1.000	NULL
4875	GUACHE  BEL 6 UNIDADES  tempera		9.00	Geral	7898994101567	1.000	NULL
4876	GUACHE ESCOLAR  SORTIDA		8.00	ESCOLAR	7893595509187	1.000	NULL
4877	GUACHE SOLTO		2.00	Geral	NULL	1.000	NULL
4878	guadanapo		4.00	Geral	NULL	1.000	NULL
4879	GUARDA CHUVA		20.00	Geral	7891055107508	1.000	NULL
4880	GUARDA CHUVA BARRACÃO		27.00	UTILIDADES	8720206121638	1.000	NULL
4881	guarda chuva barração preto		30.00	UTILIDADES	7896543200044	1.000	NULL
4882	GUARDA CHUVA COLORIDO C/ BOLINHAS		35.00	Geral	NULL	1.000	NULL
4883	GUARDA CHUVA COM CABO ETONE		35.00	UTILIDADES	7896543100153	1.000	NULL
4884	GUARDA CHUVA com cabo masculino		30.00	Geral	7898731518207	1.000	NULL
4885	GUARDA CHUVA FEMININO		30.00	Geral	7896543100214	1.000	NULL
4886	GUARDA CHUVA HAIFUDA		20.00	Geral	NULL	1.000	NULL
4887	GUARDA CHUVA INFANTIL		25.00	Geral	7899021001065	1.000	NULL
4888	guarda chuva infantil		25.00	Geral	7899021001058	1.000	NULL
4889	GUARDA CHUVA PRETO		35.00	Geral	8720206116207	1.000	NULL
4890	GUARDA CHUVA XADRES		38.00	UTILIDADES	7899670400448	1.000	NULL
4891	GUARDA-CHUVA		25.00	UTILIDADES	6920897671609	1.000	NULL
4892	GUARDA-CHUVA		25.00	UTILIDADES	NULL	1.000	NULL
4893	GUARDA-CHUVA PORTARIA		35.00	Geral	6931627000064	1.000	NULL
4894	GUARDANAPO AMARELO		4.00	Geral	7898956867081	1.000	NULL
4895	GUARDANAPO AZUL CLARO		4.00	Geral	7898956867050	1.000	NULL
4896	GUARDANAPO BRAMCO  PÉROLA C 100 UNID.		3.00	Geral	7897794900134	1.000	NULL
4897	Guardanapo Colorido		4.00	Geral	7898663781939	1.000	NULL
4898	GUARDANAPO PRETO C/48UNID		4.00	Geral	7898956867111	1.000	NULL
4899	GUARDANAPO ROSA		4.00	Geral	7898956867043	1.000	NULL
4900	GUARDANAPO VERDE		4.00	Geral	7898956867067	1.000	NULL
4901	GUARDANAPO VERMELHO		4.00	Geral	7898956867074	1.000	NULL
4902	GUARDANAPOS DE PAPEL ANEPEL		2.00	Geral	7898066210029	1.000	NULL
4903	GUINDASTE PC KID		40.00	BRINQUEDOS	7898405300657	1.000	NULL
4904	GUITARRA INFANTIL DUTATI		12.00	BRINQUEDOS	7898198920049	1.000	NULL
4905	guitarra infantil musical		20.00	Geral	7899632519775	1.000	NULL
4906	GUITARRA MUSICAL		25.00	BRINQUEDOS	7908746500293	1.000	NULL
4907	HAIR SOFT BONECA		40.00	BRINQUEDOS	7898283854037	1.000	NULL
4908	HANIKI MINI KITCHEN		40.00	Geral	7908691405414	1.000	NULL
4909	HAPPY HOUSE - JOGO DE PANELAS		40.00	BRINQUEDOS	7898631556088	1.000	NULL
4910	HAPPY RABBIT TOYS com pilha		40.00	Geral	7908478012422	1.000	NULL
4911	HARPA		20.00	Geral	9786589938132	1.000	NULL
4912	HASTES FLEXIVEIS USE IT		2.50	UTILIDADES	7898909332116	1.000	NULL
4913	havaiana fem		25.00	Geral	NULL	1.000	NULL
4914	HAVAIANAS  BOB MARLEY		25.00	Geral	NULL	1.000	NULL
4915	havaianas  MINI INFANTIL		20.00	Geral	NULL	1.000	NULL
4916	havaianas adulto fem		17.00	Geral	NULL	1.000	NULL
4917	havaianas avulsas		20.00	Geral	NULL	1.000	NULL
4918	HAVAIANAS BRANCA MASCULINOC BANDEIRA		25.00	Geral	NULL	1.000	NULL
4919	havaianas brancas com amarelo feminina		20.00	Geral	NULL	1.000	NULL
4920	HAVAIANAS COM BRILHO FEM.		25.00	Geral	NULL	1.000	NULL
4921	havaianas infantil		17.00	Geral	7909171339267	1.000	NULL
4922	HAVAIANAS MASCULINO AZUL		20.00	Geral	NULL	1.000	NULL
4923	havaianas masculino preta		25.00	Geral	NULL	1.000	NULL
4924	havaianas nova		25.00	Geral	NULL	1.000	NULL
4925	havaianas preta adulto		25.00	Geral	NULL	1.000	NULL
4926	HAVAIANAS TRADICIONAL		18.00	Geral	7891109146620	1.000	NULL
4927	haveiro ursinho		10.00	Geral	NULL	1.000	NULL
4928	HAVIANAS MASCULINO		30.00	Geral	NULL	1.000	NULL
4929	HEADFONE BLUETOOTH LEHMOX PRETO		40.00	Geral	7899090160366	1.000	NULL
4930	HEADPHONE LTOMEX C/FIO A-567		35.00	ELETRÔNICOS E ACESSÓRIOS	8878920205674	1.000	NULL
4931	HEADSET BLUETOOTH JBL JB950		85.00	Geral	624241653094	1.000	NULL
4932	HEARD FONE		20.00	Geral	NULL	1.000	NULL
4933	hearphone		40.00	Geral	7899090160373	1.000	NULL
4934	helicopetero		12.00	Geral	7898265329027	1.000	NULL
4935	HELICÓPTERO ORANGE SUPER RESGATE		25.00	BRINQUEDOS	7898265325210	1.000	NULL
4936	HELICOPTERO POLICIA		20.00	BRINQUEDOS	7896464707059	1.000	NULL
4937	HELICÓPTERO QUE DESMONTA		23.50	BRINQUEDOS	7898578474773	1.000	NULL
4938	hinelo boxing		30.00	Geral	NULL	1.000	NULL
4939	HOMEM ARANHA CLASSIC COM SOM		90.00	BRINQUEDOS	6997865892557	1.000	NULL
4940	HORA DA COZINHA		20.00	BRINQUEDOS	7898578477767	1.000	NULL
4941	HORTIFRUTI		12.00	BRINQUEDOS	7896464707271	1.000	NULL
4942	HOT DOGUEIRA		26.00	BRINQUEDOS	7896464707240	1.000	NULL
4943	HUMUS DE MINHOCA		4.50	Geral	2010000000106	1.000	NULL
4944	HUMUS DE MINHOCA		4.50	JARDINAGEM	7898947482811	1.000	NULL
4945	HUMUS DE MINHOCA		4.50	JARDINAGEM	602883272040	1.000	NULL
4946	HUMUS DE MINHOCAS		4.50	Geral	602883272040	1.000	NULL
4947	I		20.00	Geral	NULL	1.000	NULL
4948	inflador  sanfonado		20.00	BANHEIRa infantil	7896020618911	1.000	NULL
4949	INSETOS 6PCS ARK TOYS		35.00	Geral	7899763210022	6.000	NULL
4950	ipanema		17.00	Geral	7909006061011	1.000	NULL
4951	ipanema		35.00	Geral	NULL	1.000	NULL
4952	ipanema azul infantil		15.00	Geral	7890244992741	1.000	NULL
4953	ipanema clássica preta 33/34		15.00	Geral	7891261878384	1.000	NULL
4954	ipanema temas		25.00	Geral	7909510777071	1.000	NULL
4955	ISACARE		15.00	Geral	7898546782220	1.000	NULL
4956	isqueiro		4.00	Geral	6920302800426	1.000	NULL
4957	isqueiro   hiper colors		3.00	Geral	878966888983	1.000	NULL
4958	isqueiro  bic grande		8.00	Geral	70330631335	1.000	NULL
4959	ISQUEIRO BIC PEQ]		6.00	Geral	70330631328	1.000	NULL
4960	ISQUEIRO CARRO		2.00	Geral	6935071319840	1.000	NULL
4961	isqueiro grande  colors		8.00	Geral	70330909229	1.000	NULL
4962	ISQUEIRO GUITARRA		4.00	Geral	6935071319697	1.000	NULL
4963	ISQUEIRO HIPER		2.00	Geral	5877999978819	1.000	NULL
4964	ISQUEIRO HIPER		4.00	Geral	6920302800303	1.000	NULL
4965	ISQUEIRO HIPER		4.00	Geral	6920302800556	1.000	NULL
4966	ISQUEIRO HIPER		4.00	Geral	6973428229275	1.000	NULL
4967	ISQUEIRO TOYO BY BLADE		2.00	Geral	6935071319727	1.000	NULL
4968	ITENS DE COZINHA MY KITCHEN		52.00	BRINQUEDOS	7898578475701	1.000	NULL
4969	IVECO DAILY		56.00	BRINQUEDOS	7898300574795	1.000	NULL
4970	j		40.00	Geral	NULL	1.000	NULL
4971	JARA DE SUCO  2 L CABO FECHADO  SHINE		15.00	COZINHA	7897698236476	1.000	NULL
4972	JARDINEIRA   EXTRA GRANDE PRETA		30.00	JARDINAGEM	7898521060770	1.000	NULL
4973	JARDINEIRA  35 CM  CERAMICA		15.00	Geral	7896403204175	1.000	NULL
4974	JARDINEIRA 35 CM MARRON		15.00	JARDINAGEM	7896403211685	1.000	NULL
4975	jardineira color 4		30.00	Geral	7898521060787	1.000	NULL
4976	JARDINEIRA GG PRETA INJEPLASTEC		24.00	JARDINAGEM	7898036704909	1.000	NULL
4977	JARDINEIRA GRANDE		13.00	Geral	7898036783607	1.000	NULL
4978	JARDINEIRA GRANDE PRETA		14.00	JARDINAGEM	7908439801027	1.000	NULL
4979	JARDINEIRA GRANDE TERRACOTA		18.00	JARDINAGEM	7908439801034	1.000	NULL
4980	JARDINEIRA MEDIA PRETA		6.50	JARDINAGEM	7908439801041	1.000	NULL
4981	JARDINEIRA MEDIA TERRACOTA		8.00	JARDINAGEM	7908439801058	1.000	NULL
4982	JARRA  DE 1,5 L QUADRADA  TRASNPARENTE		7.00	Geral	7898972314033	1.000	NULL
4983	jarra  de suco 4 l redonda c tanpa chef		25.00	COZINHA	7897698211190	1.000	NULL
4984	jarra  graduada com espremedor   900 ml		5.50	PLASTICOS	7899335404255	1.000	NULL
4985	JARRA 1,5L QUADRADA		7.00	Geral	7898972314330	1.000	NULL
4986	JARRA 2L JAGUAR UTILIDADES		8.00	UTILIDADES	7896952500780	1.000	NULL
4987	JARRA 3,8L TRANSPARENTE		16.00	Geral	7897649768131	1.000	NULL
4988	JARRA BOJUDA COM TANPA POLIDA MP N 1		27.00	Geral	7898463540514	1.000	NULL
4989	jarra bojuda polida n 1  sem tanpa		21.00	Geral	7898463540491	1.000	NULL
4990	JARRA C/ TAMPA ERCA 1,8L		8.00	UTILIDADES	7898264711250	1.000	NULL
4991	JARRA C/ESPREMEDOR 1,5L REDONDA		7.00	UTILIDADES	7897649766083	1.000	NULL
4992	JARRA CANELADA C/ TAMPA		9.50	UTILIDADES	7899809000143	1.000	NULL
4993	jarra canelada com tampa  3,8 lts		20.00	COZINHA	7899809000099	1.000	NULL
4994	JARRA COM ESPREMEDOR 1,8L		9.00	UTILIDADES	7898264711311	1.000	NULL
4995	JARRA COM SUPORTE CÁFE POLIDA		35.00	Geral	7898463541696	1.000	NULL
4996	JARRA COM TAMPA 1,7L		8.60	UTILIDADES	7899335401162	1.000	NULL
4997	JARRA CRISTAL 2L COLOR		21.00	UTILIDADES	7898264712837	1.000	NULL
4998	JARRA CRISTAL COLOR 2L		21.00	PLASTICOS	7898264112231	1.000	NULL
4999	JARRA D AGUÁ 1,75L   SANTANA		8.50	PLASTICOS	7896355700503	1.000	NULL
5000	JARRA DE PLASTICO 2,7L JOANINHA		20.00	UTILIDADES	7896908276707	1.000	NULL
5001	JARRA DE SUCO 2,75L		13.00	PLASTICOS	7898264719041	1.000	NULL
5002	JARRA DE SUCO DE 3,8LITROS INPLAST		16.00	PLASTICOS	7897649768148	1.000	NULL
5003	jarra de suco plastico 2,75 ml erca		13.00	Geral	7292864719041	1.000	NULL
5004	JARRA DE SUCO QUADRADA 2 LITROS MB		8.00	PLASTICOS	7897698203843	1.000	NULL
5005	JARRA DE SUCO UNINJET 4 LITROS		20.00	PLASTICOS	7899335408000	1.000	NULL
5006	JARRA DE SUCO VIDRO		25.00	Geral	7891155065869	1.000	NULL
5007	jarra de vidro		40.00	Geral	7983753889760	1.000	NULL
5008	JARRA DE VIDRO		30.00	Geral	7890034100080	1.000	NULL
5009	JARRA DE VIDRO NADIR  1 L 5		25.00	VIDROS	7891155012825	1.000	NULL
5010	JARRA DE VIDRO STAR		40.00	Geral	NULL	1.000	NULL
5011	JARRA DE VIDRO TRANSPARENTE STAR		40.00	Geral	7983753889746	1.000	NULL
5012	JARRA MORINGA 1,4L CRISTAL		7.00	PLASTICOS	7895099931327	1.000	NULL
5013	JARRA MORINGA COLORIDA		6.50	PLASTICOS	7895099931334	1.000	NULL
5014	jarra quadrada mb		8.00	Geral	2892698203843	1.000	NULL
5015	JARRA RATTAN 1,6LTS		15.00	PLASTICOS	7897659672947	1.000	NULL
5016	JARRA RED 3L C/T		8.50	UTILIDADES	7898908706246	1.000	NULL
5017	JARRA REDONDA 1,2L C/ESPREMEDOR		6.00	UTILIDADES	7897698203867	1.000	NULL
5018	JARRA REDONDA 1,2L C/TAMPA		6.00	UTILIDADES	7897698203850	1.000	NULL
5019	JARRA REDONDA 2L GIPLÁS		10.00	Geral	7897291800081	1.000	NULL
5020	JARRA REDONDA C ESPREMEDOR 1,2ML		5.00	Geral	NULL	1.000	NULL
5021	JARRA REDONDA C/T 1,8L		6.50	UTILIDADES	7898947043166	1.000	NULL
5022	jarra suco 4 l plasnew		15.00	Geral	7897848702837	1.000	NULL
5023	JARRA SUCO 4 LITROS		17.00	PLASTICOS	7898378693206	1.000	NULL
5024	jarra suco 600 ml		3.00	Geral	7899809003052	1.000	NULL
5025	jarra suco c espremedor		8.00	Geral	7897291810929	1.000	NULL
5026	JARRA SUCO COLOREX		25.00	VIDROS	7891155068952	1.000	NULL
5027	jarra suco vidro  invicta tendenza		30.00	Geral	7891691013768	1.000	NULL
5028	jarra suco vidro  zumba		35.00	Geral	7891155065579	1.000	NULL
5029	jarra suco vidro colorex		39.99	Geral	7891155017400	1.000	NULL
5030	JARRA TRANSPARENTE  QUADRADA 2 LT		12.00	COZINHA	7897649766526	1.000	NULL
5031	JARRINHA 1,2 ALUMINIO		23.50	ALUMINIO	7898913194083	1.000	NULL
5032	JATINHO EXECUTIVO		16.00	BRINQUEDOS	7898002435349	1.000	NULL
5033	JESSIE COLLECTION PLAY KITCHEN		25.00	BRINQUEDOS	7896464706052	1.000	NULL
5034	JOELHEIRA		10.00	UTILIDADES	7898673631910	1.000	NULL
5035	jogo  de tapetes banheiro cromos		85.00	CAMA, MESA E BANHO	7898942820953	1.000	NULL
5036	jogo  de xicaras c 5 pçs vidro		25.00	Geral	7908486102689	1.000	NULL
5037	jogo  infantil prato		14.00	Geral	NULL	1.000	NULL
5038	JOGO 24 PÇS C/POTE CABO PRETO		40.00	Geral	7896479968827	1.000	NULL
5039	JOGO COLONIAL COM 3 PEÇAS COZINHA		45.00	CAMA, MESA E BANHO	NULL	1.000	NULL
5040	JOGO COPO AMAZON		12.00	Geral	NULL	1.000	NULL
5041	jogo d panela polida		166.00	Geral	NULL	1.000	NULL
5042	JOGO DA MEMORIA ANIMAIS DIVERTIDOS		20.00	Geral	7896647022030	1.000	NULL
5043	JOGO DE  CAÇAROLAS 5 PEÇAS PRETA		170.00	COZINHA	7898917307205	1.000	NULL
5044	jogo de  copos  oca		25.00	VIDROS	7891155054139	1.000	NULL
5045	JOGO DE  COZINHA 3 PEÇAS		55.00	Geral	NULL	1.000	NULL
5046	jogo de  panelas  alegrete  10 peças		320.00	Geral	NULL	1.000	NULL
5047	jogo de  xicaras  c 5 vidros		25.00	Geral	7908486102702	1.000	NULL
5048	JOGO DE 24 PÇS BARICHELLO INOX		40.00	Geral	7893505001459	1.000	NULL
5049	JOGO DE APARELHOS DE JANTAR DURALEX 12 PÇS		60.00	VIDROS	7891155044185	1.000	NULL
5050	jogo de assadeira 2 peças sempre		65.00	Geral	7891155020257	1.000	NULL
5051	JOGO DE BANHEIRO  PIAUI		28.00	Geral	NULL	1.000	NULL
5052	jogo de banheiro 3 peças		35.00	CAMA, MESA E BANHO	619205093665	1.000	NULL
5053	JOGO DE BANHEIRO TRADIÇAO 3 PEÇAS		30.00	Geral	NULL	1.000	NULL
5054	JOGO DE BANHEIRO3 PEÇAS  CROMOS		106.00	BANHEIRO	7899632301103	1.000	NULL
5055	JOGO DE BILHAR		20.00	BRINQUEDOS	7896464702986	1.000	NULL
5056	JOGO DE CAÇAROLAS CAMARGO 5 PEÇAS ALUMINIO		160.00	COZINHA	7898917307212	1.000	NULL
5057	JOGO DE CAMA QUEN 4 PEÇAS		120.00	CAMA, MESA E BANHO	7908383945235	1.000	NULL
5058	JOGO DE CARTAS GOAL BARALHO		20.00	Geral	7899958248915	1.000	NULL
5059	JOGO DE CHAVES HEXAGONAIS		5.00	Geral	7898631220118	1.000	NULL
5060	JOGO DE COLCHOAS		47.00	Geral	NULL	1.000	NULL
5061	JOGO DE COPO BELLAGIO TRANSPARENTE		60.00	VIDROS	7898595770421	1.000	NULL
5062	JOGO DE COPO WHEATON		20.00	Geral	NULL	1.000	NULL
5063	JOGO DE COPOS		7.00	Geral	NULL	1.000	NULL
5064	jogo de copos  marrocos		38.00	Geral	7891155058748	1.000	NULL
5065	JOGO DE COPOS AMAZON		12.00	Geral	NULL	1.000	NULL
5066	JOGO DE COPOS ARUBA C/6		70.00	Geral	7891155064619	1.000	NULL
5067	JOGO DE COPOS CAIRO		38.00	VIDROS	7891155058304	1.000	NULL
5068	JOGO DE COPOS GREEN APPLE VERMELHO		60.00	Geral	7898595770698	1.000	NULL
5069	JOGO DE COPOS LEHAVI		18.00	VIDROS	6222020206130	1.000	NULL
5070	JOGO DE COPOS LEHAVI		18.00	VIDROS	NULL	1.000	NULL
5071	JOGO DE COPOS LEHAVI		18.00	VIDROS	6222020206215	1.000	NULL
5072	JOGO DE COPOS LEHAVI		18.00	VIDROS	6222020206178	1.000	NULL
5073	JOGO DE COPOS NADIR LAGUNA		18.00	VIDROS	7891155033677	1.000	NULL
5074	JOGO DE COPOS NADIR MARACATU		18.00	VIDROS	7891155017608	1.000	NULL
5075	jogo de copos promoção dia das mães		12.00	Geral	NULL	1.000	NULL
5076	JOGO DE COPOS SM ARUBA		60.00	VIDROS	7891155062837	1.000	NULL
5077	JOGO DE CORDA P/ VARAL 10M		4.50	Geral	7897369811780	1.000	NULL
5078	JOGO DE COZINHA AZUL		45.00	Geral	NULL	1.000	NULL
5079	jogo de cozinha sayuri		12.00	Geral	7898921701327	1.000	NULL
5080	JOGO DE COZINHA SAYURI		12.50	BRINQUEDOS	7898970558330	1.000	NULL
5081	JOGO DE COZINHA SAYURI		12.50	BRINQUEDOS	7898970558323	1.000	NULL
5082	JOGO DE DAMAS		10.00	BRINQUEDOS	7897070804323	1.000	NULL
5083	jogo de damas		10.00	Geral	7898155740802	1.000	NULL
5084	JOGO DE DOMINÓ		7.50	BRINQUEDOS	NULL	1.000	NULL
5085	JOGO DE DOMINO C/ESTOJO		30.00	Geral	7895623650083	1.000	NULL
5086	JOGO DE FACAS  6 PEÇAS DVCRETIRH		50.00	Geral	NULL	1.000	NULL
5087	JOGO DE FRONHAS  2 UND		15.00	Geral	NULL	1.000	NULL
5088	JOGO DE MANTIMENTO REDONDO INJETEMP 5 PEÇAS		50.00	Geral	7896900211515	1.000	NULL
5089	JOGO DE MANTIMENTOS 5 PEÇAS		50.00	Geral	7896900293597	1.000	NULL
5090	jogo de panelas		240.00	Geral	7898463542341	1.000	NULL
5091	jogo de panelas 5 pçs vermelho		150.00	COZINHA	7897103803767	1.000	NULL
5092	JOGO DE PANELAS ALEGRETE 6 PEÇAS C PANELA DE PRESSÃO		275.00	Geral	7897103802975	1.000	NULL
5093	JOGO DE PANELAS DE 250		250.00	Geral	NULL	1.000	NULL
5094	JOGO DE PANELAS ROSA		180.00	Geral	NULL	1.000	NULL
5095	JOGO DE PRATOS DIAMANTE DURALEX		36.00	Geral	7891155013426	1.000	NULL
5096	JOGO DE PRATOS DURALEX 6 PÇS		45.00	UTILIDADES	7894993986808	1.000	NULL
5097	jogo de pratos emotions 6 unidades		48.00	Geral	7891240050381	1.000	NULL
5098	JOGO DE PRATOS FUNDO DURALEX 6 PÇS DIAMANTE		45.00	UTILIDADES	7891155013433	1.000	NULL
5099	jogo de quarto tapetes   3 peças  apolo		115.00	Geral	7899632303466	1.000	NULL
5100	jogo de sobremesa c 12 pçs inox		40.00	UTILIDADES	7893505002333	1.000	NULL
5101	JOGO DE SOBREMESA C/7 PÇS VIDRO APPLE		60.00	VIDROS	6223004809958	1.000	NULL
5102	JOGO DE TAÇAS DOLCE HOME		70.00	Geral	7899931504854	1.000	NULL
5103	JOGO DE TALHERES  FACA PRETO		15.00	Geral	7898684173683	1.000	NULL
5104	JOGO DE TALHERES  GARFO  6 PEÇAS		15.00	Geral	6955123550205	1.000	NULL
5105	JOGO DE TALHERES COLHER 6 PEÇAS		15.00	Geral	6955123550229	1.000	NULL
5106	JOGO DE TALHERES PRETO C 24 UNIDADESC POTE		40.00	COZINHA	7898505913887	1.000	NULL
5107	JOGO DE TAPETE 3 PEÇAS  STEP ONTO LUXURY		60.00	CAMA, MESA E BANHO	NULL	1.000	NULL
5108	JOGO DE TAPETE DE COZINHA		55.00	Geral	NULL	1.000	NULL
5109	jogo de tapetes  3 peças banheiro pratatêxtil		90.00	Geral	7898942820083	1.000	NULL
5110	JOGO DE TAPETES 3 UND. COZINHA   ESTILO		98.00	Geral	7899632305552	1.000	NULL
5111	jogo de tapetes banheiro  piauí 3 peças		30.00	COZINHA	NULL	1.000	NULL
5112	JOGO DE TAPETES BANHEIRO 3 UNID.		106.00	Geral	7898942820113	1.000	NULL
5113	JOGO DE TAPETES BANHEIRO C 3 PEÇAS		60.00	Geral	NULL	1.000	NULL
5114	jogo de tapetes cozinha 3 peças		95.00	CAMA, MESA E BANHO	7899632303749	1.000	NULL
5115	jogo de tapetes cozinha 3 peças hervan		40.00	Geral	7898937079571	1.000	NULL
5116	JOGO DE TAPÉTES DE BANHEIRO PIAUI		28.00	Geral	NULL	1.000	NULL
5117	JOGO DE TAPETES DE COZINHA  3 PEÇAS		60.00	Geral	NULL	1.000	NULL
5118	JOGO DE TAPETES LUEVI		50.00	Geral	NULL	1.000	NULL
5119	TAPETE NOMAD 40X65CM		12.00	Geral	7898054630884	1.000	NULL
5120	JOGO DE TAPETES P/ BANHEIRO 3 PÇS CRONOS		85.00	Geral	7898942820090	1.000	NULL
5121	JOGO DE TEMPEROS LANNA		14.00	UTILIDADES	7898048810247	1.000	NULL
5122	JOGO DE TIGELAS C/6 SUNFLOWER		33.00	Geral	7890890111015	1.000	NULL
5123	JOGO DE XADREZ		15.00	BRINQUEDOS	7898282400181	1.000	NULL
5124	JOGO DE XICARA GRAFFIATO HAUSKRAFT		70.00	VIDROS	7897186007106	1.000	NULL
5125	JOGO DE XICARAS   DE CAFÉ 6 PEÇAS		20.00	VIDROS	7898505933441	1.000	NULL
5126	JOGO DE XICARAS  C 6  AMBAR		30.00	VIDROS	NULL	1.000	NULL
5127	JOGO DE XICARAS COM PIRES 12 PCS PORCELANAS BRANCO		130.00	CERAMICAS, PORCELANATO	8907516099455	1.000	NULL
5128	JOGO DE XICARAS DE VIDRO AMBAR		30.00	Geral	7899701818044	1.000	NULL
5129	JOGO DO MICO 27 CARTAS		10.00	BRINQUEDOS	7897447202172	1.000	NULL
5130	JOGO EDUCATIVO GIRAMILLE		45.00	BRINQUEDOS	7897020202674	1.000	NULL
5131	jogo frigideira e caneca		45.00	Geral	7897103803811	1.000	NULL
5132	jogo maracatu 5 peças jarra		50.00	Geral	7891155034506	1.000	NULL
5133	JOGO TAPETE BANHEIRO  CRONOS 3 PEÇAS		106.00	Geral	7899632303473	1.000	NULL
5134	JOGO UNO		10.00	BRINQUEDOS	7898552201258	1.000	NULL
5135	JUDY HOME   COLEÇAO		55.00	BRINQUEDOS	7898631551496	1.000	NULL
5136	JUROS DE CREDITO		1.00	Geral	NULL	1.000	NULL
5137	K		10.00	Geral	NULL	1.000	NULL
5138	KARAOKÉ SOUND COM 2 MICROFONES		85.00	UTILIDADES	NULL	1.000	NULL
5139	KENER		30.00	Geral	NULL	1.000	NULL
5140	kenner		30.00	Geral	NULL	1.000	NULL
5141	KIDS COOKING		46.00	BRINQUEDOS	7898521375362	1.000	NULL
5142	KIMELECA SMILE COM GLITER		15.00	Geral	7891153096810	1.000	NULL
5143	kit    carregador   le  785micro   lehmox		30.00	ELETRONICOS	7899090161820	1.000	NULL
5144	kit   de cabides c 5 unidades PRETOS  REFORÇADOS		8.00	PLASTICOS	7898918965909	1.000	NULL
5145	KIT  AVCNGENS HEROIS		120.00	Geral	7890000091749	1.000	NULL
5146	KIT BELEZA INFANTIL		15.00	BRINQUEDOS	7898945881272	1.000	NULL
5147	kit  bule sayuri		10.00	Geral	7898921701433	1.000	NULL
5148	kit  cesta		50.00	Geral	NULL	1.000	NULL
5149	kit  coração mais caneca dia das mães		40.00	Geral	7908329900717	1.000	NULL
5150	kit  cozinha		10.00	Geral	7898921701150	1.000	NULL
5151	KIT  COZINHA PANELINHA		12.00	Geral	7898970558422	1.000	NULL
5152	kit  de espada e flecha    arqueiro medieval		30.00	BRINQUEDOS	7908071505383	1.000	NULL
5153	kit  de marca texto  colors		25.00	Geral	7900243540000	1.000	NULL
5154	kit  de meia p		10.00	Geral	NULL	1.000	NULL
5155	KIT  DE MEIAS C 3 MASC CANO  CURTO		20.00	Geral	7908323104814	1.000	NULL
5156	KIT  DE VARÃO 3 MT IMBUIA		35.00	UTILIDADES	7898357410541	1.000	NULL
5157	KIT  ESCOLAR  GAMES		30.00	Geral	7908214734083	1.000	NULL
5158	KIT  FOLIA RACER 3 PEÇAS		20.00	BRINQUEDOS	7908341607137	1.000	NULL
5159	KIT  INFANTIL  QUARTINO		30.00	Geral	7898631550536	1.000	NULL
5160	KIT  INFANTIL ROSA		12.00	Geral	7899335412496	1.000	NULL
5161	kit  saco de presentes 35x45 natal		4.00	kit FESTA	7897864864755	1.000	NULL
5162	KIT  SECADOR ONFANTIL		13.00	Geral	NULL	1.000	NULL
5163	KIT  SUPORTE  GROSSO		6.00	Geral	7898963414407	1.000	NULL
5164	kit  temperos		14.00	Geral	7898042210241	1.000	NULL
5165	kit  wild  animal		16.00	Geral	7899632507703	1.000	NULL
5166	kit 2 facas de 3,5 e 5		15.00	Geral	7893590300130	1.000	NULL
5167	KIT 2 POTE QUADRADO GRANDE LEITOSO		8.50	PLASTICOS	7898264715746	1.000	NULL
5168	KIT 2 UTENSÍLIOS		10.00	COZINHA	7899850351492	1.000	NULL
5169	kit 3 toalhas de banho  tijuca		99.00	Geral	7891354226863	1.000	NULL
5170	KIT 4 PÇS DE FACA		43.00	UTILIDADES	7897186087955	1.000	NULL
5171	KIT ACESSÓRIOS PRA BANHEIRO  5 PEÇAS		30.00	Geral	NULL	1.000	NULL
5172	KIT AGULHA		3.00	Geral	7898969481106	1.000	NULL
5173	kit agulha		2.50	Geral	7898505927754	1.000	NULL
5174	KIT AGULHA CESTINHA		2.00	UTILIDADES	7891100051930	1.000	NULL
5175	KIT AGULHAS		3.00	UTILIDADES	7891100051961	1.000	NULL
5176	KIT AGULHEIRO		3.00	UTILIDADES	7908593513552	1.000	NULL
5177	KIT ALUMIKIT BRANCO		6.00	UTILIDADES	7898963414339	1.000	NULL
5178	KIT APARELHO DE JANTAR BIONA GIARDINO 20 PÇS		230.00	Geral	7891361225293	1.000	NULL
5179	KIT ARCO 46CM E FLECHAS 26CM 2 ALVOS		20.00	BRINQUEDOS	7908762705382	1.000	NULL
5180	kit batedeira sayuri		12.00	Geral	7898921701334	1.000	NULL
5181	kit beleza  infantil		15.00	Geral	7898945881296	1.000	NULL
5182	kit beleza infantil		15.00	Geral	7898945881289	1.000	NULL
5183	KIT BELEZA MAQUIAGEM		15.00	Geral	7898590338053	1.000	NULL
5184	KIT BELEZA MIÇANGA		25.00	BRINQUEDOS	7908341614456	1.000	NULL
5185	KIT BLOCO DE MONTAR 24 PÇS		6.00	BRINQUEDOS	7898964288021	1.000	NULL
5186	KIT BODY PIERCING		6.00	Geral	NULL	1.000	NULL
5187	kit bolo		20.00	Geral	7899658416041	1.000	NULL
5188	KIT BOWL 5 PEÇAS		45.00	Geral	7897698237619	1.000	NULL
5189	KIT BOWL 5 PEÇAS REDONDO C TANPA		45.00	COZINHA	NULL	1.000	NULL
5190	kit brinco		7.00	Geral	NULL	1.000	NULL
5191	KIT BRINQUEDO FESTA		2.00	Geral	7898610102770	1.000	NULL
5192	kit c 2 xicaras  vidro		20.00	Geral	7899850355377	1.000	NULL
5193	KIT C 3 PAPEL PRESENTE		15.00	Geral	602883877931	1.000	NULL
5194	KIT C/ 12 LAPIS + 1 LAPIS DE ESCREVER, BORRACHA E APONTADOR		15.00	PAPELARIA	7897476613772	1.000	NULL
5195	KIT C/ 12 LAPIS DE COR, 2 LAPIS DE ESCREVER, BORRACHA E APONTADO		25.00	PAPELARIA	7891360615194	1.000	NULL
5196	KIT C/ 3 TALHERES DE BAMBU E SUPORTE 26X5CM		20.00	Geral	7899866266643	1.000	NULL
5197	KIT C/ ESPADA, ESCUDO E MASCARA		30.00	Geral	7908071502993	1.000	NULL
5198	KIT C/2 POTE REDONDO GRANDE LEITOSO		8.50	PLASTICOS	7898264715845	1.000	NULL
5199	KIT C/2 POTES RETANGULARES GRANDES		8.50	PLASTICOS	7898264715340	1.000	NULL
5200	KIT C/2 POTES RETANGULARES LEITOSO		8.00	PLASTICOS	7898502717969	1.000	NULL
5201	KIT C/27 AGULHAS DE MAO E 1 PASSADOR DE LINHA		3.00	UTILIDADES	6901028118170	1.000	NULL
5202	KIT C/3 GARRAFAS COLORIDAS		45.00	Geral	6975170821028	1.000	NULL
5203	KIT C/3 POTES GRANDE		63.00	UTILIDADES	7897698207896	1.000	NULL
5204	KIT C/5 SEREIAS DRESSING		60.00	Geral	7908478010626	1.000	NULL
5205	KIT C/50PÇS DE FORMAS REDONDAS P/AIR FRYER		25.00	UTILIDADES	7898143684415	1.000	NULL
5206	KIT CABIDE INFANTIL AZUL/ROSA		4.00	UTILIDADES	7893835292503	1.000	NULL
5207	KIT CABIDES ADULTO REFORÇADOS		4.00	UTILIDADES	7898918965664	1.000	NULL
5208	KIT CABIDES COM 5 PEÇAS UNIJET		7.00	Geral	7899335401377	1.000	NULL
5209	KIT CANECA C COLHER NA CAIXA VERMELHA		35.00	Geral	7908174958840	1.000	NULL
5210	kit caneca coração e ursinho		40.00	Geral	7908204407010	1.000	NULL
5211	KIT CANECAS 6 UNIDADES		10.00	UTILIDADES	7897649755056	1.000	NULL
5212	KIT CANETA GEL COLORS		16.00	PAPELARIA	6930140200081	1.000	NULL
5213	KIT CANETAS C/4 CORES JETLUX		10.00	PAPELARIA	7896572015084	1.000	NULL
5214	KIT CANETINHA LEO LEO 6 UNIDADES		4.00	PAPELARIA	7897256244783	1.000	NULL
5215	KIT CARREGADOR LEHMOX		30.00	ELETRONICOS	745760074891	1.000	NULL
5216	KIT CARRINHOS  PATRULHA CANINA		65.00	Geral	7778881243900	1.000	NULL
5217	KIT CARRINHOS 3 PEÇAS		15.00	BRINQUEDOS	7897063707075	1.000	NULL
5218	KIT CARRINHOS 3 UNIDADES		36.00	Geral	7892020002248	1.000	NULL
5219	kit carrinhos contrução		40.00	Geral	7908694105991	1.000	NULL
5220	KIT CARRINHOS FRICÇÃO		40.00	BRINQUEDOS	7893596212024	1.000	NULL
5221	KIT CARRO MAIS AVIAÕ POWER		19.99	Geral	7899605704016	1.000	NULL
5222	KIT CARROS C 4 SUPER CARROS		20.00	Geral	7908341607120	1.000	NULL
5223	kit chapinha		10.00	Geral	7898921701358	1.000	NULL
5224	KIT CHAZINHO LEGAL		45.00	BRINQUEDOS	7898521375645	1.000	NULL
5225	KIT COAMIL SUPORTE COADOR P/ CAFÉ		6.50	UTILIDADES	7898918965237	1.000	NULL
5226	KIT COBRE LEITO QUEEN 03 PEÇAS		150.00	Geral	74468050440	1.000	NULL
5227	KIT COLAR E BRINCO		10.00	Geral	NULL	1.000	NULL
5228	kit coleçao judy veterinaria		30.00	BRINQUEDOS	7898631550550	1.000	NULL
5229	KIT COLHER 3 PEÇAS LUNA		8.00	COZINHA	7898132156138	1.000	NULL
5230	KIT COLHER C 6  FRATELI PRETO		12.00	COZINHA	7898426969567	1.000	NULL
5231	kit colher de mesa inox home more 6 peças		22.00	Geral	7898684170354	1.000	NULL
5232	kit colher de silicone		70.00	Geral	NULL	1.000	NULL
5233	kit colher de silicone		70.00	Geral	NULL	1.000	NULL
5234	KIT COLHER ESPATULA PINCEL SILICONE C/3 PÇS		20.00	UTILIDADES	7908281340859	1.000	NULL
5235	KIT COLHER LUNA		8.00	Geral	7898132149628	1.000	NULL
5236	kit colher matinazo home		5.00	Geral	7896479940304	1.000	NULL
5237	kit colher rosa c 3		8.00	Geral	7898132157920	1.000	NULL
5238	KIT COLHER, ESCUMADEIRA E GARFO		4.00	PLASTICOS	7899335402268	1.000	NULL
5239	KIT COM 3 POTES C TAMPA  VIDRO		25.00	Geral	7899850357715	1.000	NULL
5240	KIT COM 3 TESOURAS  9,5  7, , 5,5		30.00	Geral	7908486122267	1.000	NULL
5241	KIT COMPLETO PIA, CESTO, PORTA DETERGENTE, LIXEIRA 12L		35.00	UTILIDADES	7898961529226	1.000	NULL
5242	KIT COPO		20.00	Geral	NULL	1.000	NULL
5243	KIT COZINHA		20.00	Geral	7899850352215	1.000	NULL
5244	KIT COZINHA   CHÁ		12.00	BRINQUEDOS	7898970558415	1.000	NULL
5245	KIT COZINHA   FOLIA		25.00	BRINQUEDOS	7908341606024	1.000	NULL
5246	KIT COZINHA  BATEDEIRA		12.00	Geral	7898970558347	1.000	NULL
5247	KIT COZINHA  BRISTER		30.00	Geral	7898578475237	1.000	NULL
5248	KIT COZINHA 4PÇS PRETO ANTIADERENTE		8.00	UTILIDADES	7898918965145	1.000	NULL
5249	KIT COZINHA BLISTER ALTIMIX		20.00	BRINQUEDOS	7898578475565	1.000	NULL
5250	KIT COZINHA C/4 PRETO		8.00	UTILIDADES	7898918965107	1.000	NULL
5251	KIT COZINHA COLONIAL 3 PEÇAS		60.00	Geral	NULL	1.000	NULL
5252	KIT COZINHA COM 2 TABUAS + FACA		20.00	PLASTICOS	7899850352185	1.000	NULL
5253	KIT COZINHA INFANTIL SAYURI		12.50	BRINQUEDOS	7898970558316	1.000	NULL
5254	kit cozinha preto 4 pçs		8.00	Geral	7898918965206	1.000	NULL
5255	kit d meia infantil		12.00	Geral	NULL	1.000	NULL
5256	kit d potes c tanpa plastica top mix		25.00	UTILIDADES	7908682600064	1.000	NULL
5257	kit de  pia 3 peças		12.00	Geral	7898576052195	1.000	NULL
5258	kit de  talheres c 12 de silicone grd.		60.00	Geral	7892024070052	1.000	NULL
5259	KIT DE 5 POTES VARIADOS TAMANHOS		45.00	Geral	NULL	1.000	NULL
5260	KIT DE 6 CARRINHOS MCQUEEN		50.00	Geral	7898624607124	1.000	NULL
5261	KIT DE ACESSORIOS PARA BANHEIRO 5 PEÇAS		30.00	Geral	7908439804462	1.000	NULL
5262	KIT DE AGULHA		3.00	Geral	2010000014097	1.000	NULL
5263	KIT DE AGULHA		2.00	Geral	2010000011140	1.000	NULL
5264	kit de agulha		2.50	Geral	8430208001189	1.000	NULL
5265	kit de agulhas   barcelona		3.00	Geral	7899454452847	1.000	NULL
5266	KIT DE AGULHAS AGULHEIRO		3.00	Geral	7899527122028	1.000	NULL
5267	kit de agulhas art house		2.00	Geral	7899658312978	1.000	NULL
5268	KIT DE ALFINETES		4.00	Geral	7908139503481	1.000	NULL
5269	KIT DE BANHEIRO 3 PEÇAS  ANTIDERARANTE		35.00	BANHEIRO	7898948249505	1.000	NULL
5270	kit de brincos c 3		2.00	Geral	NULL	1.000	NULL
5271	kit de cabides   6 unidades		11.00	Geral	7898297172394	1.000	NULL
5272	KIT DE CABIDES C 3		6.00	UTILIDADES	7898195111303	1.000	NULL
5273	kit de cabides pretos		6.50	UTILIDADES	7898917522134	1.000	NULL
5274	kit de café  850 ml		8.80	Geral	7898502719932	1.000	NULL
5275	KIT DE CARRINHO POLICIAC 4		50.00	BRINQUEDOS	7898624604963	1.000	NULL
5276	kit de carrinhos 4 peças  super car		20.00	Geral	7899632507383	1.000	NULL
5277	KIT DE CARRINHOS C 3		35.00	Geral	NULL	1.000	NULL
5278	KIT DE CASINHA SAYURI		10.00	BRINQUEDOS	7898921701280	1.000	NULL
5279	KIT DE CAVALINHOS		40.00	Geral	7899632507796	1.000	NULL
5280	kit de churasco  com  2 peças		25.00	Geral	7899471613863	1.000	NULL
5281	KIT DE COLHER AZUL TAUMER		8.00	Geral	7898132158668	1.000	NULL
5282	KIT DE COLHERERS DE SUCO		6.00	UTILIDADES	7896900210587	1.000	NULL
5283	kit de copos amazon		12.00	Geral	NULL	1.000	NULL
5284	KIT DE COPOS M		10.00	Geral	NULL	1.000	NULL
5285	KIT DE CORRETIVO C 3   IMPORTADO		20.00	Geral	6970673700498	1.000	NULL
5286	kit de cozinha  industrial 3 peças		50.00	CAMA, MESA E BANHO	7898937079472	1.000	NULL
5287	KIT DE COZINHA C/ PANELINHAS E FOGÃOZINHO		50.00	BRINQUEDOS	7897063709208	1.000	NULL
5288	KIT DE COZINHA DE SILICONE 12PÇS		70.00	Geral	6984129776715	1.000	NULL
5289	KIT DE DIA DAS MAES		50.00	Geral	NULL	1.000	NULL
5290	KIT DE DIA DOS PAIS		80.00	Geral	NULL	1.000	NULL
5291	KIT DE FACAS		8.00	Geral	7898132157937	1.000	NULL
5292	KIT DE FACAS 6 PEÇAS FRATELI		15.00	Geral	NULL	1.000	NULL
5293	KIT DE FACAS C 3		8.00	Geral	7898132158675	1.000	NULL
5294	KIT DE FACAS C 6 FRATELI PRETO		15.00	Geral	7898426969604	1.000	NULL
5295	KIT DE FACAS C/3		30.00	UTILIDADES	7891901246474	1.000	NULL
5296	KIT DE FACAS FRATELLI 4 PEÇAS		35.00	Geral	7899110641110	1.000	NULL
5297	KIT DE FACAS TRAMONTINA		55.00	Geral	NULL	1.000	NULL
5298	KIT DE FAZER BOLO		20.00	BRINQUEDOS	7899605710505	1.000	NULL
5299	kit de garfo inox original		8.50	Geral	7899751109291	1.000	NULL
5300	KIT DE LIMPEZA BRANCO DECORADO R.A.E		12.00	Geral	7898961529158	1.000	NULL
5301	kit de livro bob good dinosauro		40.00	Geral	9788557584228	1.000	NULL
5302	KIT DE MAQUIAGEM INFANTIL		20.00	Geral	NULL	1.000	NULL
5303	KIT DE MARCA TEXTO  COLORIDO		25.00	Geral	6921251100018	1.000	NULL
5304	kit de meia		15.00	Geral	NULL	1.000	NULL
5305	KIT DE MEIA ADULTO		10.00	Geral	5924977500668	1.000	NULL
5306	kit de meia adulto masc		15.00	Geral	789685080001	1.000	NULL
5307	KIT DE MEIA C 3 CANO CURTO FEM		20.00	Geral	7908323104890	1.000	NULL
5308	kit de meia cano longo masculino		20.00	Geral	NULL	1.000	NULL
5309	kit de meia fem		15.00	Geral	789685080810	1.000	NULL
5310	KIT DE MEIA INFANTIL		12.00	Geral	NULL	1.000	NULL
5311	kit de meia infantil		10.00	Geral	NULL	1.000	NULL
5312	KIT DE MEIA MASC. SOQUETE C 3		15.00	Geral	7908323104845	1.000	NULL
5313	KIT DE MEIA MASCULINO G		20.00	Geral	NULL	1.000	NULL
5314	kit de meia promoção		10.00	Geral	NULL	1.000	NULL
5315	KIT DE MEIA SOQUETE FEM. C 3		15.00	Geral	7908323104920	1.000	NULL
5316	KIT DE MEIAS ADULTO C/3 JOY INTIME		20.00	Geral	NULL	1.000	NULL
5317	KIT DE MEIAS ADULTO CURTA		16.00	Geral	NULL	1.000	NULL
5318	kit de meias infantil 3 par		12.00	Geral	NULL	1.000	NULL
5319	KIT DE MEIAS INFANTIL MASCULINO		15.00	Geral	NULL	1.000	NULL
5320	KIT DE MEIAS MASCULINO		15.00	Geral	NULL	1.000	NULL
5321	kit de meias promoçao		10.00	Geral	NULL	1.000	NULL
5322	KIT DE MERENDA  3 PEÇAS INFANTIL		10.00	Geral	7898502713169	1.000	NULL
5323	KIT DE MIEIS MASC. LONGA C 3		20.00	Geral	7908323104869	1.000	NULL
5324	KIT DE MOCHILAS 3 PEÇAS		150.00	Geral	NULL	1.000	NULL
5325	kit de oculos e presilhas infantil		20.00	Geral	NULL	1.000	NULL
5326	kit de peneiras 3		8.00	Geral	NULL	1.000	NULL
5327	KIT DE PENEIRAS 3 PCS		7.80	UTILIDADES	7898936774170	1.000	NULL
5328	KIT DE PENEIRAS MAEE 3 UNID		8.50	UTILIDADES	7898965356255	1.000	NULL
5329	kit de pente c 2		4.00	Geral	NULL	1.000	NULL
5330	kit de pentes c 2		4.50	Geral	NULL	1.000	NULL
5331	kit de pia  c tampa aluminio c 3		25.00	Geral	7898578052117	1.000	NULL
5332	KIT DE PIA  PIA  LISO PRETO		8.50	Geral	7898647191259	1.000	NULL
5333	KIT DE PIA 3 PEÇAS		12.00	Geral	7898576055813	1.000	NULL
5334	KIT DE PIA C/3 PÇS		14.00	Geral	7898273800884	1.000	NULL
5335	kit de pia liso 3 peças		8.80	PLASTICOS	7898961529165	1.000	NULL
5336	KIT DE PIA LIXADO REDAR ALUMINIOS		45.00	Geral	7898913194816	1.000	NULL
5337	kIT DE PIA PRETO		12.00	Geral	7898297101837	1.000	NULL
5338	KIT DE PINTAR		6.00	ESCOLAR	7898359170047	1.000	NULL
5339	kit de pintar    desenho		4.00	PAPELARIA	7890175221095	1.000	NULL
5340	KIT DE PÓTE 3 UNIDADES		8.50	Geral	7898264715753	1.000	NULL
5341	kit de potes  quadrados		7.00	Geral	7898502717914	1.000	NULL
5342	kit de potes 4		7.50	Geral	NULL	1.000	NULL
5343	KIT DE POTES QUADRADOS C/3 PÇS		8.50	PLASTICOS	7898264715722	1.000	NULL
5344	kit de potes redondo c 2 trasparente		8.50	Geral	7898502719000	1.000	NULL
5345	KIT DE POTES REDONDOS 3PÇS		8.50	PLASTICOS	7898502717877	1.000	NULL
5346	KIT DE PRAIA PLASMARC  ROSA, AZUL		7.00	BRINQUEDOS	7898948178461	1.000	NULL
5347	KIT DE PRESENTE COM UMA XICARA E UM URSINHO		30.00	Geral	NULL	1.000	NULL
5348	KIT DE PULSEIRA VOGUE TOYS		10.00	Geral	7899605711557	1.000	NULL
5349	KIT DE RÉGUA NORMÓGRAFO		5.00	Geral	7897798508664	1.000	NULL
5350	KIT DE TALHER INFANTIL 2 UND.		9.00	Geral	7899850356060	1.000	NULL
5351	KIT DE TALHER PRETO		8.00	Geral	7898918965589	8.000	NULL
5352	kit de tapetes		20.00	Geral	NULL	1.000	NULL
5353	KIT DE TEMPEROS 3 PEÇAS		25.00	Geral	6920194592027	1.000	NULL
5354	kit de tesouras		25.00	Geral	7892023040711	1.000	NULL
5355	KIT DE TINTURA DE CABELO  YSFASHUA		8.00	Geral	7898505948100	1.000	NULL
5356	kit de utecilios madeira grande		23.00	Geral	6908814010205	1.000	NULL
5357	KIT DE UTENSILIOS		30.00	Geral	NULL	1.000	NULL
5358	KIT DE UTENSILIOS GRANDE 12 PEÇAS SILICONE		70.00	Geral	NULL	1.000	NULL
5359	KIT DE VALVULA DE SEGURANÇA P/ PANELA		2.50	UTILIDADES	7896518390763	1.000	NULL
5360	KIT DIA DAS  MAES C XICARA		55.00	Geral	NULL	1.000	NULL
5361	kit dia das maes		30.00	Geral	NULL	1.000	NULL
5362	KIT DIA DAS MAES C		90.00	Geral	NULL	1.000	NULL
5363	KIT DIA DAS MAES X		55.00	Geral	NULL	1.000	NULL
5364	kit dia dos pais  cinto mais relógio		80.00	Geral	NULL	1.000	NULL
5365	KIT DINOS 3PÇS		25.00	BRINQUEDOS	7896464741893	1.000	NULL
5366	KIT DINOSAUROS		40.00	Geral	7893596213380	1.000	NULL
5367	KIT DINOSAUROS		18.00	BRINQUEDOS	7896464734390	1.000	NULL
5368	KIT DOCE		2.00	Geral	7898610101681	1.000	NULL
5369	KIT DOCES MINI KITCHEN		40.00	BRINQUEDOS	7897009239578	1.000	NULL
5370	kit ecologico de 1 m		12.00	Geral	NULL	1.000	NULL
5371	KIT ECOLOGICO DE VARAO DE CORTINA 1,5MT IMBUIA		20.00	Geral	7908724702657	1.000	NULL
5372	KIT ECOLOGICO MARFIM		25.00	Geral	7908724702787	1.000	NULL
5373	KIT ECOLOGICO VARÃO 2 MT 29MM TITANIO		25.00	Geral	7908724702800	1.000	NULL
5374	KIT ECOLOGICO VARÃO DE 2 MT 29MM BRANCO		25.00	Geral	7908724702763	1.000	NULL
5375	KIT ENJOY FRIGIDEIRA N°22/ CANECA N°14 VERMELHO		45.00	ALUMINIO	7897103803842	1.000	NULL
5376	KIT ESCOLAR  FUTURO 12 CORES		30.00	Geral	7908214734052	1.000	NULL
5377	KIT ESCORREDOR  infantil		40.00	BRINQUEDOS	7897063709154	1.000	NULL
5378	kit escova		8.00	Geral	NULL	1.000	NULL
5379	kit escova pra mamadeira abbmix		6.00	Geral	7898663722703	1.000	NULL
5380	KIT ESCUDO E ESPADA TOP HEROES		20.00	BRINQUEDOS	7908071500265	1.000	NULL
5381	KIT ESCUDO E ESPADA TOP HEROES		30.00	Geral	NULL	1.000	NULL
5383	kit euro varão 1 m. 5 branco  decore lar		15.00	Geral	NULL	1.000	NULL
5384	KIT FACAS DE MESA 3PÇS		5.00	UTILIDADES	7896479940281	1.000	NULL
5385	kit facas tauner		8.00	Geral	NULL	1.000	NULL
5386	kit farm set bois		16.00	Geral	7899632507697	1.000	NULL
5387	KIT FAZENDINHA		10.00	BRINQUEDOS	7898958261788	1.000	NULL
5388	KIT FERRAMENTAS		5.00	BRINQUEDOS	7898958261276	1.000	NULL
5389	KIT FERRAMENTAS TOOL SET		40.00	BRINQUEDOS	7898578475213	1.000	NULL
5390	kit festa		2.00	Geral	7898610100233	1.000	NULL
5391	kit festa pião		2.00	Geral	7898610101100	1.000	NULL
5392	KIT FUNIL 3 PÇS PLASDURAN		5.00	UTILIDADES	7897659600568	1.000	NULL
5393	KIT GARFO 3 PÇS HOME		5.00	UTILIDADES	7896479940298	1.000	NULL
5394	kit garfo luna 3 peças		8.00	COZINHA	7898132156152	1.000	NULL
5395	kit garfo preto luna c 3 peças		8.00	Geral	7898132150129	1.000	NULL
5396	kit garfo rosa luna c 3 peças		8.00	COZINHA	7898132157944	1.000	NULL
5397	kit garfos 3 unidades		8.00	COZINHA	7898132158682	1.000	NULL
5398	KIT GARFOS DE MESA INOX HOME MORE 6 PÇS		22.00	UTILIDADES	7898684170361	1.000	NULL
5399	KIT HAIR ESCOVA III		8.00	Geral	7896818206207	1.000	NULL
5400	KIT HEROIAZUL		29.00	BRINQUEDOS	NULL	1.000	NULL
5401	kit herois  capitão america		30.00	Geral	7908071503013	1.000	NULL
5402	kit herois hulk  espada e escudo		30.00	BRINQUEDOS	7908071503310	1.000	NULL
5403	KIT HORA DO CAFE		20.00	Geral	7908341606857	1.000	NULL
5404	kit infantil  oculos mais presilha de ursinho		20.00	Geral	NULL	1.000	NULL
5405	kit infantil cozinha		15.00	Geral	7898945881029	1.000	NULL
5406	kit infantil cozinha 4 peças		15.00	Geral	7898945881036	1.000	NULL
5407	KIT INFANTIL DIELU		17.00	BRINQUEDOS	7898944110441	1.000	NULL
5408	kit infantil oculos		20.00	Geral	NULL	1.000	NULL
5409	KIT INFANTIL PÁ E RODO		15.60	Geral	7898944110892	1.000	NULL
5410	kit infantil prato		10.00	Geral	NULL	1.000	NULL
5411	KIT INFANTIL PRATO E COPO		10.00	Geral	7899641928544	1.000	NULL
5412	KIT JARRINHA		12.50	Geral	7898970558408	1.000	NULL
5413	KIT JARRINHA SAYURI		11.00	BRINQUEDOS	7898921701419	1.000	NULL
5414	KIT LANCHE KOZI PLAST		10.00	Geral	7899641929398	1.000	NULL
5415	KIT LAPISEIRA C/ BORRACHA SANTOS		6.00	PAPELARIA	4894290234490	1.000	NULL
5416	kit legal gancho		4.50	Geral	7896518392064	1.000	NULL
5417	KIT LEGUMES MINI KITCHEN		40.00	BRINQUEDOS	7908434956005	1.000	NULL
5418	KIT LEGUMES TOY MASTER		8.00	BRINQUEDOS	7908071504478	1.000	NULL
5419	KIT LIMPESA PIA 3 PEÇAS DECORADO		12.00	COZINHA	7898994415329	1.000	NULL
5420	KIT LIMPEZA LEVE C/2 40X25cm		2.00	UTILIDADES	7897750786352	1.000	NULL
5421	kit liquidificador sayuri		12.00	Geral	7898921701341	1.000	NULL
5422	KIT MALHA MEXICANO		40.00	Geral	NULL	1.000	NULL
5423	KIT MEDICO DOCTOR SET		20.00	BRINQUEDOS	7898578475534	1.000	NULL
5424	KIT MEDICO LITTLE DOCTOR		11.00	BRINQUEDOS	7896464706397	1.000	NULL
5425	KIT MÉDICO PICA PAU		15.00	BRINQUEDOS	7896464704102	1.000	NULL
5426	kit meia promoçao		10.00	Geral	NULL	1.000	NULL
5427	kit merenda infantil		10.00	Geral	NULL	1.000	NULL
5428	kit merheje basic 4 peças		30.00	Geral	7896075701347	1.000	NULL
5429	kit mexicano normade 3 peças cozinha		55.00	Geral	NULL	1.000	NULL
5430	KIT MINHA CASINHA		10.00	BRINQUEDOS	7898921701297	1.000	NULL
5431	KIT MISTO TALHERES		8.00	COZINHA	7898132150921	1.000	NULL
5432	kit mochila ,lacheira,estojo  stich azul		150.00	Geral	7890000202510	1.000	NULL
5433	KIT MOCHILA MINIE LANCHEIRA,ESTOJO		150.00	Geral	6900802624234	1.000	NULL
5434	KIT MOTO C 3		27.00	Geral	7898505909163	1.000	NULL
5435	KIT MOVEIS		20.00	BRINQUEDOS	7908341606123	1.000	NULL
5436	KIT NOSSO CHAZINHO 13 PCS		40.00	BRINQUEDOS	7898521375669	1.000	NULL
5437	KIT OCULOS E PRESILHA INF		20.00	Geral	NULL	1.000	NULL
5438	KIT PANO LIMPEZA MICROFIBRA		11.00	Geral	7892019038210	1.000	NULL
5439	kit passadeira 3 unidades cozinha		50.00	Geral	9878924562796	1.000	NULL
5440	KIT PATRULHA CANINA		85.00	BRINQUEDOS	7820000091203	1.000	NULL
5441	KIT PENEIRA PMG 3 UNID		7.50	Geral	7896849405327	1.000	NULL
5442	kit peneiras		8.00	Geral	NULL	1.000	NULL
5443	KIT PENTE PROFICIONAL 2 UNID.		4.50	Geral	7897385000281	1.000	NULL
5444	KIT PENTES 2 PEÇAS		4.50	Geral	NULL	1.000	NULL
5445	KIT PENTES 3 PEÇAS		14.80	Geral	NULL	1.000	NULL
5446	KIT PEQUENO MECÂNICO		6.00	BRINQUEDOS	7898083363920	1.000	NULL
5447	KIT PESCARIA TOY MASTER		20.00	BRINQUEDOS	7908071505369	1.000	NULL
5448	KIT PIA		25.00	Geral	7898576052171	1.000	NULL
5449	KIT PIA 3 PÇS DECORADO A MÃO ALUMINIO		50.00	Geral	7898913194540	1.000	NULL
5450	KIT PIA CESTO P/LIXO		12.00	PLASTICOS	7898994415336	1.000	NULL
5451	KIT PIA COLORIDO RAE		10.50	UTILIDADES	7898994415343	1.000	NULL
5452	kit pia de 14		14.00	Geral	NULL	1.000	NULL
5453	KIT PIA DECORADO-B		12.00	Geral	7898676960116	1.000	NULL
5454	KIT PINCEL PINTURA		5.00	PAPELARIA	7898918878100	1.000	NULL
5455	KIT POTE		50.00	Geral	NULL	1.000	NULL
5456	kit pote 3 peças  quadrado erca leitoso		8.50	Geral	7898264715623	1.000	NULL
5457	kit pote 3 peças redondo erca		8.50	Geral	7898264715821	1.000	NULL
5458	KIT POTE COM 2 UNIDADES ERCAPLAST		8.50	Geral	7898264715647	1.000	NULL
5459	KIT POTE QUADRADO ERCA		8.50	PLASTICOS	7898264715449	1.000	NULL
5460	KIT POTE TAPOWER		40.00	Geral	NULL	1.000	NULL
5461	KIT POTES PMG TRANSPARENTE		8.50	PLASTICOS	7898502717853	1.000	NULL
5462	KIT POTES QUADRADOS C/4 PÇS		7.50	PLASTICOS	7898264712400	1.000	NULL
5463	KIT PRAIA AMAR E		13.00	BRINQUEDOS	7898958261443	1.000	NULL
5464	kit praia balde sortido  castelão		25.00	BRINQUEDOS	7898913573208	1.000	NULL
5465	KIT PRATINHO COPO E COLHER		7.00	Geral	7898179464524	1.000	NULL
5466	KIT QUARTO MINHA CASINHA		10.00	BRINQUEDOS	7898921701235	1.000	NULL
5467	KIT REFEIÇÃO INFANTIL		12.00	Geral	7899335412489	1.000	NULL
5468	KIT REFEICAO MELAMINA 4 PECAS INFANTIL (PRATO,TIGELA,COLHER E GA		14.00	Geral	7908593514108	1.000	NULL
5469	KIT RELOGIO INFANTIL		25.00	Geral	7898624606998	1.000	NULL
5470	kit saco de presente 45x57		6.00	kit FESTA	7897864897494	1.000	NULL
5471	KIT SECADOR		13.00	Geral	7898970558392	1.000	NULL
5472	kit secador beleza		10.00	Geral	7898921701402	1.000	NULL
5473	kit silicone rosa 3 peças		15.00	Geral	7899658424312	1.000	NULL
5474	KIT SIMPLES  1,5 VARÃO  IMBUIA		16.00	Geral	NULL	1.000	NULL
5475	KIT SIMPLES MEDIO 1,0M BRANCO		12.50	UTILIDADES	NULL	1.000	NULL
5476	KIT SIMPLES MEDIO 1,5M CEREJEIRA		16.00	UTILIDADES	NULL	1.000	NULL
5477	KIT SIMPLES MEDIO 3,0M MARFIM		35.00	UTILIDADES	7898357410527	1.000	NULL
5478	KIT SUPER HEROIS 7 PCS		120.00	BRINQUEDOS	7894902062166	1.000	NULL
5479	KIT SUPORTE COAMIL		10.00	UTILIDADES	7898918965220	1.000	NULL
5480	KIT SUPORTE DE VARÃO DE CORTINA BRANCO		5.00	UTILIDADES	197027769987	1.000	NULL
5481	KIT SUPORTE DE VARÃO DE CORTINA CINZA		5.00	UTILIDADES	7899677205404	1.000	NULL
5482	KIT SUPORTE DE VARÃO DE CORTINA IMBUIA		5.00	UTILIDADES	7297027769987	1.000	NULL
5483	KIT SUPORTE DE VARÃO DE CORTINA MARFIM		5.00	UTILIDADES	NULL	1.000	NULL
5484	KIT SUPORTE DE VARÃO DE CORTINA MOGNO		5.00	UTILIDADES	NULL	1.000	NULL
5485	KIT SUPORTE DE VARÃO DE CORTINA ROSA		5.00	UTILIDADES	NULL	1.000	NULL
5486	KIT SUPORTE MEDIO CEREJEIRA		6.00	UTILIDADES	7898357414396	1.000	NULL
5487	KIT SUPORTE SIMPLES IMBUIA		6.00	UTILIDADES	7898963414346	1.000	NULL
5488	KIT SUPORTE VARÃO DE CORTINA AZUL		5.00	UTILIDADES	NULL	1.000	NULL
5489	KIT SUPORTE VARÃO DE CORTINA CEREJEIRA		5.00	UTILIDADES	NULL	1.000	NULL
5490	kit tapete 3 peças		60.00	Geral	NULL	1.000	NULL
5491	KIT TAPETE BANHEIRO MULTICOLOR		40.00	Geral	7897185100525	1.000	NULL
5492	KIT TAPETES COZINHA MULTICOLOR		40.00	BANHEIRO	7897185100617	1.000	NULL
5493	kit tigela mais pincel cabelo bonitinho		10.80	Geral	7896818205965	1.000	NULL
5494	KIT TOALHA GELADEIRA PERFETTO		6.00	UTILIDADES	7898192060383	1.000	NULL
5495	KIT TOUCA DE BANHO DE PLASTICO C/3 PÇS		6.00	UTILIDADES	7898663721447	1.000	NULL
5496	KIT UTENSILIOS BAMBU		20.00	Geral	7898750052751	1.000	NULL
5497	KIT VARAL SANSHIN 24 PRENDEDORES		36.00	Geral	7897331100089	1.000	NULL
5498	KIT VARAL SANSHIN C/16 PRENDEDORES		15.00	UTILIDADES	7897331100072	1.000	NULL
5499	KIT VARÃO  MOGNO 3 MT		35.00	UTILIDADES	7898357410510	1.000	NULL
5500	KIT VARÃO 29 MM MOGNO GROSSO 2 M		30.00	Geral	7908724702794	1.000	NULL
5501	KIT VARÃO 3 MT BRANCO		35.00	UTILIDADES	7898357410534	1.000	NULL
5502	KIT VARÃO DE 1 MT E MEIO GROSSO MARFIM		20.00	Geral	NULL	1.000	NULL
5503	KIT VASSOURA E RODO INFANTIL		16.00	BRINQUEDOS	7898944110342	1.000	NULL
5504	KIT XUXINHA		5.00	Geral	NULL	1.000	NULL
5505	KITCHEN 17 PEÇAS ALUMINIO		40.00	BRINQUEDOS	7899605750297	1.000	NULL
5506	KITCHEN INFANTIL		20.00	Geral	7898578475572	1.000	NULL
5507	KITCHEN KIT DE COZINHA		20.00	Geral	7899605714213	1.000	NULL
5508	KITCHEN SET		25.00	Geral	7898578473790	1.000	NULL
5509	KITCHEN SET		25.00	BRINQUEDOS	7898578473806	1.000	NULL
5510	KITCHEN SET		25.00	Geral	7898578473813	1.000	NULL
5511	KITCHEN UTENSILIOS		22.00	BRINQUEDOS	7898578474384	1.000	NULL
5512	KITCHEN UTENSILS		22.00	BRINQUEDOS	7898578474247	1.000	NULL
5513	KOMBI MINIATURA		30.00	Geral	7892024157715	1.000	NULL
5514	LAÇA DADOS SUPERAIRSOFT		25.00	BRINQUEDOS	7898578474414	1.000	NULL
5515	LACINHO GIGANTE		3.00	Geral	NULL	1.000	NULL
5516	LACINHO GIGANTE		2.50	Geral	NULL	1.000	NULL
5517	LACINHO GIGANTE		4.00	Geral	NULL	1.000	NULL
5518	LACINHO GRANDE		2.00	Geral	NULL	1.000	NULL
5519	LACINHO GRANDE		1.50	Geral	NULL	1.000	NULL
5520	lacinho novo		5.00	Geral	NULL	1.000	NULL
5521	LACINHO PEQUENO		0.50	Geral	7899023405359	1.000	NULL
5522	LACINHO VARIAS CORES		1.00	Geral	NULL	1.000	NULL
5523	LACINHO VARIAS CORES		2.00	Geral	NULL	1.000	NULL
5524	LACINHOS PARA CABELO		5.00	Geral	NULL	1.000	NULL
5525	LACINHOS PARA CABELO		3.00	Geral	NULL	1.000	NULL
5526	LAÇO		5.00	Geral	NULL	1.000	NULL
5527	LAÇO		5.00	Geral	NULL	1.000	NULL
5528	laço		5.00	Geral	NULL	1.000	NULL
5529	laço azul par		5.00	Geral	NULL	1.000	NULL
5530	laço de fita		2.00	Geral	NULL	1.000	NULL
5531	LAÇO DE FITA DE1		1.00	Geral	NULL	1.000	NULL
5532	laço grande		4.00	Geral	NULL	1.000	NULL
5533	laço grande		3.00	Geral	NULL	1.000	NULL
5534	LAÇO GRANDE   PRATEADO		3.00	Geral	NULL	1.000	NULL
5535	laço grande dourado		5.00	Geral	NULL	1.000	NULL
5536	laço grande dourado		4.50	Geral	NULL	1.000	NULL
5537	laço grande rosa		3.00	Geral	NULL	1.000	NULL
5538	laço grande vermelho		3.00	Geral	NULL	1.000	NULL
5539	laço grandre		3.00	Geral	NULL	1.000	NULL
5540	LAÇO GRANDRE		4.00	Geral	NULL	1.000	NULL
5541	laço infantil avulso c presilha		5.00	Geral	NULL	1.000	NULL
5542	laço papai noel		1.50	Geral	NULL	1.000	NULL
5543	laço pequeno		2.00	Geral	NULL	1.000	NULL
5544	LAÇO PEQUENO		2.00	Geral	NULL	1.000	NULL
5545	laço pequeno		2.00	Geral	NULL	1.000	NULL
5546	LAÇO PEQUENO		1.50	Geral	NULL	1.000	NULL
5547	LACO PEQUENO		0.50	Geral	7895067010382	1.000	NULL
5548	laço pra cabelo		3.00	Geral	NULL	1.000	NULL
5549	laço pra presente		2.50	Geral	NULL	1.000	NULL
5550	laço pra presente		2.50	Geral	NULL	1.000	NULL
5551	LAÇO PRATEADO		3.00	Geral	NULL	1.000	NULL
5552	laço presente		2.00	Geral	NULL	1.000	NULL
5553	laço presente		4.00	Geral	NULL	1.000	NULL
5554	laço rosa		5.00	Geral	NULL	1.000	NULL
5555	LAMBRETA GARAGE SUMMER		15.00	BRINQUEDOS	7898265324534	1.000	NULL
5556	LAMINA BARBEA		10.00	Geral	NULL	1.000	NULL
5557	LAMINA DE BARBEAR INOX LORD		3.00	UTILIDADES	6222001551914	1.000	NULL
5558	LAMINA WILKINSON		3.00	Geral	NULL	1.000	NULL
5559	LAMINA WILKINSON		4.00	UTILIDADES	7891051015210	1.000	NULL
5560	LÂMPADA 30 W BULBO T LED T80		30.00	ELETRÔNICOS E ACESSÓRIOS	7899881602211	1.000	NULL
5561	lampada 9w		6.00	Geral	7898324005176	1.000	NULL
5562	LÂMPADA 9W BIVOLT 803 LUMENS		9.00	ELETRÔNICOS E ACESSÓRIOS	7899932504020	1.000	NULL
5563	LAMPADA 9W FIAT LUX ILUMINA LED+		8.50	Geral	7896007941308	1.000	NULL
5564	LAMPADA AVANTE		9.00	Geral	7899452011534	1.000	NULL
5565	LAMPADA BLACK DECKER 9W		7.00	Geral	7898638300455	1.000	NULL
5566	LÂMPADA BULBO A LED ASUS		9.00	ELETRÔNICOS E ACESSÓRIOS	7898506363780	1.000	NULL
5567	LAMPADA ELGIN 9W		8.00	Geral	7897013586231	1.000	NULL
5568	LAMPADA LED		10.00	Geral	7897013586255	1.000	NULL
5569	LAMPADA OURO LUX 9W		6.00	Geral	7898324005176	1.000	NULL
5570	lança água toy master		20.00	Geral	7908071505079	1.000	NULL
5571	LANCHEIRA  PERSONAGENS  3D		45.00	Geral	NULL	1.000	NULL
5572	LANCHEIRA AZUL SANDWICH		25.00	UTILIDADES	7908439804479	1.000	NULL
5573	LANCHEIRA PRETA NARUTO		20.00	Geral	NULL	1.000	NULL
5574	LANCHEIRA ROSA LABEL SANDWICH		25.00	UTILIDADES	7908439804486	1.000	NULL
5575	LANCHEIRA SPIDER MAN		20.00	Geral	NULL	1.000	NULL
5576	lantejolas		2.00	Geral	7898286940867	1.000	NULL
5577	LANTEJOULA VERDE 2g ARCO IRIS		1.00	Geral	NULL	1.000	NULL
5578	LANTERNA   FOCUS PQ		10.00	Geral	7898918823124	1.000	NULL
5579	LANTERNA ALFACEL		27.00	Geral	7899386514880	1.000	NULL
5580	LANTERNA CAERUS 800mAh 3W 1 LED CRS-3222		40.00	UTILIDADES	2010000000212	1.000	NULL
5581	LANTERNA COLORIDA		6.00	Geral	NULL	1.000	NULL
5582	lanterna infantil colorida		5.00	Geral	NULL	1.000	NULL
5583	lanterna led lua tek		30.00	Geral	7892021122273	1.000	NULL
5584	LANTERNA PEQ COLORIDA		8.00	Geral	NULL	1.000	NULL
5585	lanterna recarregável dp. led light		20.00	Geral	6939020403093	1.000	NULL
5586	LANTERNA REGARRÉGAVEL		25.00	Geral	7896980435221	1.000	NULL
5587	lapi c borracha		2.00	Geral	7897256267669	1.000	NULL
5588	LAPIS		2.00	Geral	NULL	1.000	NULL
5589	LAPIS		1.00	Geral	NULL	1.000	NULL
5590	lapis  bazze		3.00	Geral	7908673901811	1.000	NULL
5591	lapis  bic 24		25.00	Geral	70330423213	1.000	NULL
5592	lápis  de cor winner 24 cores		20.00	ESCOLAR	7891360477952	1.000	NULL
5593	LAPIS  MARRON		5.00	Geral	7898562351882	1.000	NULL
5594	LAPIS 2B		7.00	Geral	7891360495550	1.000	NULL
5595	LAPIS BIC ESCREVER VERDE		3.00	Geral	70330423473	1.000	NULL
5596	LAPIS COM BORRACHA		2.00	Geral	7897256243908	1.000	NULL
5597	Lapis da faber Casrtell		7.00	Geral	NULL	1.000	NULL
5598	lapis de cor  24 und. leo leo		20.00	Geral	7897256244875	1.000	NULL
5599	LAPIS DE COR  MULTI COLOR 12		10.00	Geral	7891360587453	1.000	NULL
5600	LAPIS DE COR 12 CORES LEO & LEO		8.00	Geral	7897256250036	1.000	NULL
5601	lapis de cor 12 mais 2 lapis  preto multi colors		17.00	ESCOLAR	7891360674658	1.000	NULL
5602	LAPIS DE COR 24 CORES STARSCHOOL		22.00	PAPELARIA	7897476617282	1.000	NULL
5603	lapis de cor bic c 12 cores mais 4 lapis comum		18.00	Geral	70330946446	1.000	NULL
5604	LAPIS DE COR BIC KIDS 24 CORES 12 LAPIS		17.00	Geral	70330422100	1.000	NULL
5605	LAPIS DE COR FABER CASTELL CARAS E CORES		30.00	Geral	7891360656227	1.000	NULL
5606	lapis de cor fernandinho		5.00	Geral	7891360671251	1.000	NULL
5607	lapis de cor leo leo com 24		20.00	Geral	7897256261339	1.000	NULL
5608	lapis de cor pequeno 12 cores		4.00	Geral	7891360477914	1.000	NULL
5609	LAPIS DE COR STARSCHOOL 12 UNID		8.00	PAPELARIA	7897476615783	1.000	NULL
5610	LAPIS DE COR WINNER		15.00	ESCOLAR	7891360477938	1.000	NULL
5611	lapis de cpr leo leo		8.50	Geral	7897256242208	1.000	NULL
5612	LAPIS DE ESCREVER		2.00	Geral	NULL	1.000	NULL
5613	lapis de escrever  tabuada		2.00	Geral	7897771000802	1.000	NULL
5614	lapis de escrever bic		3.00	Geral	7891360698852	1.000	NULL
5615	LAPIS DE ESCREVER BIC EVOLUTION		3.00	Geral	NULL	1.000	NULL
5616	LAPIS DE ESCREVER BIC EVOLUTION		2.00	Geral	NULL	1.000	NULL
5617	LAPIS DE ESCREVER COLORIDO		1.00	Geral	7897256274681	1.000	NULL
5618	LAPIS DE ESCREVER COLORIDO		1.00	Geral	7897256267683	1.000	NULL
5619	LAPIS DE ESCREVER COLORIDO LEO LEO		1.00	Geral	7897256250524	1.000	NULL
5620	LAPIS DE ESCREVER COM BORRACHA COLORIDO		2.00	Geral	7897256220947	1.000	NULL
5621	lapis de escrever com tabuada		1.00	Geral	7891360535294	1.000	NULL
5622	LAPIS DE ESCREVER FABER CASTEL		2.00	Geral	7891360484653	1.000	NULL
5623	lapis de escrever faber castel c 14		20.00	ESCOLAR	7891360641148	1.000	NULL
5624	lapis de escrever faber castel solto		3.00	Geral	NULL	1.000	NULL
5625	LAPIS DE ESCREVER FABER CASTELL		3.00	Geral	7891360491439	1.000	NULL
5626	LAPIS DE ESCREVER HB N2		1.00	Geral	NULL	1.000	NULL
5627	LAPIS DE ESCREVER LABRA		1.00	Geral	7896066110516	1.000	NULL
5628	LAPIS DE ESCREVER LEO&LEO N°2/HB		2.00	Geral	7897256239901	1.000	NULL
5629	LAPIS DE OLHO		5.00	Geral	7898130550013	1.000	NULL
5630	lapis de olho		10.00	Geral	6972973030008	1.000	NULL
5631	LAPIS DE OLHO		5.00	Geral	7899738900217	1.000	NULL
5632	LAPIS DE OLHO BRANCO		5.00	Geral	7898508020643	1.000	NULL
5633	LAPIS DE OLHO MARROM		5.00	Geral	7842383000351	1.000	NULL
5634	LAPIS DE OLHO MARROM		5.00	Geral	7898488142250	1.000	NULL
5635	LAPIS DE OLHO MARRON		5.00	Geral	7898715810488	1.000	NULL
5636	lapis de olho preto		5.00	Geral	7898715810693	1.000	NULL
5637	LAPIS DE OLHO PRETO C/APONTADOR		5.00	Geral	7898488141963	1.000	NULL
5638	lapis de olho preto novo		10.00	Geral	NULL	1.000	NULL
5639	LAPIS ESTAMPADO GATTE		2.00	Geral	7897771000819	1.000	NULL
5640	lapis faber castel   24 cores		40.00	Geral	7891360320135	1.000	NULL
5641	LAPIS LEO&LEO COLORIDO		1.00	Geral	7897256241522	1.000	NULL
5642	LAPIS LEO&LEO DE ESCREVER HB1		1.00	Geral	NULL	1.000	NULL
5643	LAPIS LEO&LEO N°2 HB		1.00	Geral	7897256242833	1.000	NULL
5644	lapis marron de olho		5.00	Geral	NULL	1.000	NULL
5645	lapis preto		2.00	Geral	NULL	1.000	NULL
5646	lapis preto leo leo		2.00	Geral	NULL	1.000	NULL
5647	LAPIS STARSCHOOL HB		1.00	Geral	7897476616483	1.000	NULL
5648	LAPIS VERDE		2.00	Geral	NULL	1.000	NULL
5649	lapiseira 0,5  bic		7.00	Geral	NULL	1.000	NULL
5650	LAPISEIRA 0,7		7.00	Geral	6953642800245	1.000	NULL
5651	lapiseira 0,7  sortida		5.00	Geral	7897185960129	1.000	NULL
5652	lapiseira 0,7 sortida goller		5.00	Geral	7897185960143	1.000	NULL
5653	LAPISEIRA 0.5		5.00	Geral	NULL	1.000	NULL
5654	LAPISEIRA 0.7		5.00	Geral	6928877770199	1.000	NULL
5655	LAPISEIRA 0.7		5.00	Geral	NULL	1.000	NULL
5656	LAPISEIRA 0.7		5.00	Geral	6920930391167	1.000	NULL
5657	LAPISEIRA 0.7		7.00	Geral	6922971010090	1.000	NULL
5658	LAPISEIRA 0.7 CLASSE		5.00	Geral	6928877770052	1.000	NULL
5659	LAPISEIRA 0.7 POLY TEEN FABER CASTELL		5.00	PAPELARIA	7891360582045	1.000	NULL
5660	LAPISEIRA BIC 0,7 COLORS		5.00	Geral	70330424067	1.000	NULL
5661	LAPISEIRA FABER-CASTELL		5.00	Geral	7891360585220	1.000	NULL
5662	LAPISEIRA FABER-CASTELL 0.5		5.00	PAPELARIA	7891360582083	1.000	NULL
5663	lapiseira goller 0.7		7.00	Geral	7897185960167	1.000	NULL
5664	LAPISEIRA GOLLER NEON		5.00	Geral	78971859360144	1.000	NULL
5665	LAPISEIRA INFINITA		10.00	Geral	789054421206	1.000	NULL
5666	lapiseira infinita 0,7		10.00	Geral	NULL	1.000	NULL
5667	LAPISEIRA MY MELODY		5.00	Geral	6962365300178	1.000	NULL
5668	LAPISEIRA PONTA GROSSA		5.00	Geral	NULL	1.000	NULL
5669	LAPIZ DE ESCREVER		2.00	Geral	NULL	1.000	NULL
5670	lasanheira 2,9L marinex		65.00	VIDROS	7891155040873	1.000	NULL
5671	lasanheira com tanpa 4 litros sempre marinex		85.00	VIDROS	7891155050094	1.000	NULL
5672	LASER COLORIDO		7.00	Geral	7818100808036	1.000	NULL
5673	LASER COLORIDO 3 EM 1		7.50	BRINQUEDOS	6900010004101	1.000	NULL
5674	LASER NEW		8.00	Geral	NULL	1.000	NULL
5675	lastex		4.00	Geral	NULL	1.000	NULL
5676	LASTEX 10M		2.50	Geral	7897495408441	1.000	NULL
5677	LATA COFRE PEQUENO		3.00	BRINQUEDOS	7898219612441	1.000	NULL
5678	LATA CORAÇAO C PELUCIA PRESENTE		30.00	Geral	7908174958857	1.000	NULL
5679	latex		2.00	Geral	NULL	1.000	NULL
5680	LAVA ARROZ 24X21X10cm		6.00	UTILIDADES	7897008000179	1.000	NULL
5681	LAVA ARROZ COLOR		6.00	PLASTICOS	7898378690939	1.000	NULL
5682	lava arroz plassútil		10.00	Geral	7896042026077	1.000	NULL
5683	LAVA ARROZ UNINJET		8.00	Geral	7899335410225	1.000	NULL
5684	LAVA ARROZ UNINJET GRANDE		8.00	Geral	7899335410195	1.000	NULL
5685	lava azulejo		10.00	Geral	NULL	1.000	NULL
5686	LAVA FRUTAS		5.00	Geral	7897848701939	1.000	NULL
5687	LAVA LEGUMES PLASMARC		5.00	UTILIDADES	7898948178898	1.000	NULL
5688	LAVA ROUPAS TIXAN YPÊ		12.00	Geral	7896098909744	1.000	NULL
5689	LAVA SANITARIO PLASTICA C/SUPORTE COLORIDA		6.00	UTILIDADES	NULL	1.000	NULL
5690	LAVA TUDO		4.00	UTILIDADES	7898647190535	1.000	NULL
5691	lava tudo		6.20	Geral	7897698200088	1.000	NULL
5692	LAVA TUDO POP		4.00	Geral	7898936772862	1.000	NULL
5693	LAVA TUDO VERMELHO UNINJET		4.00	PLASTICOS	7899335409977	1.000	NULL
5694	LAVADOR DE ARROZ		6.50	UTILIDADES	7897698203812	1.000	NULL
5695	LAVATINA CABO INOX		11.00	BANHEIRO	NULL	1.000	NULL
5696	LAVA-TUDO COLOR		6.00	Geral	7898972314279	1.000	NULL
5697	LEGO HEROES ASSEMBLE		30.00	BRINQUEDOS	7892020003825	1.000	NULL
5698	LEGO MINECRAFT MY WOLRD		30.00	BRINQUEDOS	7892020003115	1.000	NULL
5699	LEGUMEIRA QUARQUEADA  N 20		50.00	COZINHA	7898584435768	1.000	NULL
5700	LEGUMERA N18 POLIDA 3,3L		45.00	Geral	7898584438547	1.000	NULL
5701	LEITEIRA  POLIDA N 12  C TAMPA		22.00	ALUMINIO	7898917307366	1.000	NULL
5702	LEITEIRA ALUMINIO C TANPA N 14		24.00	ALUMINIO	7898917307373	1.000	NULL
5703	LEITEIRA C/T N 14 ALUMINIO-C		26.00	Geral	7890577307373	1.000	NULL
5704	LEITEIRA VERMELHA ALEGRETE		30.00	Geral	NULL	1.000	NULL
5705	LENÇOL  DE SOLTEIRO  DE ELASTICO		33.00	CAMA, MESA E BANHO	7898964135646	1.000	NULL
5706	LENÇOL  SOLTEIRO BRANCO ELASTICO		30.00	Geral	NULL	1.000	NULL
5707	lençol branco solteiro		20.00	Geral	NULL	1.000	NULL
5708	LENÇOL DE CASAL C/ELASTICO		35.00	CAMA, MESA E BANHO	7898964135639	1.000	NULL
5709	LENÇOL DE CASAL ELASTICO		35.00	Geral	7898964135653	1.000	NULL
5710	lençol de solteiro		25.00	Geral	NULL	1.000	NULL
5711	LENÇOL DE SOLTEIRO  TECIDO		33.00	Geral	7898964135660	1.000	NULL
5712	LENÇOL DE SOLTEIRO BRANCO		30.00	Geral	NULL	1.000	NULL
5713	LENÇOL SOLTEIRO MICROFIBRA		25.00	Geral	7898931131824	1.000	NULL
5714	LENÇOS FEMININOS PRINCE		4.00	UTILIDADES	7896833015204	1.000	NULL
5715	LENÇOS MASCULINOS C/3 VITÓRIA		9.00	UTILIDADES	7891621000011	1.000	NULL
5716	LEQUE		5.00	Geral	NULL	1.000	NULL
5717	LEQUE		7.00	Geral	NULL	1.000	NULL
5718	LETREIRO CHA DE BEBE		2.00	Geral	7898610101568	1.000	NULL
5719	LICHA DE UNHA		0.50	Geral	NULL	1.000	NULL
5720	lift  credeal		8.50	Geral	7891253207956	1.000	NULL
5721	LIGINHA		3.00	Geral	NULL	1.000	NULL
5722	LIGUINHA C BOLSINHA		6.00	Geral	NULL	1.000	NULL
5723	LIGUINHA COLORIDA		2.00	Geral	NULL	1.000	NULL
5724	LIGUINHA COLORIDA DE 3		3.00	Geral	NULL	1.000	NULL
5725	LIGUINHA DE CABELO		2.00	Geral	NULL	1.000	NULL
5726	LIGUINHA DE CABELO		3.00	Geral	NULL	1.000	NULL
5727	LIGUINHA DE CABELO DE 4		4.00	Geral	NULL	1.000	NULL
5728	LIGUINHA NOVA C BOLSINHA		7.00	Geral	NULL	1.000	NULL
5729	LIGUINHA PRETA DE 3		3.00	Geral	NULL	1.000	NULL
5730	LIGUINHA STEADY COLOR		8.00	Geral	NULL	1.000	NULL
5731	LIGUINHA STEADY COLOR		5.00	Geral	NULL	1.000	NULL
5732	LIMPA  AZULEJO   EXTRA G 40 CM		15.00	Geral	7898950575166	1.000	NULL
5733	LIMPA AZULEJO		10.00	Geral	741527450045	1.000	NULL
5734	LIMPA AZULEJO		8.50	Geral	7896083202065	1.000	NULL
5735	LIMPA AZULEJO M 240X70X20mm		8.50	UTILIDADES	7908099200109	1.000	NULL
5736	LIMPA AZULEJO 24X7X2,5cm		8.50	UTILIDADES	7898495736602	1.000	NULL
5737	LIMPA AZULEJO 25 CM		12.00	UTILIDADES	741527450007	1.000	NULL
5738	LIMPA AZULEJO 25CM		10.00	Geral	7898927841256	1.000	NULL
5739	LIMPA AZULEJO 29X7X2,5		10.00	UTILIDADES	7898495731829	1.000	NULL
5740	LIMPA AZULEJO BIG		14.00	UTILIDADES	7898495736527	1.000	NULL
5741	LIMPA AZULEJO BRILHEX PEQUENO		11.50	UTILIDADES	7897750786499	1.000	NULL
5742	LIMPA AZULEJO SEM CABO		5.50	Geral	NULL	1.000	NULL
5743	limpa azulezo		10.00	Geral	NULL	1.000	NULL
5744	limpa cera		8.50	Geral	NULL	1.000	NULL
5745	LIMPA GARRAFA		5.00	Geral	7898944111271	1.000	NULL
5746	LIMPA PORCELANATO		9.00	UTILIDADES	7898950575227	1.000	NULL
5747	LIMPA VIDROS LIMPOL		10.00	Geral	7891022860672	1.000	NULL
5748	LIMPA VIDROS LUAR		4.00	Geral	7898951180307	1.000	NULL
5749	LIMPADOR UAU MULTIUSO		5.50	Geral	7891242211186	1.000	NULL
5750	LINGINHA		5.00	Geral	NULL	1.000	NULL
5751	LINGUA DE SOGRA		2.00	FESTA	7898610101070	1.000	NULL
5752	linguinha grande		6.00	Geral	NULL	1.000	NULL
5753	linguinha pacotepequeno		2.00	Geral	NULL	1.000	NULL
5754	LINHA AMARELA		2.00	Geral	NULL	1.000	NULL
5755	linha azul claro		2.00	Geral	NULL	1.000	NULL
5756	LINHA AZUL ESCURO		2.00	Geral	7891020401150	1.000	NULL
5757	LINHA AZUL MARINHO		2.00	Geral	NULL	1.000	NULL
5758	LINHA BEGE		2.00	Geral	NULL	1.000	NULL
5759	LINHA BORDA		4.00	Geral	7891113552028	1.000	NULL
5760	linha branca		2.00	Geral	NULL	1.000	NULL
5761	LINHA BRANCA		2.00	Geral	7891020399488	1.000	NULL
5762	LINHA CINZA		2.00	Geral	NULL	1.000	NULL
5763	LINHA COR GRAFITE		2.00	Geral	NULL	1.000	NULL
5764	LINHA DE COSTURA SORTIDA		2.00	Geral	NULL	1.000	NULL
5765	linha laranja		2.00	Geral	NULL	1.000	NULL
5766	LINHA MAGNA RETROS PLUS COR: VERMELHO		2.00	Geral	7891020271241	1.000	NULL
5767	LINHA MARROM ESCURO		2.00	Geral	NULL	1.000	NULL
5768	LINHA PRETA		2.00	Geral	7891020399525	1.000	NULL
5769	linha rosa		2.00	Geral	NULL	1.000	NULL
5770	LINHA ROXA		2.00	Geral	NULL	1.000	NULL
5771	linha verde claro		2.00	Geral	NULL	1.000	NULL
5772	LINHA VERDE ESCURA		2.00	Geral	NULL	1.000	NULL
5773	LINHA VERMELHA		2.00	Geral	NULL	1.000	NULL
5774	LINHA VINHO		2.00	Geral	NULL	1.000	NULL
5775	LINHAS CORES DIVERSAS		2.00	Geral	NULL	1.000	NULL
5776	LIQUIDIFICADOR  MONDIAL PRETO		130.00	Geral	7899882311884	1.000	NULL
5777	LIQUIDIFICADOR BRITANIA DIAMANTE 900W		150.00	Geral	NULL	1.000	NULL
5778	liquidificador mondial branco		130.00	Geral	7899882314427	1.000	NULL
5779	LIQUIDIFICADOR MONDIAL BRANCO C CINZA		130.00	ELETRODOMESTICOS	7899882312751	1.000	NULL
5780	LIQUIDIFICADOR MONDIAL PRETO		170.00	Geral	7899882308945	1.000	NULL
5781	liquidificador mondial vermelho		180.00	Geral	7899882309164	1.000	NULL
5782	litte bee unicornio		45.00	Geral	7898447976988	1.000	NULL
5783	LITTE DOLLS		110.00	Geral	7898639380234	1.000	NULL
5784	LITTLE CUTE HOUSE		20.00	Geral	7899605721792	1.000	NULL
5785	LITTLE DOCTORS		24.00	Geral	7896464705963	1.000	NULL
5786	LITTLE MERMAID AND SCEPTER		20.00	BRINQUEDOS	7908478010633	1.000	NULL
5787	LIVRÃO COLORIR CARROS		8.00	BRINQUEDOS	9788568599303	1.000	NULL
5788	LIVRÃO MICKEY DE LER E COLORIR		8.00	BRINQUEDOS	9788568599235	1.000	NULL
5789	LIVRÃO SPIDERMAN DE LER E COLORIR		8.00	BRINQUEDOS	9788594722553	1.000	NULL
5790	LIVRINHO BABY SHARK LER E COLORIR NICKELODEON		6.00	BRINQUEDOS	9786555244465	1.000	NULL
5791	LIVRINHO BOBEGODE		50.00	Geral	NULL	1.000	NULL
5792	livrinho colorir		5.00	Geral	NULL	1.000	NULL
5793	LIVRINHO DE COLORIR		5.00	Geral	NULL	1.000	NULL
5794	LIVRINHO GALINHA PINTADINHA LER E COLORIR		6.00	BRINQUEDOS	9786555244472	1.000	NULL
5795	LIVRINHO PRINCESAS		6.00	BRINQUEDOS	9786555244502	1.000	NULL
5796	LIVRINHO TURMA DA MONICA		6.00	BRINQUEDOS	9786555244496	1.000	NULL
5797	LIVRO BOB GOOD		30.00	Geral	NULL	1.000	NULL
5798	LIVRO BOBGOOD		50.00	Geral	NULL	1.000	NULL
5799	LIVRO CAIXA		22.00	Geral	7897571920195	1.000	NULL
5800	livro de colori		5.00	Geral	NULL	1.000	NULL
5801	livro pra pintar		5.00	Geral	NULL	1.000	NULL
5802	LIXA DE PÉ CLEIA		8.00	Geral	NULL	1.000	NULL
5803	LIXA DE UNHA		1.00	Geral	7898144120059	1.000	NULL
5804	LIXA DE UNHA		1.00	Geral	7898101642501	1.000	NULL
5805	LIXA DE UNHA		0.50	Geral	NULL	1.000	NULL
5806	LIXA P/ OS PES		4.00	Geral	7898144120417	1.000	NULL
5807	LIXA P/OS PES		4.00	Geral	7898968800373	1.000	NULL
5808	lixeira		25.00	Geral	NULL	1.000	NULL
5809	lixeira   109 litrosc alça  tampa preta		90.00	UTILIDADES	7897698200606	1.000	NULL
5810	LIXEIRA  13 LITROS  RETANGULAR		30.00	COZINHA	7898653551610	1.000	NULL
5811	lixeira  61 litros		45.00	UTILIDADES	7897698200613	1.000	NULL
5812	lixeira  clik 4,5 l preta		18.00	Geral	7897698221069	1.000	NULL
5813	lixeira  pedal7.5		20.00	Geral	NULL	1.000	NULL
5814	lixeira  preta c pedal		35.00	Geral	NULL	1.000	NULL
5815	lixeira  reta preta 2,5 l		17.00	Geral	7897698237671	1.000	NULL
5816	lixeira  smart 15 l mb cinza c pedal		40.00	COZINHA	7897698207612	1.000	NULL
5817	LIXEIRA 10 L PRETA		16.00	Geral	7898972314552	1.000	NULL
5818	LIXEIRA 7 LITROS INPLAST COLORS		21.00	UTILIDADES	7897649769183	1.000	NULL
5819	LIXEIRA 7 LITROS PRETA		18.00	UTILIDADES	7898149710750	1.000	NULL
5820	LIXEIRA 7 LITROS RATTAN ARQPLAST		25.00	Geral	7908439804493	1.000	NULL
5821	LIXEIRA 9 LTS CLICK ROSE		30.00	UTILIDADES	7908439801072	1.000	NULL
5822	lixeira 97 litros c rodinha		90.00	Geral	7908439800310	1.000	NULL
5823	lixeira basculante		14.00	Geral	7896042034843	1.000	NULL
5824	lixeira basculante  7,2 litros black		25.00	Geral	7896042034850	1.000	NULL
5825	LIXEIRA BASCULANTE 13L REDONDA		24.00	UTILIDADES	7898609771161	1.000	NULL
5826	LIXEIRA BASCULANTE 3,2L		10.00	UTILIDADES	7897649766502	1.000	NULL
5827	LIXEIRA BASCULANTE 3,6 LTS		10.00	Geral	7898995995981	1.000	NULL
5828	LIXEIRA BASCULANTE 42L		43.00	Geral	7898378697532	1.000	NULL
5829	LIXEIRA BASCULANTE 7L QUAD		14.00	UTILIDADES	7898378694180	1.000	NULL
5830	LIXEIRA BASCULANTE ECO NATURE 5,5 LTS		16.00	Geral	7896952530640	1.000	NULL
5831	LIXEIRA BASIC GIPLAS 10 LITROS		29.99	Geral	7897291811728	1.000	NULL
5832	lixeira c pedal 15 l branca mb		40.00	COZINHA	7897698206646	1.000	NULL
5833	LIXEIRA C/ PEDAL 14L COLORIDA		30.00	UTILIDADES	7897649766731	1.000	NULL
5834	LIXEIRA C/ PEDAL 21 LITROS		62.00	UTILIDADES	7908439803816	1.000	NULL
5835	LIXEIRA C/ PEDAL 21L		40.00	Geral	7908439801133	1.000	NULL
5836	LIXEIRA C/ PEDAL 7 LTS		18.25	UTILIDADES	7898491820367	1.000	NULL
5837	LIXEIRA C/ TAMPA 10 LTS ARQPLAST		10.00	UTILIDADES	7908439800273	1.000	NULL
5838	LIXEIRA CLIC  PÓA		25.00	Geral	7908439801119	1.000	NULL
5839	LIXEIRA CLICK - BRANCA		13.50	UTILIDADES	7897698206639	1.000	NULL
5840	LIXEIRA CLICK 4,5L		18.00	UTILIDADES	7897698207605	1.000	NULL
5841	LIXEIRA CLICK 9 LTS INOX		30.00	UTILIDADES	7898919089079	1.000	NULL
5842	LIXEIRA CLICK 9 LTS VERMELHA		30.00	UTILIDADES	7908439800242	1.000	NULL
5843	LIXEIRA CLICK ARQPLAST 9 LTS		25.00	PLASTICOS	7908439801102	1.000	NULL
5844	lixeira com pedal 20l preta		50.00	UTILIDADES	7908439804899	1.000	NULL
5845	lixeira com pedal 7 l e meio  inplast		21.00	Geral	NULL	1.000	NULL
5846	lixeira com pedal label inox		50.00	UTILIDADES	7908439804882	1.000	NULL
5847	lixeira com tampa 30 litros  verde		30.00	COZINHA	7898919089093	1.000	NULL
5848	LIXEIRA COM TAMPA E RODAS 100L PRETA		95.00	UTILIDADES	7908439801195	1.000	NULL
5849	LIXEIRA COM TANP BASCULANTE 3,6 L		10.00	Geral	7898378695613	1.000	NULL
5850	lixeira de 100 litros		85.00	Geral	NULL	1.000	NULL
5851	LIXEIRA DE PIA 3,5L ERCAPLAST BASCULANTE		10.00	UTILIDADES	7898264711427	1.000	NULL
5852	LIXEIRA DECORADA 13 LTS		25.00	Geral	7898635510673	1.000	NULL
5853	LIXEIRA ECO NATURE BASCULANTE  12 LTS		25.00	Geral	7896952530695	1.000	NULL
5854	LIXEIRA ELEGANCE C OM PEDAL 7,5 LTS		15.00	UTILIDADES	7898948180150	1.000	NULL
5855	LIXEIRA ESCRITÓRIO CLIK REDONDA   10 l		30.00	UTILIDADES	7908439804257	1.000	NULL
5856	LIXEIRA JAGUAR		32.00	Geral	7896952500186	1.000	NULL
5857	LIXEIRA JAGUAR 40 LT  C, PEDAL PRETA		82.00	Geral	7896952530749	1.000	NULL
5858	LIXEIRA LABEL 10L METALIZADA		30.00	UTILIDADES	7908439805445	1.000	NULL
5859	LIXEIRA N°8 C/TAMPA PLASMARC		8.00	UTILIDADES	7898948178089	1.000	NULL
5860	LIXEIRA PEDAL 13 LITROS QUADRADA		28.00	Geral	7898635511878	1.000	NULL
5861	lixeira pedal 14 litros		30.00	Geral	NULL	1.000	NULL
5862	LIXEIRA PEDAL 7,5 LTS AQUARELA		21.00	UTILIDADES	7897649769190	1.000	NULL
5863	LIXEIRA PEDAL REDONDA PRETA 12L		30.00	COZINHA	7908439800266	1.000	NULL
5864	lixeira pia abre preta 35 l arqplat		75.00	COZINHA	7908439805889	1.000	NULL
5865	LIXEIRA PLUS 15L PRETA COM PEDAL - SILVERBLACK		30.00	UTILIDADES	7897698221076	1.000	NULL
5866	LIXEIRA POP 10L		20.00	Geral	7897698221038	1.000	NULL
5867	LIXEIRA POP 30L - SILVERBLACK		35.00	UTILIDADES	7897698221021	1.000	NULL
5868	LIXEIRA POP C/ TAMPA 30 L		30.00	Geral	7897698207865	1.000	NULL
5869	LIXEIRA POP C/TAMPA 30L		40.00	Geral	NULL	1.000	NULL
5870	LIXEIRA PRETA C/ PEDAL 13L QUADRADA		25.00	UTILIDADES	7898149710736	1.000	NULL
5871	LIXEIRA PRETA C/PEDAL 7,5L		25.00	UTILIDADES	7896042034942	1.000	NULL
5872	lixeira preta de pia  5 litros ratan		15.00	COZINHA	7908439805476	1.000	NULL
5873	LIXEIRA PRETA RETANGULAR BLACK 7 LITROS		20.00	COZINHA	7898718622613	1.000	NULL
5874	LIXEIRA QUADRADA C/ PEDAL 14 LTS		30.00	UTILIDADES	7898121653556	1.000	NULL
5875	LIXEIRA QUADRADA C/ PEDAL 7,5 LTS ECO		23.00	JARDINAGEM	7898121653495	1.000	NULL
5876	LIXEIRA QUADRADA INPLAST 14 LTS		30.00	UTILIDADES	7897649768247	1.000	NULL
5877	LIXEIRA QUADRADA PRETA BASCULANTE 7L		20.00	Geral	7898378695606	1.000	NULL
5878	LIXEIRA RATAN 7 LITROS RETANGULAR PRETA		30.00	UTILIDADES	7908439804509	1.000	NULL
5879	LIXEIRA RATAN CINZA PEDAL 7 LITROS		30.00	UTILIDADES	7908439804554	1.000	NULL
5880	LIXEIRA RATTAN C/ TAMPA CLICK 10L PRETA		24.00	JARDINAGEM	7897848705722	1.000	NULL
5881	LIXEIRA REDONDA  UNINJET		15.00	Geral	NULL	1.000	NULL
5882	LIXEIRA REDONDA 12 LITROS LISA		22.00	UTILIDADES	7898961529035	1.000	NULL
5883	LIXEIRA REDONDA 15 POA		28.00	Geral	7898927772284	1.000	NULL
5884	LIXEIRA REDONDA LISA BLACK		25.00	Geral	7898718622606	1.000	NULL
5885	LIXEIRA REDONDA PRATA		25.00	Geral	NULL	1.000	NULL
5886	LIXEIRA REDONDA PRETA  7 L		20.00	COZINHA	7898647191150	1.000	NULL
5887	LIXEIRA RET. CLICK 7,5L		25.00	Geral	7897698237695	1.000	NULL
5888	LIXEIRA RET.CLICK 7,5L - SOULECO		17.50	UTILIDADES	7897698237701	1.000	NULL
5889	lixeira reta 2,5 lmetalizada		17.00	Geral	7897698237718	1.000	NULL
5890	LIXEIRA TELADA 10L ECO		6.00	PLASTICOS	7896952531012	1.000	NULL
5891	LIXEIRA TELADO PRETO QUAD 7L		8.50	UTILIDADES	7896355705072	1.000	NULL
5892	lixeira vermelha  uninjet 6 litros		9.00	Geral	7899335411123	1.000	NULL
5893	LIXEIRINHA DE MESA 2 LITROS		8.00	COZINHA	7908439800334	1.000	NULL
5894	LOL SURPRISE C/6 + BOLA		105.00	BRINQUEDOS	8018060630213	1.000	NULL
5895	lousa  mágica pica pau		30.00	Geral	7896464731917	1.000	NULL
5896	lousa 40x50		27.00	ESCOLAR	7897070880013	1.000	NULL
5897	LOUSA GRANDE		18.00	BRINQUEDOS	7897070902593	1.000	NULL
5898	LOUSA GRANDE INFANTIL		23.00	BRINQUEDOS	NULL	1.000	NULL
5899	LOUSA INFANTIL ESPECIAL		12.00	BRINQUEDOS	7898056628810	1.000	NULL
5900	LOUSA LCD 8,5		16.00	BRINQUEDOS	7899522401029	1.000	NULL
5901	LOUSA MAGICA		30.00	BRINQUEDOS	7908346249066	1.000	NULL
5902	LOUSA MAGICA 16CM ELEFANTE TOYS		10.00	BRINQUEDOS	7899070112002	1.000	NULL
5903	LOUSA MAGICA GRANDE		30.00	BRINQUEDOS	7908339907607	1.000	NULL
5904	LOUSA MAGICA GRANDE 33X23 ESCRITA PRETA		24.00	Geral	7908593515433	1.000	NULL
5905	LOUSA MÁGICA GRANDE SORTIDA  ESCRITA COLORIDA		25.00	BRINQUEDOS	7899984635574	1.000	NULL
5906	LOUSA MÁGICA PEQUENA		15.80	BRINQUEDOS	7898505935346	1.000	NULL
5907	lousa mágica pequena		15.00	Geral	6930305120087	1.000	NULL
5908	lousa mágica pequena azul		8.00	Geral	7898505935339	1.000	NULL
5909	LOUSA MAGICA RISQUE RABISQUE		20.00	Geral	7897447221012	1.000	NULL
5910	LOUSA PEQUENA 25X39		8.50	BRINQUEDOS	7897070900292	1.000	NULL
5911	lousinha infatil		10.00	Geral	NULL	1.000	NULL
5912	LR 44 BATERIA  ELGIN		3.00	Geral	7897013553462	1.000	NULL
5913	LUMINARIA NOTURNA QUADRADA		10.00	Geral	7908161736659	1.000	NULL
5914	LUPA GRANDE		7.00	Geral	NULL	1.000	NULL
5915	LUVA		8.50	Geral	NULL	1.000	NULL
5916	luva  adulto		25.00	Geral	NULL	1.000	NULL
5917	luva  adulto		25.00	Geral	NULL	1.000	NULL
5918	luva  latex m  danny		6.70	Geral	7896353821118	1.000	NULL
5919	LUVA ADULTO		20.00	Geral	NULL	1.000	NULL
5920	LUVA DE BORRACHA DANNY		6.70	Geral	7896353821125	1.000	NULL
5921	LUVA DE PANO		20.00	Geral	NULL	1.000	NULL
5922	LUVA ELASTICA		20.00	Geral	8201946503071	1.000	NULL
5923	luva fem.		25.00	Geral	NULL	1.000	NULL
5924	luva infantil		15.00	Geral	NULL	1.000	NULL
5925	LUVA INFANTIL		10.00	Geral	5609813804093	1.000	NULL
5926	LUVA INFANTIL COLORS		12.00	Geral	NULL	1.000	NULL
5927	luva infantitl		15.00	Geral	NULL	1.000	NULL
5928	LUVA LATEX  G		6.70	UTILIDADES	7898703420521	1.000	NULL
5929	LUVA LATEX  LIGHT TAM P,M,G		6.70	UTILIDADES	7898390942849	1.000	NULL
5930	LUVA LATEX AMARELA T G		6.70	Geral	7896243135714	1.000	NULL
5931	LUVA LÁTEX DANNY		6.70	UTILIDADES	7896353821101	1.000	NULL
5932	LUVA LATEX LIGHT  TAM P		6.70	UTILIDADES	7898390942825	1.000	NULL
5933	LUVA LATEX M		6.70	UTILIDADES	7898703420514	1.000	NULL
5934	LUVA MAGIC STRETCH		8.50	Geral	NULL	1.000	NULL
5935	luva metalizada curta util		15.00	Geral	7898941903206	1.000	NULL
5936	LUVA PLASTICA 100 UND.		5.00	Geral	7898964629831	1.000	NULL
5937	LUVA PRA BEBÊ		12.00	Geral	NULL	1.000	NULL
5938	LUVA PRA BEBÊ		10.00	Geral	NULL	1.000	NULL
5939	LUVA PRETA		10.00	Geral	7890615000075	1.000	NULL
5940	LUVA PRETA		20.00	Geral	NULL	1.000	NULL
5941	LUVA TERMICA 33X18cm		13.00	UTILIDADES	7897750774922	1.000	NULL
5942	LUVA TÉRMICA METALIZADA LEO PLAST		14.00	UTILIDADES	7896396105268	1.000	NULL
5943	LUVA TRICOTADA PRETA KALIPSO		20.00	Geral	7898390943952	1.000	NULL
5944	LUVAS INFANTIL		12.00	Geral	NULL	1.000	NULL
5945	LUVAS MULTIUSO LÁTEX LIGHT 8/M		6.70	UTILIDADES	7898390942832	1.000	NULL
5946	LUVINHA INFANTIL		10.00	Geral	NULL	1.000	NULL
5947	luvinha infantil		15.00	Geral	NULL	1.000	NULL
5948	LUVINHA INFANTIL CAMILA		12.00	Geral	NULL	1.000	NULL
5949	LUZ  BRANCA  12 W  OURO LUX		8.50	Geral	7898324006166	1.000	NULL
5950	LUZ NOTURNA FIX		15.00	Geral	7908725606077	1.000	NULL
5951	MALETA DE PRIMEIROS SOCORROS		40.00	Geral	7908439803137	1.000	NULL
5952	MALETA FEMININA ARQPLAST		40.00	Geral	7908439801270	1.000	NULL
5953	MALETA FOGÃO & CIA		50.00	BRINQUEDOS	7896965253017	1.000	NULL
5954	MALETA MEDIA DE MEDICO		28.50	BRINQUEDOS	7896871903204	1.000	NULL
5955	MAMADEIRA AZUL . ROSA GRANDE		7.00	UTILIDADES	7898139872222	1.000	NULL
5956	MAMADEIRA AZUL BABY LOO		7.00	Geral	7898942927409	1.000	NULL
5957	mamadeira infantil mágica baby princess		7.00	Geral	7898275740430	1.000	NULL
5958	MAMADEIRA INFANTIL P/MENINA 240ml		7.00	Geral	7898719291191	1.000	NULL
5959	MAMADEIRA JUDY		15.00	Geral	7898631550994	1.000	NULL
5960	MAMADEIRA MAGICA SUCO BABY PRINCESS		7.00	BRINQUEDOS	7898275740669	1.000	NULL
5961	MAMADEIRA MAMEKA		8.00	Geral	7898636870585	1.000	NULL
5962	MAMADEIRA MAMEKA AZUL 320 ML		8.00	Geral	7898636870578	1.000	NULL
5963	MAMADEIRA MÉDIA ROSA. AZUL		6.00	UTILIDADES	7898139871386	1.000	NULL
5964	MAMADEIRA ROSA		7.00	Geral	7898942927416	1.000	NULL
5965	MAMADEIRA ROSA/AZUL   mamita		10.00	UTILIDADES	7898179465026	1.000	NULL
5966	MAMADEIRINHA BABY PRINCESS LEITE		7.00	BRINQUEDOS	7898275740645	1.000	NULL
5967	MAMADEIRINHA SUCO BABY PRINCESS		7.00	BRINQUEDOS	7898275740423	1.000	NULL
5968	MANCEBO		75.00	Geral	NULL	1.000	NULL
5969	MANGUEIRA 15 METROS AZUL		45.00	Geral	NULL	1.000	NULL
5970	mangueira 15 mts  sunflex		44.00	Geral	7898290120422	1.000	NULL
5971	MANGUEIRA 15M BARIFLEX		55.00	UTILIDADES	7898904792199	1.000	NULL
5972	mangueira 20 mts celus plast mar		70.00	Geral	7897468603972	1.000	NULL
5973	mangueira de 10 mts bariflex		40.00	JARDINAGEM	7898904792182	1.000	NULL
5974	mangueira de 15 mts poliflex		52.00	JARDINAGEM	7896572304287	1.000	NULL
5975	MANGUEIRA DE 25 MTS TRANCADA - D		74.00	Geral	7898904792212	1.000	NULL
5976	mangueira de gas		12.00	Geral	NULL	1.000	NULL
5977	MANGUEIRA DE JARDIM C/ESGUICHO		53.00	Geral	7908139503320	1.000	NULL
5978	MANGUEIRA DE PVC 20 MTS C/BICO E UNIAO C/REDUÇÃO P/TORNEIRA 3/4,		56.00	UTILIDADES	7898904792205	1.000	NULL
5979	MANGUEIRA GARDEN HOSE 12MM 50FT		69.90	Geral	NULL	1.000	NULL
5980	MANGUEIRA GAS GLP 0,80CM		12.00	Geral	7898476930821	1.000	NULL
5981	MANGUEIRA GAS GLP 1,25M		16.00	Geral	7898476930845	1.000	NULL
5982	MANGUEIRA PRATICA TRANÇADA 25 METROS		70.00	UTILIDADES	7896572304447	1.000	NULL
5983	mangueira sunflex 10 mts		36.00	Geral	7898290120415	1.000	NULL
5984	MANTA   SORTIDAS		55.00	Geral	NULL	1.000	NULL
5985	MANTEIGA DE CACAU		3.80	PERFUMARIA	7898281093292	1.000	NULL
5986	MANTEIGA DE CACAU		4.00	Geral	7898281092189	1.000	NULL
5987	MANTEIGUEIRA		10.00	Geral	7898025470037	1.000	NULL
5988	MAO DE OBRA DE FAZER PRESENTE		2.00	Geral	NULL	1.000	NULL
5989	MAQUIAGEM		15.00	Geral	NULL	1.000	NULL
5990	maquiagem		15.00	Geral	NULL	1.000	NULL
5991	MAQUIAGEM  GD		15.00	Geral	7899632511908	1.000	NULL
5992	MAQUIAGEM  INFANTIL		11.00	BRINQUEDOS	7899605718297	1.000	NULL
5993	MAQUIAGEM DE BONECA		8.00	Geral	7899605776396	1.000	NULL
5994	MAQUIAGEM DISCO TEEN		15.00	Geral	7898590338039	1.000	NULL
5995	MAQUIAGEM DISCOTEEN BRINQUEDO		20.00	Geral	7898590337995	1.000	NULL
5996	MAQUIAGEM GOLFINHO		20.00	BRINQUEDOS	7892020005140	1.000	NULL
5997	MAQUIAGEM GRANDE		16.00	Geral	7908691407579	1.000	NULL
5998	maquiagem infantil		25.00	Geral	7899085148140	1.000	NULL
5999	MAQUIAGEM INFANTIL   DISCO TEEN		20.00	Geral	7898590338176	1.000	NULL
6000	maquiagem infantil disco teen		20.00	Geral	7898590338183	1.000	NULL
6001	MAQUIAGEM INFANTIL DISCO TEEN		15.00	Geral	7898590337957	1.000	NULL
6002	MAQUIAGEM LITTLE BEAULTY		20.00	BRINQUEDOS	7899576629615	1.000	NULL
6003	MAQUIAGEM PEQUENA		12.00	Geral	7899632518181	1.000	NULL
6004	MAQUIAGEM PQ		10.00	Geral	7899632518143	1.000	NULL
6005	marca texto		7.00	Geral	7891360623199	1.000	NULL
6006	MARCA TEXTO		5.00	Geral	7909438059242	1.000	NULL
6007	MARCA TEXTO  CIS		7.00	Geral	7909438059211	1.000	NULL
6008	MARCA TEXTO 2 COR		4.00	Geral	6949053700205	1.000	NULL
6009	MARCA TEXTO 2 PONTAS		7.00	Geral	NULL	1.000	NULL
6010	MARCA TEXTO AMARELO NEWPEN		5.00	ESCOLAR	7896657807030	1.000	NULL
6011	MARCA TEXTO AZUL		4.00	Geral	7897185939354	1.000	NULL
6012	MARCA TEXTO CIS SORTIDO		7.00	Geral	7909438059273	1.000	NULL
6013	MARCA TEXTO COLOR SPOTLINNER		8.00	PAPELARIA	6930691011068	1.000	NULL
6014	marca texto colors hihlighter		5.00	ESCOLAR	NULL	1.000	NULL
6015	MARCA TEXTO EM GEL		8.00	Geral	7909438059365	1.000	NULL
6016	MARCA TEXTO FLUORESCENTE AZUL		4.00	PAPELARIA	NULL	1.000	NULL
6017	MARCA TEXTO HIGHLIGHTER		7.00	Geral	NULL	1.000	NULL
6018	MARCA TEXTO HIGHLIGHTER OFFICE		5.00	Geral	6958347457886	1.000	NULL
6019	marca texto neon 8 cores		20.00	Geral	NULL	1.000	NULL
6020	marca texto neopen		5.00	Geral	7896657807078	1.000	NULL
6021	MARCA TEXTO NEW PEN LARANJA		5.00	ESCOLAR	7896657807085	1.000	NULL
6022	MARCA TEXTO ROSA		5.00	Geral	7896657803322	1.000	NULL
6023	marca texto rosa cis		5.00	Geral	7896326912270	1.000	NULL
6024	MARCA TEXTO ROSA GOLLER		4.00	Geral	7897185939330	1.000	NULL
6025	marca texto roxo cis		5.00	Geral	7909438032030	1.000	NULL
6026	MARCA TEXTO VERDE NEWPEN		5.00	ESCOLAR	7896657807047	1.000	NULL
6027	MARCADOR BRASFORT		5.00	Geral	NULL	1.000	NULL
6028	MARCADOR PERMANENTE		7.00	Geral	6932703580043	1.000	NULL
6029	MARCADOR PERMANENTE GÖLLER SYMBOL		5.00	PAPELARIA	7897185972405	1.000	NULL
6030	MARCADOR PERMANENTE PRETO		5.00	PAPELARIA	7897185972412	1.000	NULL
6031	MARCADOR VERMELHO		6.00	Geral	7909549204791	1.000	NULL
6032	MARINEX   SALADEIRA PEQUENA		16.00	Geral	NULL	1.000	NULL
6033	MARINEX 1,6L VIDRO TEMPERADO		30.00	Geral	7891155064954	1.000	NULL
6034	MARINEX 1,8 L		22.00	Geral	7891155064879	1.000	NULL
6035	MARINEX COM TAMPA 2 L		30.00	VIDROS	7894993108286	1.000	NULL
6036	marinex com tanpa  3,7 l decorada		75.00	VIDROS	7891155042778	1.000	NULL
6037	marinex com tanpa 5 l		85.00	COZINHA	7894993171907	1.000	NULL
6038	MARINEX MARMITA C/ TAMPA 1L		25.00	VIDROS	7894993108262	1.000	NULL
6039	MARINEX MARMITA C/TAMPA		17.00	VIDROS	7894993108255	1.000	NULL
6040	marinex sem tanpa 3,5l		52.00	Geral	7891155042761	1.000	NULL
6041	marmita   polida n 16  redonda		21.50	COZINHA	7898584431098	1.000	NULL
6042	MARMITA  TERMICA   REDONDA   GIGANTE		45.00	Geral	7898924605325	1.000	NULL
6043	MARMITA 1L USUAL EMPILHAVEL		14.00	Geral	7898577791574	1.000	NULL
6044	MARMITA COM PORTA TALHER		16.00	Geral	7896679702900	1.000	NULL
6045	marmita com trava erca		10.50	COZINHA	7898502713459	1.000	NULL
6046	MARMITA ERCA 3 EM 1		10.00	PLASTICOS	7898264711823	1.000	NULL
6047	MARMITA N.14		23.00	ALUMINIO	7898917305577	1.000	NULL
6048	MARMITA N.16 ALUMINIO		25.00	ALUMINIO	7898917305874	1.000	NULL
6049	MARMITA N°12 600ML		15.50	ALUMINIO	7898913194809	1.000	NULL
6050	MARMITA N°14, 800ML		17.50	ALUMINIO	7898913194199	1.000	NULL
6051	MARMITA N°16 1L		25.00	ALUMINIO	7898913194205	1.000	NULL
6052	marmita polida  600 ml		17.50	COZINHA	7898584431074	1.000	NULL
6053	MARMITA POLIDA N 14 MP		15.00	ALUMINIO	7898463540576	1.000	NULL
6054	marmita polida redonda n 14		20.00	Geral	7898584431081	1.000	NULL
6055	MARMITA POLIDA REDONDA N 16		20.00	Geral	7898463540583	1.000	NULL
6056	MARMITA REDONDA 18		22.50	ALUMINIO	7898463541795	1.000	NULL
6057	MARMITA REDONDA N 10		12.00	ALUMINIO	7898463540552	1.000	NULL
6058	MARMITA REDONDA N 12 POLIDA MP		14.00	ALUMINIO	7898463540569	1.000	NULL
6059	MARMITA ROSA		23.50	PLASTICOS	7891115035000	1.000	NULL
6060	MARMITA SOLTA C/TAMPA		0.50	Geral	NULL	1.000	NULL
6061	MARMITA TÉRMICA  RETANGULAR		40.00	COZINHA	7898292690039	1.000	NULL
6062	MARMITA TERMICA BOCA QUENTE		33.00	Geral	7898924605035	1.000	NULL
6063	MARMITA TERMICA REDONDA PEQUENA N°14		25.00	UTILIDADES	7898297172202	1.000	NULL
6064	MARMITA TERMICA redonsa		40.00	ALUMINIO	7898924605028	1.000	NULL
6065	MARMITA TERMICA RETANGULAR		30.00	UTILIDADES	7898297174671	1.000	NULL
6066	marmita vidro		16.10	Geral	7898505945666	1.000	NULL
6067	MARMITEX BM102		36.00	Geral	17898681780379	1.000	NULL
6068	MARMITEX BOM APETITE - EPS		36.00	DESCARTÁVEIS	17898681780522	1.000	NULL
6069	MARMITEX BOM APETITE BM-550Q		36.00	DESCARTÁVEIS	17898681780515	1.000	NULL
6070	MARMITEX SPUMA PAC		40.00	DESCARTÁVEIS	7894474200225	1.000	NULL
6071	MARTELO CHAPOLIN		16.00	BRINQUEDOS	7896464700364	1.000	NULL
6072	martelo de carne		10.00	Geral	7896489400324	1.000	NULL
6073	martelo de carne madeira		6.80	UTILIDADES	7897435102200	1.000	NULL
6074	MARTELO DE CARNE MADEIRA		6.80	COZINHA	7898917425053	1.000	NULL
6075	MÁSCARA CAPITÃO AMÉRICA		10.00	BRINQUEDOS	7908071500395	1.000	NULL
6076	MASCARA DE PANO		1.00	Geral	NULL	1.000	NULL
6077	MASCARA DESCARTAVEL SOLTA		1.00	Geral	NULL	1.000	NULL
6078	MASCARA DO HOMEN ARANHA		10.00	Geral	7908071500357	1.000	NULL
6079	MASCARA E ESPADA		28.00	BRINQUEDOS	7896464707677	1.000	NULL
6080	mascára homem aranha		13.00	Geral	NULL	1.000	NULL
6081	MASCARA HOMEM-ARANHA		20.00	Geral	6945875092429	1.000	NULL
6082	MASCARA HULK		10.00	BRINQUEDOS	7908071500333	1.000	NULL
6083	MASCARA INFANTIL		5.00	Geral	NULL	1.000	NULL
6084	MASCARA MEDI COMPANY  BRANCA		20.00	UTILIDADES	7896595410248	1.000	NULL
6085	MASCARA TEIA PRETA		7.00	BRINQUEDOS	7908071500371	1.000	NULL
6086	MASCARA UZY PRETA		25.00	UTILIDADES	NULL	1.000	NULL
6087	MASCARAS SUPER-HEROIS		20.00	Geral	9283637182092	1.000	NULL
6088	MASSA DE MODELAR STARSCHOOL		3.00	BRINQUEDOS	7897464703294	1.000	NULL
6089	MASSINHA		7.00	BRINQUEDOS	40232714931	1.000	NULL
6090	MASSINHA DE MODELAR ALCALEX		5.00	BRINQUEDOS	7898968775039	1.000	NULL
6091	MASSINHA DE MODELAR C/12 CORES		7.00	BRINQUEDOS	40232714931	1.000	NULL
6092	MAXI DUCHA ULTRA LORENZETTI		78.00	Geral	7896451824806	1.000	NULL
6093	MAXX TRUCK		55.00	BRINQUEDOS	7896871903235	1.000	NULL
6094	MB BONECO PELADO C/5		3.00	Geral	7898663781144	1.000	NULL
6095	MECHA TRANSFORMERS KOMBI		70.00	BRINQUEDOS	7899785708248	1.000	NULL
6096	medical center		55.00	BRINQUEDOS	7896464706373	1.000	NULL
6097	MEGA JUNIOR  BEACH		15.00	Geral	7898966563553	1.000	NULL
6098	MEIA		10.00	Geral	NULL	1.000	NULL
6099	MEIA   TRIFIL EG  PRETA		16.00	Geral	7891213512571	1.000	NULL
6100	meia adulto femenino		15.00	Geral	NULL	1.000	NULL
6101	MEIA CALÇA DE FRIO		30.00	Geral	NULL	1.000	NULL
6102	MEIA CALÇA G NATURAL		16.00	Geral	7891213207118	1.000	NULL
6103	MEIA CALÇA PRETA SEM PÉ		30.00	Geral	6985665899562	1.000	NULL
6104	MEIA CALÇA TRIFIL COR FUMÊ		14.00	UTILIDADES	7891213207187	1.000	NULL
6105	MEIA CALÇA TRIFIL TABACO UNICO		14.00	UTILIDADES	7891213207262	1.000	NULL
6106	meia de 12 sapatilha		12.00	Geral	NULL	1.000	NULL
6107	MEIA FINA		14.00	Geral	7891213213867	1.000	NULL
6108	MEIA FINA ADHERENCE		14.00	Geral	7891213512977	1.000	NULL
6109	MEIA FINA TRI FIL EG  CLÁSSICA		14.00	Geral	7891213512656	1.000	NULL
6110	MEIA HR		7.00	Geral	7897288820191	1.000	NULL
6111	MEIA INFANTIL		10.00	Geral	7898973430350	1.000	NULL
6112	meia infatil		12.00	Geral	NULL	1.000	NULL
6113	MEIA P/ BEBÊ		20.00	Geral	NULL	1.000	NULL
6114	meia tri fil cacau g		14.00	Geral	7891213207071	1.000	NULL
6115	MEIA TRIFIL EG CACAU		16.00	Geral	7891213512595	1.000	NULL
6116	MEIA TRIFIL EG NATURAL		16.00	Geral	7891213512618	1.000	NULL
6117	meia trifil g preta		13.00	Geral	7891213213652	1.000	NULL
6118	MEIA TRIFIL PÓ DE ARROZ		14.00	Geral	7891213460032	1.000	NULL
6119	MEIA TRIFIL PRETA  G		16.00	Geral	7891213207026	1.000	NULL
6120	MEIA TRIFIL PRETA UNICO		16.00	Geral	7891213207194	1.000	NULL
6121	MEIA TRIFIL TAM UNICO NATURAL		16.00	Geral	7891213207293	1.000	NULL
6122	MEIAS INFANTIS C/3		10.00	Geral	7789091070743	1.000	NULL
6123	MEIAS MASCULINAS		12.00	Geral	NULL	1.000	NULL
6124	MEIO VASO  CERAMICA MÉDIO		12.00	Geral	7896403215645	1.000	NULL
6125	meio vaso 2 color verde		12.00	JARDINAGEM	7898521060763	1.000	NULL
6126	MEIO VASO PRETO		7.50	Geral	7898521060725	1.000	NULL
6127	meio vaso preto		12.00	Geral	7898521060756	1.000	NULL
6128	MERMAID SEREIA		40.00	Geral	7899085145361	1.000	NULL
6129	MESA  INFANTIL  AZUL		40.00	Geral	7898036727007	1.000	NULL
6130	MESA AZUL		55.00	BRINQUEDOS	7898911068690	1.000	NULL
6131	MESA INFANTIL  ROSA  ARQUAPLAST		85.00	Geral	7908439800389	1.000	NULL
6132	MESA INFANTIL ARQUAPLAST		85.00	Geral	7908439800372	1.000	NULL
6133	MESA INFANTIL AZUL		55.00	Geral	7898577790508	1.000	NULL
6134	MESA INFANTIL AZUL		60.00	Geral	7898577791741	1.000	NULL
6135	MESA INFANTIL OFERTA		20.00	Geral	NULL	1.000	NULL
6136	MESA INFANTIL ROSA		40.00	Geral	7898036717008	1.000	NULL
6137	MESA ROSA		55.00	BRINQUEDOS	7898911068768	1.000	NULL
6138	METRO DE ELASTICO		2.00	Geral	NULL	1.000	NULL
6139	METRO DE TNT		5.00	PAPELARIA	NULL	1.000	NULL
6140	METRO DE TNT AMARELO		4.00	Geral	NULL	1.000	NULL
6141	METRO DE TNT BRANCO		4.00	Geral	NULL	1.000	NULL
6142	METRO DE TNT CINZA		5.00	Geral	NULL	1.000	NULL
6143	METRO DE TNT LILAS		5.00	Geral	NULL	1.000	NULL
6144	METRO DE TNT MARROM		4.00	Geral	NULL	1.000	NULL
6145	METRO DE TNT ROSA		5.00	UTILIDADES	NULL	1.000	NULL
6146	METRO DE TNT ROSA		4.50	Geral	NULL	1.000	NULL
6147	METRO DE TNT VERDE		4.00	Geral	NULL	1.000	NULL
6148	METRO DE TNT VERDE		4.50	Geral	NULL	1.000	NULL
6149	METRO DE TNT VERDE		5.00	Geral	NULL	1.000	NULL
6150	METRO DE TNT VERMELHO		4.50	Geral	NULL	1.000	NULL
6151	MIÇANGAS CRYSTAL GEMS METALLIC JEWELRY		20.00	BRINQUEDOS	7908492302745	1.000	NULL
6152	michila  mini		30.00	Geral	NULL	1.000	NULL
6153	MICROFONE MUSICAL MUSIC MIKE		25.00	BRINQUEDOS	7899890959061	1.000	NULL
6154	MICROFONE MUSICAL MUSIC MIKE		30.00	Geral	7898624605144	1.000	NULL
6155	microndas infantil erca		12.00	Geral	7898921701167	1.000	NULL
6156	milk baby s  banho faz xixi		65.00	BRINQUEDOS	7898283856161	1.000	NULL
6157	MINECRAFT		100.00	Geral	7894902102268	1.000	NULL
6158	mini   brinquedos carrinho		2.50	Geral	7898663781366	1.000	NULL
6159	mini  boiadeiro diverplas		15.00	Geral	7897063707426	1.000	NULL
6160	MINI  BRIN. DENTADURA		2.50	Geral	7898663780031	1.000	NULL
6161	MINI ALMOFADA		10.00	Geral	NULL	1.000	NULL
6162	mini basculante		9.00	Geral	7897063706375	1.000	NULL
6163	MINI BATEDEIRA DIVERPLAS		25.00	BRINQUEDOS	7897063706146	1.000	NULL
6164	MINI BONECA C/ CARRINHO		40.00	Geral	NULL	1.000	NULL
6165	MINI BONECO		2.00	Geral	7898663780352	1.000	NULL
6166	MINI BRINQ LINGUA DE SOGRA C/6		2.00	FESTA	7898663780260	1.000	NULL
6167	MINI BRINQ. ARANHA		3.00	kit FESTA	7898663780277	1.000	NULL
6168	MINI BRINQ. FORMA DE MOLDAR		2.50	Geral	7898663780369	1.000	NULL
6169	MINI BRINQ. NARIZ DE PALHAÇO		2.00	Geral	7898663781205	1.000	NULL
6170	MINI BRINQUEDO  IOIO		2.50	kit FESTA	7898663781182	1.000	NULL
6171	MINI BRINQUEDO  JATO		2.50	kit FESTA	7898663780451	1.000	NULL
6172	MINI BRINQUEDO  SKATE		2.50	kit FESTA	7898663781168	1.000	NULL
6173	MINI BRINQUEDO APITO		2.50	kit FESTA	7898663781199	1.000	NULL
6174	MINI BRINQUEDO CARRINHO DE ROLEMÃ		2.50	kit FESTA	7898663781809	1.000	NULL
6175	MINI BRINQUEDO CORNETAS		2.50	kit FESTA	7898663780284	1.000	NULL
6176	MINI BRINQUEDO PIÃO		2.50	kit FESTA	7898663780345	1.000	NULL
6177	MINI BRINQUEDO SOLDADINHOS		2.50	kit FESTA	7898663781922	1.000	NULL
6178	MINI CAMINHÕES DE BOMBEIRO CITY VEHICLE		8.00	BRINQUEDOS	7899605704108	1.000	NULL
6179	MINI CEGONHEIRO		22.00	BRINQUEDOS	7898002434861	1.000	NULL
6180	mini colher festa acrilico		2.00	Geral	7898610101711	1.000	NULL
6181	mini colher rosa festa		2.00	Geral	7898610101728	1.000	NULL
6182	MINI COZINHA COLEÇÃO PRINCESA		19.00	BRINQUEDOS	7908071505215	1.000	NULL
6183	MINI CUSCUZEIRO REDAR ALUMINIOS		40.00	Geral	7898913195943	1.000	NULL
6184	MINI DINHEIRINHO		3.00	Geral	7898663780611	1.000	NULL
6185	mini floreira cinza terra cota  verde preta		6.00	JARDINAGEM	7898521060886	1.000	NULL
6186	mini floreira preta		6.00	Geral	7898521060879	1.000	NULL
6187	MINI GUINCHO S.O.S		15.00	BRINQUEDOS	7897063706856	1.000	NULL
6188	MINI LUMINÁRIA LIVON LED/BIVOLT		10.00	ELETRONICOS	7891100039082	1.000	NULL
6189	MINI MALETA  PRATA		6.00	Geral	7908439803946	1.000	NULL
6190	MINI MALETA LADY  BOX ROSA		6.00	UTILIDADES	7908439803953	1.000	NULL
6191	MINI MOCHILA UP4YOU		10.00	Geral	6941690708224	1.000	NULL
6192	MINI MOTO		2.50	kit FESTA	7898663780314	1.000	NULL
6193	MINI PARQUE DE DIVERSOES		20.00	BRINQUEDOS	7898578477811	1.000	NULL
6194	MINI PASTA RG		4.00	Geral	NULL	1.000	NULL
6195	MINI PASTA TRANSP. MULTIUSO CNH		4.50	UTILIDADES	7982505252456	1.000	NULL
6196	mini potes c 4		7.50	Geral	NULL	1.000	NULL
6197	MINI PROCESSADOR DE ALIMENTOS		20.00	COZINHA	7899441532293	1.000	NULL
6198	MINI PROCESSADOR DE ALIMENTOS 170ML		22.00	UTILIDADES	7899605718174	1.000	NULL
6199	mini processador de alimentos manual		20.00	UTILIDADES	7898505926771	1.000	NULL
6200	MINI PROCESSADOR MANUAL		15.00	Geral	7899488138120	1.000	NULL
6201	MINI PROCESSADOR MANUAL		33.00	UTILIDADES	7899768015349	1.000	NULL
6202	MINI SACO HAMBURGUER C 20		3.00	Geral	7898663780239	1.000	NULL
6203	MINI TRITURADOR MANUAL UNINJET		15.00	UTILIDADES	7899335408536	1.000	NULL
6204	MINI VASO  PRETO		3.00	JARDINAGEM	7898064811303	1.000	NULL
6205	MINI VASO PRETO		2.00	Geral	7898064813840	1.000	NULL
6206	MINI VASO PRETO		3.00	JARDINAGEM	7898121656816	1.000	NULL
6207	mini vaso redondo		3.00	Geral	7898521060572	1.000	NULL
6208	mini vaso redondo branco		2.50	Geral	7898093551270	1.000	NULL
6209	MINI ZOOLÓGICO		2.50	Geral	7898663781175	1.000	NULL
6210	MISTER MASSAS		80.00	BRINQUEDOS	7898639381255	1.000	NULL
6211	MIXER DE ALIMENTOS GOURMET		70.00	Geral	7899838836003	1.000	NULL
6212	MOBILE INFANTIL		18.50	BRINQUEDOS	7896464731887	1.000	NULL
6213	mobile phone		10.00	Geral	7897009239547	1.000	NULL
6214	MOCHILA		98.00	Geral	7823122095005	1.000	NULL
6215	mochila		100.00	Geral	7893522071664	1.000	NULL
6216	mochila   boxuezx		65.00	Geral	NULL	1.000	NULL
6217	mochila   CAPIVARA INFANTIL ROSA		80.00	Geral	NULL	1.000	NULL
6218	mochila   nike		85.00	Geral	NULL	1.000	NULL
6219	mochila   nike  preta		80.00	Geral	7801126210310	1.000	NULL
6220	MOCHILA   novas		100.00	Geral	NULL	1.000	NULL
6221	mochila   preta		60.00	Geral	NULL	1.000	NULL
6222	mochila  3 d masc inf.		40.00	Geral	NULL	1.000	NULL
6223	mochila  3d		80.00	Geral	7891124612032	1.000	NULL
6224	MOCHILA  3D GRANDE		100.00	Geral	NULL	1.000	NULL
6225	mochila  3e		120.00	Geral	7893526307103	1.000	NULL
6226	MOCHILA  ADULTO SPORT		70.00	ESCOLAR	7820190889925	1.000	NULL
6227	MOCHILA  ADULTO VERMELHA		80.00	Geral	NULL	1.000	NULL
6228	MOCHILA  BICHOS		50.00	Geral	7802023012274	1.000	NULL
6229	mochila  cabo de aço		80.00	Geral	NULL	1.000	NULL
6230	MOCHILA  CHL   NIKE AMARELO		80.00	Geral	7801125070281	1.000	NULL
6231	MOCHILA  COLORS		120.00	Geral	7802023003685	1.000	NULL
6232	MOCHILA  COURO		80.00	Geral	NULL	1.000	NULL
6233	MOCHILA  DE CORAÇÃO		70.00	Geral	7800123734508	1.000	NULL
6234	mochila  fashion		95.00	Geral	7800010005292	1.000	NULL
6235	MOCHILA  FEM SORTIDA HAO YADUOLI		90.00	Geral	7801125401474	1.000	NULL
6236	MOCHILA  INFANTIL  CARRY CHIC PERSONAGENS		55.00	Geral	7800000008500	1.000	NULL
6237	mochila  infantil FEG		60.00	Geral	NULL	1.000	NULL
6238	mochila  infantil personagens		40.00	Geral	NULL	1.000	NULL
6239	mochila  lacoste		60.00	Geral	NULL	1.000	NULL
6240	MOCHILA  MARRON NIKE		90.00	Geral	7801120095678	1.000	NULL
6241	mochila  média personagens 3d		80.00	Geral	7800007060518	1.000	NULL
6242	mochila  preta cabo de aço		90.00	Geral	7890002017051	1.000	NULL
6243	MOCHILA  ROXA		60.00	Geral	NULL	1.000	NULL
6244	MOCHILA  sijiniao rosa		130.00	Geral	NULL	1.000	NULL
6245	MOCHILA  SPORT CINZA MASC.		120.00	Geral	NULL	1.000	NULL
6246	mochila  vivasol		120.00	Geral	7893526307172	1.000	NULL
6247	MOCHILA  YIYPIANZ		90.00	Geral	6902000216914	1.000	NULL
6248	MOCHILA 3 D  MENINO PERSONAGENS		100.00	Geral	NULL	1.000	NULL
6249	MOCHILA 3 D  SONIC		90.00	Geral	NULL	1.000	NULL
6250	mochila 3 d fem personagens		80.00	Geral	NULL	1.000	NULL
6251	mochila 3 d pequena presonage ns		60.00	Geral	7894200180470	1.000	NULL
6252	MOCHILA 3D		80.00	Geral	NULL	1.000	NULL
6253	MOCHILA 3D DE CARROS		80.00	Geral	7802023015022	1.000	NULL
6254	MOCHILA ADIDAS		90.00	Geral	NULL	1.000	NULL
6255	mochila adulto  ve verde c alça amarelo		120.00	Geral	7893563507122	1.000	NULL
6256	mochila adulto fem		60.00	Geral	NULL	1.000	NULL
6257	MOCHILA ADULTO MASC.		60.00	Geral	NULL	1.000	NULL
6258	MOCHILA AFRICANEAGLE LW-C157		98.00	MOCHILAS E BOLSAS	7801237301570	1.000	NULL
6259	mochila azul		90.00	Geral	6900011202155	1.000	NULL
6260	MOCHILA AZUL CLARO LACOSTE C/ESTOJO		60.00	Geral	NULL	1.000	NULL
6261	MOCHILA AZUL FIVELAS		70.00	Geral	NULL	1.000	NULL
6262	MOCHILA AZUL SPORT		85.00	Geral	NULL	1.000	NULL
6263	MOCHILA BATMAN/STARWARS		100.00	Geral	7822330012606	1.000	NULL
6264	MOCHILA BEBE MINI BICHOS		25.00	Geral	7820220831788	1.000	NULL
6265	MOCHILA BLINDAGE		80.00	Geral	7801500033832	1.000	NULL
6266	MOCHILA BLINDAGE		90.00	Geral	NULL	1.000	NULL
6267	MOCHILA BOTONG		60.00	Geral	NULL	1.000	NULL
6268	MOCHILA BOTONGKIDS ROSA/AZUL		70.00	Geral	NULL	1.000	NULL
6269	MOCHILA BOXUEZX AZUL ESCURO		70.00	Geral	NULL	1.000	NULL
6270	MOCHILA BOXUEZX AZUL ESCURO		60.00	Geral	NULL	1.000	NULL
6271	MOCHILA BOXUEZX CINZA		70.00	Geral	NULL	1.000	NULL
6272	MOCHILA BOXUEZX GENESIS ROSA		70.00	Geral	NULL	1.000	NULL
6273	MOCHILA BOXUEZX GENESIS ROSA		60.00	Geral	NULL	1.000	NULL
6274	MOCHILA BOXUEZX PEQ AZUL ESCURO		50.00	Geral	NULL	1.000	NULL
6275	mochila brindagem  preta		100.00	Geral	NULL	1.000	NULL
6276	MOCHILA C ESTOJO		80.00	Geral	6900007013093	1.000	NULL
6277	MOCHILA CCB		98.00	Geral	NULL	1.000	NULL
6278	MOCHILA CHENS ROXA		85.00	Geral	789123116132	1.000	NULL
6279	mochila china		60.00	Geral	7891128235091	1.000	NULL
6280	mochila chl   fashion bag		80.00	Geral	7801215712572	1.000	NULL
6281	MOCHILA CHL LACOSTE		85.00	Geral	7801126770418	1.000	NULL
6282	MOCHILA CHL NIKE BACKPACK		80.00	Geral	7801126671111	1.000	NULL
6283	MOCHILA CHL OAKLEY		80.00	Geral	NULL	1.000	NULL
6284	mochila chundaichu		55.00	Geral	NULL	1.000	NULL
6285	MOCHILA CHUNJIDAISHU		50.00	Geral	NULL	1.000	NULL
6286	MOCHILA COLORIDA COMIC BACKGROUND		45.00	MOCHILAS E BOLSAS	7800004580194	1.000	NULL
6287	MOCHILA DENLEX LOLLIE CANDY		75.00	Geral	7899310506196	1.000	NULL
6288	MOCHILA DINOSSAURO		80.00	Geral	6931241000402	1.000	NULL
6289	MOCHILA DINOSSAURO		95.00	Geral	7909666843422	1.000	NULL
6290	mochila esportiva fashion bag		85.00	Geral	7801211711944	1.000	NULL
6291	mochila fashion bag cinza		120.00	Geral	7891124619093	1.000	NULL
6292	MOCHILA FEMININA		80.00	Geral	NULL	1.000	NULL
6293	mochila feminina   nike pequena		80.00	Geral	6900007015547	1.000	NULL
6294	MOCHILA FEMININA DE CORAÇÃO ROSA		85.00	Geral	NULL	1.000	NULL
6295	MOCHILA FEMININA WINTH TEEN		70.00	Geral	7899755689362	1.000	NULL
6296	MOCHILA FLORES		80.00	Geral	7890002022840	1.000	NULL
6297	MOCHILA GOLDEN J		80.00	Geral	NULL	1.000	NULL
6298	mochila infantil		80.00	Geral	NULL	1.000	NULL
6299	mochila infantil		80.00	Geral	NULL	1.000	NULL
6300	mochila infantil		80.00	Geral	NULL	1.000	NULL
6301	MOCHILA INFANTIL		70.00	Geral	7800000002232	1.000	NULL
6302	mochila infantil  hwj		60.00	Geral	6925885466816	1.000	NULL
6303	mochila infantil  yepp		70.00	Geral	7899676818773	1.000	NULL
6304	MOCHILA INFANTIL BEST FRIEND SUPRETEE		40.00	MOCHILAS E BOLSAS	7800000000245	1.000	NULL
6305	MOCHILA INFANTIL BEST PUPS FEM/MASC 3D		88.00	Geral	7890200220048	1.000	NULL
6306	mochila infantil borboleta média		85.00	Geral	2022009004443	1.000	NULL
6307	MOCHILA INFANTIL MENINO/MENINA BOXUEZX		70.00	MOCHILAS E BOLSAS	7800000001495	1.000	NULL
6308	MOCHILA INFANTIL MICKEY MOUSE		120.00	Geral	NULL	1.000	NULL
6309	MOCHILA INFANTIL PEQUENA LW-C021		40.00	ESCOLAR	7800000000214	1.000	NULL
6310	mochila infantil personagens		85.00	Geral	7893526551179	1.000	NULL
6311	MOCHILA INFANTIL PERSONAGENS		90.00	Geral	NULL	1.000	NULL
6312	MOCHILA INFANTIL ROSA		40.00	Geral	NULL	1.000	NULL
6313	mochila infantil rosa  borboleta		60.00	Geral	2024009000821	1.000	NULL
6314	mochila jimgpix		60.00	Geral	NULL	1.000	NULL
6315	MOCHILA JINGPIN LW-C534		60.00	Geral	7811282205358	1.000	NULL
6316	MOCHILA JINGPIN ROSA		100.00	Geral	NULL	1.000	NULL
6317	mochila kids		40.00	Geral	NULL	1.000	NULL
6318	MOCHILA KIMTINO		150.00	Geral	NULL	1.000	NULL
6319	MOCHILA KIMTINO 2015-1#		120.00	Geral	NULL	1.000	NULL
6320	MOCHILA KIT HOMEM ARANHA		150.00	Geral	NULL	1.000	NULL
6321	MOCHILA KIT HOMEM DE FERRO		150.00	Geral	6900802624180	1.000	NULL
6322	MOCHILA KL		85.00	Geral	NULL	1.000	NULL
6323	MOCHILA LADY BUG		100.00	Geral	NULL	1.000	NULL
6324	MOCHILA LILO STITCH		90.00	MOCHILAS E BOLSAS	6987123433066	1.000	NULL
6325	MOCHILA LILO STITCH COLORIDA		70.00	Geral	NULL	1.000	NULL
6326	MOCHILA LW-C451 COLORS		80.00	MOCHILAS E BOLSAS	7800123734515	1.000	NULL
6327	MOCHILA MACHA E O URSO PEQUENA		35.00	Geral	NULL	1.000	NULL
6328	MOCHILA MAIDENG		80.00	Geral	NULL	1.000	NULL
6329	MOCHILA MARROM SPORT		98.00	Geral	NULL	1.000	NULL
6330	MOCHILA MARRON		90.00	Geral	7805273933689	1.000	NULL
6331	mochila marron masculino		70.00	Geral	NULL	1.000	NULL
6332	MOCHILA MASCULINA INFANTIL		85.00	Geral	6931241000433	1.000	NULL
6333	MOCHILA MINNIE		40.00	Geral	NULL	1.000	NULL
6334	MOCHILA MY LITTLE PONEY		70.00	Geral	7899676817578	1.000	NULL
6335	MOCHILA NARUTO		80.00	Geral	NULL	1.000	NULL
6336	mochila nike		60.00	Geral	7892022020301	1.000	NULL
6337	MOCHILA NIKE		90.00	Geral	NULL	1.000	NULL
6338	mochila nike		80.00	Geral	7801215711346	1.000	NULL
6339	MOCHILA NIKE		100.00	Geral	NULL	1.000	NULL
6340	MOCHILA NIKE		85.00	Geral	7801126712159	1.000	NULL
6341	MOCHILA NIKE AZUL		80.00	Geral	NULL	1.000	NULL
6342	MOCHILA NIKE ROSA		80.00	Geral	NULL	1.000	NULL
6343	mochila nova sport		70.00	Geral	NULL	1.000	NULL
6344	mochila personagens menino		80.00	Geral	NULL	1.000	NULL
6345	MOCHILA PRETA		80.00	Geral	7811282205334	1.000	NULL
6346	MOCHILA PRETA  BLINDAGEM		90.00	ESCOLAR	7801125733995	1.000	NULL
6347	mochila preta  kl		85.00	Geral	7898458572247	1.000	NULL
6348	MOCHILA PRETA ADULTO		98.00	Geral	NULL	1.000	NULL
6349	MOCHILA PRETA BLINDAGE		100.00	Geral	7801200033712	1.000	NULL
6350	MOCHILA PRETA COM CABO DE AÇO		90.00	Geral	NULL	1.000	NULL
6351	MOCHILA PRETA COM CABO DE AÇO		90.00	Geral	6902309602128	1.000	NULL
6352	MOCHILA PRETA COM FIVELAS		70.00	Geral	NULL	1.000	NULL
6353	mochila preta fashion com cabo de aço		120.00	UTILIDADES	7891124612803	1.000	NULL
6354	MOCHILA PRETA LILO STITCH		70.00	Geral	NULL	1.000	NULL
6355	MOCHILA PRETA NIKE		80.00	Geral	8985264180335	1.000	NULL
6356	MOCHILA PRETA NIKE		80.00	Geral	NULL	1.000	NULL
6357	mochila preta nova		65.00	Geral	NULL	1.000	NULL
6358	MOCHILA PRETA RUIGESHI		80.00	Geral	NULL	1.000	NULL
6359	MOCHILA PRETA SHENG BORUIM		60.00	Geral	NULL	1.000	NULL
6360	MOCHILA PRINCESAS ROSA		85.00	Geral	2022009004153	1.000	NULL
6361	MOCHILA PUMA		100.00	Geral	NULL	1.000	NULL
6362	MOCHILA ROSA		80.00	Geral	7899890421964	1.000	NULL
6363	MOCHILA ROSA  NIKE		90.00	Geral	NULL	1.000	NULL
6364	MOCHILA ROSA 3D		80.00	Geral	7802023015015	1.000	NULL
6365	MOCHILA ROSA C/ ESTOJO		70.00	Geral	NULL	1.000	NULL
6366	MOCHILA ROSA C/ POMPOM E FIVELA		70.00	Geral	NULL	1.000	NULL
6367	MOCHILA ROSA CHL		85.00	Geral	NULL	1.000	NULL
6368	MOCHILA ROSA CHL  FASHION BAG		120.00	Geral	7890250009259	1.000	NULL
6369	MOCHILA ROSA COM AZUL CLARO FEM.		90.00	Geral	NULL	1.000	NULL
6370	MOCHILA ROSA COM FIVELAS		70.00	Geral	NULL	1.000	NULL
6371	MOCHILA ROSA COM VERDE CLARO FEM.		90.00	Geral	NULL	1.000	NULL
6372	MOCHILA ROSE SPORT  FEM SALMAO		98.00	Geral	7823122095036	1.000	NULL
6373	MOCHILA ROXA DE SORVETE		60.00	Geral	7899310504529	1.000	NULL
6374	MOCHILA RUBYS		50.00	Geral	7908153820489	1.000	NULL
6375	MOCHILA RUIGESHI AZUL ESCURO		80.00	Geral	NULL	1.000	NULL
6376	mochila salmão fem. sport nike		80.00	Geral	7823122095074	1.000	NULL
6377	MOCHILA SEREIA		95.00	Geral	7909686743122	1.000	NULL
6378	MOCHILA SNOOPY COLORIDA		70.00	Geral	NULL	1.000	NULL
6379	MOCHILA SONIC		40.00	Geral	NULL	1.000	NULL
6380	MOCHILA SONIC		100.00	Geral	NULL	1.000	NULL
6381	MOCHILA SPORT		60.00	Geral	7820220001433	1.000	NULL
6382	MOCHILA SPORT		70.00	Geral	NULL	1.000	NULL
6383	MOCHILA SPORT CINZA		60.00	Geral	7820220001419	1.000	NULL
6384	MOCHILA SPORT FASHION		120.00	Geral	NULL	1.000	NULL
6385	MOCHILA SPORT MARROM		85.00	Geral	NULL	1.000	NULL
6386	MOCHILA SPORT PRETA		60.00	Geral	7820220001402	1.000	NULL
6387	MOCHILA SPORT PRETA		85.00	Geral	NULL	1.000	NULL
6388	mochila sport rosa		98.00	Geral	NULL	1.000	NULL
6389	MOCHILA SPORT VERDE		85.00	Geral	NULL	1.000	NULL
6390	MOCHILA STIK C ESTOJO		70.00	Geral	NULL	1.000	NULL
6391	MOCHILA STITCH GRANDE		100.00	Geral	NULL	1.000	NULL
6392	MOCHILA TONG TOUY FEM COELHO		70.00	UTILIDADES	NULL	1.000	NULL
6393	MOCHILA UNICORNIO		120.00	Geral	7909688843127	1.000	NULL
6394	MOCHILA UP4YOU		15.00	Geral	NULL	1.000	NULL
6395	MOCHILA URSO BEBE		50.00	Geral	7862839251779	1.000	NULL
6396	mochila urso love cloud		80.00	Geral	7892006960807	1.000	NULL
6397	MOCHILA VALENTINO CARROS		80.00	Geral	7852022069038	1.000	NULL
6398	MOCHILA VERMELHA XINRUIQI		85.00	Geral	NULL	1.000	NULL
6399	MOCHILA WEBOSTE  COM ESTOJO DE LÁPIS		80.00	ESCOLAR	7890002091129	1.000	NULL
6400	MOCHILA XINRUIQ		80.00	Geral	7811282115022	1.000	NULL
6401	MOCHILA XINRUIQ COURO PRETA		80.00	Geral	NULL	1.000	NULL
6402	MOCHILA XINRUIQI CABO DE AÇO		85.00	MOCHILAS E BOLSAS	NULL	1.000	NULL
6403	MOCHILA XINRUIQI YT-R-3506		60.00	MOCHILAS E BOLSAS	7891128235060	1.000	NULL
6404	mochila xinruqi		75.00	Geral	NULL	1.000	NULL
6405	MOCHILA YEPP KIDS ROBLOX POP-IT		120.00	Geral	7899676822565	1.000	NULL
6406	MOCHILA YIDA Y4304		85.00	MOCHILAS E BOLSAS	7891234543042	1.000	NULL
6407	MOCHILA YILISE CORES		80.00	Geral	NULL	1.000	NULL
6408	MOCHILA YILISE PRETA		80.00	Geral	NULL	1.000	NULL
6409	MOCHILA YILISE VERDE		80.00	Geral	NULL	1.000	NULL
6410	MOCHILA YT OAKLEY FIVELAS CINZA		60.00	Geral	7892023044757	1.000	NULL
6411	MOCHILA YWPJAE		75.00	Geral	NULL	1.000	NULL
6412	mochilaa		120.00	Geral	7890250009266	1.000	NULL
6413	MODERDOR DE PÉ		10.00	Geral	7896647077054	1.000	NULL
6414	MODERDOR DE PÉ		10.00	Geral	7898447970467	1.000	NULL
6415	MODERDOR PEZINHO		10.00	Geral	7896647077047	1.000	NULL
6416	MOEBA		10.00	Geral	NULL	1.000	NULL
6417	MOLA BRINQUEDO		10.00	Geral	NULL	1.000	NULL
6418	MOLA INFANTIL		6.00	Geral	7898741740001	1.000	NULL
6419	MOLA INFANTIL		6.00	BRINQUEDOS	7898912301048	1.000	NULL
6420	MONTE A CASA   KIT		20.00	BRINQUEDOS	7908341606109	1.000	NULL
6421	MOP ABRASIVO		10.00	BRILHEX	7897750786413	1.000	NULL
6422	MOP GIRATÓRIO ALKLIN		120.00	UTILIDADES	7897750792476	1.000	NULL
6423	MOP VIDROS		15.00	CAsa	7897750791295	1.000	NULL
6424	mordedor  baby bee		10.00	Geral	7898447970474	1.000	NULL
6425	MORDEDOR  PEIXE		20.00	Geral	7896647077115	1.000	NULL
6426	MORDEDOR BABY BEE		10.00	Geral	7898913264991	1.000	NULL
6427	MORDEDOR BEBÊ BABY BEE		40.00	BRINQUEDOS	7898447973581	1.000	NULL
6428	MORDEDOR DE PE		10.00	Geral	7898447970009	1.000	NULL
6429	MORDEDOR MASSAGEADOR		4.00	UTILIDADES	7898927482152	1.000	NULL
6430	MORINGA PLASTICA		5.00	Geral	7000833663109	1.000	NULL
6431	MORINGA PLASTICA 1L		5.00	UTILIDADES	7898833663102	1.000	NULL
6432	MOTO 1000		13.00	BRINQUEDOS	7898002431853	1.000	NULL
6433	MOTO AVENTURA BIGTRAIL		40.00	Geral	7898956184324	1.000	NULL
6434	MOTO CHOPPER		26.00	BRINQUEDOS	7898002432591	1.000	NULL
6435	moto custon 66		12.00	BRINQUEDOS	7898958261887	1.000	NULL
6436	MOTO NAKED		30.00	BRINQUEDOS	7898956184294	1.000	NULL
6437	MOTO NEW CROSS		10.00	BRINQUEDOS	7898002431495	1.000	NULL
6438	MOTO RACER SPEED  FRICÇÃO		20.00	BRINQUEDOS	7898578474131	1.000	NULL
6439	MOTO SAMBA TOYS		20.00	Geral	7898631554954	1.000	NULL
6440	MOTO SNAKE		65.00	BRINQUEDOS	7898300571992	1.000	NULL
6441	MOTO SPEED PLASTICA COLORIDA		10.00	BRINQUEDOS	7908071504874	1.000	NULL
6442	MOTO SUPER SPEED KIT		16.50	BRINQUEDOS	7899605711045	1.000	NULL
6443	MOTO SUPER X		10.00	BRINQUEDOS	7898958261870	1.000	NULL
6444	MOTO TRILHA BS TOYS		22.00	BRINQUEDOS	7898002432324	1.000	NULL
6445	MOTONIVELADORA		20.00	Geral	7897063708812	1.000	NULL
6446	MOTONIVELADORA PEQUENA		15.00	BRINQUEDOS	7897063707341	1.000	NULL
6447	MOUSE		20.00	Geral	7899454411561	1.000	NULL
6448	MOUSE ÓPTICO INOVA		30.00	Geral	7908124297197	1.000	NULL
6449	MOUSE PAD ESTAMPAS DIVERSAS		4.00	UTILIDADES	7897380902948	1.000	NULL
6450	MOUSE PAD MAXPRINT		4.00	ELETRÔNICOS E ACESSÓRIOS	7897975037048	1.000	NULL
6451	MULTI PROCESSADOR  500 ML		20.00	Geral	7899663573074	1.000	NULL
6452	MULTIFORMAS DE ENCAIXE		40.00	Geral	7898570571449	1.000	NULL
6453	MUNHEQUEIRA		10.00	Geral	7898673631934	1.000	NULL
6454	musgo		2.50	Geral	609963461820	1.000	NULL
6455	MUSGO 20G		3.00	Geral	609963461820	1.000	NULL
6456	MUSGO NATURAL		2.50	Geral	NULL	1.000	NULL
6457	MY BEAUTY KIT		35.00	BRINQUEDOS	7898300574320	1.000	NULL
6458	MY KIT PLAY SET  9 PEÇAS		25.00	BRINQUEDOS	7899605714305	1.000	NULL
6459	MY KITCHEN PLAYSET   9 PEÇAS		20.00	Geral	7899605714190	1.000	NULL
6460	my little   banho  ducha e patinho		90.00	BRINQUEDOS	7898639380050	1.000	NULL
6461	my little  baby love		40.00	BRINQUEDOS	7898283853771	1.000	NULL
6462	my little unicornio		90.00	Geral	7898639380340	1.000	NULL
6463	NAFTALINA SAMPA CLEAN		3.00	BANHEIRO	7898032680061	1.000	NULL
6464	NAVALHA SEKICH		10.00	Geral	7908295300092	1.000	NULL
6465	NAVALHETE ORIGINAL PREMIUM		10.00	Geral	7899739284958	1.000	NULL
6466	NÉCESSAIRE		25.00	Geral	7800866280812	1.000	NULL
6467	NECESSAIRE E ESTOJINHO		18.00	Geral	NULL	1.000	NULL
6468	NECESSAIRE MEDIA		17.00	Geral	NULL	1.000	NULL
6469	necessaire sortida		25.00	Geral	7811653006874	1.000	NULL
6470	NECESSAIRES COLORIDAS		7.00	Geral	NULL	1.000	NULL
6471	NECESSARIE   FEMININA		20.00	Geral	7800996403563	1.000	NULL
6472	NECESSARIE  MASCULINA		20.00	Geral	7811653004900	1.000	NULL
6473	NESCESSEIRE		15.00	Geral	NULL	1.000	NULL
6474	nescesserie		25.00	Geral	7802412435127	1.000	NULL
6475	NEW MOTO 1000		20.00	BRINQUEDOS	7898002431891	1.000	NULL
6476	nhoqueira		7.50	Geral	7897606030585	1.000	NULL
6477	NOTA NEUTRA GRANDE COM 2 VIAS		5.00	PAPELARIA	7898909580791	1.000	NULL
6478	nota neutra pequena		3.50	Geral	7898909580777	1.000	NULL
6479	NOTA NEUTRA SEM COPIA		4.00	Geral	7898909580784	1.000	NULL
6480	nota prossória		6.00	Geral	7897571910172	1.000	NULL
6481	NOVA BIBLIA  VIVA FEM  FLORES		45.00	Geral	7908084615819	1.000	NULL
6482	oculos  de natação infantil		10.00	Geral	7896020618973	1.000	NULL
6483	OCULOS DE NATAÇÃO		25.00	Geral	6942138919073	1.000	NULL
6484	oculos de sol infantil		15.00	Geral	NULL	1.000	NULL
6485	OCULOS INFANTIL C/PRESILHAS SUMMER		20.00	Geral	NULL	1.000	NULL
6486	OFICINA JUNIOR		12.00	BRINQUEDOS	7896464703242	1.000	NULL
6487	OMBRINHA INFANTIL ROSA/AZUL/VERDE		25.00	Geral	7891055108307	1.000	NULL
6488	onibus  bus		30.00	Geral	7896965247603	1.000	NULL
6489	ONIBUS BS TOYS		45.00	BRINQUEDOS	7898002434656	1.000	NULL
6490	ONIBUS ESCOLAR DIVERPLAS		20.00	BRINQUEDOS	7897063707600	1.000	NULL
6491	ONIBUS ROMA BUS EXECUTIVE		45.00	BRINQUEDOS	7896965214759	1.000	NULL
6492	OPALINE REDONDO		26.00	Geral	7891155040521	1.000	NULL
6493	ORG.RET.WAVE C/TRAVA 3L - PRIME		8.50	UTILIDADES	7897698237596	1.000	NULL
6494	orgaizador para condimentos c 4 base branco  gioto		22.00	UTILIDADES	NULL	1.000	NULL
6495	ORGANIZADOR		20.00	Geral	NULL	1.000	NULL
6496	organizador  de talher  rosa		18.00	UTILIDADES	7899335410119	1.000	NULL
6497	organizador  redondo 3,5 l		20.00	Geral	7897698237558	1.000	NULL
6498	ORGANIZADOR 3 ANDARES MB		36.00	UTILIDADES	7897698212104	1.000	NULL
6499	ORGANIZADOR BRANCO COMPRIDO UNINJET		8.50	COZINHA	7899335406945	1.000	NULL
6500	organizador c trava wave 920 ml		9.00	COZINHA	7897698237572	1.000	NULL
6501	organizador de 1,500 ml gourmert		10.00	Geral	7899809031147	1.000	NULL
6502	organizador de talher  branco		18.00	UTILIDADES	7899335410089	1.000	NULL
6503	organizador de talher preto		18.00	UTILIDADES	NULL	1.000	NULL
6504	organizador de talher vermelho		18.00	Geral	NULL	1.000	NULL
6505	organizador multiuso pra talher nitron		15.00	Geral	7896779641208	1.000	NULL
6506	ORGANIZADOR MULTIUSO RETANG. G 12X20.5X27		12.00	Geral	7898646400697	1.000	NULL
6507	ORGANIZADOR N 6		8.00	PLASTICOS	7898948178386	1.000	NULL
6508	ORGANIZADOR PARA TALHERES		18.00	UTILIDADES	7899335410126	1.000	NULL
6509	organizador para talheres preto REF 1009		18.00	Geral	7899335410096	1.000	NULL
6510	organizador preto c 4 gioto		22.00	UTILIDADES	NULL	1.000	NULL
6511	ORGANIZADOR PRETO QUADRADO ALTO PEQUENO 11X10.5X10.5		6.00	UTILIDADES	7899335406907	1.000	NULL
6512	ORGANIZADOR QUADRADO  ALTO UNINJET		9.99	Geral	7899335410454	1.000	NULL
6513	ORGANIZADOR RATTAN MULTIUSO		15.00	Geral	7896779604111	1.000	NULL
6514	ORGANIZADOR REDONDO 5,7L		13.50	Geral	7897291810400	1.000	NULL
6515	organizador redondo com trava 3,5 litro		20.00	Geral	NULL	1.000	NULL
6516	ORGANIZADOR RETANGULAR C 3 MARRON		36.00	Geral	7897698212043	1.000	NULL
6517	organizador triplo branco		36.00	Geral	7908439803977	1.000	NULL
6518	ORGANIZADOR VERTICAL QUADRUPLO  preto		40.00	COZINHA	7908439801355	1.000	NULL
6519	ORGANIZADOR VERTICAL QUADRUPLO branco, preto		40.00	COZINHA	7908439803960	1.000	NULL
6520	ORGANIZADORA  RETANGULAR 4 L COLORS		9.00	UTILIDADES	7898718621074	1.000	NULL
6521	ORMA DE GELO		3.00	Geral	NULL	1.000	NULL
6522	orquidea		6.00	Geral	7898947482415	1.000	NULL
6523	p		9.00	Geral	NULL	1.000	NULL
6524	P. RETANGULAR PMG		8.50	Geral	7898264715357	1.000	NULL
6525	PÁ		7.00	Geral	7898495731836	1.000	NULL
6526	PÁ  INFANTIL		7.50	BRINQUEDOS	7898944110922	1.000	NULL
6527	pá com cabo		8.00	Geral	NULL	1.000	NULL
6528	PÁ DE CABO LONGO PLASTICO		8.00	UTILIDADES	7898130280088	1.000	NULL
6529	pa de ferro		15.00	Geral	NULL	1.000	NULL
6530	pa de ferro galvanizado		15.00	Geral	NULL	1.000	NULL
6531	PA DE LIXO CABO LONGO		8.00	Geral	7898068960380	1.000	NULL
6532	PA DE LIXO CABO LONGO PLASTICO 22X22		8.00	Geral	7898311540536	1.000	NULL
6533	PÁ DE LIXO CHAPA		10.00	UTILIDADES	NULL	1.000	NULL
6534	PA DE LIXO CHAPA GALVANIZADA		15.00	Geral	NULL	1.000	NULL
6535	pa de lixo metal		8.00	Geral	7898219612830	1.000	NULL
6536	pá doméstica pequena		5.50	UTILIDADES	7897750778067	1.000	NULL
6537	PA E RASTELO MATRIX C/5 FORMAS		15.00	BRINQUEDOS	7898602782348	1.000	NULL
6538	PÁ LONGA PLÁSTICA		6.00	UTILIDADES	7898912014559	1.000	NULL
6539	pa metal		10.00	Geral	NULL	1.000	NULL
6540	pa metal		10.00	Geral	NULL	1.000	NULL
6541	PA PLASTICA CABO CURTO		3.00	Geral	7898068960281	1.000	NULL
6542	PÁ PLASTICA QUADRADA		6.00	Geral	7898068960441	1.000	NULL
6543	pa sem cabo		4.00	Geral	NULL	1.000	NULL
6544	PACOTE  DE COLHER C/3 TAUMER		8.00	Geral	7898132149666	1.000	NULL
6545	PACOTE ALMAÇO		1.50	Geral	736532400802	1.000	NULL
6546	PACOTE AZUL SULFITE 500 FOLHAS REPORT		30.00	PAPELARIA	7891191003733	1.000	NULL
6547	pacote cavalos		16.00	Geral	7908261020900	1.000	NULL
6548	PACOTE COM DOIS PENTES		4.00	Geral	NULL	1.000	NULL
6549	PACOTE COM DOIS PENTES		4.50	Geral	NULL	1.000	NULL
6550	PACOTE DE ALGODÃO BRANCO 20g USEIT		4.00	UTILIDADES	7898909332352	1.000	NULL
6551	PACOTE DE BEXIGA AZUL 20UNID 6.5		5.00	Geral	7898444570523	1.000	NULL
6552	PACOTE DE BEXIGAS PRETA C/30 7		8.00	Geral	7896217105538	1.000	NULL
6553	PACOTE DE BUXA DE LAVAR LOUÇA		3.00	Geral	NULL	1.000	NULL
6554	PACOTE DE CANETAS MARCADORES TCWU C/24PCS		42.00	Geral	NULL	1.000	NULL
6555	PACOTE DE COLHER		4.00	Geral	7898663780109	1.000	NULL
6556	PACOTE DE DINOSSAUROS		40.00	Geral	7908691406299	1.000	NULL
6557	PACOTE DE FITA HELLERMAN		35.00	Geral	NULL	1.000	NULL
6558	PACOTE DE FOLHA SULFITE		10.00	Geral	NULL	1.000	NULL
6559	PACOTE DE FOLHA SULFITE CHAMEX 300FLS		30.00	Geral	7891173024978	1.000	NULL
6560	PACOTE DE LACINHOS P/ PRESENTE VERMELHOS		5.00	PRESENTES	1288808700035	1.000	NULL
6561	PACOTE DE LACINHOS PEQ		15.00	Geral	7879202400818	1.000	NULL
6562	pacote de liguinha		2.00	Geral	NULL	1.000	NULL
6563	PACOTE DE MARMITEX SPUMA PAC		33.00	Geral	7894474200218	1.000	NULL
6564	PACOTE DE MEIAS INFANTIS C/3 PARES		12.00	Geral	7899522487313	1.000	NULL
6565	PACOTE DE PAPEL DE HIGIENICO  noble 16 und.		16.00	LIMPEZA	7896061917707	1.000	NULL
6566	PACOTE DE PAPEL P/ FICHARIO C/15 FLS		2.00	Geral	7890175221033	1.000	NULL
6567	PACOTE DE PILHA AA - 1,5V		8.00	ELETRÔNICOS E ACESSÓRIOS	7896009765162	1.000	NULL
6568	PACOTE DE PILHA AAA PALITO		6.00	Geral	NULL	1.000	NULL
6569	PACOTE DE PILHA PALITO		8.00	Geral	NULL	1.000	NULL
6570	PACOTE DE PILHA PHILLIPS AAA		10.00	Geral	4895229152335	1.000	NULL
6571	PACOTE DE PILHAS AA  C 2  DURACELL		20.00	Geral	41333014630	1.000	NULL
6572	PACOTE DE PILHAS PHILLIPS		10.00	Geral	4895229152342	1.000	NULL
6573	PACOTE DE PIRANHA COLORIDA		3.00	Geral	NULL	1.000	NULL
6574	PACOTE DE PRESENTE C/ URSINHO E XICARA		64.00	Geral	NULL	1.000	NULL
6575	PACOTE DE PRESENTE C/ XÍCARA E CARTEIRA		55.00	Geral	NULL	1.000	NULL
6576	PACOTE DE PRESILHAS		3.00	Geral	NULL	1.000	NULL
6577	PACOTE DE PRESILHAS		4.00	Geral	NULL	1.000	NULL
6578	pacote de xuxa		3.00	Geral	NULL	1.000	NULL
6579	PACOTE DE XUXINHAS		2.00	UTILIDADES	NULL	1.000	NULL
6580	PACOTE DE XUXINHAS		3.00	Geral	NULL	1.000	NULL
6581	PACOTE DE XUXINHAS GRANDE		7.00	Geral	NULL	1.000	NULL
6582	PACOTE DE XUXINHAS GRANDE		6.00	Geral	NULL	1.000	NULL
6583	pacote xuxina		3.00	Geral	NULL	1.000	NULL
6584	PAINEL FELIZ ANIVERSÁRIO E.V.A		6.00	FESTA	7898610100875	1.000	NULL
6585	PAINEL PARABENS E.V.A C/1 UNID		6.00	FESTA	7898610100882	1.000	NULL
6586	PALETA DE SOMBRAS E BATOM TEEN CORAÇÃO		20.00	Geral	7908542607530	1.000	NULL
6587	PALETA DE SOMBRAS E BATOM TEEN DOUBLE LOVER		20.00	BRINQUEDOS	7908542607554	1.000	NULL
6588	PALETA DE SOMBRAS E BATOM TEEN RETANGULAR		20.00	Geral	7908542607523	1.000	NULL
6589	PALETA DE SOMBRAS E BATOM TEEN SWEET CANDY		20.00	BRINQUEDOS	7908542607516	1.000	NULL
6590	PALETA DE SOMBRAS E BATOM TEEN SWEET DREAM		20.00	BRINQUEDOS	7908542607493	1.000	NULL
6591	PALETA DE SOMBRAS E BATOM TEEN SWEET HEART		20.00	BRINQUEDOS	7908542607509	1.000	NULL
6592	PALETA DE SOMBRAS TEEN		20.00	Geral	7908542607486	1.000	NULL
6593	PALHA DE AÇO BOMBRIL		3.00	Geral	7891022868036	1.000	NULL
6594	palha de cesta 30g		15.00	Geral	7893015090103	1.000	NULL
6595	PALHA DECORATIVA		8.00	Geral	7898928974250	1.000	NULL
6596	PALITEIRO DE MESA		2.50	Geral	7898264716286	1.000	NULL
6597	PALITEIRO DE MESA HENRIPLAST		4.00	Geral	NULL	1.000	NULL
6598	paliteiro delta		2.20	Geral	7896743801409	1.000	NULL
6599	PALITO DE CHOCOLATE		10.00	Geral	NULL	1.000	NULL
6600	PALITO DE SORVETE		2.00	Geral	7898610100363	1.000	NULL
6601	PALITO DE SORVETE		2.50	Geral	7898610100370	1.000	NULL
6602	PALITO DE SORVETE   50		4.00	kit FESTA	7898663781380	1.000	NULL
6604	palito de unha		0.50	Geral	NULL	1.000	NULL
6605	PALITO DE UNHA		0.50	Geral	NULL	1.000	NULL
6606	PALITOS DE DENTE FIATLUX 100 UNID		2.00	Geral	7896007952144	1.000	NULL
6607	PANDEIRÃO AMAR É		8.50	BRINQUEDOS	7898958261313	1.000	NULL
6608	PANDEIRO		5.00	Geral	7898958261504	1.000	NULL
6609	PANDEIRO		6.50	BRINQUEDOS	7897403102591	1.000	NULL
6610	PANDEIRO  PEQ FACILITA  PLAST		8.00	BRINQUEDOS	7898736570026	1.000	NULL
6611	PANDEIRO ESTRELA		6.00	Geral	7898958261535	1.000	NULL
6612	PANDEIRO PEQUENO		6.00	Geral	7898958261306	1.000	NULL
6613	PANELA  ALUMINIO CAMARGO n 16		33.50	ALUMINIO	7898917307069	1.000	NULL
6614	panela  de pressão teflon  3 litros  alegrete		85.00	Geral	7897103899661	1.000	NULL
6615	panela  mp antiaderente		66.00	Geral	7898463542730	1.000	NULL
6616	PANELA ALEGRETE CINZA DE CABO		45.00	Geral	NULL	1.000	NULL
6617	panela antiaderente		80.00	Geral	7898463542174	1.000	NULL
6618	panela de pressão   ramos polida  4,5 l		190.00	Geral	7896444606006	1.000	NULL
6619	panela de pressão  4,5  antiaderente alegreto   cinza		160.00	ALUMINIO e antiaderente	7897103803941	1.000	NULL
6620	panela de pressão  alegrete  3 litros polida		80.00	Geral	NULL	1.000	NULL
6621	panela de pressão 10 litros alegrete   polida		150.00	ALUMINIO	7897103830343	1.000	NULL
6622	PANELA DE PRESSÃO 10L POLIDA		210.00	Geral	7896856314681	1.000	NULL
6623	PANELA DE PRESSÃO 10L RAMOS PRETA		224.00	Geral	7896444603203	1.000	NULL
6624	PANELA DE PRESSÃO 3L CINZA ALEGRETE		85.00	Geral	NULL	1.000	NULL
6625	panela de pressao 3L vermelha alegrete		88.00	Geral	NULL	1.000	NULL
6626	panela de pressao 3L vermelha alegrete		85.00	Geral	7897103802104	1.000	NULL
6627	panela de pressão 4 ,5 polida  eirilar		75.00	Geral	7896747012214	1.000	NULL
6628	PANELA DE PRESSÃO 4,5 ANTIADERENTE PRETA		100.00	ALUMINIO e antiaderente	7897103899470	1.000	NULL
6629	PANELA DE PRESSÃO 4,5 ANTIADERENTE VERMELHA		100.00	Geral	NULL	1.000	NULL
6630	PANELA DE PRESSÃO 4,5L MARCOLAR		98.00	Geral	7896856303319	1.000	NULL
6631	PANELA DE PRESSÃO 4,5L RAMOS POLIDA		105.00	Geral	7896444603005	1.000	NULL
6632	PANELA DE PRESSÃO 4,5L RAMOS PRETA		126.00	Geral	7896444603029	1.000	NULL
6633	PANELA DE PRESSÃO 4,5L RAMOS VERMELHA		126.00	Geral	7896444663009	1.000	NULL
6634	PANELA DE PRESSAO 4,5LTS PANELUX		85.00	Geral	NULL	1.000	NULL
6635	PANELA DE PRESSAO 4,5LTS POLIDA-C		68.71	ALUMINIO	7897373602954	1.000	NULL
6636	panela de pressão 6 l conecta  ramos		220.00	Geral	7896444606068	1.000	NULL
6637	PANELA DE PRESSÃO 7 LITROS MARCOLAR PRETA		150.00	Geral	NULL	1.000	NULL
6638	PANELA DE PRESSÃO 7L RAMOS POLIDA		154.00	Geral	NULL	1.000	NULL
6639	PANELA DE PRESSÃO 7L RAMOS PRETA		168.00	Geral	7896444603272	1.000	NULL
6640	PANELA DE PRESSÃO ALEGRETE 4,5L CINZA		100.00	Geral	NULL	1.000	NULL
6641	PANELA DE PRESSÃO ALEGRETE 4,5L VERMELHA		100.00	Geral	NULL	1.000	NULL
6642	PANELA DE PRESSÃO ALEGRETE ALUMINE 4,5L		85.00	ALUMINIO	7897103829200	1.000	NULL
6643	PANELA DE PRESSÃO ALEGRETE CINZA 3L		85.00	Geral	NULL	1.000	NULL
6644	PANELA DE PRESSÃO ALEGRETE VERMELHA 3L		85.00	Geral	NULL	1.000	NULL
6645	panela de pressão antiaderente 4,5 vermelha  alegrete		160.00	Geral	7897103803958	1.000	NULL
6646	PANELA DE PRESSÃO ASJ		75.00	Geral	NULL	1.000	NULL
6647	PANELA DE PRESSÃO MARCOLAR		140.00	Geral	7896856304217	1.000	NULL
6648	PANELA DE PRESSÃO MARCOLAR 4,5L		165.00	Geral	NULL	1.000	NULL
6649	PANELA DE PRESSAO PANELUX 4,5L		198.00	Geral	NULL	1.000	NULL
6650	PANELA DE PRESSAO RAMOS 7L		138.00	Geral	7896444603173	1.000	NULL
6651	PANELA ELÉTRICA MULTIFUNCIONAL ROUGE		200.00	Geral	7898221456675	1.000	NULL
6652	PANELA MP VERMELHA N 18		46.00	COZINHA	7898463544666	1.000	NULL
6653	PANELA N°14 ALUMÍNIO CAMARGO		25.00	ALUMINIO	7898917309049	1.000	NULL
6654	panela pressão  panelux 4,5 polida		85.00	ALUMINIO	7898147771029	1.000	NULL
6655	PANELA VERMELHA		40.00	Geral	NULL	1.000	NULL
6656	PANELA VERMELHA C/TAMPA DE VIDRO		58.00	Geral	NULL	1.000	NULL
6657	PANELAS + OVO		8.00	BRINQUEDOS	7898521376307	1.000	NULL
6658	PANELINHA DE PRESSÃO		8.00	BRINQUEDOS	NULL	1.000	NULL
6659	PANELINHA DE PRESSÃO SAYURI		8.00	BRINQUEDOS	789892170762	1.000	NULL
6660	PANELINHAS		9.50	BRINQUEDOS	NULL	1.000	NULL
6661	PANELINHAS E PIA		9.50	BRINQUEDOS	7898921701242	1.000	NULL
6662	PANELINHAS PLAY COOKER		8.00	BRINQUEDOS	7898521376116	1.000	NULL
6663	pano  de chão branco		5.00	Geral	NULL	1.000	NULL
6664	pano  de chão xadrez		4.50	Geral	NULL	1.000	NULL
6665	PANO  DE PRATO  PATCHWORK		16.00	Geral	700083275059	1.000	NULL
6666	PANO  MICROFIBRA MÉDIO		7.00	CAMA, MESA E BANHO	7898037541657	1.000	NULL
6667	pano  multiuso		2.00	Geral	7897150126369	1.000	NULL
6668	PANO BRANCO		4.00	Geral	7898924375044	1.000	NULL
6669	pano de  chao		4.50	Geral	NULL	1.000	NULL
6670	pano de chão  gari branco		3.00	Geral	7898940238071	1.000	NULL
6671	PANO DE CHAO BRANCO		5.00	Geral	7898093783671	1.000	NULL
6672	PANO DE CHÃO BRANCO		4.50	Geral	7898495736640	1.000	NULL
6673	PANO DE CHÃO BRANCO		5.00	Geral	7898990702225	1.000	NULL
6674	PANO DE CHÃO BRANCO   63X43		5.00	Geral	7893095531152	1.000	NULL
6675	PANO DE CHÃO BRANCO DIAMANTE NOVA ERA		4.50	UTILIDADES	7899762210306	1.000	NULL
6676	PANO DE CHAO BRANCO HGNTEX		4.50	Geral	NULL	1.000	NULL
6677	PANO DE CHÃO BRANCO KIM		4.50	CAMA, MESA E BANHO	7898959520037	1.000	NULL
6678	pano de chão colors		4.00	UTILIDADES	7897750786529	1.000	NULL
6679	PANO DE CHAO NOVA ERA		4.50	Geral	7899762210306	1.000	NULL
6680	PANO DE CHÃO TIPO 3 40X60CM		4.00	Geral	7898495736077	1.000	NULL
6681	PANO DE CHAO XADREZ		15.00	Geral	NULL	1.000	NULL
6682	pano de chão xadrez		5.00	Geral	123	1.000	NULL
6683	PANO DE CHÃO XADREZ		4.50	Geral	7898990702188	1.000	NULL
6684	PANO DE CHÃO XADREZ 40X65		4.50	Geral	7898942318351	1.000	NULL
6685	PANO DE CHAO XADREZ AZUL		4.50	Geral	7898940238019	1.000	NULL
6686	PANO DE CHÃO XADREZ AZUL		4.50	Geral	7898951616028	1.000	NULL
6687	PANO DE CHÃO XADREZ KIN		5.00	UTILIDADES	7898959520068	1.000	NULL
6688	PANO DE COPA G		17.00	Geral	NULL	1.000	NULL
6689	pano de micro fibra sortido		6.00	CAMA, MESA E BANHO	7898330000370	1.000	NULL
6690	PANO DE MICROFIBRAS 29X29cm		5.00	UTILIDADES	7897750777411	1.000	NULL
6691	pano de patro		5.00	Geral	NULL	1.000	NULL
6692	PANO DE PRATO		5.00	Geral	7898595600391	1.000	NULL
6693	PANO DE PRATO		5.00	Geral	NULL	1.000	NULL
6694	PANO DE PRATO		5.00	Geral	7898595600407	1.000	NULL
6695	PANO DE PRATO		6.00	UTILIDADES	7898140273223	1.000	NULL
6696	PANO DE PRATO		5.00	Geral	7898934973056	1.000	NULL
6697	PANO DE PRATO		5.00	UTILIDADES	7898931313084	1.000	NULL
6698	PANO DE PRATO  ALVEJADO A		6.50	Geral	7898908678161	1.000	NULL
6699	PANO DE PRATO  TAIS PINTADO		16.00	Geral	NULL	1.000	NULL
6700	PANO DE PRATO  TAIS PINTADO		15.00	COZINHA	7898505370017	1.000	NULL
6701	PANO DE PRATO 3 POR 10		10.00	Geral	NULL	1.000	NULL
6702	PANO DE PRATO ALVEJADO		5.00	Geral	7898902612161	1.000	NULL
6703	PANO DE PRATO APARECIDA		4.50	Geral	7898931313015	1.000	NULL
6704	pano de prato bainha		4.50	COZINHA	7898330000042	1.000	NULL
6705	PANO DE PRATO BAINHA  COLORIDO EST.		6.00	UTILIDADES	7898380620894	1.000	NULL
6706	PANO DE PRATO BAINHA RAMA ESTAMPADO		4.00	Geral	7898595600414	1.000	NULL
6707	PANO DE PRATO C/ BARRADO		7.00	Geral	7898501670012	1.000	NULL
6708	PANO DE PRATO C/ LAISE		7.00	Geral	7898501670074	1.000	NULL
6709	PANO DE PRATO DECORADO		16.00	Geral	700083275059	1.000	NULL
6710	PANO DE PRATO DECORADO		15.00	Geral	NULL	1.000	NULL
6711	PANO DE PRATO NA TEXTIL		4.00	Geral	7898931111024	1.000	NULL
6712	PANO DE ROSTO		10.00	Geral	7898026722647	1.000	NULL
6713	PANO DE ROSTO		6.00	Geral	7898026720940	1.000	NULL
6714	PANO ESFREGÃO		4.00	Geral	7898380620269	1.000	NULL
6715	PANO MICROFIBRA P/ PIA 20X25cm C/2		4.00	COZINHA	7897750773628	1.000	NULL
6716	PANO MICROFIBRA SORTIDO		7.00	COZINHA	7897473000612	1.000	NULL
6717	pano multiso colors		6.00	Geral	NULL	1.000	NULL
6718	PANO MULTIUSO 25X35cm		2.00	UTILIDADES	7897750786369	1.000	NULL
6719	PANO P/ PIA ESTAMPADO 25X25cm		5.00	UTILIDADES	7897750774946	1.000	NULL
6720	pano xadrex		5.00	Geral	NULL	1.000	NULL
6721	PANOS DE LIMPESA MICROFIBRA C 3		10.00	Geral	7899762210207	1.000	NULL
6722	panotek		10.00	Geral	NULL	1.000	NULL
6723	PÃO DE MEL		10.00	Geral	NULL	1.000	NULL
6724	PAPA BOLINHA NICOBEM		12.50	UTILIDADES	7898673631859	1.000	NULL
6725	PAPA LIXO GGBPLAST		50.00	Geral	7898902459261	1.000	NULL
6726	PAPEIRO POLIDO		27.00	Geral	7898463540613	1.000	NULL
6727	papel  crepom  preto		3.00	Geral	7898912092175	1.000	NULL
6728	PAPEL  PRA BALAS FESTA		2.00	Geral	NULL	1.000	NULL
6729	PAPEL ALUMINIO		5.00	Geral	7898953979169	1.000	NULL
6730	papel aluminio bricoflex		3.00	Geral	7898608572721	1.000	NULL
6731	PAPEL ALUMÍNIO WYDA 7,5M		7.50	Geral	7898930672441	1.000	NULL
6732	PAPEL CHANSON		15.00	Geral	7897249580454	1.000	NULL
6733	PAPEL CREPOM		2.50	Geral	7898432536876	1.000	NULL
6734	papel crepom  laranja		3.00	Geral	7898912092205	1.000	NULL
6735	PAPEL CREPOM AMARELO		2.50	Geral	7898432536852	1.000	NULL
6736	PAPEL CREPOM AZUL		2.50	Geral	7898432536920	1.000	NULL
6737	papel crepom azul claro		3.00	Geral	7898912092168	1.000	NULL
6738	PAPEL CREPOM AZUL ESCURO		2.50	Geral	7898432537101	1.000	NULL
6739	papel crepom branco		3.00	Geral	7898912092090	1.000	NULL
6740	papel crepom rosa		3.00	Geral	NULL	1.000	NULL
6741	PAPEL CREPOM ROSA		3.00	Geral	7898912092281	1.000	NULL
6742	papel crepom vermelho		3.00	Geral	7898912092113	1.000	NULL
6743	papel crepon		3.00	Geral	7898738760654	1.000	NULL
6744	papel crepon pink		2.50	Geral	7898432536821	1.000	NULL
6745	PAPEL DE ´PRESENTE C 2		4.50	Geral	736532401809	1.000	NULL
6746	papel de aluminio 4 m  30 cm supratico		5.00	kit FESTA	7898953979015	1.000	NULL
6747	papel de bala		2.00	Geral	7898610102633	1.000	NULL
6748	PAPEL DE BALA   SORTIDOS		3.00	Geral	7898663780161	1.000	NULL
6749	PAPEL DE BALA PRETO		2.00	Geral	7898610101520	1.000	NULL
6750	PAPEL DE BALA VERMELHO		2.00	Geral	7898610100455	1.000	NULL
6751	papel de presente		3.00	Geral	NULL	1.000	NULL
6752	PAPEL DE PRESENTE		4.50	Geral	736532401809	1.000	NULL
6753	papel de presente		8.00	Geral	7896647001240	1.000	NULL
6754	PAPEL DE PRESENTE		4.50	Geral	736532400352	1.000	NULL
6755	PAPEL DE PRESENTE		1.50	Geral	NULL	1.000	NULL
6756	PAPEL DE PRESENTE 50X60 COUCHE FOLHAS		2.50	Geral	7898553973659	1.000	NULL
6757	papel de presente azul c 3		13.50	Geral	602821877931	1.000	NULL
6758	PAPEL DE PRESENTE DE 5		5.00	Geral	NULL	1.000	NULL
6759	PAPEL DE PRESENTE VERMELHO ESTRELAS		4.50	Geral	736532400352	1.000	NULL
6760	PAPEL DE SEDA		1.00	Geral	NULL	1.000	NULL
6761	PAPEL DE TRANSPARENTE GIGANTE		4.00	Geral	NULL	1.000	NULL
6762	PAPEL HIGIÊNICO FOFINHO 30M 16UNID		18.00	Geral	7896053411626	1.000	NULL
6763	papel higienico stylus 20 mt c 12 unid.		10.00	Geral	7896026801225	1.000	NULL
6764	PAPEL HIGIÊNICO SUBLIME 30M 12UNID		14.00	Geral	7896061915307	1.000	NULL
6765	papel manteiga		5.00	Geral	7898953979176	1.000	NULL
6766	PAPEL PARA BALA		2.00	Geral	7898610100424	1.000	NULL
6767	PAPEL PARA BALA AMARELO		2.00	Geral	7898610100479	1.000	NULL
6768	PAPEL PARA BALA BRANCO		2.00	Geral	7898610100431	1.000	NULL
6769	PAPEL PRESENTE SORTIDO		6.00	Geral	7896647001233	1.000	NULL
6770	PAPEL SEDA		1.00	Geral	NULL	1.000	NULL
6771	PAPEL SELOFONE		6.00	Geral	NULL	1.000	NULL
6772	PAPEL SELOFONE		10.00	Geral	NULL	1.000	NULL
6773	PAPEL SUFITE SOLTO		0.30	Geral	NULL	1.000	NULL
6774	PAPEL SULFITE  C 100 UNID.		10.00	Geral	7898927471156	1.000	NULL
6775	PAPEL SULFITE 500 FOLHAS COPIMAX		30.00	PAPELARIA	7891191003672	1.000	NULL
6776	PAPEL TOALHA SCALA PLUS		7.50	Geral	7898962794289	1.000	NULL
6777	papel toalha stylus		4.00	Geral	7896026800754	1.000	NULL
6778	papl crepom roxo		3.00	Geral	7898738760722	1.000	NULL
6779	paqnela de pressão de 3 litros polida alegrete		80.00	ALUMINIO	7897103828289	1.000	NULL
6780	PAR D MEIA		15.00	Geral	NULL	1.000	NULL
6781	PAR DE BRINCO LORENZETI		5.00	ACESSÓRIOS (MODA)	7898635090014	1.000	NULL
6782	PAR DE BRINCO METAL VERONA FOLHEADOS		5.00	BIJUTERIA	7898635090168	1.000	NULL
6783	par de brinco novo brinhante		10.00	Geral	NULL	1.000	NULL
6784	par de brinco novo brinhante		8.00	Geral	NULL	1.000	NULL
6785	PAR DE BRINCOS BRILHANTES POR 3		3.00	Geral	NULL	1.000	NULL
6786	PAR DE BRINCOS BRILHANTES POR 5		5.00	Geral	NULL	1.000	NULL
6787	PAR DE BRINCOS BRILHANTES QUADRADOS POR 4		4.00	Geral	NULL	1.000	NULL
6788	PAR DE BRINCOS DOURADOS POR 4		4.00	Geral	NULL	1.000	NULL
6789	PAR DE BRINCOS PEROLA		5.00	Geral	NULL	1.000	NULL
6790	PAR DE BRINCOS PEROLA POR 3		3.00	Geral	NULL	1.000	NULL
6791	PAR DE BRINCOS PEROLA POR 4		4.00	Geral	NULL	1.000	NULL
6792	PAR DE CADARÇOS		3.00	Geral	NULL	1.000	NULL
6793	PAR DE GILETE		8.00	Geral	7500435186698	1.000	NULL
6794	PAR DE LACINHO 4.99		5.00	Geral	NULL	1.000	NULL
6795	PAR DE LACINHOS C/ POMPOM		4.00	Geral	NULL	1.000	NULL
6796	PAR DE LACINHOS DECORADOS		4.00	Geral	NULL	1.000	NULL
6797	PAR DE LACINHOS PRESILHA		4.00	Geral	NULL	1.000	NULL
6798	PAR DE LACINHOS PRESILHA		3.00	Geral	NULL	1.000	NULL
6799	par de luva		15.00	Geral	NULL	1.000	NULL
6800	PAR DE MEIA		15.00	Geral	NULL	1.000	NULL
6801	PAR DE MEIA		10.00	Geral	NULL	1.000	NULL
6802	PAR DE PIRANHAS DE CABELO DECORADAS		3.00	Geral	NULL	1.000	NULL
6803	PAR DE PIRANHAS DE CABELO PEQUENINÍSSIMAS (PRETAS)		3.00	Geral	NULL	1.000	NULL
6804	PAR DE PIRANHAS DE CABELO PQ		2.00	Geral	NULL	1.000	NULL
6805	PAR DE PIRANHAS DE CABELO PQ		1.00	Geral	NULL	1.000	NULL
6806	PAR DE PIRANHAS DE METAL		5.00	Geral	NULL	1.000	NULL
6807	PAR DE PRESILHAS DE CABELO		5.00	Geral	NULL	1.000	NULL
6808	PAR DE PRESILHAS DE CABELO PQ		1.00	Geral	NULL	1.000	NULL
6809	PAR DE TIC TAC		1.00	Geral	NULL	1.000	NULL
6810	PAR DE XUXINHAS COLORIDAS		5.00	Geral	NULL	1.000	NULL
6811	PAR DE XUXINHAS DE BORBOLETA		3.00	Geral	NULL	1.000	NULL
6812	PAR MEDIO DE PIRANHAS DE CABELO		1.50	Geral	NULL	1.000	NULL
6813	PARA COLORIR DE BICHINHOS		5.00	Geral	NULL	1.000	NULL
6814	PARABENS E.V.A		2.00	Geral	7898610100585	1.000	NULL
6815	PARAFUSADEIRA		120.00	Geral	7898152188171	1.000	NULL
6816	PARES DE LUVA		20.00	Geral	NULL	1.000	NULL
6817	pares de meia infantil		12.00	Geral	NULL	1.000	NULL
6818	pares de meias		15.00	Geral	NULL	1.000	NULL
6819	PARS DE LUVA		15.00	Geral	NULL	1.000	NULL
6820	PASSA CERA		8.50	Geral	7896083204182	1.000	NULL
6821	passadeira  pelo verde		23.00	Geral	NULL	1.000	NULL
6822	PASSADEIRA DE NYLON ESTAMPADA		22.50	CAMA, MESA E BANHO	7898595600346	1.000	NULL
6823	PASSADEIRA DECORADA		13.00	COZINHA	7898938340267	1.000	NULL
6824	passadeira emborrachada		7.00	Geral	NULL	1.000	NULL
6825	PASSADEIRA TRANÇADA		25.00	Geral	7898595600438	1.000	NULL
6826	PASSADEIRA TRANÇADA		15.00	TAPETES	7898938340212	1.000	NULL
6827	PASSADEIRA TRANCADA-C (*)		12.00	Geral	NULL	1.000	NULL
6828	PASSADEIRA VERDE   GRAMA		23.00	Geral	NULL	1.000	NULL
6829	PASTA AMARELA 245mmx183mm		4.00	Geral	7897237364493	1.000	NULL
6830	pasta amarela transparente acp		4.50	Geral	7897027202158	1.000	NULL
6831	PASTA AZUL 245mmX183mm		4.00	Geral	7897237364516	1.000	NULL
6832	pasta azul grande		5.00	PAPELARIA	7897237363861	1.000	NULL
6833	pasta azul transparente acp		4.50	Geral	7897027202134	1.000	NULL
6834	PASTA COMPACTA		3.00	Geral	7896452817067	1.000	NULL
6835	PASTA DE DOCUMENTO VMP		3.00	Geral	7898248398736	1.000	NULL
6836	PASTA DE DOCUMENTOS PRETA ACP		4.50	Geral	7897027202127	1.000	NULL
6837	PASTA MINI AZUL		3.00	PAPELARIA	7897027272038	1.000	NULL
6838	PASTA MINI COM FUME		3.00	PAPELARIA	7897027272021	1.000	NULL
6839	PASTA PEQUENA		3.00	Geral	7897237363786	1.000	NULL
6840	PASTA PEQUENA		3.00	PAPELARIA	7898248398750	1.000	NULL
6841	pasta preta		4.50	Geral	7899014950882	1.000	NULL
6842	PASTA PRETA		4.50	Geral	7897237364042	1.000	NULL
6843	PASTA PRETA 332mmX232mm		5.00	PAPELARIA	7897237363885	1.000	NULL
6844	PASTA ROSA		5.00	Geral	7897237363922	1.000	NULL
6845	PASTA ROSA 245mmX183mm		4.00	Geral	7897237363762	1.000	NULL
6846	pasta transparente grande		5.00	Geral	7897237363946	1.000	NULL
6847	PASTA TRASPARENTE  AZUL		4.70	ESCOLAR	7898248398798	1.000	NULL
6848	PASTA VERDE 245mmX183mm		4.00	Geral	7897237363809	1.000	NULL
6849	PASTA VERDE 245mmX183mm		4.00	Geral	7897237364615	1.000	NULL
6850	pasta verde grande		5.00	Geral	7897237363960	1.000	NULL
6851	pasta verde transparente acp		4.50	Geral	7897027202141	1.000	NULL
6852	pasta vermelho		5.00	Geral	7897237363984	1.000	NULL
6853	PATO DE BORRACHA		7.50	Geral	NULL	1.000	NULL
6854	PATRULHA CANINA 5 PÇS		90.00	BRINQUEDOS	7892451691165	1.000	NULL
6855	PCT C/2 POTES REDONDOS		8.50	PLASTICOS	7898502719017	1.000	NULL
6856	PCT C/3 POTES RETANGULARES MEDIOS		7.00	PLASTICOS	7898502717891	1.000	NULL
6857	PCT C/4 POTES REDONDOS PEQUENOS		7.00	PLASTICOS	7898502719697	1.000	NULL
6858	PCT CABIDES C/3		4.00	Geral	NULL	1.000	NULL
6859	PCT COLHERZINHAS C/2O UNID		3.00	Geral	7898610101759	1.000	NULL
6860	PCT DE BEXIGA N°7		7.50	Geral	7896491404457	1.000	NULL
6861	PCT DE BEXIGA VERMELHA N°7		7.50	FESTA	7898444574958	1.000	NULL
6862	PCT DE CABIDES C/5		7.00	Geral	NULL	1.000	NULL
6863	PCT DE CARRINHOS C/5		50.00	Geral	NULL	1.000	NULL
6864	PCT DE COPOS 200 ML		5.50	Geral	742832318952	1.000	NULL
6865	PCT DE PILHA PALITO PANASONIC		8.00	Geral	7896067203040	1.000	NULL
6866	PCT DE PILHA PALITO RAYOVAC		6.00	Geral	NULL	1.000	NULL
6867	PCT DE PILHA RAYOVAC AA		8.00	Geral	7896009760099	1.000	NULL
6868	PCT DE SACO TRANSP. C/100 UNID		15.00	Geral	7899613390355	1.000	NULL
6869	PCT DE XUXINHAS		2.00	Geral	NULL	1.000	NULL
6870	PCT DE XUXINHAS NICOLLE		2.00	Geral	7890006569761	1.000	NULL
6871	PCT FECHADO C/100 TRANSP C/ BOLINHAS		10.00	Geral	NULL	1.000	NULL
6872	PCT PILHA RAYOVAC		6.00	Geral	7896009761928	1.000	NULL
6873	PCT PILHAS PANASONIC		8.00	Geral	7896067203170	1.000	NULL
6874	PCT XUXINHA		2.50	FESTA	7890006257149	1.000	NULL
6875	PÉ DE GELADEIRA PRATIC		13.60	Geral	7898030780015	1.000	NULL
6876	PÉ DE GELADEIRA/FOGÃO		14.00	Geral	7897403103062	1.000	NULL
6877	PEÇA DO LAVA AZULEJO		5.00	Geral	NULL	1.000	NULL
6878	pedido  grande		5.00	Geral	7896467452413	1.000	NULL
6879	PEDIDO 3 VIAS		4.00	Geral	7897571910868	1.000	NULL
6880	PEDIDO COM COPIA		3.00	Geral	7898909580487	1.000	NULL
6881	PEDIDO COM CÓPIA  2 VIAS		4.00	Geral	7898909580500	1.000	NULL
6882	PEDIDO COM COPIA 2 VIAS		4.80	PAPELARIA	7898909580203	1.000	NULL
6883	pedido comercial staroffice 1,50mmx200mm		4.50	PAPELARIA	7894494464362	1.000	NULL
6884	PEDIDO DE 3 VIAS		4.50	Geral	7898909580623	1.000	NULL
6885	PEDIDO SEM COPIA  1 VIA  MARCE		5.00	Geral	7898909580494	1.000	NULL
6886	pedido sem cópia 1 via		6.00	Geral	7897571910080	1.000	NULL
6887	pedra  coloridas  terra brasil pq		4.00	Geral	7898947482538	1.000	NULL
6888	pedra  seixos branca GRANDE E PEQUENA		5.00	Geral	609963461844	1.000	NULL
6889	pedra afiar  brasfort		10.00	Geral	7898094330355	1.000	NULL
6890	PEDRA AFIAR FACA CANOA		8.00	Geral	7890055001311	1.000	NULL
6891	PEDRA BRANCA		3.50	Geral	7898947482996	1.000	NULL
6892	PEDRA DE AMOLAR FACA		7.00	UTILIDADES	7895315001988	1.000	NULL
6893	pedra de unhas		15.00	Geral	NULL	1.000	NULL
6894	PEDRA POME		3.00	Geral	7890055000550	1.000	NULL
6895	PEDRAS DECORATIVAS BRANCAS PEDRARGIL		4.00	Geral	NULL	1.000	NULL
6896	pedras decorativas coloridas		4.00	UTILIDADES	NULL	1.000	NULL
6897	pedras seixos grande  2 kl		5.00	Geral	609963461752	1.000	NULL
6898	PEDRICO SEIXOS BRANCO 1 KL		5.00	Geral	609963461844	1.000	NULL
6899	PEDRINHA DE UNHA KING		2.50	Geral	NULL	1.000	NULL
6900	PEDRINHAS DE BRILHO		2.00	Geral	7898357410015	1.000	NULL
6901	PEDRINHAS DE DECORAÇÃO P/ UNHA		10.00	COSMÉTICOS	NULL	1.000	NULL
6902	PEDRINHAS DE UNHA BEAUTY SKY		10.00	Geral	NULL	1.000	NULL
6903	PEDRINHAS DE UNHA BEAUTY SKY		10.00	Geral	NULL	1.000	NULL
6904	pedrinhas de unha cx		15.00	Geral	NULL	1.000	NULL
6905	PEDRINHAS KING		2.50	Geral	7898357410008	1.000	NULL
6906	PEDRISCO BRANCO		3.50	Geral	NULL	1.000	NULL
6907	pedrisco branco 1 kg		4.00	JARDINAGEM	NULL	1.000	NULL
6908	PEGA PEIXE		20.00	Geral	7899605710185	1.000	NULL
6909	PEGA PEIXE FISHING  HOOK		11.00	Geral	7899605719539	1.000	NULL
6910	PEGA VARETA		4.00	UTILIDADES	7898736570576	1.000	NULL
6911	PEGA VARETA C/ 21 VARETAS		3.50	BRINQUEDOS	7898610101117	1.000	NULL
6912	PEGA VARETAS ALGAZARRA		7.00	BRINQUEDOS	7897447202424	1.000	NULL
6913	PEGADOR DE GARRAFÃO DE ÁGUA		18.00	UTILIDADES	7898130001461	1.000	NULL
6914	pegador de massa 12,5 cm  original		5.00	Geral	7899653781151	1.000	NULL
6915	pegador de massa 29cm original		20.00	ALUMINIO	7899653781083	1.000	NULL
6916	pegador de massa cb longo 29cm moniz		25.00	ALUMINIO	7896211806462	1.000	NULL
6917	PEGADOR DE MASSA INOX		12.00	COZINHA	7898697210344	1.000	NULL
6918	pegador de massa inox  viel		12.00	Geral	7896835227025	1.000	NULL
6919	pegador universal inox 29 cm  original		16.00	Geral	7899653781106	1.000	NULL
6920	pegados de massa  inox original 20 cm		15.00	ALUMINIO	7899653781113	1.000	NULL
6921	PEGUA VARETA		4.00	Geral	NULL	1.000	NULL
6922	pelucia coração		24.00	Geral	4894290265173	1.000	NULL
6923	PELUCIA CORAÇÃO		25.00	BRINQUEDOS	2019985619273	1.000	NULL
6924	PELUCIA CORAÇÃO COM BRAÇOS MÉDIO		40.00	Geral	NULL	1.000	NULL
6925	PELUCIA DE CORAÇÃO		25.00	Geral	31301633	1.000	NULL
6926	PELÚCIA URSO		80.00	PELÚCIA	7908204406730	1.000	NULL
6927	PENEIRA  INOX 23 CM		7.00	Geral	7899658416218	1.000	NULL
6928	PENEIRA  MÉDIA  BRANCA		8.00	Geral	7896725306137	1.000	NULL
6929	PENEIRA 10 CM INOX		7.00	Geral	7899653781007	1.000	NULL
6930	PENEIRA 11 CM		3.00	Geral	7898965356040	1.000	NULL
6931	PENEIRA 12CM		7.50	Geral	7899441526438	1.000	NULL
6932	PENEIRA 14 CM		4.00	COZINHA	7898965356057	1.000	NULL
6933	peneira 20 cm cromado original		16.50	Geral	7899653781052	1.000	NULL
6934	PENEIRA ALUMINIO		10.50	Geral	7899653781021	1.000	NULL
6935	peneira cromado frateli		20.00	Geral	7899110644043	1.000	NULL
6936	peneira grande		10.00	Geral	7896849409141	1.000	NULL
6937	PENEIRA GRANDE 19cm		6.00	UTILIDADES	7898965356071	1.000	NULL
6938	peneira inox		25.00	Geral	7897753695811	1.000	NULL
6939	peneira inox art house29 cm		10.50	Geral	7899658416225	1.000	NULL
6940	peneira mãe		2.50	Geral	7898965356033	1.000	NULL
6941	PENEIRA MAIOR		10.00	Geral	7899441526452	1.000	NULL
6942	PENEIRA MENOR		7.50	Geral	7899441526445	1.000	NULL
6943	PENEIRA N 12 AÇO INOX		8.00	Geral	7899653781014	1.000	NULL
6944	peneira n 14cm branco		8.00	Geral	7898502711660	1.000	NULL
6945	peneira n16 cm		9.00	Geral	7896849405389	1.000	NULL
6946	peneira pequena		2.00	Geral	7898965356019	1.000	NULL
6947	PENEIRA PEQUENA SL		3.00	UTILIDADES	7896725306502	1.000	NULL
6948	PENEIRA UNIPOP GRANDE		5.00	UTILIDADES	7898936774255	1.000	NULL
6949	PENICO ADULTO		6.00	UTILIDADES	7898378693312	1.000	NULL
6950	PENTE		10.00	Geral	NULL	1.000	NULL
6951	pente		4.00	Geral	NULL	1.000	NULL
6952	PENTE		4.00	Geral	NULL	1.000	NULL
6953	PENTE		3.00	Geral	NULL	1.000	NULL
6954	pente		4.00	Geral	NULL	1.000	NULL
6955	pente		4.00	Geral	NULL	1.000	NULL
6956	pente		4.00	Geral	NULL	1.000	NULL
6957	PENTE		3.00	Geral	NULL	1.000	NULL
6958	pente		3.00	Geral	NULL	1.000	NULL
6959	pente		3.50	Geral	NULL	1.000	NULL
6960	pente  sortido		4.50	Geral	7908139500336	1.000	NULL
6961	PENTE AFRO		7.00	Geral	7897385002254	1.000	NULL
6962	PENTE AMARELO		3.00	Geral	NULL	1.000	NULL
6963	PENTE AOLISI COMB		2.00	Geral	6939931587516	1.000	NULL
6964	PENTE AZUL		4.50	Geral	NULL	1.000	NULL
6965	PENTE AZUL		4.00	Geral	NULL	1.000	NULL
6966	PENTE AZUL		3.00	Geral	NULL	1.000	NULL
6967	PENTE BONITÃO		4.00	Geral	7890055000338	1.000	NULL
6968	PENTE BRANCO		4.00	Geral	NULL	1.000	NULL
6969	PENTE COLORIDO		4.00	Geral	NULL	1.000	NULL
6970	PENTE DIELU 588		3.50	Geral	7898944110588	1.000	NULL
6971	PENTE ESCOVA TRI		4.00	Geral	7890055000468	1.000	NULL
6972	PENTE FINO		2.00	Geral	7896818211867	1.000	NULL
6973	PENTE FINO		3.00	Geral	7898301661029	1.000	NULL
6974	PENTE FINO		3.00	Geral	7897214700849	1.000	NULL
6975	PENTE FINO  C 2   MIMUCHE		3.50	Geral	7897074513559	1.000	NULL
6976	PENTE FINO  C CABO DUDA ENCARTELADOS		3.00	Geral	7890055000314	1.000	NULL
6977	PENTE FINO C/ CABO		3.00	UTILIDADES	7896818218873	1.000	NULL
6978	PENTE FINO C/CABO AMBAR		3.00	UTILIDADES	7896818217777	1.000	NULL
6979	PENTE FINO S/CABO		3.00	Geral	7890055000321	1.000	NULL
6980	PENTE FINO SOLTO		2.00	Geral	NULL	1.000	NULL
6981	pente infantil		7.00	Geral	NULL	1.000	NULL
6982	pente mara		4.00	Geral	7890055000383	1.000	NULL
6983	PENTE MARILU PROFISSION		3.50	UTILIDADES	7896818211478	1.000	NULL
6984	PENTE OVAL MASCULINO		3.00	Geral	NULL	1.000	NULL
6985	PENTE P/CABELO OVAL		4.00	Geral	7890055000475	1.000	NULL
6986	PENTE P/CABELO RETA		4.00	Geral	7890055100458	1.000	NULL
6987	PENTE PATA-PATA		3.00	Geral	7890055000345	1.000	NULL
6988	pente plastico sortido		3.00	Geral	7898154292661	1.000	NULL
6989	PENTE PRETO		4.00	Geral	NULL	1.000	NULL
6990	PENTE PRETO		5.00	Geral	NULL	1.000	NULL
6991	PENTE PROFESSIONAL		3.00	Geral	7890055000369	1.000	NULL
6992	PENTE REDONDO MASCULINO		3.00	Geral	NULL	1.000	NULL
6993	PENTE ROSA		3.50	Geral	NULL	1.000	NULL
6994	PENTE ROSA		3.00	Geral	NULL	1.000	NULL
6995	Pente rosa		3.00	Geral	NULL	1.000	NULL
6996	PENTE ROSA		4.00	Geral	NULL	1.000	NULL
6997	PENTE ROSA		5.00	Geral	NULL	1.000	NULL
6998	PENTE ROXO		3.00	Geral	NULL	1.000	NULL
6999	PENTE ROXO		4.00	Geral	NULL	1.000	NULL
7000	PENTE ROXO GRANDE		15.00	Geral	NULL	1.000	NULL
7001	PENTE TRANÇADO		5.00	Geral	7890055000390	1.000	NULL
7002	PENTE VERDE		3.00	Geral	NULL	1.000	NULL
7003	PENTE VERDE		4.00	Geral	NULL	1.000	NULL
7004	PENTE VERMELHO		4.00	Geral	NULL	1.000	NULL
7005	PENTE VERMELHO		3.00	Geral	NULL	1.000	NULL
7006	PENTINHO  PRETO SOCIAL 2 UNID.		3.00	Geral	7897385001233	1.000	NULL
7007	PEQUENA DOUTORA		25.00	BRINQUEDOS	7896464708018	1.000	NULL
7008	PEQUENA DOUTORA		25.00	BRINQUEDOS	7896464708032	1.000	NULL
7009	PEQUENO DOUTOR		25.00	Geral	7896464708001	1.000	NULL
7010	PERFUME		40.00	Geral	NULL	1.000	NULL
7011	PESO DE PORTA		12.00	Geral	798190086507	1.000	NULL
7012	peso de porta		7.00	Geral	7898415490812	1.000	NULL
7013	PESO P/ PORTA COBRA		6.00	Geral	7898415490805	1.000	NULL
7014	PESO PARA PORTA JOANINHA		6.00	Geral	798190086491	1.000	NULL
7015	PESO PARA PORTA SORTIDO		7.00	UTILIDADES	798190086491	1.000	NULL
7016	PIANO BRANCO VAQUINHA		65.00	BRINQUEDOS	7899085402846	1.000	NULL
7017	PIANO DINOSSAURO/UNICORNIO		45.00	Geral	7898624604420	1.000	NULL
7018	PIANO ROSA MUSICAL		65.00	BRINQUEDOS	7899085478711	1.000	NULL
7019	piano strawberry		65.00	Geral	7899632510369	1.000	NULL
7020	PIC UP RACER		15.00	Geral	7898966563683	1.000	NULL
7021	picing de trago		5.00	Geral	NULL	1.000	NULL
7022	picing de umbingo novo		7.00	Geral	NULL	1.000	NULL
7023	PICK UP  FIREBLADE		40.00	Geral	7896965247375	1.000	NULL
7024	PICK UP FORCE		100.00	BRINQUEDOS	7896965209908	1.000	NULL
7025	PICKUP COLORIDA		10.00	BRINQUEDOS	7898160200193	1.000	NULL
7026	PICKUP POLICIA		23.00	BRINQUEDOS	7898631556774	1.000	NULL
7027	PICK-UP POLICIA		17.00	BRINQUEDOS	7893595541651	1.000	NULL
7028	PICK-UP SUPER SURF		27.00	BRINQUEDOS	7898631555975	1.000	NULL
7029	PICKUP SURF PK7		17.00	BRINQUEDOS	7893595541590	1.000	NULL
7030	PICOLE SWEET MISSY		30.00	Geral	7908296000571	1.000	NULL
7031	PIERCING		4.00	Geral	NULL	1.000	NULL
7032	PIERCING BOCA		2.00	Geral	NULL	1.000	NULL
7033	PIERCING DE ARGOLA		2.00	Geral	NULL	1.000	NULL
7034	PIERCING DE ARGOLA C/PEDRINHA		2.00	Geral	NULL	1.000	NULL
7035	PIERCING DE ARGOLA DOURADO		2.00	Geral	NULL	1.000	NULL
7036	PIERCING DE ARGOLA MEDIO		5.00	Geral	NULL	1.000	NULL
7037	PIERCING DE ARGOLA PRETA		2.00	Geral	NULL	1.000	NULL
7038	PIERCING DE LINGUA		5.00	Geral	NULL	1.000	NULL
7039	PIERCING DE NARIZ RETO		2.00	Geral	NULL	1.000	NULL
7040	PIERCING DE NARIZ TORTO		2.00	Geral	NULL	1.000	NULL
7041	PIERCING DE SEPTO		5.00	Geral	NULL	1.000	NULL
7042	PIERCING DE TRAGO		2.00	Geral	NULL	1.000	NULL
7043	PIERCING DE TRAGO GRANDE		5.00	Geral	NULL	1.000	NULL
7044	PIERCING DE UMBIGO		10.00	Geral	NULL	1.000	NULL
7045	PIERCING DE UMBIGO		4.00	Geral	NULL	1.000	NULL
7046	PIERCING DE UMBIGO		5.00	Geral	NULL	1.000	NULL
7047	PIERCING DE UMBIGO		7.00	Geral	NULL	1.000	NULL
7048	PIERCING SMILE/BOCA		5.00	Geral	NULL	1.000	NULL
7049	PIERCING TRANSVERSAL		5.00	Geral	NULL	1.000	NULL
7050	PIERCINGS		3.00	Geral	NULL	1.000	NULL
7051	PIERCINGS		2.00	Geral	NULL	1.000	NULL
7052	piha solta		2.00	Geral	NULL	1.000	NULL
7053	pilao  grande		50.00	Geral	NULL	1.000	NULL
7054	PILÃO C SOCADOR   10X7CM  MADEIRA		17.00	COZINHA	7896489400072	1.000	NULL
7055	pilão c socador 12x7,5 madeira		20.00	COZINHA	7896489400089	1.000	NULL
7056	pilao de madeira		50.00	Geral	NULL	1.000	NULL
7057	PILÃO DE MADEIRA		40.00	Geral	NULL	1.000	NULL
7058	PILÃO DE MADEIRA		30.00	Geral	NULL	1.000	NULL
7059	pilão madeira com socador alves		12.50	Geral	7896849404504	1.000	NULL
7060	pilão plastico engiplast		6.00	Geral	7898920343276	1.000	NULL
7061	PILÃO STOLF		16.80	Geral	7897996700150	1.000	NULL
7062	PILHA		4.00	Geral	NULL	1.000	NULL
7063	pilha		8.00	Geral	NULL	1.000	NULL
7064	pilha  fbg 2 aa c 4 unidades		7.00	Geral	7908671205966	1.000	NULL
7065	PILHA  INOVA  AA		8.00	Geral	7899085489229	1.000	NULL
7066	pilha  inova palito		8.00	Geral	7899085489236	1.000	NULL
7067	PILHA 1 UNIDADE		2.00	Geral	NULL	1.000	NULL
7068	PILHA 12V 27A ALKALINE		10.00	Geral	NULL	1.000	NULL
7069	PILHA 2 UNIDADE		4.00	Geral	NULL	1.000	NULL
7070	PILHA 2016		3.00	Geral	NULL	1.000	NULL
7071	pilha 23 a levmox		10.00	Geral	6920231010026	1.000	NULL
7072	PILHA 23A		10.00	Geral	NULL	1.000	NULL
7073	PILHA 32 A		5.00	Geral	NULL	1.000	NULL
7074	pilha avulsa aa		2.00	Geral	NULL	1.000	NULL
7075	pilha duracel  aaa  fina		20.00	Geral	41333431482	1.000	NULL
7076	PILHA DURACEL AA		20.00	Geral	41333014630	1.000	NULL
7077	PILHA DURACELL 2 UNID AA		15.00	ELETRONICOS	41333001005	1.000	NULL
7078	PILHA DURACELL PEQUENA		20.00	Geral	41333431482	1.000	NULL
7079	pilha n 44 de laser		1.00	Geral	NULL	1.000	NULL
7080	PILHA PACOTE		8.00	Geral	NULL	1.000	NULL
7081	PILHA PALITO   FBG		7.00	Geral	7908671205973	1.000	NULL
7082	pilha palito 2 unidade		4.00	Geral	NULL	1.000	NULL
7083	PILHA PALITO pc  c 4		8.00	Geral	NULL	1.000	NULL
7084	PILHA PALITO SOLTA		1.50	Geral	NULL	1.000	NULL
7085	PILHA PALITO SOLTA		2.00	Geral	NULL	1.000	NULL
7086	pilha panasonic		8.00	Geral	NULL	1.000	NULL
7087	pilha pequena rayovac		8.00	Geral	7896009765421	1.000	NULL
7088	pilha phillpis solta		2.50	Geral	NULL	1.000	NULL
7089	pilha rayovac solto		2.50	Geral	NULL	1.000	NULL
7090	PILHA SEGMA		8.00	Geral	7891455209635	1.000	NULL
7091	PILHA SOLTA		2.00	Geral	NULL	1.000	NULL
7092	pilha solta philips		2.50	Geral	NULL	1.000	NULL
7093	PILOTO PRETO		8.50	ESCRITÓRIO	7897424080762	1.000	NULL
7094	PINÇA		2.50	Geral	NULL	1.000	NULL
7095	pinça		3.00	Geral	NULL	1.000	NULL
7096	pinça		2.00	Geral	NULL	1.000	NULL
7097	PINÇA		3.00	Geral	6927433612171	1.000	NULL
7098	PINÇA CRUX DE OURO		2.00	Geral	7897609902810	1.000	NULL
7099	PINÇA DE SOBRANCELHA		3.00	ACESSÓRIOS (MODA)	7897018800004	1.000	NULL
7100	PINÇA DE SOBRANCELHA LAMAR		2.00	Geral	NULL	1.000	NULL
7101	PINÇA DE SOBRANCELHA MERHEJE		3.00	Geral	7896075701040	1.000	NULL
7102	PINÇA DE SOMBRANCELHA		5.00	Geral	NULL	1.000	NULL
7103	PINÇA DECORADA MERHEJE		3.00	Geral	7896075712442	1.000	NULL
7104	PINÇA NAPOLES BEAUTY		3.00	UTILIDADES	7895478525260	1.000	NULL
7105	PINÇA POLILIKE		5.00	Geral	6970967938880	1.000	NULL
7106	PINÇA SOMBRANCELHA LAMAR		3.00	Geral	7899746802787	1.000	NULL
7107	PINCE		5.00	Geral	NULL	1.000	NULL
7108	pince		5.00	Geral	NULL	1.000	NULL
7109	pince de lingua		5.00	Geral	NULL	1.000	NULL
7110	pince de lingua		3.00	Geral	NULL	1.000	NULL
7111	PINCE DE NARIZ		2.00	Geral	NULL	1.000	NULL
7112	PINCE DE UMBIGO		5.00	Geral	NULL	1.000	NULL
7113	PINCEL		8.00	Geral	7899389020500	1.000	NULL
7114	PINCEL		3.50	Geral	7908363804491	1.000	NULL
7115	PINCEL		7.00	Geral	7908214717062	1.000	NULL
7116	PINCEL  CULINÁRIO SILICONE		7.00	Geral	7899090195863	1.000	NULL
7117	pincel  escolar		5.00	Geral	NULL	1.000	NULL
7118	pincel amarelo		5.00	Geral	NULL	1.000	NULL
7119	pincel chato		3.50	Geral	7908363804484	1.000	NULL
7120	PINCEL CONDOR		5.00	Geral	NULL	1.000	NULL
7121	pincel condor		8.00	Geral	7899389004012	1.000	NULL
7122	pincel condor		7.00	Geral	7899389003985	1.000	NULL
7123	pincel condor		6.00	Geral	7899389003930	1.000	NULL
7124	PINCEL CONDOR		7.00	Geral	7891055032992	1.000	NULL
7125	PINCEL DE BARBEAR  ORIGINAL		15.00	Geral	7899471613672	1.000	NULL
7126	pincel de pimtura e pente art bela		4.80	Geral	7899658318574	1.000	NULL
7127	pincel de tintura dielu		10.00	ACESSÓRIOS (MODA)	7898944110137	1.000	NULL
7128	PINCEL ESCOLAR		5.50	ESCOLAR	7891055066621	1.000	NULL
7129	pincel escolar		5.50	Geral	NULL	1.000	NULL
7130	PINCEL ESCOLAR		5.00	ESCOLAR	7899389003954	1.000	NULL
7131	pincel escolar		5.00	Geral	7899389008317	1.000	NULL
7132	PINCEL ESCOLAR		8.00	Geral	7899389020401	1.000	NULL
7133	PINCEL ESCOLAR  CONDOR		5.00	Geral	7899389003923	1.000	NULL
7134	PINCEL ESCOLAR  CONDOR		8.00	ESCOLAR	7899389003909	1.000	NULL
7135	PINCEL ESCOLAR CONDOR		6.00	Geral	7899389020104	1.000	NULL
7136	PINCEL ESCOLAR CONDOR		8.00	Geral	7899389020609	1.000	NULL
7137	PINCEL ESCOLAR CONDOR		8.00	Geral	7899389020302	1.000	NULL
7138	PINCEL ESCOLAR CONDOR		5.00	Geral	17899389008314	1.000	NULL
7139	PINCEL ESCOLAR CONDOR GRANDE		8.00	Geral	7899389020708	1.000	NULL
7140	PINCEL ETILUX		2.00	Geral	7897186020204	1.000	NULL
7141	PINCEL GROSSO		6.00	Geral	7897613503010	1.000	NULL
7142	PINCEL N 10		6.00	Geral	9082147170793	1.000	NULL
7143	PINCEL PARA UNTAR		6.00	Geral	7899658414382	1.000	NULL
7144	pincel silicone		6.00	Geral	7899658414313	1.000	NULL
7145	PINCEL TINTURA G		10.00	UTILIDADES	7890055000420	1.000	NULL
7146	PINCEL, ESPATULA E COLHER DE SILICONE		20.00	Geral	7898974227270	1.000	NULL
7147	pincing de boca		5.00	Geral	NULL	1.000	NULL
7148	pincing de boca		3.00	Geral	NULL	1.000	NULL
7149	PINCING DE LINGUA		4.00	Geral	NULL	1.000	NULL
7150	pincing de lingua c		5.00	Geral	NULL	1.000	NULL
7151	pincing de nariz		2.00	Geral	NULL	1.000	NULL
7152	PINCING DE ORELHA		4.00	Geral	NULL	1.000	NULL
7153	pincing de trago		3.00	Geral	NULL	1.000	NULL
7154	pincing de umbingo		5.00	Geral	NULL	1.000	NULL
7155	pincing de umbingo com  pimgente		7.00	Geral	NULL	1.000	NULL
7156	pincing trasversal		3.00	Geral	NULL	1.000	NULL
7157	PINICO ADULTO		9.00	UTILIDADES	7896871900807	1.000	NULL
7158	PINICO ADULTO		4.00	Geral	7898280070898	1.000	NULL
7159	PINICO CARRO		17.60	Geral	7896725706043	1.000	NULL
7160	PINICO INFANTIL CALHAMBEQUE		23.00	Geral	7896871901521	1.000	NULL
7161	PINICO TARTARUGA		15.50	Geral	NULL	1.000	NULL
7162	pino  de panela de pressao		8.00	Geral	NULL	1.000	NULL
7163	PINO DE PANELA DE PRESSÃO		8.00	Geral	NULL	1.000	NULL
7164	PINO P/ PANELA DE PRESSÃO		5.00	Geral	NULL	1.000	NULL
7165	PINO P/ PANELA DE PRESSÃO DE ALUMINIO		7.00	Geral	NULL	1.000	NULL
7166	PINO P/ PANELA DE PRESSÃO DE ALUMINIO		8.00	Geral	NULL	1.000	NULL
7167	PIPOQUEIRA PREMIUM		45.00	ALUMINIO	9990000000715	1.000	NULL
7168	PIRAINHA PRETA DE FERRO		0.50	Geral	NULL	1.000	NULL
7169	PIRAMIDE DE BALA DE COCO		5.00	Geral	NULL	1.000	NULL
7170	piramnha de cabelo		1.00	Geral	NULL	1.000	NULL
7171	PIRANHA		1.50	Geral	NULL	1.000	NULL
7172	PIRANHA		1.00	Geral	NULL	1.000	NULL
7173	PIRANHA DE  CABELO PQ		0.50	Geral	NULL	1.000	NULL
7174	piranha de cabelo		1.50	Geral	NULL	1.000	NULL
7175	PIRANHA DE CABELO DE FERRO, COLORIDA		2.00	Geral	NULL	1.000	NULL
7176	PIRANHA DE CABELO FLOR		7.00	Geral	NULL	1.000	NULL
7177	PIRANHA DE CABELO FLOR		4.00	Geral	NULL	1.000	NULL
7178	PIRANHA DE CABELO GRANDE		2.00	Geral	NULL	1.000	NULL
7179	PIRANHA DE CABELO LONGA		2.00	Geral	NULL	1.000	NULL
7180	PIRANHA DE CABELO MEDIA		1.00	Geral	NULL	1.000	NULL
7181	PIRANHA DE CABELO PQ		0.50	Geral	NULL	1.000	NULL
7182	PIRANHA DE CABELO PRETA GRANDE		3.00	Geral	NULL	1.000	NULL
7183	PIRANHA DE CABELO PRETA PEQ PCT		3.00	Geral	NULL	1.000	NULL
7184	PIRANHA DE CABELO ROSA GRANDE		3.00	Geral	NULL	1.000	NULL
7185	PIRANHA DE CABELO TRANSPARENTE GRANDE		3.00	Geral	NULL	1.000	NULL
7186	piranha grande		2.00	Geral	NULL	1.000	NULL
7187	pirnce de nariz argola		2.00	Geral	NULL	1.000	NULL
7188	PISCA-PISCA DE NATAL		15.00	Geral	6920243152004	1.000	NULL
7189	PISO GEOMÉTRICO		15.00	Geral	NULL	1.000	NULL
7190	PISO GEOMÉTRICO TAPETE		15.00	Geral	7895090912042	1.000	NULL
7191	PISTOLA   DE COLA QUENTE 40 W		30.00	Geral	7899958205369	1.000	NULL
7192	pistola cola  grande		30.00	Geral	7898505933083	1.000	NULL
7193	PISTOLA COLA QUENTE		20.00	Geral	8300252524210	1.000	NULL
7194	pistola cola quente pequena		20.00	Geral	7908593515334	1.000	NULL
7195	pistola cola quente pq		22.00	Geral	7908782203783	1.000	NULL
7196	PISTOLA D'AGUA		25.00	BRINQUEDOS	7908261002494	1.000	NULL
7197	PISTOLA D'ÁGUA GRANDE MOD FUN		65.00	BRINQUEDOS	7896464735755	1.000	NULL
7198	PISTOLA DE AGUA		10.00	Geral	7899605748713	1.000	NULL
7199	PISTOLA DE AGUÁ		25.00	BRINQUEDOS	7908341614319	1.000	NULL
7200	pistola de aguá aqua fan		10.50	Geral	7896464706731	1.000	NULL
7201	PISTOLA DE AGUA PEQUENA		8.00	BRINQUEDOS	7899605707826	1.000	NULL
7202	PISTOLA DE AGUA PLASTICA		18.00	BRINQUEDOS	7908261012837	1.000	NULL
7203	PISTOLA DE BRINQUEDO C/ LUZ E SOM		35.00	Geral	7898624607759	1.000	NULL
7204	PISTOLA DE COLA QUENTE		30.00	UTILIDADES	7899527107124	1.000	NULL
7205	pistola de cola quente g		40.00	Geral	7899474239633	1.000	NULL
7206	PISTOLA DE COLA QUENTE GRANDE		30.00	Geral	7898663720044	1.000	NULL
7207	PISTOLA DE COLA QUENTE PE.		18.00	Geral	7898517740747	1.000	NULL
7208	pistola de cola quente pequena		20.00	Geral	7908348205619	1.000	NULL
7209	PISTOLA DE DADOS		30.00	Geral	7899605713896	1.000	NULL
7210	PISTOLA DE DARDOS		45.00	BRINQUEDOS	7908341603887	1.000	NULL
7211	PISTOLA DE DARDOS COM CAPACETE		30.00	BRINQUEDOS	7908341605812	1.000	NULL
7212	pistola de quente pequena		30.00	Geral	7899474239619	1.000	NULL
7213	PISTOLA LANÇA BOLAS COM ALVO		15.00	BRINQUEDOS	7898578474735	1.000	NULL
7214	PISTOLA P/ APLICAR COLA		25.00	UTILIDADES	7898517740754	1.000	NULL
7215	pistola pequena		16.00	Geral	7898505933090	1.000	NULL
7216	pistola quente pequena		20.00	Geral	NULL	1.000	NULL
7217	PISTOLINHA COLA QUENTE		25.00	UTILIDADES	7899527107131	1.000	NULL
7218	placa  alugo tratar aqui plastico		4.00	Geral	7898923380155	1.000	NULL
7219	PLACA  ENTRADA PROIBIDA		3.00	Geral	7898923380186	1.000	NULL
7220	placa aluga se		4.00	Geral	736532400390	1.000	NULL
7221	PLACA DE   VENDE SE PAPEL		3.00	Geral	NULL	1.000	NULL
7222	placa de aluga se		4.00	Geral	7890175221040	1.000	NULL
7223	PLACA DE PROIBIDO FUMAR		3.00	Geral	7898923380032	1.000	NULL
7224	PLACA DE VENDE-SE		2.00	Geral	7897571990235	1.000	NULL
7225	PLACA DECORATIVA		20.00	Geral	NULL	1.000	NULL
7226	placa nao estacione		5.00	Geral	NULL	1.000	NULL
7227	placa proibido estacionar		5.00	Geral	736532400338	1.000	NULL
7228	PLACA PROIBIDO ESTACIONAR		5.00	UTILIDADES	736532400338	1.000	NULL
7229	placa vende se  c 2 und.		4.00	Geral	736532400390	1.000	NULL
7230	placa vende unidade		3.00	Geral	NULL	1.000	NULL
7231	play kitchen		7.00	BRINQUEDOS	7896464706069	1.000	NULL
7232	PLUG 3 SAIDA 10A/250W		7.50	Geral	7890055001557	1.000	NULL
7233	PLUGUE 3 SAÍDA		10.00	Geral	7890055003049	1.000	NULL
7234	po de coco		4.00	Geral	NULL	1.000	NULL
7235	PÓ DE COCO		6.50	JARDINAGEM	7898947482392	1.000	NULL
7236	PÓ DE COCO		4.50	Geral	609963461776	1.000	NULL
7237	PÓ DE COCO		4.00	Geral	609963461776	1.000	NULL
7238	POCHETE ESPORTIVA		50.00	Geral	7899961000036	1.000	NULL
7239	POCHETE FINA		25.00	Geral	NULL	1.000	NULL
7240	POCHETE SPORT		25.00	Geral	7811642000043	1.000	NULL
7241	POLICE PLAY SET		25.00	Geral	7899605704894	1.000	NULL
7242	POLTRONA AZUL BABY		25.50	Geral	7896871903587	1.000	NULL
7243	POLTRONA INFANTIL ESTOFADA		98.00	Geral	NULL	1.000	NULL
7244	POLTRONINHA INFANTIL ROSA		30.00	UTILIDADES	7898378693855	1.000	NULL
7245	POMPOM		5.00	Geral	NULL	1.000	NULL
7246	pon pon colors		4.00	Geral	NULL	1.000	NULL
7247	POP IT COLORIDO		25.00	BRINQUEDOS	1234562746536	1.000	NULL
7248	poprta escova de dentes c tanpa essenzia		20.00	Geral	7897698237015	1.000	NULL
7249	PORCÃO GRANDE		6.50	BRINQUEDOS	7895099931082	1.000	NULL
7250	PORIFIASADOR		40.00	Geral	NULL	1.000	NULL
7251	porta  chaves frases		20.00	Geral	NULL	1.000	NULL
7252	porta  comprimidos semaninha		9.00	Geral	7898918845034	1.000	NULL
7253	PORTA  CONDIMENTOS  NAPOLITANO		30.00	Geral	7896744818505	1.000	NULL
7254	PORTA  jóia MAMAE		20.00	UTILIDADES	7897934098684	1.000	NULL
7255	PORTA  QUEIJO		15.00	Geral	7896779634910	1.000	NULL
7256	porta  rg simples		3.00	Geral	NULL	1.000	NULL
7257	PORTA  SABÃO EM PÓ		11.00	Geral	7896042078908	1.000	NULL
7258	porta  sabonete liquida 600 ml		15.00	Geral	7897698237008	1.000	NULL
7259	porta acuçar		12.00	Geral	NULL	1.000	NULL
7260	PORTA BILHETE U´NICO		5.00	Geral	736532402103	1.000	NULL
7261	PORTA BOLO GOLD ERCA PLAST		20.00	Geral	7898502717167	1.000	NULL
7262	porta botijão		4.00	Geral	NULL	1.000	NULL
7263	porta cafe		12.00	Geral	NULL	1.000	NULL
7264	PORTA CARTÃO DE ONIBUS		4.00	Geral	NULL	1.000	NULL
7265	porta carteira de motorista		4.50	Geral	NULL	1.000	NULL
7266	porta chaves  moldura		7.00	Geral	7898550710622	1.000	NULL
7267	porta chaves com mensagem		20.00	Geral	NULL	1.000	NULL
7268	porta comprimidos		3.00	Geral	7898918845010	1.000	NULL
7269	PORTA CONDIMENTOS		8.50	Geral	7898502713435	1.000	NULL
7270	PORTA CONDIMENTOS DE MADEIRA		130.00	Geral	NULL	1.000	NULL
7271	porta condimentos lanna		15.00	Geral	7898952676786	1.000	NULL
7272	PORTA COPOS DE 20 LUGARES CROMO		23.00	Geral	7898902578610	1.000	NULL
7273	PORTA CORTINA DE BOX SECALUX		20.00	Geral	7896205216260	1.000	NULL
7274	PORTA CORTINA UNIVERSAL FERRO 1,15X2,15m		45.00	Geral	7896205216451	1.000	NULL
7275	PORTA CRACHÁ		10.00	Geral	NULL	1.000	NULL
7276	PORTA CRACHÁ		4.00	Geral	736532401168	1.000	NULL
7277	porta crachá de indentificação		10.00	Geral	7898736292799	1.000	NULL
7278	porta detergente		20.00	Geral	7896725703479	1.000	NULL
7279	PORTA DETERGENTE		4.00	COZINHA	7898948178591	1.000	NULL
7280	PORTA DETERGENTE  SBRISSA		5.50	Geral	7898301666710	1.000	NULL
7281	PORTA DETERGENTE BRANCO		8.00	UTILIDADES	7896779605149	1.000	NULL
7282	PORTA DETERGENTE BRANCO		4.00	Geral	NULL	1.000	NULL
7283	PORTA DETERGENTE COLOR		6.00	LIMPEZA	7898378690922	1.000	NULL
7284	porta detergente e esponja		22.00	Geral	7895155771591	1.000	NULL
7285	PORTA DETERGENTE E ESPONJA PRETO		15.00	UTILIDADES	7908439804875	1.000	NULL
7286	porta detergente esponja e sabão		10.00	UTILIDADES	7908439805797	1.000	NULL
7287	PORTA DETERGENTE LIZ ACRILICO		22.00	UTILIDADES	7895155242633	1.000	NULL
7288	porta detergente mb		15.00	Geral	NULL	1.000	NULL
7289	PORTA DETERGENTE PRETO		8.00	UTILIDADES	7896779605118	1.000	NULL
7290	porta detergente unijet branco		4.00	Geral	7899335409885	1.000	NULL
7291	porta detergente unijet preto		4.00	Geral	7899335409892	1.000	NULL
7292	porta detergente unijet vermelho		4.00	Geral	7899335409922	1.000	NULL
7293	PORTA DIPLOMA 20X30		25.00	UTILIDADES	7898337044421	1.000	NULL
7294	porta diploma  20x30		40.00	Geral	7898294940354	1.000	NULL
7295	PORTA DIPLOMA  PINTADO 20X30 MUGMAR		40.00	UTILIDADES	7898294940330	1.000	NULL
7296	porta diploma glass		25.00	Geral	7898956365211	1.000	NULL
7297	PORTA DIPLOMA GLASS 20X30 MOLDURA LARGA		25.00	Geral	7898956365600	1.000	NULL
7298	PORTA DIPLOMA IMAGE GLASS 20x30 A4		20.00	UTILIDADES	7898956365167	1.000	NULL
7299	PORTA DOCINHO		2.00	Geral	7890090041006	1.000	NULL
7300	PORTA DOCUMENTO CARRO		4.50	Geral	7982505252371	1.000	NULL
7301	PORTA DOCUMENTOS		7.50	Geral	7898495733229	1.000	NULL
7302	porta embalagem p		0.50	Geral	NULL	1.000	NULL
7303	porta escova  COM tampa mb		20.00	Geral	7897698237022	1.000	NULL
7304	PORTA ESCOVA ACRILICO C TANPA   PROTECTA		20.00	Geral	7898323400170	1.000	NULL
7305	PORTA ESCOVA BRANCO   RATAN		7.00	UTILIDADES	7897659688023	1.000	NULL
7306	PORTA ESCOVA BRASAMI C/TAMPA		15.00	UTILIDADES	7898093552437	1.000	NULL
7307	PORTA ESCOVA C/ TAMPA NITRON		12.50	UTILIDADES	7896779601226	1.000	NULL
7308	PORTA ESCOVA C/TAMPA		15.00	Geral	NULL	1.000	NULL
7309	PORTA ESCOVA COM TAMPA FUME		16.00	BANHEIRO	7896779626625	1.000	NULL
7310	PORTA ESCOVA COM TAMPA RAINHA		15.00	UTILIDADES	7896679700777	1.000	NULL
7311	PORTA ESCOVA COM TAMPA TRANSPARENTE		17.00	BANHEIRO	7896779626618	1.000	NULL
7312	PORTA ESCOVA DE  DENTE  ACRILICO		20.00	Geral	NULL	1.000	NULL
7313	PORTA ESCOVA DE DENTE		4.00	Geral	7891055000786	1.000	NULL
7314	PORTA ESCOVA DE DENTE C TAMPA DECORADO		8.50	Geral	7899808878170	1.000	NULL
7315	PORTA ESCOVA DE DENTE DELTA COM TAMPA		15.00	Geral	7896743809832	1.000	NULL
7316	PORTA ESCOVA DE DENTE VIAGEM		3.50	Geral	7896818211379	1.000	NULL
7317	porta escova de dentes		10.00	UTILIDADES	7896952516163	1.000	NULL
7318	PORTA ESCOVA VIAGEN		3.00	Geral	7896818203374	1.000	NULL
7319	PORTA ESCOVAS		8.50	Geral	7899202278170	1.000	NULL
7320	PORTA ESCOVAS DE BANHEIRO		17.00	Geral	7896779622726	1.000	NULL
7321	PORTA ESCOVAS DE DENTE ACRILICO SORTIDO 217X7cm		10.00	UTILIDADES	7896725703455	1.000	NULL
7322	PORTA FILTRO P/ CAFE		4.00	Geral	7893736292138	1.000	NULL
7323	PORTA FRIOS  GOLD		14.00	Geral	7898264711533	1.000	NULL
7324	PORTA FRIOS 2 PÇS		7.50	PLASTICOS	7898958018344	1.000	NULL
7325	PORTA FRIOS C/2 DIVISÕES		8.50	UTILIDADES	7898502717822	1.000	NULL
7326	PORTA FRIOS PLASMONT		8.60	Geral	7898378693503	1.000	NULL
7327	porta gelo branco maribel plast1		4.00	Geral	7898908706222	1.000	NULL
7328	PORTA GUARDANAPO		11.00	Geral	7896743802000	1.000	NULL
7329	PORTA GUARDANAPO		4.00	UTILIDADES	7899335403715	1.000	NULL
7330	porta joia  mini  c estojo e espelho		20.00	Geral	7891100053576	1.000	NULL
7331	porta joia nuvem porcelana		20.00	Geral	1076513007675	1.000	NULL
7332	PORTA LEITE C/ TAMPA GIRATÓRIA MEUBABY		10.00	UTILIDADES	7896900201318	1.000	NULL
7333	PORTA MACARRÃO PLASDURAN		9.00	Geral	7897659696066	1.000	NULL
7334	porta mantimentos c 4 rosca		28.00	COZINHA	7897698236278	1.000	NULL
7335	PORTA OBJETO PRENDEDOR		3.50	UTILIDADES	7896797000100	1.000	NULL
7336	PORTA OLÉO		7.00	UTILIDADES	7898491820084	1.000	NULL
7337	PORTA OLÉO   PLASTICO		4.50	UTILIDADES	7898908706468	1.000	NULL
7338	PORTA OLEO PLASTICOS MB		6.50	Geral	7897698203836	1.000	NULL
7339	PORTA PAPEL HIGIÊNICO		8.00	Geral	1021	1.000	NULL
7340	PORTA PAPEL HIGIENICO NAPA		8.50	Geral	7898948249796	1.000	NULL
7341	PORTA PAPEL NITRON		15.50	Geral	7896779600816	1.000	NULL
7342	PORTA PAPEL TOALHA		10.50	Geral	7899866249295	1.000	NULL
7343	PORTA PRESUNTO C/TELA 460ML NITRON		15.00	UTILIDADES	7896779634811	1.000	NULL
7344	PORTA RET.15X21 MOLD.MADEIRA-D		14.00	Geral	7898337042205	1.000	NULL
7345	PORTA RETRATO		12.50	UTILIDADES	7891100062110	1.000	NULL
7346	porta retrato		25.00	Geral	7897070890067	1.000	NULL
7347	PORTA RETRATO		8.50	UTILIDADES	7898956365129	1.000	NULL
7348	PORTA RETRATO   10X15  LIVON		10.00	Geral	7891100060499	1.000	NULL
7349	PORTA RETRATO  15X20		13.00	Geral	7891100054993	1.000	NULL
7350	PORTA RETRATO  20X25		12.00	Geral	7898550710929	1.000	NULL
7351	PORTA RETRATO 10X15		10.00	Geral	7891100054870	1.000	NULL
7352	PORTA RETRATO 10X15		7.50	UTILIDADES	7898550711582	1.000	NULL
7353	PORTA RETRATO 10X15 PLASTICO ONYX		10.00	UTILIDADES	7891100054924	1.000	NULL
7354	PORTA RETRATO 10X15 TRELIÇA		7.50	UTILIDADES	7898550710950	1.000	NULL
7355	PORTA RETRATO 10X15cm		8.00	UTILIDADES	7891100041030	1.000	NULL
7356	PORTA RETRATO 10X15cm		8.00	UTILIDADES	7891100047346	1.000	NULL
7357	PORTA RETRATO 10X15CM		16.00	Geral	7899605732125	1.000	NULL
7358	PORTA RETRATO 10X15CM ONYX PLASTICO		10.00	UTILIDADES	7891100054986	1.000	NULL
7359	PORTA RETRATO 10X15CM TRIAX		12.00	UTILIDADES	7898337042182	1.000	NULL
7360	PORTA RETRATO 10X20		8.00	UTILIDADES	7891100041061	1.000	NULL
7361	PORTA RETRATO 10X20 ROSE		8.00	UTILIDADES	7891100041252	1.000	NULL
7362	PORTA RETRATO 13X18		8.00	Geral	7897070900179	1.000	NULL
7363	PORTA RETRATO 13X8CM		14.00	UTILIDADES	7908139500039	1.000	NULL
7364	PORTA RETRATO 15X20CM		13.00	Geral	7881100060506	1.000	NULL
7365	PORTA RETRATO 15X21 MADEIRA		15.00	UTILIDADES	7897070900186	1.000	NULL
7366	porta retrato 15x21 mugmar		20.00	Geral	7898294945618	1.000	NULL
7367	porta retrato 19x15		12.00	Geral	7898956365518	1.000	NULL
7368	porta retrato 20cm x25cm		20.00	Geral	7908139500442	1.000	NULL
7369	PORTA RETRATO 20X30		12.00	Geral	7897070900193	1.000	NULL
7370	PORTA RETRATO 20X30cm		18.00	UTILIDADES	7897070900209	1.000	NULL
7371	porta retrato abacaxi		8.00	Geral	7908148527775	1.000	NULL
7372	PORTA RETRATO CORAÇÃO		12.50	UTILIDADES	7891100062127	1.000	NULL
7373	PORTA RETRATO EM PLASTICO MÃE		12.00	UTILIDADES	7908501706342	1.000	NULL
7374	PORTA RETRATO EM PLASTICO MÃE		10.00	Geral	7908501702962	1.000	NULL
7375	PORTA RETRATO EXTRA LUXO		10.00	UTILIDADES	7897070900162	1.000	NULL
7376	PORTA RETRATO MÃE		10.00	UTILIDADES	7898505920212	1.000	NULL
7377	PORTA RETRATO PLASTICO MAE		10.00	Geral	7890026902128	1.000	NULL
7378	PORTA RETRATO PLÁSTICO MASC. PRÍNCIPE		12.00	Geral	7898505930419	1.000	NULL
7379	PORTA RETRATO QUADRADO		12.50	UTILIDADES	7891100062134	1.000	NULL
7380	PORTA RG		3.00	Geral	NULL	1.000	NULL
7381	PORTA RG		4.50	UTILIDADES	7982505252463	1.000	NULL
7382	PORTA ROLO TRIPLO		36.00	Geral	7897807451080	1.000	NULL
7383	PORTA SABÃO		5.00	COZINHA	7897649766113	1.000	NULL
7384	porta sabão e dertergente  megaplast		4.00	Geral	7897008000537	1.000	NULL
7385	porta sabão em pó 1 kg		15.00	Geral	7897698235110	1.000	NULL
7386	porta sabão em pó erca		10.00	PLASTICOS	7899809007630	1.000	NULL
7387	porta sabão sky		10.00	Geral	7897698236971	1.000	NULL
7388	porta sabbonete liquido		7.50	Geral	NULL	1.000	NULL
7389	PORTA SABONETE LIQUIDO VIDRO		15.00	Geral	7898667546350	1.000	NULL
7390	PORTA SHAMPOO		6.00	Geral	7899335401551	1.000	NULL
7391	PORTA SHAMPOO  LOTUS		11.00	PLASTICOS	7898952676939	1.000	NULL
7392	porta shampoo prateleira preto		12.00	BANHEIRO	7896779607983	1.000	NULL
7393	porta shanpoo prateleira branco		12.00	BANHEIRO	7896779607976	1.000	NULL
7394	PORTA TALHER ARIPLAS BRANCO		15.00	UTILIDADES	7898635510123	1.000	NULL
7395	porta talher com tanpa		15.00	UTILIDADES	7898502713534	1.000	NULL
7396	PORTA TALHER PEQ 3UD		10.00	UTILIDADES	7898635510130	1.000	NULL
7397	porta talher rainha  c 6 divisórias		37.00	Geral	7896679702368	1.000	NULL
7398	porta talher s tanpa		8.00	COZINHA	7898502713558	1.000	NULL
7399	porta talher unijet		18.00	Geral	NULL	1.000	NULL
7400	porta tempero		80.00	Geral	NULL	1.000	NULL
7401	porta tempero		85.00	Geral	NULL	1.000	NULL
7402	PORTA TEMPERO		8.50	Geral	NULL	1.000	NULL
7403	porta vassouras		19.00	Geral	7898282401188	1.000	NULL
7404	porta vassouras		14.00	Geral	7896779618545	1.000	NULL
7405	PORTA VASSOURAS C/4 ENCAIXES PRETO		14.00	Geral	7896779618514	1.000	NULL
7406	PORTA VASSOURAS PARAMOUNT		14.00	Geral	7898943566003	1.000	NULL
7407	porta vretrato 10x15		10.00	Geral	7908148581890	1.000	NULL
7408	PORTA-RETRATOS 20X30 CERTIFICADO A4		15.00	UTILIDADES	7898550711544	1.000	NULL
7409	POSTER DE FESTA		5.00	Geral	NULL	1.000	NULL
7410	POSTIT  PEQUENO STICK		5.00	Geral	7880011842027	1.000	NULL
7411	POST-IT AMARELO		7.00	Geral	7898543384571	1.000	NULL
7412	POST-IT AZUL		7.00	Geral	7898543384533	1.000	NULL
7413	POST-IT LARANJA		7.00	Geral	7898543384373	1.000	NULL
7414	POST-IT ROSA		7.00	Geral	7898543384557	1.000	NULL
7415	POST-IT STICK NOTE		7.00	PAPELARIA	7880011065136	1.000	NULL
7416	POST-IT VERDE		7.00	Geral	7898543384519	1.000	NULL
7417	postite  pequeno		5.00	Geral	NULL	1.000	NULL
7418	POSTITE COLORS		7.00	Geral	7880011842010	1.000	NULL
7419	postite grande		7.00	Geral	NULL	1.000	NULL
7420	POTE		12.00	Geral	7908342105113	1.000	NULL
7421	POTE  DE 4		4.00	Geral	NULL	1.000	NULL
7422	pote  de trufas  cacau d ouro		12.99	Doces	7898946001372	1.000	NULL
7423	POTE  DE VIDRO 1040 ML C TAMPA		30.00	Geral	7899488160176	1.000	NULL
7424	POTE  DECORADO  FLORES 1,7 L		15.50	UTILIDADES	7896908223701	1.000	NULL
7425	POTE  METALIZADO 3,6  PANANBY		18.60	Geral	7898374849874	1.000	NULL
7426	POTE  QUADRADO 500 ML TRASP. NEW LIFE		7.00	PLASTICOS	NULL	1.000	NULL
7427	POTE 1L COM TRAVA E VEDAÇÃO		15.00	PLASTICOS	7898577791451	1.000	NULL
7428	POTE ABACAXI 3,6L		23.50	UTILIDADES	7896908251049	1.000	NULL
7429	POTE ACUÇAR 2   LITROS		10.00	Geral	7898264711175	1.000	NULL
7430	POTE BOLD 1,4 L TRANDPARENTE REDONDO		12.00	COZINHA	7908342105151	1.000	NULL
7431	POTE BOLD 1,4L		12.00	PLASTICOS	7908342100255	1.000	NULL
7432	POTE BOROSILICATO 320ML C/TAMPA		13.50	VIDROS	7898919018987	1.000	NULL
7433	POTE BOROSILICATO 800ML		19.00	VIDROS	7898919019007	1.000	NULL
7434	POTE BOROSILICATO C/TAMPA 520ML		16.00	VIDROS	7898919018994	1.000	NULL
7435	POTE BOROSILICATO RETANGULAR 1050ML		23.00	VIDROS	7898919018963	1.000	NULL
7436	POTE BOROSILICATO RETANGULAR 1520ML		30.00	VIDROS	7898919018970	1.000	NULL
7437	POTE BOROSILICATO RETANGULAR C/TAMPA 640 ML		22.00	VIDROS	7898919018956	1.000	NULL
7438	POTE BOROSILICATO RETNGULAR 370ML		15.00	VIDROS	7898919018949	1.000	NULL
7439	pote c 3 unidades quadrados		8.50	PLASTICOS	7898502717839	1.000	NULL
7440	POTE C/ ROSCA DE CAFÉ		12.00	UTILIDADES	7899335407904	1.000	NULL
7441	POTE C/ ROSCA P/ AÇÚCAR		12.00	UTILIDADES	7899335407911	1.000	NULL
7442	POTE C/ TRAVA 1,5 LTS RETANGULAR TRANSPARENTE		8.00	Geral	7897649768162	1.000	NULL
7443	POTE C/2 QUAD. GRANDE LEITOSO-B		8.50	PLASTICOS	7898502717983	1.000	NULL
7444	POTE C/TAMPA 500ML		7.00	Geral	NULL	1.000	NULL
7445	POTE CAFÉ 2 LITROS		10.00	Geral	7898264711182	1.000	NULL
7446	POTE COLMEIA  880 ML		15.00	Geral	7898721350107	1.000	NULL
7447	pote colmeia 1.600 ml		20.00	Geral	7898721350077	1.000	NULL
7448	POTE COLMEIA DE VIDRO 1,2L		17.00	VIDROS	7898721350046	1.000	NULL
7449	pote com 3 unidades		8.50	Geral	NULL	1.000	NULL
7450	pote com ralador erca		7.50	Geral	NULL	1.000	NULL
7451	pote de  biscoito		10.00	Geral	7895896610722	1.000	NULL
7452	POTE DE 2,7L AZULEJO PORTUGUES		18.00	Geral	7896908289707	1.000	NULL
7453	POTE DE CAFÉ SOLTO		4.00	Geral	NULL	1.000	NULL
7454	POTE DE DOCE		10.00	Geral	NULL	1.000	NULL
7455	pote de rosca     500ml preto		5.00	UTILIDADES	7899335410911	1.000	NULL
7456	pote de trufas		13.00	Geral	NULL	1.000	NULL
7457	pote de vidro		15.00	Geral	NULL	1.000	NULL
7458	POTE DE VIDRO  1,600 ML		20.00	Geral	7898721350084	1.000	NULL
7459	POTE DE VIDRO  1.600 ML		20.00	Geral	7898721350060	1.000	NULL
7460	POTE DE VIDRO  640  ML		25.00	Geral	7899488160169	1.000	NULL
7461	POTE DE VIDRO  640 ML		25.00	Geral	7899488159576	1.000	NULL
7462	pote de vidro 13,99		14.00	Geral	NULL	1.000	NULL
7463	POTE DE VIDRO 370 ML COM TRAVA   KFJ		20.00	VIDROS	NULL	1.000	NULL
7464	pote deccartavel		0.50	Geral	NULL	1.000	NULL
7465	POTE DECORADO 1,7 L DITOY		15.50	UTILIDADES	7896187111652	1.000	NULL
7466	POTE DECORADO 1,7L		14.00	PLASTICOS	7896187114646	1.000	NULL
7467	POTE DECORADO 3,6 JOANINHA		23.50	UTILIDADES	7896908276042	1.000	NULL
7468	POTE DECORADO NUVENS 1,7L		15.50	UTILIDADES	7896187113885	1.000	NULL
7469	POTE DECORADO OSSINHOS 1,7L		15.50	UTILIDADES	7896187113793	1.000	NULL
7470	pote descartavel		0.50	Geral	NULL	1.000	NULL
7471	POTE DIAMANTE 1200ML		17.00	Geral	7898721350053	1.000	NULL
7472	POTE DIAMANTE 880ML		15.00	Geral	7898721350114	1.000	NULL
7473	pote embalagem		0.80	Geral	NULL	1.000	NULL
7474	POTE ERCA PLAST PMG		8.50	Geral	7898264715852	1.000	NULL
7475	POTE FREEZER PLEION 9,5L		18.00	Geral	7896768705157	1.000	NULL
7476	POTE HERMÉTICO VIDRO  640 ML		30.00	Geral	7899751103893	1.000	NULL
7477	POTE LISO  METALIZADO PANANBY 3,6 LT		20.00	Geral	7908342102778	1.000	NULL
7478	POTE LISO CRISTAL 3,6L PANAMBY		20.00	PLASTICOS	7908342100316	1.000	NULL
7479	POTE LISO PANANBY 1,8 L		13.00	Geral	7908342100477	1.000	NULL
7480	pote liso redondo 880 ml		15.00	Geral	7898721350091	1.000	NULL
7481	POTE MARGARIDA 3,6L DECORADO		23.50	UTILIDADES	7896908260041	1.000	NULL
7482	POTE MULTIUSO C/24PÇS MARTINAZZO		30.00	UTILIDADES	7896479905624	1.000	NULL
7483	pote multiuso colors 1,2 l		5.00	PLASTICOS	7897698236490	1.000	NULL
7484	POTE PEQUENO		2.50	Geral	NULL	1.000	NULL
7485	POTE PMG QUAD. LEITOSO-B		8.50	PLASTICOS	7898502717860	1.000	NULL
7486	pote pra café		3.50	Geral	7893835298703	1.000	NULL
7487	pote pra café   bj plastico sortido		3.50	Geral	7893835298710	1.000	NULL
7488	POTE PRA FREEZER/MICROONDAS		11.00	Geral	7899335404484	1.000	NULL
7489	POTE QUADRADO  TRANSPARENTE 1 L PLASMONT		8.50	PLASTICOS	7908682301848	1.000	NULL
7490	POTE REDONDO ABACAXI		18.00	UTILIDADES	7896908251704	1.000	NULL
7491	POTE RETANGULAR TRANSPARENTE		8.50	Geral	NULL	1.000	NULL
7492	POTE ROSCA 300 ML		5.00	UTILIDADES	7896042026169	1.000	NULL
7493	POTE TRANSPARENTE 2,2L NEW LIFE		12.00	PLASTICOS	7908682302081	1.000	NULL
7494	pote transparente melancia		20.00	Geral	7896908252046	1.000	NULL
7495	POTE VASO COLORS		5.00	Geral	7898521060596	1.000	NULL
7496	POTE VIDRO MARINEX 500 ML		17.00	Geral	7891155046196	1.000	NULL
7497	POTE VIDRO MARINEX 620  ML TANPA  REDONDO		25.80	Geral	7898595773538	1.000	NULL
7498	pote vidro redondo liso		17.00	Geral	7898721350039	1.000	NULL
7499	potes  quadrados 3  peças		7.00	PLASTICOS	7898502717921	1.000	NULL
7500	POTES C/3 LEITOSO REDONDOS		7.00	PLASTICOS	7898502717945	1.000	NULL
7501	POTES MINI DECORADO C/4 PÇS		7.50	PLASTICOS	7898264714404	1.000	NULL
7502	POTES REDONDOS MINI C/4		7.50	PLASTICOS	7898264714091	1.000	NULL
7503	POTES RETANGULAR ERCA PLAST C/3		8.50	Geral	7898264715654	1.000	NULL
7504	POTES RETANGULARES C/3		7.00	PLASTICOS	7898502717907	1.000	NULL
7505	POTICHE DE VIDRO		20.00	VIDROS	7898706180873	1.000	NULL
7506	POTINHO PEQUENO DE PLANTA COLORIDO		2.00	JARDINAGEM	7898064813864	1.000	NULL
7507	ppp prato		3.00	Geral	NULL	1.000	NULL
7508	PRANCHETA		8.50	Geral	7897216950310	1.000	NULL
7509	PRANCHETA GRANDE  MADEIRA		10.00	PAPELARIA	7897849632010	1.000	NULL
7510	PRANCHETA MADEIRA PQ SOUZA		4.00	Geral	7896309204446	1.000	NULL
7511	pratinho		2.50	Geral	7898912338181	1.000	NULL
7512	PRATINHO  QUAD. PEQ		4.00	Geral	7898036785441	1.000	NULL
7513	PRATINHO COLORIDO		3.00	Geral	7897008000018	1.000	NULL
7514	PRATINHO DE FESTA VERDE		2.50	Geral	7898914057301	1.000	NULL
7515	PRATINHO DE PLÁSTICO COLORIDO		3.00	PLASTICOS	7899335401933	1.000	NULL
7516	PRATINHO DESCARTAVEL BRANCO		2.50	FESTA	7898348770012	1.000	NULL
7517	PRATINHO DESCARTAVEL FUNDO		3.00	Geral	7898348771101	1.000	NULL
7518	pratinho festa fundo		4.00	Geral	NULL	1.000	NULL
7519	PRATINHO ROSA		2.50	Geral	7898348770074	1.000	NULL
7520	PRATINHO ROSA		2.50	FESTA	7898912338068	1.000	NULL
7521	PRATINHO VERMELHO		2.50	Geral	7898348770159	1.000	NULL
7522	PRATINHOS DESCARTAVEIS TRIK TRIK		3.00	Geral	7897816271501	1.000	NULL
7523	PRATINHOS ROSA FORFET C/10		2.50	Geral	7898923193045	1.000	NULL
7524	PRATO		3.00	Geral	7898914057011	1.000	NULL
7525	PRATO		5.00	Geral	NULL	1.000	NULL
7526	prato		2.50	Geral	NULL	1.000	NULL
7527	PRATO   REDONDO PRETO 24 CM		4.00	JARDINAGEM	7898653550873	1.000	NULL
7528	PRATO  DESCARTÁVEL  FESTA 15 CM		3.00	Geral	7896979500435	1.000	NULL
7529	prato  fundode salgados 12 cm  branco		3.00	Geral	NULL	1.000	NULL
7530	prato  jardineira  terra cota 35		8.00	JARDINAGEM	NULL	1.000	NULL
7531	PRATO  PEIXE BRANCO		5.00	Geral	7898083368086	1.000	NULL
7532	PRATO ACQUA		7.00	VIDROS	7891155033943	1.000	NULL
7533	PRATO ALIMENTAÇAO		6.00	Geral	NULL	1.000	NULL
7534	PRATO AMARELO		2.50	FESTA	7898912338020	1.000	NULL
7535	PRATO AMARELO		2.50	Geral	7898348770135	1.000	NULL
7536	prato avulso		4.00	Geral	NULL	1.000	NULL
7537	PRATO AZUL CLARO		2.50	FESTA	7898912338037	1.000	NULL
7538	PRATO AZUL FUNDO DURALEX		7.00	Geral	7894993944709	1.000	NULL
7539	PRATO AZUL FUNDO DURALEX		4.00	Geral	NULL	1.000	NULL
7540	PRATO AZUL RASO DURALEX		10.00	Geral	7894993944600	1.000	NULL
7541	PRATO BRANCO VITALFORM		2.50	FESTA	7898912338013	1.000	NULL
7542	prato c; colher  bebê plastibaby		7.80	Geral	7896725789794	1.000	NULL
7543	PRATO DE ANIVERSARIO AZUL		2.50	Geral	7898914057813	1.000	NULL
7544	prato de festa 15 cm preto		2.50	Geral	7898914057806	1.000	NULL
7545	prato de festa 15 cm vermelho		2.50	Geral	7898914057318	1.000	NULL
7546	prato de festa amarelo 15 cm		2.50	Geral	7898914057042	1.000	NULL
7547	prato de festa branco 15 cm		2.50	Geral	7898914057028	1.000	NULL
7548	PRATO DE FESTA BRANCO 15CM		5.00	Geral	7898914057035	1.000	NULL
7549	PRATO DE FESTA GRANDE		4.00	Geral	7898914057073	1.000	NULL
7550	PRATO DE FESTA GRANDE RASO		5.00	FESTA	7898348770210	1.000	NULL
7551	prato de jardim		8.00	Geral	NULL	1.000	NULL
7552	PRATO DE PLANTA QUADRADO P/VASOS		4.00	Geral	NULL	1.000	NULL
7553	PRATO DE PLANTA REDONDO		2.50	Geral	NULL	1.000	NULL
7554	PRATO DE PLANTA REDONDO P/VASOS 24CM 24X24X3		4.00	JARDINAGEM	7898948180242	1.000	NULL
7555	PRATO DE REFEIÇAÕ		7.50	Geral	7897816221506	1.000	NULL
7556	PRATO DE VIDRO AZUL RISCADO		7.50	Geral	7898644236120	1.000	NULL
7557	prato de vidro raso branco		5.00	Geral	NULL	1.000	NULL
7558	prato de vidros		7.00	Geral	NULL	1.000	NULL
7559	PRATO DESCARTAVEL		2.50	Geral	7898922338966	1.000	NULL
7560	PRATO DESCARTAVEL		2.50	Geral	7898348770364	1.000	NULL
7561	prato descartavel		6.00	Geral	NULL	1.000	NULL
7562	PRATO DESCARTAVEL  21 CM  REFEIÇÃO		5.00	kit FESTA	7898901478232	1.000	NULL
7563	prato duralex   LISO TRANSPARENTE		7.00	Geral	7894993000832	1.000	NULL
7564	PRATO DURALEX FUNDO  TRANSPARENTE   DIAMANTE		7.00	VIDROS	7891155013235	1.000	NULL
7565	PRATO DURALEX OPALINE  FUNDO		13.00	COZINHA	7891155037880	1.000	NULL
7566	prato duralex opaline branco  RASO		13.00	COZINHA	7891155037873	1.000	NULL
7567	PRATO FESTA		4.00	Geral	7898634581766	1.000	NULL
7568	prato festa 15 cm azul		2.50	Geral	NULL	1.000	NULL
7569	prato festa 15 cm rosa		2.50	Geral	7898914057295	1.000	NULL
7570	PRATO FESTA DECARTÁVEL 15 CM IBRAS		2.50	kit FESTA	7898949834823	1.000	NULL
7571	PRATO FUNDO		5.00	Geral	7898634581803	1.000	NULL
7572	PRATO FUNDO		5.00	Geral	NULL	1.000	NULL
7573	PRATO FUNDO AZUL STAR		7.00	Geral	7898644236113	1.000	NULL
7574	prato fundo duralex  PRIMAVERA		7.00	COZINHA	7891155043867	1.000	NULL
7575	PRATO FUNDO ESTRELA		7.00	VIDROS	NULL	1.000	NULL
7576	PRATO FUNDO MIGI TRANSPARENTE		7.00	Geral	NULL	1.000	NULL
7577	PRATO FUNDO PLASTICO CRIANÇA		3.00	Geral	7898961529103	1.000	NULL
7578	PRATO INFANTIL AZUL		4.00	UTILIDADES	7898919089260	1.000	NULL
7579	PRATO INFANTIL ROSA		4.00	UTILIDADES	7898919089253	1.000	NULL
7580	prato jardineira  35  marron		8.00	JARDINAGEM	7896403211661	1.000	NULL
7581	PRATO KEROCOPO		2.00	Geral	7898918330738	1.000	NULL
7582	PRATO LAMINADO  25 CM REDONDO		2.00	Geral	7898610100387	1.000	NULL
7583	PRATO LAMINADO  O47		6.00	Geral	NULL	1.000	NULL
7584	PRATO LAMINADO 047		8.60	FESTA	7891216225607	1.000	NULL
7585	PRATO LAMINADO 08 30CM PRATA		3.50	Geral	7908267801237	1.000	NULL
7586	PRATO LAMINADO 10		3.50	FESTA	7908267801244	1.000	NULL
7587	PRATO LAMINADO 12		6.50	FESTA	7908267801350	1.000	NULL
7588	PRATO LAMINADO 14		6.00	FESTA	7896578918006	1.000	NULL
7589	PRATO LAMINADO 33CM		2.50	Geral	7898610100394	1.000	NULL
7590	PRATO LAMINADO 37CM		4.50	Geral	7898610100400	1.000	NULL
7591	PRATO LAMINADO REDONDO  08		3.50	kit FESTA	NULL	1.000	NULL
7592	PRATO LILAS		2.50	FESTA	7898912338839	1.000	NULL
7593	PRATO MED N°2		5.00	Geral	7898378695439	1.000	NULL
7594	PRATO N°28 PRETO		8.00	Geral	7898064812386	1.000	NULL
7595	PRATO P/ VASO RED PEQUENO PRETO 21 CM		3.00	Geral	7898948180259	1.000	NULL
7596	PRATO P/ VASO REDONDO PRETO N°2 26,5 CM		4.50	JARDINAGEM	7897848705623	1.000	NULL
7597	prato para vaso p11cm		2.50	JARDINAGEM	7898521061210	1.000	NULL
7598	prato para vaso p14cm		3.00	JARDINAGEM	7898521061227	1.000	NULL
7599	prato para vaso p20cm		3.50	JARDINAGEM	7898521061234	1.000	NULL
7600	prato para vaso p22cm		4.00	JARDINAGEM	7898521061241	1.000	NULL
7601	PRATO PLASTICO FUNDO		4.00	Geral	7897649766090	1.000	NULL
7602	PRATO PLASTICO REFEIÇAO 21CM		7.00	FESTA	7898912339898	1.000	NULL
7603	PRATO PRA PLANTA		4.00	JARDINAGEM	7898378695538	1.000	NULL
7604	PRATO PRETO		2.50	Geral	7898348771095	1.000	NULL
7605	PRATO PRETO		2.50	FESTA	7898912338808	1.000	NULL
7606	PRATO PRETO REDONDO 21 CM		3.00	Geral	7898653550880	1.000	NULL
7607	PRATO QUADRADO 15,5CM    PRETO		2.00	JARDINAGEM	7898948180440	1.000	NULL
7608	PRATO QUADRADO BJ PLASTICOS		3.00	UTILIDADES	7893835292862	1.000	NULL
7609	PRATO QUADRADO PEQUENO		4.00	Geral	7898036785465	1.000	NULL
7610	PRATO RASO		5.00	Geral	7891155013228	1.000	NULL
7611	PRATO RASO ATUAL VERMELHO		12.00	Geral	7899540600992	1.000	NULL
7612	PRATO REDONDO  N 37 PRETO		12.00	JARDINAGEM	7898064812447	1.000	NULL
7613	PRATO REDONDO  PRETO  N 33		9.00	JARDINAGEM	7898064812423	1.000	NULL
7614	PRATO REDONDO MINI INJEPLASTEC		3.00	Geral	7898036784406	1.000	NULL
7615	PRATO REDONDO PLANTA PQ.		2.00	Geral	7898378695477	1.000	NULL
7616	prato refeição		5.00	Geral	7898918330769	1.000	NULL
7617	prato refeição fundo c 10		7.50	kitfesta	7898348770616	1.000	NULL
7618	PRATO REFEIÇÃO FUNDO N 20		7.50	kit FESTA	7898947990484	1.000	NULL
7619	PRATO TRANSP		5.00	Geral	7891240036729	1.000	NULL
7620	PRATO VERDE		2.50	Geral	7898348770050	1.000	NULL
7621	PRATO VERDE		2.50	Geral	7898348770173	1.000	NULL
7622	PRATO VERDE ESCURO		2.50	FESTA	7898912338044	1.000	NULL
7623	PRATO VERMELHO		2.50	Geral	7898342110159	1.000	NULL
7624	PRATOS   RASO DESCARTÁVEL   21 CM		7.00	Geral	7898339190171	1.000	NULL
7625	PRATOS  DECARTÁVEL  21 CM  CHURRASCO  FUNDO  IBRAS		7.00	kit FESTA	7898949834144	1.000	NULL
7626	pratos de  vidros		7.00	Geral	NULL	1.000	NULL
7627	PRATOS DE PLASTICO AZUIS		2.50	Geral	7898912338006	1.000	NULL
7628	PRATOS DESCARTAVEIS 12 CM		2.50	FESTA	7898348771927	1.000	NULL
7629	PRATOS DESCARTÁVEIS ZETTAPACK C/1O UNID		2.50	Geral	7898342110012	1.000	NULL
7630	PRATOS PLASTICOS DE 21 CM		6.00	Geral	7898912338198	1.000	NULL
7631	PRATOS PLÁSTICOS VERMELHO		2.50	FESTA	7898912338051	1.000	NULL
7632	predrinhas de unha		10.00	Geral	NULL	1.000	NULL
7633	PREENDEDORES P/ ROUPAS C/24		6.00	Geral	7898323400026	1.000	NULL
7634	PREILHA		2.00	Geral	NULL	1.000	NULL
7635	PRENDEDOR		3.50	Geral	NULL	1.000	NULL
7636	PRENDEDOR 12  PRIMAVERA		3.00	UTILIDADES	7897824712898	1.000	NULL
7637	PRENDEDOR 36 UNIDADES PRENDE BEM		6.80	UTILIDADES	7897502477729	1.000	NULL
7638	PRENDEDOR DE  PLASTICO C 12 COLOR		4.00	Geral	7898198250641	1.000	NULL
7639	PRENDEDOR DE CABELO PRETA		4.00	Geral	NULL	1.000	NULL
7640	PRENDEDOR DE CHUPETA		5.00	Geral	7898927482251	1.000	NULL
7641	PRENDEDOR DE CHUPETA		4.00	Geral	7898927482206	1.000	NULL
7642	PRENDEDOR DE MADEIRA  16 UNIDADES		4.00	UTILIDADES	7898198251020	1.000	NULL
7643	PRENDEDOR DE MADEIRA 12 UNID		4.50	UTILIDADES	7898198250993	1.000	NULL
7644	PRENDEDOR DE MADEIRA 12 UNID QUATRO ESTAÇÕES		3.00	UTILIDADES	7899767264533	1.000	NULL
7645	prendedor de roupa		4.00	Geral	NULL	1.000	NULL
7646	PRENDEDOR DE ROUPA PLASTICO PREMIUM C/12 UNID		12.00	UTILIDADES	7898750052393	1.000	NULL
7647	PRENDEDOR DE ROUPS PLASTICO C 12 GRD.		4.50	Geral	7898323400095	1.000	NULL
7648	PRENDEDOR GS UTIL PLASTICO		4.50	UTILIDADES	7898130280064	1.000	NULL
7649	PRENDEDOR JANAINA 12 UNID PLASTICO		3.00	Geral	7898919457922	1.000	NULL
7650	PRENDEDOR MADEIRA 36 UNID		9.00	Geral	7898198251006	1.000	NULL
7651	PRENDEDOR P/ ROUPA C/ 24 PÇS		7.50	Geral	7898919089024	1.000	NULL
7652	prendedor primavera c 36		9.00	Geral	7897824712911	1.000	NULL
7653	PRENDEDOR SUPER DE MADEIRA		4.00	Geral	7894932260068	1.000	NULL
7654	PRESENTE DE PASCOA		35.00	Geral	NULL	1.000	NULL
7655	PRESENTE DIA DAS MÃES		55.00	Geral	NULL	1.000	NULL
7656	PRESENTE DIA DAS MÃES		70.00	Geral	NULL	1.000	NULL
7657	presente dia dos pais		50.00	Geral	NULL	1.000	NULL
7658	presente dia dos pais		50.00	Geral	NULL	1.000	NULL
7659	presente dia dos pais		50.00	Geral	NULL	1.000	NULL
7660	presente dia dos pais		50.00	Geral	NULL	1.000	NULL
7661	PRESENTE DO DIA DAS MÃES		125.00	Geral	NULL	1.000	NULL
7662	PRESENTE DO DIA DAS MÃES		85.00	Geral	NULL	1.000	NULL
7663	PRESENTE DO DIA DAS MÃES		140.00	Geral	NULL	1.000	NULL
7664	PRESENTE DO DIA DAS MÃES		80.00	Geral	NULL	1.000	NULL
7665	PRESENTE DO DIA DOS NAMORADOS		50.00	Geral	NULL	1.000	NULL
7666	PRESENTE DO DIA DOS NAMORADOS		60.00	Geral	NULL	1.000	NULL
7667	PRESENTE DO DIA DOS NAMORADOS		40.00	Geral	NULL	1.000	NULL
7668	PRESENTE SAQUINHO		1.50	Geral	NULL	1.000	NULL
7669	presente ursinho sortido		18.00	PRESENTES	NULL	1.000	NULL
7670	presilha		2.50	Geral	NULL	1.000	NULL
7671	presilha		2.00	Geral	NULL	1.000	NULL
7672	presilha		1.00	Geral	NULL	1.000	NULL
7673	presilha		1.50	Geral	NULL	1.000	NULL
7674	presilha		1.00	Geral	NULL	1.000	NULL
7675	presilha  BORBOLETA		2.50	Geral	NULL	1.000	NULL
7676	presilha  de flor pq.		4.00	Geral	NULL	1.000	NULL
7677	presilha  media nova		1.50	Geral	NULL	1.000	NULL
7678	presilha  sortida		1.50	Geral	NULL	1.000	NULL
7679	PRESILHA BICO DE PATO		2.00	Geral	NULL	1.000	NULL
7680	PRESILHA BICO DE PATO DE LACINHO		3.00	Geral	NULL	1.000	NULL
7681	PRESILHA C BRILHO		8.00	Geral	NULL	1.000	NULL
7682	presilha c laço xuxinha  pár		5.00	Geral	NULL	1.000	NULL
7683	presilha chapeu festa junina		5.00	Geral	NULL	1.000	NULL
7684	PRESILHA COM REDINHA PRETA		5.00	Geral	NULL	1.000	NULL
7685	PRESILHA COOK KAKE		5.00	Geral	NULL	1.000	NULL
7686	PRESILHA DE FOLHAS		0.50	Geral	NULL	1.000	NULL
7687	PRESILHA DE LACINHO		3.00	Geral	NULL	1.000	NULL
7688	PRESILHA DE PEDRAS HAND MADE		5.00	Geral	NULL	1.000	NULL
7689	presilha flor grande		7.00	Geral	NULL	1.000	NULL
7690	presilha flor pequena		3.00	Geral	NULL	1.000	NULL
7691	PRESILHA GRANDE PRETA		4.00	Geral	NULL	1.000	NULL
7692	PRESILHA GRD. COLORIDA		7.00	Geral	NULL	1.000	NULL
7693	PRESILHA GRD. PRETA		5.00	Geral	NULL	1.000	NULL
7694	presilha infantil		3.00	Geral	NULL	1.000	NULL
7695	presilha infantil ursinho		4.00	Geral	NULL	1.000	NULL
7696	presilha laço		4.00	Geral	NULL	1.000	NULL
7697	presilha media		1.50	Geral	NULL	1.000	NULL
7698	PRESILHA PRETA		0.50	Geral	NULL	1.000	NULL
7699	PRESILHAS		0.50	Geral	NULL	1.000	NULL
7700	PRESILHAS COLORIDAS		0.50	Geral	NULL	1.000	NULL
7701	PRESILHAS COLORIDAS		1.00	Geral	NULL	1.000	NULL
7702	PRESILHAS COM LACINHO		2.00	Geral	NULL	1.000	NULL
7703	PRESILHAS COM LACINHO		3.00	Geral	NULL	1.000	NULL
7704	PRESTOBARBA ULTRAGRIP		10.00	Geral	7500435011303	1.000	NULL
7705	PRIMAVERA LENÇOS FEMININOS C/3		10.00	UTILIDADES	7891621002008	1.000	NULL
7706	PROCESADOR DE ALIMENTOS IMIX LAR		30.00	COZINHA	7893590300994	1.000	NULL
7707	PROCESSADOR   MANUAL  500 ML		30.00	Geral	78996005717955	1.000	NULL
7708	PROCESSADOR  DE ALIMENTOS MANUAL		20.00	Geral	7899488150795	1.000	NULL
7709	PROCESSADOR 500ML MANUAL DE ALIMENTOS		25.00	Geral	7908593504185	1.000	NULL
7710	PROCESSADOR DE ALIMENTOS MANUAL		25.00	UTILIDADES	7899701894550	1.000	NULL
7711	PROCESSADOR DE ALIMENTOS MANUAL		38.00	Geral	618341365988	1.000	NULL
7712	PROCESSADOR DE ALIMENTOS MANUAL CLINK		25.00	UTILIDADES	7899850324540	1.000	NULL
7713	PROCESSADOR DE ALIMENTOS MINI		20.00	COZINHA	7899751108645	1.000	NULL
7714	processador de alimentos sq		38.00	Geral	7899441533092	1.000	NULL
7715	PROCESSADOR MANUAL 500ML SHOCK IMPORTS		30.00	UTILIDADES	7899605717955	1.000	NULL
7716	processador original line		38.00	COZINHA	7899751108621	1.000	NULL
7717	PROCESSADOR SEMIAUTOMÁTICO ORIGINAL		30.00	COZINHA	7899751108607	1.000	NULL
7718	PROTETOR DE CARTÃO RFID		3.00	Geral	NULL	1.000	NULL
7719	PROTETOR DE DEDO PRA COSTURA		2.00	Geral	NULL	1.000	NULL
7720	PROTETOR DE JOELHO		10.00	UTILIDADES	7898673631927	1.000	NULL
7721	PROTETOR DE NOTEBOOK		11.00	Geral	7885180907638	1.000	NULL
7722	protetor de porta  nomands		15.00	Geral	602883893160	1.000	NULL
7723	PROTETOR DE PORTA NORMANDS		14.00	UTILIDADES	NULL	1.000	NULL
7724	PROTETOR DE PULSO		12.00	UTILIDADES	7898673631903	1.000	NULL
7725	PSITOLA DE COLA QUENTE PEQUENA		30.00	UTILIDADES	7899441528562	1.000	NULL
7726	puf bau		40.00	Geral	NULL	1.000	NULL
7727	puf promocão		20.00	Geral	NULL	1.000	NULL
7728	puf suede		25.00	Geral	NULL	1.000	NULL
7729	PUFF		30.00	Geral	NULL	1.000	NULL
7730	PUFF SUEDE GRANDE		35.00	Geral	NULL	1.000	NULL
7731	PUFF SUEDE GRANDE		40.00	Geral	NULL	1.000	NULL
7732	PUFF SUEDE GRANDE		50.00	Geral	NULL	1.000	NULL
7733	PUFS		50.00	Geral	NULL	1.000	NULL
7734	PUFS COMUN		30.00	Geral	NULL	1.000	NULL
7735	pufs promoção		25.00	Geral	NULL	1.000	NULL
7736	PULA CORDA		4.50	BRINQUEDOS	7898056628919	1.000	NULL
7737	PULF		25.00	Geral	NULL	1.000	NULL
7738	PULSEIRA DE 10		10.00	Geral	NULL	1.000	NULL
7739	PULSEIRA DE PEDRAS		5.00	Geral	NULL	1.000	NULL
7740	PULSEIRA FINA MILA		2.00	Geral	7898610101124	1.000	NULL
7741	PULSEIRINHA BEAULTIFUL CRUZ		15.00	Geral	NULL	1.000	NULL
7742	PULVERIZADOR   1,5 L  CATUAI		40.00	UTILIDADES	7899701821808	1.000	NULL
7743	PULVERIZADOR  500 ML		8.50	Geral	7899701868179	1.000	NULL
7744	pulverizador  bola 500 ml tiba		8.50	Geral	7896103461236	1.000	NULL
7745	PULVERIZADOR  BOLINHA		7.50	Geral	619205167588	1.000	NULL
7746	pulverizador  veronez		9.00	UTILIDADES	65294895	1.000	NULL
7747	PULVERIZADOR 5OO ML  GIRAFA		8.50	Geral	619205167595	1.000	NULL
7748	PULVERIZADOR BOLINHA		8.80	UTILIDADES	7897659604016	1.000	NULL
7749	pulverizador bolinha  sortido		7.50	Geral	619205167588	1.000	NULL
7750	PULVERIZADOR BOLINHA 340ML		7.50	UTILIDADES	7898139878064	1.000	NULL
7751	PULVERIZADOR BOLINHA 500 ML		9.00	Geral	7899701868162	1.000	NULL
7752	PULVERIZADOR COMPRESSÃO MAFEMA		45.00	UTILIDADES	7898851400505	1.000	NULL
7753	pulverizador garrafão sortido		8.00	Geral	630941404744	1.000	NULL
7754	PULVERIZADOR GUARANY		20.00	Geral	NULL	1.000	NULL
7755	PULVERIZADOR PLASDURAN		8.00	UTILIDADES	7897659630633	1.000	NULL
7756	PULVERIZADOR UNILUK 500ml		8.00	Geral	7898341420334	1.000	NULL
7757	PULVERIZADOR VERONEZ		9.00	UTILIDADES	606529489557	1.000	NULL
7759	PURPURINA		1.00	Geral	NULL	1.000	NULL
7760	puverizador  500 ml		8.50	Geral	619205167595	1.000	NULL
7761	PUVERIZADOR BRANCO		8.50	Geral	NULL	1.000	NULL
7762	PUXA PUXA SLIME		4.50	ESCOLAR	7898964527038	1.000	NULL
7763	PUXA SACO EM RENDA  CAPA DE LIQUIDIFICADOR		8.00	UTILIDADES	7898365210058	1.000	NULL
7764	puxa saco pano		8.00	Geral	7898958498122	1.000	NULL
7765	PUXA SACO RENDA MENDES  EM TECIDO		8.00	UTILIDADES	7898382460016	1.000	NULL
7766	PUXA SACO TECIDO		8.00	Geral	NULL	1.000	NULL
7767	PUXA SACO TECIDO		8.00	UTILIDADES	7802143200506	1.000	NULL
7768	PUZZLE DINOSSAURO		9.00	Geral	7899605796332	1.000	NULL
7769	QUADRICICLO		12.00	BRINQUEDOS	7898002431310	1.000	NULL
7770	QUADRO 10X15		10.00	Geral	7897776501281	1.000	NULL
7771	quadro certificado  a4		25.00	Geral	7908501714132	1.000	NULL
7772	QUADRO DE ANOTAÇÕES DIGITAL 10,5		25.00	BRINQUEDOS	7908694102730	1.000	NULL
7773	quadro lavore 10x15		14.00	Geral	NULL	1.000	NULL
7774	QUADRO MÁGICO LOUSA		20.00	BRINQUEDOS	7899632518099	1.000	NULL
7775	quadro te amo		15.00	Geral	7908174903048	1.000	NULL
7776	QUADRO VERDE  30X40		16.50	Geral	7893095263602	1.000	NULL
7777	QUEBRA CABEÇA		8.00	Geral	7899605730619	1.000	NULL
7778	QUEBRA CABEÇA		8.00	BRINQUEDOS	7899605730596	1.000	NULL
7779	quebra cabeça  infantil		8.00	Geral	7899605730589	1.000	NULL
7780	QUEBRA CABEÇA 70 PÇS		8.00	Geral	7899605786326	1.000	NULL
7781	QUEBRA CABEÇA ANIMAIS 9 PÇS		12.00	BRINQUEDOS	7908470010860	1.000	NULL
7782	QUEBRA CABEÇA CIRCO  24 PÇAS		10.00	BRINQUEDOS	7897288200030	1.000	NULL
7783	quebra cabeça dinosauros   24		22.00	Geral	7898570571845	1.000	NULL
7784	QUEBRA CABEÇA PRINCESA		30.00	BRINQUEDOS	7908470006962	1.000	NULL
7785	QUEBRA-CABEÇA ARCA DE NOÉ		14.00	Geral	7896647009192	1.000	NULL
7786	QUEBRA-CABEÇA DINOSSAUROS C/30 PÇS		35.00	BRINQUEDOS	7908470006979	1.000	NULL
7787	RALADOR 4 FACES BRANCO		8.50	PLASTICOS	7898264714800	1.000	NULL
7788	RALADOR 4 FACES DE PLASTICO-C		8.00	Geral	7898933556052	1.000	NULL
7789	RALADOR 4 FACES SQ		20.00	COZINHA	7899441519539	1.000	NULL
7790	RALADOR C/ POTE PLASTICO		10.00	PLASTICOS	7898264716385	1.000	NULL
7791	RALADOR COM PEGADOR CLINK		20.00	ALUMINIO	7899850333870	1.000	NULL
7792	RALADOR CORES DIVERSAS		6.00	Geral	7898081820579	1.000	NULL
7793	RALADOR DE METAL DUDA ENCARTELADOS		6.00	Geral	7890055002851	1.000	NULL
7794	RALADOR FUCA 4 FACES		14.00	UTILIDADES	7899893705092	1.000	NULL
7795	RALADOR MULTIUSO 5EM1		32.00	Geral	7899658395438	1.000	NULL
7796	RALADOR PRATICO NITRON		5.00	Geral	7896779600151	1.000	NULL
7797	RALINHO DE PIA		3.00	UTILIDADES	7896202400174	1.000	NULL
7798	RALINHO JAPONES AÇO INOX		2.00	UTILIDADES	7896202400044	1.000	NULL
7799	RALO AMERICANO CROMADO		3.00	UTILIDADES	7898955345115	1.000	NULL
7800	ralo de legumes		3.00	Geral	7898631221993	1.000	NULL
7801	RALO DE PIA		3.00	Geral	NULL	1.000	NULL
7802	ralo de pia		4.50	Geral	7898544629275	1.000	NULL
7803	ralo de pia 7cm inox		8.80	Geral	7898623342484	1.000	NULL
7804	RALO DE PIA CROMADO		3.00	Geral	7899612200747	1.000	NULL
7805	ralo de pia cromado		4.00	Geral	7890055001137	1.000	NULL
7806	ralo de pia grande inox		5.00	Geral	7898918853206	1.000	NULL
7807	ralo de pia inox  9cm		10.00	Geral	7898623342316	1.000	NULL
7808	ralo de pia japones		4.00	Geral	7896202400037	1.000	NULL
7809	RALO DE PIA PEQUENO ESPECIAL 1		2.60	UTILIDADES	7896202400112	1.000	NULL
7810	RALO DE PIA UTILIMIX		3.00	UTILIDADES	7898955345016	1.000	NULL
7811	RALO JAPONÊS		3.00	Geral	7890055001359	1.000	NULL
7812	RALO JAPONES G		4.00	Geral	7890055001113	1.000	NULL
7813	RALO P/ PIA PEQUENO		2.00	UTILIDADES	7898955345023	1.000	NULL
7814	ralo pqueno pia brics		2.00	Geral	7896488200451	1.000	NULL
7815	RAQUETE  MATA MOSQUITO		30.00	Geral	7908694102068	1.000	NULL
7816	RAQUETE DE MATAR MOSQUITO		30.00	Geral	40141851574	1.000	NULL
7817	RAQUETE DE MATAR PERNILONGO		32.00	Geral	7820125790012	1.000	NULL
7818	RAQUETE DE PERNILONGO		30.00	Geral	7899984632979	1.000	NULL
7819	RAQUETE DE TENIS AMAR E		15.00	BRINQUEDOS	7898958261337	1.000	NULL
7820	RAQUETE ELETRICA		27.00	Geral	7898667533473	1.000	NULL
7821	RAQUETE MATA MOSQUITO		30.00	ELETRONICOS	7899488148594	1.000	NULL
7822	recibo  comercial  COM CANHOTO		6.50	Geral	7898909580142	1.000	NULL
7823	RECIBO  DE ALUGUEL G		6.00	Geral	7898909580364	1.000	NULL
7824	recibo comercial		6.50	Geral	7897571910011	1.000	NULL
7825	RECIBO DE ALUGUEL		4.00	PAPELARIA	7898909580098	1.000	NULL
7826	RECIBO DE ALUGUEL C CANHOTO 50 F.		4.00	Geral	7897571910028	1.000	NULL
7827	RECIBO DE ALUGUEL C/ CANHOTO		6.50	Geral	7898909580159	1.000	NULL
7828	RECIBO DE PAGAMENTO		5.00	Geral	7898909580166	1.000	NULL
7829	RECIPIENTE P/ AGUA 2L		8.50	UTILIDADES	7896952507369	1.000	NULL
7830	REDE DE FAZER COQUE		2.50	Geral	NULL	1.000	NULL
7831	refil cola quente  fina		2.00	Geral	NULL	1.000	NULL
7832	refil cola quente grossa		2.50	Geral	NULL	1.000	NULL
7833	REFIL DE LAPISEIRA 0.7		2.00	Geral	NULL	1.000	NULL
7834	REFILL DE LAPISEIRA		2.00	Geral	7897185939248	1.000	NULL
7835	REFILL DE TINTA RADEX		4.00	Geral	7897254101330	1.000	NULL
7836	REGADOR AZUL		24.00	UTILIDADES	7898913482067	1.000	NULL
7837	regador colors		13.00	UTILIDADES	7898913482043	1.000	NULL
7838	regador extra		35.00	Geral	7898913482074	1.000	NULL
7839	regador grande		35.00	Geral	789003270909	1.000	NULL
7840	regador grande arqplast		35.00	Geral	7908439800433	1.000	NULL
7841	REGADOR PEQUENO AP ARQPLAST REF: 25156		20.00	UTILIDADES	7908439800440	1.000	NULL
7842	REGADOR VERDE GRANDE		22.00	Geral	NULL	1.000	NULL
7843	REGADOR VERDE PEQUENO		12.00	Geral	NULL	1.000	NULL
7844	REGUÁ		4.00	Geral	7897798503737	1.000	NULL
7845	reguá  30 cm		4.00	Geral	7897185958089	1.000	NULL
7846	reguá 30 cm colors		4.00	Geral	7897798510315	1.000	NULL
7847	REGUA ACRINIL 30CM		4.00	Geral	7897798503744	1.000	NULL
7848	REGUA DE 30 CM ACRINIL		3.50	Geral	7897798510308	1.000	NULL
7849	reguá de plastico		3.50	Geral	7897798505687	1.000	NULL
7850	REGUÁ ESCOLAR 30 CM		2.00	Geral	7897798505151	1.000	NULL
7851	REGUA PEQUENA		2.00	Geral	7897798504925	1.000	NULL
7852	regua transferidor		2.00	Geral	NULL	1.000	NULL
7853	REGULADOR DE GÁS COMPLETO		45.00	Geral	7898276630082	1.000	NULL
7854	REGULADOR DE GÁS GLP 1G/HR		30.00	UTILIDADES	7898276630747	1.000	NULL
7855	REGULADOR DE GAS IMAR 1 KG		50.00	Geral	7898276630761	1.000	NULL
7856	regulador de gás mais mangueira		45.00	Geral	7898276630754	1.000	NULL
7857	REGULADOR DE PRESSÃO C REGISTRO		18.59	Geral	7898100081622	1.000	NULL
7858	REGULADOR DE PRESSÃO P/ GÁS GLP C/MANGUEIRA		50.00	UTILIDADES	7898100081639	1.000	NULL
7859	REGULADOR PARA GAS		59.99	Geral	7898276630204	1.000	NULL
7860	relógio  de parede   ambiente		27.50	Geral	7897280348983	1.000	NULL
7861	RELÓGIO ANALÓGICO DESPERTADOR		20.00	UTILIDADES	7892022021704	1.000	NULL
7862	RELOGIO CASIO		35.00	Geral	NULL	1.000	NULL
7863	RELOGIO DE BRINQUEDO INFANTIL		18.00	Geral	NULL	1.000	NULL
7864	relogio de cx		50.00	Geral	NULL	1.000	NULL
7865	RELOGIO DE PAREDE		23.00	Geral	618341097759	1.000	NULL
7866	relogio de parede		25.00	Geral	7898711404094	1.000	NULL
7867	RElogio de parede		25.00	Geral	NULL	1.000	NULL
7868	RELÓGIO DE PAREDE		25.00	Geral	602883809130	1.000	NULL
7869	Relogio de parede		25.00	Geral	NULL	1.000	NULL
7870	RELÓGIO DE PAREDE  NATIVO		32.00	Geral	7898711404179	1.000	NULL
7871	RELÓGIO DE PAREDE  PLASFORT FRUTAS		25.00	Geral	602883808713	1.000	NULL
7872	relógio de parede  sr santa rita		22.00	Geral	7897070902333	1.000	NULL
7873	RELOGIO DE PAREDE DECOR & ARTE		25.00	Geral	192505333056	1.000	NULL
7874	RELOGIO DE PAREDE FRUTA MISTO		20.00	Geral	7898711404254	1.000	NULL
7875	RELOGIO DE PAREDE GAMA		32.00	Geral	7898954684901	1.000	NULL
7876	RELOGIO DE PAREDE MAXTIME		25.00	Geral	7898711400133	1.000	NULL
7877	RELOGIO DE PAREDE MAXTIME REDONDO		25.00	Geral	7898711400027	1.000	NULL
7878	RELOGIO DE PAREDE MAXTIME REDONDO		32.00	Geral	7898711400058	1.000	NULL
7879	relógio de parede nativo		25.00	Geral	7898230514731	1.000	NULL
7880	RELOGIO DE PAREDE NATIVO P/COZINHA		25.00	Geral	7898711404216	1.000	NULL
7881	RELOGIO DE PAREDE PLASFORT		25.00	Geral	602883808720	1.000	NULL
7882	relógio de parede plasfort		23.00	Geral	602883325470	1.000	NULL
7883	relógio de parede plasfort		25.00	Geral	602883808782	1.000	NULL
7884	RELOGIO DE PAREDE PLASFORT PRETO E BRANCO		25.00	PLASTICOS	618341097780	1.000	NULL
7885	RELÓGIO DE PAREDE PRETO		25.00	Geral	602883808591	1.000	NULL
7886	RELOGIO DE PAREDE QUAD COZINHA NATIVO		25.00	Geral	7898711404131	1.000	NULL
7887	RELOGIO DE PAREDE SIEG		25.00	UTILIDADES	7898594820783	1.000	NULL
7888	RELÓGIO DE PULSO FEMININO		45.00	Geral	NULL	1.000	NULL
7889	RELÓGIO DE PULSO FEMININO		35.00	Geral	NULL	1.000	NULL
7890	RELÓGIO DE PULSO MASCULINO		60.00	Geral	NULL	1.000	NULL
7891	relogio despertador		20.00	Geral	7908593506653	1.000	NULL
7892	RELOGIO DESPERTADOR CLOCK		25.00	Geral	7866000022113	1.000	NULL
7893	RELÓGIO DESPERTADOR ECOODA		18.00	Geral	7821234530520	1.000	NULL
7894	relógio feminino		40.00	Geral	NULL	1.000	NULL
7895	RELOGIO GALO		30.00	Geral	7898711404292	1.000	NULL
7896	RELÓGIO INFANTIL MY LITTLE PONEY		20.00	BRINQUEDOS	7892021890134	1.000	NULL
7897	relogio infantil speed racing		25.00	Geral	NULL	1.000	NULL
7898	RELOGIO MASCULINO		35.00	Geral	NULL	1.000	NULL
7899	RELOGIO MASCULINO		45.00	Geral	NULL	1.000	NULL
7900	RELOGIO MASCULINO		40.00	Geral	NULL	1.000	NULL
7901	RELOGIO MASCULINO  NA CAIXA		60.00	Geral	NULL	1.000	NULL
7902	RELOGIO MASCULINO CASIO		35.00	Geral	NULL	1.000	NULL
7903	RELÓGIO OCEANIA		50.00	Geral	NULL	1.000	NULL
7904	RELOGIO PLASFORT		25.00	Geral	602883808584	1.000	NULL
7905	RELOGIO SPEED RACING		25.00	Geral	NULL	1.000	NULL
7906	RELOGIO XUFENG		50.00	Geral	NULL	1.000	NULL
7907	RELOGIOS INFANTIS		25.00	BRINQUEDOS	NULL	1.000	NULL
7908	RESGATE BLAZER LANCHA		30.00	BRINQUEDOS	7897252230056	1.000	NULL
7909	REVISTA GRANDE PINTAR		5.00	BRINQUEDOS	7898918511984	1.000	NULL
7910	REVISTA PARA COLORIR BATMAN		5.00	Geral	3546895018784	1.000	NULL
7911	rider  masculino		30.00	Geral	7909806224081	1.000	NULL
7912	RIDER  PRETO		25.00	Geral	7909171218623	1.000	NULL
7913	rider masculino		25.50	Geral	7909510648920	1.000	NULL
7914	RIDER MASCULINO		30.00	Geral	7909806224067	1.000	NULL
7915	RIDER MASCULINO		25.00	Geral	7909171218647	1.000	NULL
7916	RIDER VERMELHA		25.00	Geral	7909171218746	1.000	NULL
7917	rifa		2.00	Geral	NULL	1.000	NULL
7918	rifa		2.00	Geral	NULL	1.000	NULL
7919	rifa  100 nomes		2.00	Geral	7898960171013	1.000	NULL
7920	RIFA COM 50, 100, 200 NOMES		2.00	Geral	NULL	1.000	NULL
7921	RIFA DE 50 NOMES		2.00	Geral	7898960171020	1.000	NULL
7922	RIFA DE ANIMAIS		2.00	Geral	NULL	1.000	NULL
7923	RIFA DE ANIMAIS PEQUENA		1.00	Geral	NULL	1.000	NULL
7924	RIFA DE NUMERO C/100		2.00	Geral	NULL	1.000	NULL
7925	RIFA DE NUMERO C/50		2.00	Geral	NULL	1.000	NULL
7926	risque rabisque  menino		20.00	BRINQUEDOS	7897447220992	1.000	NULL
7927	ROBÕ  EARTH  WARRIOR		25.00	BRINQUEDOS	7908341608578	1.000	NULL
7928	ROBO 2 EM 1 MCQUEEN		70.00	BRINQUEDOS	5000700012582	1.000	NULL
7929	ROBO MUSICAL DANCE GIRL		85.00	Geral	7908478013573	1.000	NULL
7930	ROBO MUSICAL STUNT HEAD DUCK		65.00	Geral	7908478013603	1.000	NULL
7931	ROBOT CAIXA		35.00	BRINQUEDOS	7908341606338	1.000	NULL
7932	ROBOT DEFORM		50.00	Geral	7892023237173	1.000	NULL
7933	RODINHO DE PIA		3.00	Geral	7897031156218	1.000	NULL
7934	RODINHO DE PIA		5.00	Geral	7896042029771	1.000	NULL
7935	RODINHO DE PIA		2.50	Geral	2821031156218	1.000	NULL
7936	RODINHO DE PIA ALUMINIO		5.00	Geral	7898495732833	1.000	NULL
7937	RODINHO DE PIA PG BRANCO		4.50	Geral	7899335409595	1.000	NULL
7938	RODINHO INFANTIL		7.50	Geral	7898909110462	1.000	NULL
7939	RODÍZIOS P/ FOGÕES E GELADEIRAS		45.00	Geral	7896202400525	1.000	NULL
7940	RODO		11.00	Geral	NULL	1.000	NULL
7941	rodo		8.50	Geral	NULL	1.000	NULL
7942	rodo		9.00	Geral	7898199870039	1.000	NULL
7943	RODO   de madeira grande		13.00	Geral	NULL	1.000	NULL
7944	RODO  INFANTIL		7.50	Geral	7898909770468	1.000	NULL
7945	RODO  MASTER 40 CM		10.00	Geral	7898912015433	1.000	NULL
7946	RODO  PLÁSTICO 50 CM  PREMIUM		10.70	Geral	7898495733120	1.000	NULL
7947	RODO 30 CM		6.00	Geral	7898948435168	1.000	NULL
7948	RODO 30 CM		7.50	Geral	7898495736329	1.000	NULL
7949	RODO 30CM		9.50	Geral	7898919089727	1.000	NULL
7950	rodo 40 cm		9.00	Geral	7898068960427	1.000	NULL
7951	RODO 40 CM BORBOLETA		15.00	UTILIDADES	7898920552050	1.000	NULL
7952	RODO 40 CM PRETO		11.00	Geral	7898919089710	1.000	NULL
7953	rodo alklim		10.00	Geral	7897750778678	1.000	NULL
7954	RODO BRILHEX 30 CM		8.50	Geral	7897750786079	1.000	NULL
7955	RODO DE 30		5.50	Geral	NULL	1.000	NULL
7956	RODO DE 30CM		7.50	UTILIDADES	7898130280026	1.000	NULL
7957	rodo de 40 cm		9.00	Geral	7898370410146	1.000	NULL
7958	RODO DE MADEIRA GRANDE		9.00	Geral	NULL	1.000	NULL
7959	RODO DE MADEIRA GRANDE		9.00	Geral	7898253661221	1.000	NULL
7960	RODO DE PIA ARQPLAST		5.00	Geral	7908439805421	1.000	NULL
7961	RODO DE PIA DUPLO		3.00	COZINHA	7898068960038	1.000	NULL
7962	RODO DE PIA PLASDURAN		5.00	UTILIDADES	7897659626544	1.000	NULL
7963	RODO DE PIA UNIJET PRETO		4.50	COZINHA	7899335409588	1.000	NULL
7964	RODO INFANTIL NOVO HORIZONTE		8.00	Geral	NULL	1.000	NULL
7965	RODO INFANTIL NOVO HORIZONTE		7.50	BRINQUEDOS	7898909770086	1.000	NULL
7966	RODO JACARÉ 40 CM		8.50	Geral	7898950575258	1.000	NULL
7967	RODO LIMPA AZULEJO		10.00	Geral	741527450007	1.000	NULL
7968	rodo limpa cera		12.00	UTILIDADES	741527450090	1.000	NULL
7969	RODO MEDIO		7.50	Geral	NULL	1.000	NULL
7970	RODO METAL SECA RÁPIDO		9.00	Geral	7898199870046	1.000	NULL
7971	RODO P.P 40 CM		9.00	UTILIDADES	7898130280019	1.000	NULL
7972	RODO PARA PIA DE PLASTICO		6.00	UTILIDADES	7898631221016	1.000	NULL
7973	rodo peça  30 cm		5.00	Geral	NULL	1.000	NULL
7974	rodo peça 40 cm		6.00	Geral	NULL	1.000	NULL
7975	rodo pequeno		7.50	Geral	7898165303097	1.000	NULL
7976	RODO PINOS 40 CM		8.50	Geral	7898912014405	1.000	NULL
7977	RODO PLASTICO		8.50	UTILIDADES	7898165304094	1.000	NULL
7978	RODO PLASTICO 30 CM		7.50	Geral	7898495736558	1.000	NULL
7979	RODO PLASTICO 40CM		7.00	UTILIDADES	5882095786541	1.000	NULL
7980	RODO PLASTICO 40CM NEW		8.00	UTILIDADES	7898495736541	1.000	NULL
7981	RODO PLASTICO PINOS 30CM		7.70	Geral	7898912014399	1.000	NULL
7982	RODO PS 60CM		15.00	Geral	7898009152003	1.000	NULL
7983	RODO SEM O CABO		4.00	Geral	NULL	1.000	NULL
7984	rodo so a peça médio		7.00	Geral	NULL	1.000	NULL
7985	RODO SOLTO		4.00	Geral	NULL	1.000	NULL
7986	RODO SOLTO DE 40CM CINZA		4.50	Geral	NULL	1.000	NULL
7987	rodoextra 60   borboleta		15.00	Geral	7897788815123	1.000	NULL
7988	ROLINHO DE CREPON		2.00	Geral	7898610100493	1.000	NULL
7989	ROLO ADESIVO DE TIRAR PELO		8.00	UTILIDADES	NULL	1.000	NULL
7990	ROLO ADESIVO KIT		12.00	UTILIDADES	7898566516218	1.000	NULL
7991	ROLO ADESIVO TIRA PELOS		7.00	UTILIDADES	7898750053017	1.000	NULL
7992	ROLO ADESIVO TIRA PELOS 20 FOLHAS		6.00	Geral	7891100030379	1.000	NULL
7993	ROLO C/ 25 PANOS PICOTADOS		7.50	UTILIDADES	7897750780527	1.000	NULL
7994	ROLO C/ 50 PANOS PICOTADOS PANOTEK		12.00	UTILIDADES	7897750789988	1.000	NULL
7995	ROLO DE ETIQUETA DE PREÇO		4.00	Geral	7897357101459	1.000	NULL
7996	ROLO DE ETIQUETA DE PREÇO		4.00	UTILIDADES	7898931370216	1.000	NULL
7997	ROLO DE MADEIRA 43CM		16.00	Geral	NULL	1.000	NULL
7998	ROLO DE MADEIRA P/ MASSA 43cm		16.00	COZINHA	7898622000460	1.000	NULL
7999	ROLO DE MASSA		16.00	Geral	NULL	1.000	NULL
8000	ROLO DE MASSA CSD		16.00	Geral	7897138601215	1.000	NULL
8001	ROLO DE MASSA DE PLASTICO		15.50	Geral	7898962802090	1.000	NULL
8002	rolo de massa madeira  18x6		20.00	Geral	7896489401123	1.000	NULL
8003	rolo de massa madeira 23x6		25.00	Geral	7896489400126	1.000	NULL
8004	rolo de tira pêlo		8.00	Geral	NULL	1.000	NULL
8005	ROLO DE TIRAR PELO		5.00	UTILIDADES	7899858796424	1.000	NULL
8006	ROLO MOVEL P/MASSA 37,5CM INOX		25.00	Geral	7899441531623	1.000	NULL
8007	ROLO TIRA PELO		6.00	Geral	7899658399887	1.000	NULL
8008	rolo tira pelõ		8.00	Geral	NULL	1.000	NULL
8009	rolo tira pelo		8.00	UTILIDADES	7898673630401	1.000	NULL
8010	rolo tira pelo colors		8.50	Geral	7893595598433	1.000	NULL
8011	ROMA BUS EXECUTIVE		60.00	BRINQUEDOS	7896965219006	1.000	NULL
8012	ROTULADORA DE PREÇOS  KAPBOM		50.00	ESCRITÓRIO	7897724040213	1.000	NULL
8013	rralo de pia		3.00	Geral	7898544629299	1.000	NULL
8014	SABÃO EM BARRA YPÊ		3.00	Geral	7896098905913	1.000	NULL
8015	sabão em pó assim bicarbonato 800 ml		10.00	Geral	7908324402681	1.000	NULL
8016	SABÃO EM PÓ BRILHANTE		12.00	LIMPEZA	7891150086524	1.000	NULL
8017	sabão em pó tixan    800 gr		12.00	LIMPEZA	7896098909751	1.000	NULL
8018	SABÃO OMO		16.00	Geral	7891150064317	1.000	NULL
8019	sabão omo em pó lavagem perfeita  , lavanda 800 g		16.00	LIMPEZA	7891150080188	1.000	NULL
8020	SABONETEIRA		3.50	Geral	7896355705300	1.000	NULL
8021	saboneteira		3.00	Geral	NULL	1.000	NULL
8022	SABONETEIRA  MARILU		5.00	Geral	7896818245619	1.000	NULL
8023	SABONETEIRA ACRILICA		5.00	Geral	7896818211348	1.000	NULL
8024	SABONETEIRA ARQPLAST AZUL		3.00	BANHEIRO	7908439804349	1.000	NULL
8025	SABONETEIRA ARQPLAST PRETA		3.00	BANHEIRO	7908439804400	1.000	NULL
8026	SABONETEIRA BOLA 300ML		8.00	UTILIDADES	7897659604047	1.000	NULL
8027	SABONETEIRA BRANCA TULIPA		3.00	BANHEIRO	7908439804356	1.000	NULL
8028	SABONETEIRA C/TELA NITRON		4.00	BANHEIRO	7896779619306	1.000	NULL
8029	SABONETEIRA DE GATINHO AZUL		4.50	BANHEIRO	7896725789640	1.000	NULL
8030	SABONETEIRA DE VIDRO 450ML PRETA/BRANCA		22.00	Geral	7899850311113	1.000	NULL
8031	saboneteira erca transparente		2.00	Geral	7898264711212	1.000	NULL
8032	SABONETEIRA FITNESS		3.00	BANHEIRO	7896818241383	1.000	NULL
8033	saboneteira gatinho plastibaby		4.50	BANHEIRO	7896725789657	1.000	NULL
8034	SABONETEIRA JABONERA TULIPA		3.00	BANHEIRO	7908439804363	1.000	NULL
8035	SABONETEIRA LIQUIDA		7.00	Geral	NULL	1.000	NULL
8036	SABONETEIRA LIQUIDA		15.00	Geral	7899755641223	1.000	NULL
8037	SABONETEIRA OVAL COM TELINHA		4.50	UTILIDADES	7897698208510	1.000	NULL
8038	SABONETEIRA PARA LIQUIDO		7.50	UTILIDADES	7895099932522	1.000	NULL
8039	saboneteira rosa uninjet		2.00	Geral	7899335403067	1.000	NULL
8040	SABONETEIRA TRANSPARENTE		2.50	BANHEIRO	7898264711878	1.000	NULL
8041	SACA ROLHA		6.00	Geral	7896835231091	1.000	NULL
8042	saca rolhas plastico utilimix		3.00	Geral	7898955345092	1.000	NULL
8043	SACO		3.00	Geral	NULL	1.000	NULL
8044	SACO		2.00	Geral	NULL	1.000	NULL
8045	saco  de p		5.00	Geral	NULL	1.000	NULL
8046	SACO  HOT DOG C 20		3.00	kit FESTA	7898663780246	1.000	NULL
8047	saco  transparente  mini		0.20	Geral	NULL	1.000	NULL
8048	saco  transparente de cesta g		10.00	Geral	NULL	1.000	NULL
8049	saco 60 litro  1 kilo		15.00	Geral	NULL	1.000	NULL
8050	SACO 60X90		6.00	Geral	736532401564	1.000	NULL
8051	saco de 200 litros		5.00	Geral	NULL	1.000	NULL
8052	saco de cesta		8.00	Geral	NULL	1.000	NULL
8053	SACO DE CONFEITAR C/5 BICOS		4.00	UTILIDADES	7897403103192	1.000	NULL
8054	SACO DE GELADAO 5X23CM C/100		3.50	Geral	7898663780154	1.000	NULL
8055	SACO DE GELINHO  6CMX23CM		4.00	Geral	7898139600467	1.000	NULL
8056	saco de lixo		4.00	Geral	NULL	1.000	NULL
8057	SACO DE LIXO		3.00	Geral	NULL	1.000	NULL
8058	SACO DE LIXO  200 litros		2.50	Geral	NULL	1.000	NULL
8059	SACO DE LIXO  200 litros  3 por 10		10.00	Geral	NULL	1.000	NULL
8060	SACO DE LIXO  50 L PRETO		18.00	Geral	7898906705098	1.000	NULL
8061	saco de lixo  pacote		8.00	Geral	NULL	1.000	NULL
8062	SACO DE LIXO 100L MACEDO 5 UNID RESISTENTE		8.00	LIMPEZA	7898121500041	1.000	NULL
8063	SACO DE LIXO 100L MAGOPLAS		3.00	PLASTICOS	7898947702056	1.000	NULL
8064	SACO DE LIXO 15 LITROS FORTALEZA		3.00	Geral	7130402000124	1.000	NULL
8065	SACO DE LIXO 20 UNID DE 30L		9.00	Geral	700083262059	1.000	NULL
8066	SACO DE LIXO 200L REFORÇADO		4.00	Geral	NULL	1.000	NULL
8067	SACO DE LIXO 50 L  com 10 unidades		7.00	LIMPEZA	7898121500034	1.000	NULL
8068	saco de lixo 50 litros		15.00	Geral	NULL	1.000	NULL
8069	SACO DE LIXO 60 LITROS  MACEDO   com 10 unidades		9.00	Geral	7898121500072	1.000	NULL
8070	saco de lixo avulso		4.00	Geral	NULL	1.000	NULL
8071	SACO DE LIXO C/10 UNID 100L		10.00	Geral	700083262073	1.000	NULL
8072	SACO DE LIXO C/20 UNID 50L		9.50	Geral	700083262066	1.000	NULL
8073	SACO DE LIXO C/40 UNID 15L		8.50	Geral	700083262042	1.000	NULL
8074	SACO DE LIXO C/50 UNID 10L		10.00	Geral	700083261991	1.000	NULL
8075	SACO DE LIXO DE 100 LITROS    super forte  com 5 unidades		11.00	Geral	7898247374854	1.000	NULL
8076	saco de lixo de 200 litros		5.00	Geral	NULL	1.000	NULL
8077	SACO DE LIXO DE 30 L PRETO		16.00	Geral	7898906705081	1.000	NULL
8078	SACO DE LIXO DE 60 L 1 KL		15.00	Geral	NULL	1.000	NULL
8079	SACO DE LIXO GIGANTE SOLTO		4.00	Geral	NULL	1.000	NULL
8080	saco de lixo grosso		3.00	Geral	NULL	1.000	NULL
8081	saco de lixo macedo 100 litros  EXTRA  REFORÇADO COM 6 UNIDADES		12.00	LIMPEZA	7898121500089	1.000	NULL
8082	saco de lixo macedo 15 litros  MACEDO		6.00	Geral	7898121500010	1.000	NULL
8083	saco de lixo macedo 30 litros  resistente		6.50	Geral	7898121500027	1.000	NULL
8084	saco de lixo macedo 40 litros extra reforçado 12 unidades		8.50	Geral	7898121500065	1.000	NULL
8085	SACO DE LIXO MAGO-PLAS 15L		3.00	UTILIDADES	7898947702025	1.000	NULL
8086	SACO DE LIXO MAGOPLAS 50L		3.00	UTILIDADES	7898947702049	1.000	NULL
8087	SACO DE LIXO ROLO 120  L PRETO		18.00	Geral	7898906705067	1.000	NULL
8088	SACO DE P HULK		5.00	Geral	NULL	1.000	NULL
8089	saco de pp		0.80	Geral	NULL	1.000	NULL
8090	saco de preente 20x30		4.00	Geral	7897864710137	1.000	NULL
8091	SACO DE PRESENTE		4.00	Geral	NULL	1.000	NULL
8092	saco de presente		3.00	Geral	NULL	1.000	NULL
8093	saco de presente		8.00	Geral	NULL	1.000	NULL
8094	saco de presente		8.00	Geral	NULL	1.000	NULL
8095	saco de presente		5.00	Geral	NULL	1.000	NULL
8096	SACO DE PRESENTE		2.00	Geral	NULL	1.000	NULL
8097	SACO DE PRESENTE  DE CESTA		10.00	Geral	NULL	1.000	NULL
8098	SACO DE PRESENTE  TRANSPARENTE		0.40	Geral	NULL	1.000	NULL
8099	SACO DE PRESENTE  TRANSPARENTE		0.50	Geral	NULL	1.000	NULL
8100	SACO DE PRESENTE 15X44cm		3.00	PRESENTES	736532400475	1.000	NULL
8101	SACO DE PRESENTE 20X29cm		2.50	PRESENTES	736532401878	1.000	NULL
8102	SACO DE PRESENTE 30X44cm		3.00	PAPELARIA	736532401311	1.000	NULL
8103	saco de presente 35x45 cm		4.00	Geral	7897864605587	1.000	NULL
8104	SACO DE PRESENTE 35X54		4.00	Geral	736532401731	1.000	NULL
8105	SACO DE PRESENTE 35X54		4.00	Geral	736532401731	1.000	NULL
8106	SACO DE PRESENTE 50X70		5.00	Geral	736532400505	1.000	NULL
8107	saco de presente 60x90		6.00	Geral	736532401564	1.000	NULL
8108	SACO DE PRESENTE DE 0,5		0.50	Geral	NULL	1.000	NULL
8109	SACO DE PRESENTE DE 0,80		0.80	Geral	NULL	1.000	NULL
8110	SACO DE PRESENTE DE 1		1.00	Geral	NULL	1.000	NULL
8111	SACO DE PRESENTE DE 1,5		1.50	Geral	NULL	1.000	NULL
8112	SACO DE PRESENTE DE 2		2.00	Geral	NULL	1.000	NULL
8113	SACO DE PRESENTE DE 5		5.00	Geral	NULL	1.000	NULL
8114	saco de presente de unicornio		5.00	Geral	NULL	1.000	NULL
8115	saco de presente do papai noel		5.00	Geral	NULL	1.000	NULL
8116	SACO DE PRESENTE DOURADO		4.00	Geral	NULL	1.000	NULL
8117	SACO DE PRESENTE ENORME		8.00	Geral	NULL	1.000	NULL
8118	SACO DE PRESENTE ENORME  TRANSPARENTE		10.00	Geral	NULL	1.000	NULL
8119	SACO DE PRESENTE GIGANTE		6.00	Geral	NULL	1.000	NULL
8120	saco de presente grand		5.00	Geral	NULL	1.000	NULL
8121	SACO DE PRESENTE GRANDE		4.00	Geral	NULL	1.000	NULL
8122	saco de presente grande		8.00	Geral	NULL	1.000	NULL
8123	SACO DE PRESENTE M2 CROMUS		1.50	Geral	7909107543232	1.000	NULL
8124	SACO DE PRESENTE MAIOR DE TODOS		12.00	Geral	NULL	1.000	NULL
8125	SACO DE PRESENTE MEDIO		3.00	Geral	NULL	1.000	NULL
8126	SACO DE PRESENTE MEDIO PEQUENO		1.50	Geral	NULL	1.000	NULL
8127	SACO DE PRESENTE MULHER MARAVILHA M4		2.00	Geral	7909107543430	1.000	NULL
8128	saco de presente papai noel		5.00	Geral	NULL	1.000	NULL
8129	SACO DE PRESENTE PEQ		0.50	Geral	NULL	1.000	NULL
8130	saco de presente pra cesta transparente		10.00	Geral	NULL	1.000	NULL
8131	SACO DE PRESENTE TRANSPARENTE		1.50	Geral	NULL	1.000	NULL
8132	SACO DE PRESENTE TRANSPARENTE de cesta		8.00	Geral	NULL	1.000	NULL
8133	SACO DE PRESENTE TRANSPARENTE FLORIDO		1.50	Geral	NULL	1.000	NULL
8134	SACO DE PRESENTE TRANSPARENTE GIGANTE		3.00	Geral	NULL	1.000	NULL
8135	SACO DE PRESENTE TRANSPARENTE GIGANTE		8.00	Geral	NULL	1.000	NULL
8136	SACO DE PRESENTE TRANSPARENTE GIGANTE DE 4		4.00	Geral	NULL	1.000	NULL
8137	SACO DE PRESENTE TRANSPARENTE GRANDE		3.00	Geral	NULL	1.000	NULL
8138	SACO DE PRESENTE TRANSPARENTE GRANDE		2.00	Geral	NULL	1.000	NULL
8139	saco de presente transparente médio		0.80	Geral	NULL	1.000	NULL
8140	SACO DE PRESENTE TRANSPARENTE PEQ/MEDIO		1.80	Geral	NULL	1.000	NULL
8141	SACO DE PRESENTE TRANSPARENTE PEQ/MEDIO		1.00	Geral	NULL	1.000	NULL
8142	SACO DE PRESENTE TRANSPARENTE PEQUENO		0.50	Geral	NULL	1.000	NULL
8143	SACO DE PRESENTE TRANSPARENTE POLI 11 X 19,5		1.00	Geral	7899613390331	1.000	NULL
8144	SACO DE PRESENTE TRASNSPARENTE		1.00	Geral	NULL	1.000	NULL
8145	saco de presente trasparente medio		4.00	Geral	NULL	1.000	NULL
8146	SACO DE TRANSPARENTE DE CESTA		10.00	Geral	NULL	1.000	NULL
8147	saco gelinho 4x24 c 100		3.00	Geral	7898663780147	1.000	NULL
8148	SACO GRANDE PRETO		2.00	Geral	NULL	1.000	NULL
8149	SACO MINI LANCHE C/20		3.00	Geral	7898663780222	1.000	NULL
8150	SACO P/ HAMBURGUER		3.00	Geral	7898610100523	1.000	NULL
8151	SACO P/ HOTDOG		3.00	Geral	7898610100509	1.000	NULL
8152	SACO P/ MINI LANCHE		2.00	Geral	7898610100530	1.000	NULL
8153	SACO P/ PIPOCA 20 UNID		3.00	Geral	7898610100516	1.000	NULL
8154	SACO PARA GELINHO N°6 C/100		3.60	FESTA	7898610100561	1.000	NULL
8155	SACO PARA LAVAR ROUPA		9.53	UTILIDADES	7898192061656	1.000	NULL
8156	SACO PARA LAVAR ROUPAS 40X50CM		7.00	UTILIDADES	7899866204980	1.000	NULL
8157	SACO PARA LIXO DE 100L		4.00	Geral	NULL	1.000	NULL
8158	SACO PIPOCA C 20		3.00	Geral	7898663780215	1.000	NULL
8159	SACO POLI TRANSPARENTE		2.00	Geral	7897780039671	1.000	NULL
8160	saco pra gelinho n4  mila festa		2.00	Geral	7898610100547	1.000	NULL
8161	saco prateado		4.00	Geral	NULL	1.000	NULL
8162	SACO PRESENTE		2.50	Geral	736532401410	1.000	NULL
8163	SACO PRESENTE		4.00	Geral	736532401786	1.000	NULL
8164	SACO PRESENTE  25X37		3.00	PAPELARIA	736532401786	1.000	NULL
8165	SACO PRESENTE  GABIVIVI 89X120		10.00	Geral	736532400581	1.000	NULL
8166	SACO PRESENTE 30X44		4.00	Geral	736532401311	1.000	NULL
8167	SACO PRESENTE 45X 59		4.00	Geral	736532401328	1.000	NULL
8168	saco presente tnt		2.25	Geral	7898610101285	1.000	NULL
8169	SACO SELOFONE GRANDE		10.00	Geral	NULL	1.000	NULL
8170	SACO SELOFONE GRANDE		8.00	Geral	NULL	1.000	NULL
8171	SACO SUPRESA FESTA		2.00	Geral	7898610100578	1.000	NULL
8172	SACO TRANPARENTE GRANDE DE CESTA		10.00	Geral	NULL	1.000	NULL
8173	SACO TRANSPARENTE		5.00	Geral	NULL	1.000	NULL
8174	saco transparente		8.00	Geral	NULL	1.000	NULL
8175	saco transparente médio		3.00	Geral	NULL	1.000	NULL
8176	SACO TRANSPARENTE PEQUENO		0.50	Geral	NULL	1.000	NULL
8177	SACO TRASPARENTE		0.50	Geral	NULL	1.000	NULL
8178	SACO TRASPARENTE 20x30		0.80	Geral	NULL	1.000	NULL
8179	saco trasparente 60x80		8.00	Geral	NULL	1.000	NULL
8180	saco trasparente de 0,40		0.40	Geral	NULL	1.000	NULL
8181	SACO TRASPARENTE DE CESTA		10.00	Geral	NULL	1.000	NULL
8182	SACO TRASPARENTE MEDIO		3.00	Geral	NULL	1.000	NULL
8183	saco trasparente pp		0.40	Geral	NULL	1.000	NULL
8184	SACO TRASPARENTE PRA PRESENTE		5.00	Geral	7899023462994	1.000	NULL
8185	SACO XADREZ  AZUL		4.00	Geral	7891874000097	1.000	NULL
8186	sacola		12.00	Geral	7898961045429	1.000	NULL
8187	sacola		12.00	Geral	NULL	1.000	NULL
8188	SACOLA		12.00	Geral	NULL	1.000	NULL
8189	SACOLA   LAMINADA COLORS		10.00	SACOLA	7898505928515	1.000	NULL
8190	sacola   luxo g		15.00	Geral	7891100058878	1.000	NULL
8191	SACOLA   UNIDADE		1.00	Geral	NULL	1.000	NULL
8192	sacola  de p		12.00	Geral	NULL	1.000	NULL
8193	SACOLA  HIPER		6.00	Geral	NULL	1.000	NULL
8194	sacola  luxo média azul		10.00	Geral	7891100058885	1.000	NULL
8195	SACOLA  MÉDIA		8.00	Geral	7898505928416	1.000	NULL
8196	sacola  meu 15 anos		10.00	Geral	NULL	1.000	NULL
8197	SACOLA  MINI		2.00	Geral	NULL	1.000	NULL
8198	sacola  preta		15.00	Geral	8656732219023	1.000	NULL
8199	SACOLA  ROXA		5.00	Geral	NULL	1.000	NULL
8200	SACOLA BRANCA		0.30	Geral	NULL	1.000	NULL
8201	sacola cordao pequena		6.00	PAPELARIA	8602185318233	1.000	NULL
8202	sacola de papel cromus		4.00	Geral	7909107701243	1.000	NULL
8203	SACOLA DE PAPEL PRESENTE COLORIDA		10.00	Geral	7908102632101	1.000	NULL
8204	SACOLA DE PLASTICO  GRANDE		1.00	Geral	NULL	1.000	NULL
8205	SACOLA DE PRESENTE		3.00	Geral	NULL	1.000	NULL
8206	sacola de presente		7.00	Geral	6930202411110	1.000	NULL
8207	SACOLA DE PRESENTE		10.00	Geral	736532402189	1.000	NULL
8208	SACOLA DE PRESENTE		6.00	PRESENTES	6750008633536	1.000	NULL
8209	SACOLA DE PRESENTE		7.00	Geral	7898682294885	1.000	NULL
8210	SACOLA DE PRESENTE		7.00	Geral	7898682294809	1.000	NULL
8211	SACOLA DE PRESENTE		7.00	Geral	7898682294847	1.000	NULL
8212	SACOLA DE PRESENTE		10.00	Geral	7898961057644	1.000	NULL
8213	SACOLA DE PRESENTE  VERDE		3.00	Geral	NULL	1.000	NULL
8214	SACOLA DE PRESENTE 18X10X23cm DOURADA C/ PRETO		6.00	PRESENTES	6974584511266	1.000	NULL
8215	SACOLA DE PRESENTE DE PAPEL		5.00	Geral	7908168256396	1.000	NULL
8216	SACOLA DE PRESENTE Grande		15.00	Geral	6930202411134	1.000	NULL
8217	SACOLA DE PRESENTE GRANDE		10.00	PRESENTES	8602185326320	1.000	NULL
8218	SACOLA DE PRESENTE GRANDE		10.00	PRESENTES	6750008633543	1.000	NULL
8219	SACOLA DE PRESENTE GRANDE PRETA		7.00	Geral	NULL	1.000	NULL
8220	SACOLA DE PRESENTE HIPER		6.00	Geral	736532402073	1.000	NULL
8221	SACOLA DE PRESENTE JAPÃO		7.00	Geral	NULL	1.000	NULL
8222	SACOLA DE PRESENTE PEQUENA		5.00	Geral	NULL	1.000	NULL
8223	SACOLA DE PRESENTE PEQUENA		7.00	Geral	NULL	1.000	NULL
8224	SACOLA DE PRESENTE PRETA CORAÇÃO		4.00	Geral	NULL	1.000	NULL
8225	SACOLA DE PRESENTE ROSE		10.00	Geral	7898961057699	1.000	NULL
8226	SACOLA DE PRESENTE ROXA COM LISTRAS		5.00	Geral	NULL	1.000	NULL
8227	SACOLA DE PRESENTE VARIAS CORES		10.00	PRESENTES	6975892245621	1.000	NULL
8228	sacola de urso		10.00	Geral	7898961063492	1.000	NULL
8229	SACOLA DE VINHO		10.00	Geral	602883877443	1.000	NULL
8230	sacola dia das mães		10.00	Geral	7908725603250	1.000	NULL
8231	sacola dourada grande		15.00	Geral	NULL	1.000	NULL
8232	SACOLA DUPLEX PALAVRAS		10.00	Geral	736532401557	1.000	NULL
8233	SACOLA FITA PEQUENA BALÃO		6.00	PRESENTES	6975892245638	1.000	NULL
8234	SACOLA GABIVIVI NEVE		10.00	Geral	602883877542	1.000	NULL
8235	SACOLA GRANDE 90X1		1.00	Geral	NULL	1.000	NULL
8236	SACOLA HIPPER		6.00	Geral	NULL	1.000	NULL
8237	sacola luxo		10.00	Geral	7899183983834	1.000	NULL
8238	sacola luxo brilho		10.00	Geral	6890812632100	1.000	NULL
8239	sacola luxo g		15.00	Geral	7898961062730	1.000	NULL
8240	sacola luxo grande		15.00	Geral	7899183983858	1.000	NULL
8241	SACOLA MEDIA LAMINADA		10.00	Geral	NULL	1.000	NULL
8242	SACOLA MÉDIA PAPEL		3.00	Geral	7909107701267	1.000	NULL
8243	sacola meu 15 anos		12.00	Geral	NULL	1.000	NULL
8244	SACOLA MEUS 15 ANOS		10.00	Geral	NULL	1.000	NULL
8245	SACOLA MINI MISTA CORAÇÕES		2.00	Geral	736532400628	1.000	NULL
8246	sacola papel felicidades		9.00	Geral	736532401465	1.000	NULL
8247	sacola papel pq.		2.00	Geral	7909107701281	1.000	NULL
8248	SACOLA PEQUENA AZUL		7.00	Geral	NULL	1.000	NULL
8249	sacola pequena pra presente		7.00	Geral	NULL	1.000	NULL
8250	SACOLA PEQUENA PRATEADA		7.00	Geral	NULL	1.000	NULL
8251	sacola pequena presente		7.00	Geral	NULL	1.000	NULL
8252	sacola pequena vermelha		7.00	Geral	NULL	1.000	NULL
8253	sacola pra presente		12.00	Geral	NULL	1.000	NULL
8254	SACOLA PRATEADA Medio		12.00	Geral	NULL	1.000	NULL
8255	SACOLA PRESENTE		7.00	PRESENTES	602883877726	1.000	NULL
8256	sacola presente		15.00	Geral	50678300148	1.000	NULL
8257	SACOLA PRESENTE		7.00	Geral	602883878327	1.000	NULL
8258	sacola presente media		10.00	Geral	7898961048161	1.000	NULL
8259	SACOLA PRESENTE MEDIA NOVA		15.00	Geral	NULL	1.000	NULL
8260	sacola presente Medio		12.00	Geral	6930202411127	1.000	NULL
8261	SACOLA PRESENTE medio		12.00	Geral	7898505928423	1.000	NULL
8262	SACOLA PRESENTE medio		12.00	Geral	736532402189	1.000	NULL
8263	SACOLA PRESENTE Medio		12.00	Geral	602883877542	1.000	NULL
8264	SACOLA SURPRESA		2.00	Geral	7898422004187	1.000	NULL
8265	sacola ursinho  coração ursinho		7.00	Geral	7801000021452	1.000	NULL
8266	sacola verde 42x53   500x1 pct		78.00	PLASTICOS	7896239992291	1.000	NULL
8267	sacola verde 48x58 500x1		85.00	PLASTICOS	7896239992307	1.000	NULL
8268	SACOLAO		2.00	Geral	NULL	1.000	NULL
8269	SACOLAS AVULSA		1.00	Geral	NULL	1.000	NULL
8270	SACOLAS DA LOJA G		2.00	Geral	NULL	1.000	NULL
8271	SACOLAS GRANDES BRANCA		1.00	Geral	NULL	1.000	NULL
8272	SACOLETE		20.00	Geral	NULL	1.000	NULL
8273	SACOS GIGANTES SOLTO		2.00	Geral	NULL	1.000	NULL
8274	SACOS PARA LIXO MAGOPLAS 30L 5 UNID		3.00	UTILIDADES	7898947702032	1.000	NULL
8275	sado de p		5.00	Geral	NULL	1.000	NULL
8276	SAIA DE MESA FROZEN		15.00	Geral	789009009992	1.000	NULL
8277	SALADEIRA ACRILICA		4.50	Geral	7898560360039	1.000	NULL
8278	saladeira acrilico delta  util		40.00	Geral	7896743803205	1.000	NULL
8279	saladeira ensaladera		13.00	Geral	NULL	1.000	NULL
8280	SALADEIRA GOURMET ACRILIC		37.00	UTILIDADES	7898025470501	1.000	NULL
8281	SALADEIRA MARINEX REDONDA		23.00	VIDROS	7894993987102	1.000	NULL
8282	saladeira redonda c tanpa		10.00	Geral	7897698204352	1.000	NULL
8283	SALEIRO   DE MESA		2.00	Geral	7896743801508	1.000	NULL
8284	saleiro  plastico richioto		5.00	Geral	7898121654447	1.000	NULL
8285	SALEIRO 500ML		9.00	COZINHA	7897698237657	1.000	NULL
8286	SALEIRO DE MESA		2.50	Geral	7898264716293	1.000	NULL
8287	SALEIRO DE MESA ALTO PRETO		4.00	Geral	NULL	1.000	NULL
8288	SALEIRO DE PAREDE ERCA PLAST		6.00	UTILIDADES	7898264711694	1.000	NULL
8289	SALEIRO DE PAREDE ERCA PLAST		10.00	COZINHA	7898502711622	1.000	NULL
8290	saleiro de plastico liso		5.00	Geral	7899599529848	1.000	NULL
8291	SALEIRO VERMELHO 1KG BPA FREE		4.00	PLASTICOS	7899335410775	1.000	NULL
8292	SALEIROO TRANSPARENTE PLASDURAN		7.50	Geral	7897659650105	1.000	NULL
8293	SALINHA JUDY HOME		30.00	BRINQUEDOS	7898631550512	1.000	NULL
8294	SALIRO REF.6627  INPLAST		5.00	PLASTICOS	7897649766274	1.000	NULL
8295	sanalia femnina		20.00	Geral	NULL	1.000	NULL
8296	sandalia		30.00	Geral	NULL	1.000	NULL
8297	sandalia		25.00	Geral	NULL	1.000	NULL
8298	sandalia femenina		20.00	Geral	NULL	1.000	NULL
8299	sandalia femenina branca		20.00	Geral	NULL	1.000	NULL
8300	SANDALIA FEMENINA DO URSO		20.00	Geral	NULL	1.000	NULL
8301	sandalia femenina havaianas		25.00	Geral	NULL	1.000	NULL
8302	sandalia feminina		25.00	Geral	NULL	1.000	NULL
8303	sandalia grenda preta		35.00	Geral	7900204609319	1.000	NULL
8304	sandalia havaianas femenina		25.00	Geral	NULL	1.000	NULL
8305	sandalia infantil		20.00	Geral	NULL	1.000	NULL
8306	sandalia ipanema		35.00	Geral	NULL	1.000	NULL
8307	SANDALIA MACULINA		30.00	Geral	NULL	1.000	NULL
8308	sandalia maculina		40.00	Geral	NULL	1.000	NULL
8309	sandalia maculina infantil		20.00	Geral	NULL	1.000	NULL
8310	sandalia masculina		30.00	Geral	NULL	1.000	NULL
8311	sandalia masculina		40.00	Geral	NULL	1.000	NULL
8312	sandalia masculina		25.00	Geral	NULL	1.000	NULL
8313	sandalia masculina		20.00	Geral	NULL	1.000	NULL
8314	sandalia masculina		40.00	Geral	NULL	1.000	NULL
8315	sandalia promoçao		12.00	Geral	NULL	1.000	NULL
8316	SANDALIA PVC BOXING		30.00	Geral	7890152060624	1.000	NULL
8317	SANDALIA RIDER STREET OLE PTO/BCO/LARANJA (24577) 37/38$		30.00	Geral	7891261201229	1.000	NULL
8318	SANDALIA RIDER STREET OLE PTO/BCO/LARANJA (24577) 39/40$		30.00	Geral	7891261201236	1.000	NULL
8319	SANDALIA RIDER STREET OLE PTO/BCO/LARANJA (24577) 41/42$		30.00	Geral	7891261201250	1.000	NULL
8320	SANDALIA RIDER STREET OLE PTO/BCO/LARANJA (24577) 43/44$		30.00	Geral	7891261201267	1.000	NULL
8321	SANDALIA RIDER STREET OLE PTO/PTO/VERMELHO (2696) 37/38$		30.00	Geral	7909006001802	1.000	NULL
8322	SANDALIA RIDER STREET OLE PTO/PTO/VERMELHO (2696) 39/40$		30.00	Geral	7909006001819	1.000	NULL
8323	SANDALIA RIDER STREET OLE PTO/PTO/VERMELHO (2696) 41/42$		30.00	Geral	7909006001826	1.000	NULL
8324	SANDALIA RIDER STREET OLE PTO/PTO/VERMELHO (2696) 43/44$		30.00	Geral	7909006001895	1.000	NULL
8325	SANDALIA STITCH		20.00	Geral	NULL	1.000	NULL
8326	SANDALIA STITCH		25.00	Geral	NULL	1.000	NULL
8327	SANDUICHEIRA		145.00	Geral	7891356070808	1.000	NULL
8328	SANDUICHEIRA  MULTLASER		130.00	Geral	7899838835471	1.000	NULL
8329	SANDUICHEIRA AMVOX		120.00	Geral	7898649371451	1.000	NULL
8330	SANDUICHEIRA CADENCE ANTIADERENTE   750  W		100.00	Geral	7898700211788	1.000	NULL
8331	SANITARIA COM POTE BRANCA		7.50	Geral	7898912015204	1.000	NULL
8332	santa lola		15.00	CHINELOS	NULL	1.000	NULL
8333	SAPATEIRA  DE PAREDE		25.00	Geral	7898218129308	1.000	NULL
8334	sapateira  pequena nova		75.00	Geral	NULL	1.000	NULL
8335	SAPATEIRA MAIOR  SORTIDA		90.00	Geral	NULL	1.000	NULL
8336	SAPATEIRA MAIOR  SORTIDA		80.00	UTILIDADES	NULL	1.000	NULL
8337	SAPATEIRA PEQUENA		60.00	Geral	NULL	1.000	NULL
8338	sapateria  nova		80.00	Geral	NULL	1.000	NULL
8339	sapatilha		12.00	Geral	NULL	1.000	NULL
8340	sapequinha  boneca		55.00	Geral	7898283854785	1.000	NULL
8341	saquinho		1.50	Geral	NULL	1.000	NULL
8342	SAQUINHO		0.50	Geral	NULL	1.000	NULL
8343	saquinho		3.00	Geral	NULL	1.000	NULL
8344	saquinho		1.00	Geral	NULL	1.000	NULL
8345	SAQUINHO		3.00	Geral	NULL	1.000	NULL
8346	saquinho		0.50	Geral	NULL	1.000	NULL
8347	saquinho		3.00	Geral	NULL	1.000	NULL
8348	saquinho		4.00	Geral	NULL	1.000	NULL
8349	saquinho		1.50	Geral	NULL	1.000	NULL
8350	saquinho		4.00	Geral	NULL	1.000	NULL
8351	saquinho		4.00	Geral	NULL	1.000	NULL
8352	saquinho		3.00	Geral	NULL	1.000	NULL
8353	SAQUINHO		4.00	Geral	NULL	1.000	NULL
8354	SAQUINHO		2.50	Geral	NULL	1.000	NULL
8355	SAQUINHO		2.00	Geral	NULL	1.000	NULL
8356	SAQUINHO		2.00	Geral	NULL	1.000	NULL
8357	SAQUINHO		0.50	Geral	NULL	1.000	NULL
8358	saquinho		2.00	Geral	NULL	1.000	NULL
8359	saquinho		10.00	Geral	NULL	1.000	NULL
8360	saquinho		0.50	Geral	NULL	1.000	NULL
8361	SAQUINHO		2.00	Geral	NULL	1.000	NULL
8362	SAQUINHO		2.00	Geral	NULL	1.000	NULL
8363	SAQUINHO		1.00	Geral	NULL	1.000	NULL
8364	SAQUINHO		2.00	Geral	NULL	1.000	NULL
8365	SAQUINHO		6.00	Geral	NULL	1.000	NULL
8366	SAQUINHO		6.00	Geral	NULL	1.000	NULL
8367	SAQUINHO		2.00	Geral	NULL	1.000	NULL
8368	SAQUINHO		6.00	Geral	NULL	1.000	NULL
8369	SAQUINHO		2.00	Geral	NULL	1.000	NULL
8370	SAQUINHO		6.00	Geral	NULL	1.000	NULL
8371	SAQUINHO		2.00	Geral	NULL	1.000	NULL
8372	SAQUINHO		2.00	Geral	NULL	1.000	NULL
8373	SAQUINHO		1.50	Geral	NULL	1.000	NULL
8374	SAQUINHO		2.00	Geral	NULL	1.000	NULL
8375	SAQUINHO		0.50	Geral	NULL	1.000	NULL
8376	SAQUINHO		2.00	Geral	NULL	1.000	NULL
8377	SAQUINHO		2.00	Geral	NULL	1.000	NULL
8378	saquinho		2.00	Geral	NULL	1.000	NULL
8379	saquinho		2.00	Geral	NULL	1.000	NULL
8380	saquinho		2.00	Geral	NULL	1.000	NULL
8381	saquinho		2.00	Geral	NULL	1.000	NULL
8382	saquinho		2.00	Geral	NULL	1.000	NULL
8383	SAQUINHO		2.00	Geral	NULL	1.000	NULL
8384	saquinho d presente		1.50	PRESENTES	736532401779	1.000	NULL
8385	SAQUINHO DE GELINHO		4.00	Geral	NULL	1.000	NULL
8386	SAQUINHO DE GELINHO 4CMX23		3.00	kitfesta	7898139600078	1.000	NULL
8387	saquinho de presente		4.00	Geral	NULL	1.000	NULL
8388	saquinho de presente		2.00	Geral	NULL	1.000	NULL
8389	saquinho de presente  grande		5.00	Geral	NULL	1.000	NULL
8390	SAQUINHO DE PRESENTE 10X14cm		0.50	PRESENTES	736532401687	1.000	NULL
8391	saquinho geladinho		4.00	Geral	NULL	1.000	NULL
8392	SAQUINHO GELINHO 5CMX23		4.00	kitfesta	7898139600344	1.000	NULL
8393	saquinho grande		5.00	Geral	NULL	1.000	NULL
8394	SAQUINHO PARA PRESENTE 15cm x 22cm		2.50	PRESENTES	736532401410	1.000	NULL
8395	saquinho pequeno aleatorio		1.00	Geral	NULL	1.000	NULL
8396	SAQUINHO PESENTE		3.00	Geral	NULL	1.000	NULL
8397	SAQUINHO PRA PRESENTE		4.00	Geral	NULL	1.000	NULL
8398	SAQUINHO PRA PRESENTE,		3.00	Geral	NULL	1.000	NULL
8399	SAQUINHO PRESENTE		5.00	Geral	NULL	1.000	NULL
8400	saquinho presente		3.00	Geral	NULL	1.000	NULL
8401	SAQUINHO PRESENTE		2.00	Geral	NULL	1.000	NULL
8402	saquinho presente		4.00	Geral	NULL	1.000	NULL
8403	SAQUINHO TRANSPARENTE		0.80	Geral	NULL	1.000	NULL
8404	SAQUINHO TRANSPARENTE		0.50	Geral	7899613390362	1.000	NULL
8405	SAQUINHO TRANSPARENTE		5.00	Geral	NULL	1.000	NULL
8406	SAQUINHO TRANSPARENTE 12X12		0.30	Geral	7899363199475	1.000	NULL
8407	saquinho transparente medio		3.00	Geral	NULL	1.000	NULL
8408	SAQUINHO XUXINHA		3.00	Geral	NULL	1.000	NULL
8409	SECA SALADA 4,5L SORTIDO		50.00	UTILIDADES	7896849420160	1.000	NULL
8410	SECA TALHER NITRON COLORS		10.00	Geral	7896779624140	1.000	NULL
8411	SECA TALHERES NITRON BRANCO		10.00	UTILIDADES	7896779622474	1.000	NULL
8412	SECA TALHERES NITRON PRETO		10.00	UTILIDADES	7896779624126	1.000	NULL
8413	SECADOR DE CABELOS 127V MONDIAL		150.00	Geral	7899882304732	1.000	NULL
8414	secador malory		50.00	Geral	7896443131943	1.000	NULL
8415	SEIXOS PEDRA BRANCA TERRA GARDEN		5.00	Geral	609963461752	1.000	NULL
8416	separa ovo daivak		5.00	Geral	7898081191129	1.000	NULL
8417	SHOULDER BAG GRANDE		50.00	MOCHILAS E BOLSAS	7811642003860	1.000	NULL
8418	SKATE DE DEDO		10.00	BRINQUEDOS	7908691401393	1.000	NULL
8419	SKATE DE DEDO		2.00	Geral	7898610101179	1.000	NULL
8420	SKATE DE DEDO		15.00	Geral	7898722009936	1.000	NULL
8421	SKATE DE DEDO PERSONAGENS		10.00	BRINQUEDOS	9448752199	1.000	NULL
8422	SKATE DE DEDO SOLTO		10.00	Geral	NULL	1.000	NULL
8423	skate samba		15.00	Geral	7898631554923	1.000	NULL
8424	SLIME CRYSTAL MUD		20.00	Geral	NULL	1.000	NULL
8425	SLIME DRAGON BALL		16.00	Geral	NULL	1.000	NULL
8426	SLIME DRAGON BALL		15.00	Geral	NULL	1.000	NULL
8427	SLIME MARIO		18.00	Geral	NULL	1.000	NULL
8428	slime patrulhas canina		15.00	Geral	NULL	1.000	NULL
8429	SLIME POKEMON		18.00	Geral	NULL	1.000	NULL
8430	SLIME PUXA PUXA GLITTER		10.00	BRINQUEDOS	7898964527052	1.000	NULL
8431	SMART MULTIUSO		7.50	Geral	7898929403025	1.000	NULL
8432	SMILE		15.00	Geral	7890209801798	1.000	NULL
8433	SMILE  UNICORNIO		10.00	Geral	7898964527007	1.000	NULL
8434	smile boneca		20.00	Geral	7908691411347	1.000	NULL
8435	SMILE TIME  PATRULHA CANINA		18.00	BRINQUEDOS	7908339906228	1.000	NULL
8436	sombinha póa		35.00	Geral	NULL	1.000	NULL
8437	sombinhas preta		35.00	Geral	NULL	1.000	NULL
8438	SOMBRINHA		35.00	Geral	7899522479431	1.000	NULL
8439	SOMBRINHA  INFANTIL		25.00	Geral	NULL	1.000	NULL
8440	SOMBRINHA  PRETA		40.00	Geral	NULL	1.000	NULL
8441	sombrinha adulto fem		20.00	Geral	NULL	1.000	NULL
8442	SOMBRINHA BOLINHA		40.00	Geral	6926886013078	1.000	NULL
8443	sombrinha bolinha  poá		35.00	Geral	6926886013085	1.000	NULL
8444	SOMBRINHA BOLINHAS		35.00	Geral	7896543200327	1.000	NULL
8445	SOMBRINHA COLORIDA		40.00	Geral	8720206010239	1.000	NULL
8446	SOMBRINHA COLORIDA DE BOLINHAS		35.00	Geral	6978258763982	1.000	NULL
8447	SOMBRINHA COLORIDA PEQ		30.00	Geral	6970959322512	1.000	NULL
8448	SOMBRINHA COLORIDA TEXTURA		40.00	Geral	8720206510234	1.000	NULL
8449	sombrinha de 20		20.00	Geral	NULL	1.000	NULL
8450	SOMBRINHA DE BOLINHAS		35.00	Geral	7899522477185	1.000	NULL
8451	SOMBRINHA DE BOLINHAS		40.00	Geral	6978258763753	1.000	NULL
8452	SOMBRINHA DE BOLINHAS AZUL		35.00	Geral	7891055105696	1.000	NULL
8453	SOMBRINHA DE BOLINHAS ET-ONE		40.00	UTILIDADES	7896543200297	1.000	NULL
8454	SOMBRINHA DE BOLINHAS PRETA		35.00	Geral	7891055106631	1.000	NULL
8455	SOMBRINHA ESTAMPA		40.00	Geral	7897373145062	1.000	NULL
8456	SOMBRINHA FEMININA		40.00	Geral	8720206110236	1.000	NULL
8457	SOMBRINHA GRANDE COLORIDA		40.00	Geral	8720206110229	1.000	NULL
8458	SOMBRINHA GRANDE COLORIDA BOLINHAS		40.00	Geral	8720206110250	1.000	NULL
8459	SOMBRINHA GRANDE PRETA		40.00	Geral	8720206510203	1.000	NULL
8460	SOMBRINHA HAIFUDA 1071T		40.00	Geral	8720206110717	1.000	NULL
8461	sombrinha infantil		25.00	Geral	7908593503911	1.000	NULL
8462	sombrinha infantil		25.00	Geral	7896543201058	1.000	NULL
8463	sombrinha infantil		25.00	Geral	7896543201065	1.000	NULL
8464	sombrinha infantil masculino azul,verde,preto		25.00	Geral	7899780960207	1.000	NULL
8465	sombrinha infantil rosa		25.00	Geral	7891295586415	1.000	NULL
8466	SOMBRINHA INFANTIL ROSA		25.00	Geral	7899522476188	1.000	NULL
8467	SOMBRINHA LISTRADA GRANDE		40.00	Geral	8720206010185	1.000	NULL
8468	sombrinha nova		20.00	Geral	NULL	1.000	NULL
8469	SOMBRINHA PEQUENA SORTIDA		17.00	Geral	7891295586392	1.000	NULL
8470	SOMBRINHA PETRIN		17.50	UTILIDADES	7898731518238	1.000	NULL
8471	sombrinha poa		35.00	Geral	7865188605699	1.000	NULL
8472	SOMBRINHA PRETA		38.00	Geral	8720206210158	1.000	NULL
8473	SOMBRINHA PRETA		35.00	Geral	7865188616619	1.000	NULL
8474	SOMBRINHA PRETA		35.00	Geral	7891055106617	1.000	NULL
8475	SOMBRINHA PRETA		35.00	Geral	7865188606610	1.000	NULL
8476	SOMBRINHA PRETA		35.00	Geral	8720206110205	1.000	NULL
8477	SOMBRINHA PRETA		35.00	Geral	7896543201706	1.000	NULL
8478	sombrinha preta		35.00	Geral	7892023090259	1.000	NULL
8479	SOMBRINHA PRETA		35.00	Geral	6926886013092	1.000	NULL
8480	sombrinha preta  blindage		35.00	Geral	6978258763951	1.000	NULL
8481	sombrinha preta blindage		35.00	Geral	NULL	1.000	NULL
8482	SOMBRINHA PRETA ET-ONE		40.00	UTILIDADES	7896543401700	1.000	NULL
8483	SOMBRINHA PRETA PEQUENA		17.00	Geral	7891295586408	1.000	NULL
8484	SOMBRINHA ROSAS		40.00	Geral	8720206210714	1.000	NULL
8485	SOMBRINHA TERMICA		20.00	Geral	7865188605651	1.000	NULL
8486	SPEED BUS		30.00	BRINQUEDOS	7897063707358	1.000	NULL
8487	SPORTS CAR MCCQUEEN		50.00	Geral	NULL	1.000	NULL
8488	SPORTS CAR RELÂMPAGO MCQUEEN		50.00	BRINQUEDOS	NULL	1.000	NULL
8489	SPORTS CARS   RELAMPAGO MAQUEW		50.00	Geral	NULL	1.000	NULL
8490	SPRAY DE CABELO AZUL		15.00	Geral	7898233930385	1.000	NULL
8491	SPRAY DE TINTA AMARELA		15.00	UTILIDADES	7898233930408	1.000	NULL
8492	SPRAY DE TINTA BRANCA P/ CABELO		15.00	FESTA	7898233930422	1.000	NULL
8493	SPRAY DE TINTA DOURADA		15.00	UTILIDADES	7898233930446	1.000	NULL
8494	SPRAY DE TINTA P/ CABELO COR: PRATA		15.00	FESTA	7898233930453	1.000	NULL
8495	SPRAY DE TINTA P/ CABELO PRETO TINTA DA ALEGRIA		15.00	FESTA	7898233931009	1.000	NULL
8496	SPRAY LARANJA		15.00	Geral	7899674042538	1.000	NULL
8497	SPRAY TINTA COLORIDA MY PARTY AMARELA		15.00	UTILIDADES	7898567704164	1.000	NULL
8498	SPRAY TINTA COLORIDA MY PARTY VERDE		20.00	UTILIDADES	7898567704157	1.000	NULL
8499	SPRAY TINTA PARA CABELO LARANJA		15.00	Geral	7898233930392	1.000	NULL
8500	SPRAY VERMELHO		10.00	Geral	7899674042521	1.000	NULL
8501	SQUATE		10.00	Geral	NULL	1.000	NULL
8502	SQUEESE DINOSAUROS 450 ML		7.00	Geral	7897659657814	1.000	NULL
8503	squeeze   de 2 litros colors		20.00	UTILIDADES	7898143684446	1.000	NULL
8504	squeeze  costelaçao  700 ml		20.00	Geral	7897659692099	1.000	NULL
8505	squeeze  pet force 680 ml		15.00	Geral	7897659677898	1.000	NULL
8506	SQUEEZE 800ML		20.00	UTILIDADES	7898505928928	1.000	NULL
8507	SQUEEZE AUTOMATICO 700 ML CORINTHIANS		15.00	UTILIDADES	7898919013920	1.000	NULL
8508	SQUEEZE AUTOMATICO 700ML PALMEIRAS		15.00	UTILIDADES	7898919013913	1.000	NULL
8509	SQUEEZE AUTOMATICO 700ML SÃO PAULO		15.00	UTILIDADES	7898919013890	1.000	NULL
8510	SQUEEZE COLOR 1L		25.00	UTILIDADES	7898143684422	1.000	NULL
8511	squeeze costelaçao 750 ml		15.00	Geral	7897659642766	1.000	NULL
8512	SQUEEZE DECORADA PLASDURAN 700 ML		14.00	Geral	7896908215065	1.000	NULL
8513	SQUEEZE DISNEY PLASDURAN 700 ML		20.00	Geral	7897659674996	1.000	NULL
8514	SQUEEZE DROOPS COR TRANSL 750ML TAMPA C/ALCA		20.00	Geral	7897698270258	1.000	NULL
8515	SQUEEZE FRASES PET 700ML		20.00	Geral	7897659685527	1.000	NULL
8516	SQUEEZE INF 350ML - FABULAS		10.00	Geral	7897698270333	1.000	NULL
8517	SQUEEZE ISLAND COR TRANSL.1L TAMPA C/ALÇA		20.00	COZINHA	7897698270098	1.000	NULL
8518	SQUEEZE MOOVE CLEAR PLASTICO 800ML		20.00	UTILIDADES	7908169010607	1.000	NULL
8519	SQUEEZE NEON HOMEFLEX 600ML		12.00	UTILIDADES	7899869500867	1.000	NULL
8520	SQUEEZE PET		19.99	Geral	7897659698893	1.000	NULL
8521	SQUEEZE PET ANIMAIS 700ML		20.00	Geral	7897659672510	1.000	NULL
8522	SQUEEZE PET BATMAN 700ML		20.00	Geral	7897659677935	1.000	NULL
8523	SQUEEZE PET CONCEPT 700ML		20.00	Geral	7897659672244	1.000	NULL
8524	SQUEEZE PET MINNIE MOUSE 700ML		20.00	Geral	7897659664935	1.000	NULL
8525	SQUEEZE PET PAISES 700ML		20.00	Geral	7897659668063	1.000	NULL
8526	SQUEEZE PET ROCCI 700 ML		12.00	PLASTICOS	7897659680102	1.000	NULL
8527	SQUEEZE PET SLEEVE		16.50	UTILIDADES	7897659652505	1.000	NULL
8528	SQUEEZE PET SPIDERMAN 700ML		20.00	Geral	7897659635782	1.000	NULL
8529	SQUEEZE PET SUNNY FECHADA 900ML		8.00	Geral	7897659646665	1.000	NULL
8530	SQUEEZE PET SUNNY FUME 900ML		8.00	Geral	7897659664058	1.000	NULL
8531	SQUEEZE PET SUNNY TRANSLUCIDA 900ML		8.00	Geral	7897659647761	1.000	NULL
8532	SQUEEZE PET SUNNY TRANSLUCIDO 900ML		8.00	Geral	7897659662146	1.000	NULL
8533	SQUEEZE PET UNICORNIO 700ML		20.00	Geral	7897659672497	1.000	NULL
8534	squeeze plasduran 600 ml		8.50	Geral	7897659678864	1.000	NULL
8535	SQUEEZE PRINCESAS PT 700ML		20.00	Geral	7897659671582	1.000	NULL
8536	SQUEEZE SLEEVE BATMAN 250ML		8.50	UTILIDADES	7897659606317	1.000	NULL
8537	SQUEEZE SLEEVE CIRCO 450 ML		7.00	UTILIDADES	7897659656220	1.000	NULL
8538	SQUEEZE SLEEVE FROZEN 250 ML		8.50	UTILIDADES	7897659698299	1.000	NULL
8539	SQUEEZE SLEEVE MARVEL COMICS		7.00	UTILIDADES	7897659612547	1.000	NULL
8540	SQUEEZE SLEEVE MINNIE MOUSE 450ML		8.00	UTILIDADES	7897659676259	1.000	NULL
8541	SQUEEZE SLEEVE PRINCESAS 450ML		10.00	Geral	7897659676297	1.000	NULL
8542	SQUEEZE SLEEVE SPIDERMAN 250 ML		8.50	UTILIDADES	7897659620993	1.000	NULL
8543	SQUEEZE SLIM 1L MB		20.00	Geral	7897698270395	1.000	NULL
8544	SQUEEZE SPORT AZUL ESCURO		14.00	Geral	7896908215256	1.000	NULL
8545	SQUEEZE SPORT BOB CARAS		20.00	UTILIDADES	7896908211463	1.000	NULL
8546	SQUEEZE SPORT GARRY WORRY		20.00	UTILIDADES	7896908210787	1.000	NULL
8547	SQUEEZE SPORT PATRICK DAY 500ML		15.00	UTILIDADES	7896908258215	1.000	NULL
8548	SQUEEZE SPORT TIFANI 750 ML		14.00	UTILIDADES	7896908214051	1.000	NULL
8549	squeeze stite 550 ml acrilico		20.00	ESCOLAR	7897659635898	1.000	NULL
8550	SQUESE VERDE NEON  600 ML		6.00	Geral	7898659742708	1.000	NULL
8551	SQUEZE AMARELO  NEON 600 ML		6.00	Geral	7898659742951	1.000	NULL
8552	squeze colors 600 ml		15.00	ESCOLAR	NULL	1.000	NULL
8553	squezze colors  600 ml		15.00	Geral	7897659688689	1.000	NULL
8554	STAROFFICE GRAMPEADOR METAL (A945) 20F 11,5CMREF5585$		20.00	ESCOLAR	7897476615585	1.000	NULL
8555	STARSCHOOL CADERNO 1/4 CD ESP. 80F GAME 5X1 R3198$		10.90	Geral	7894494731983	1.000	NULL
8556	STARSCHOOL CADERNO 1/4 CD ESP. 80F GRADIENTE 5X1 REF= 3194$		10.90	Geral	7894494731945	1.000	NULL
8557	STARSCHOOL CADERNO 1/4 CDESP. 80F DREAMS 5X1 REF=1508$		10.90	Geral	7894494715082	1.000	NULL
8558	STARSCHOOL CADERNO 1/4 ESP. FROZEN CD 80FLS 5X1 R218$		10.90	Geral	7894494702181	1.000	NULL
8559	stick note  pequeno		5.00	Geral	NULL	1.000	NULL
8560	STICK NOTE POST-IT COLOR GRANDE		8.00	PAPELARIA	7880011065082	1.000	NULL
8561	STRASS  DE UNHA		15.00	Geral	NULL	1.000	NULL
8562	SUB EXTRATO PARA ORQUÍDEA		16.00	JARDINAGEM	7896400300047	1.000	NULL
8563	SUBSTRATO P/ CACTUS E SUCULENTAS		6.00	JARDINAGEM	7898400000934	1.000	NULL
8564	substrato para cactos e suculentas		16.00	Geral	7896400301204	1.000	NULL
8565	SUBSTRATO PARA ROSA DO DESERTO		15.00	JARDINAGEM	7896400300290	1.000	NULL
8566	SULFITE  100 FOLHAS   ULTRA PAPER		10.00	Geral	7898927471156	1.000	NULL
8567	SULFITE CHAMEQUINHO 100 FOLHAS		10.00	PAPELARIA	7891173021793	1.000	NULL
8568	SULFITE SOLTA		0.50	Geral	NULL	1.000	NULL
8569	SUP. P/ BOTIJAO DE GAS *PLASTICO-C		3.00	Geral	7898378692490	1.000	NULL
8570	SUP.P/BOTIJAO DE METAL.		13.00	UTILIDADES	7898315820016	1.000	NULL
8571	SUPER  CAMARO		50.00	Geral	5007000064617	1.000	NULL
8572	SUPER  FROTINHA		20.00	BRINQUEDOS	7898096081521	1.000	NULL
8573	SUPER ARREGADOR HI-TURBO T-925 3.8A		15.00	ELETRÔNICOS E ACESSÓRIOS	7894961184854	1.000	NULL
8574	SUPER BUBBLE 50ML		3.50	BRINQUEDOS	7898258550414	1.000	NULL
8575	SUPER DINOSAURS GODZILLA		50.00	BRINQUEDOS	7899632523345	1.000	NULL
8576	SUPER FOÃO GRD SAYURI		15.00	BRINQUEDOS	7898970558484	1.000	NULL
8577	SUPER FROTA BOIADEIRO		45.00	Geral	7898096081385	1.000	NULL
8578	SUPER FROTA BOMBEIRO		50.00	Geral	7898096081460	1.000	NULL
8579	SUPER KIT COZINHA - GELADEIRA		17.00	Geral	7898970558507	1.000	NULL
8580	SUPER PÁ ALKLIN		12.00	UTILIDADES	7897750781685	1.000	NULL
8581	SUPER TRITURADOR DE ALHO		5.00	UTILIDADES	7897649766908	1.000	NULL
8582	suporte  a		7.00	Geral	NULL	1.000	NULL
8583	suporte  a reforçado  2 d		9.00	JARDINAGEM	NULL	1.000	NULL
8584	suporte  a reforçado 3d		12.00	JARDINAGEM	NULL	1.000	NULL
8585	SUPORTE  CHILICADO CAFÉ MP		19.99	Geral	7898463543324	1.000	NULL
8586	SUPORTE  PARA AUTOMÓVEIS		30.00	Geral	7892023030200	1.000	NULL
8587	SUPORTE  UNIVERSAL   DE CELULAR  IN 12535		30.00	Geral	7893095545296	1.000	NULL
8588	SUPORTE  UNIVERSAL  PARA CELULART  LE  013		30.00	Geral	7898605607815	1.000	NULL
8589	SUPORTE  VEICULAR		30.00	Geral	7908153832628	1.000	NULL
8590	suporte a  reforçado  1 d		7.00	Geral	NULL	1.000	NULL
8591	suporte a g		9.00	Geral	NULL	1.000	NULL
8592	SUPORTE BASE DE FILTRO		28.00	Geral	7898111670051	1.000	NULL
8593	SUPORTE BRANCO BOTIJÃO		8.50	Geral	7896779600137	1.000	NULL
8594	SUPORTE CANTONEIRA DE BANHEIRO		17.00	UTILIDADES	7908439804028	1.000	NULL
8595	SUPORTE DE AGUA SIMPLES PLASTICO		30.00	UTILIDADES	7898932051015	1.000	NULL
8596	SUPORTE DE BOTIJÃO		4.00	UTILIDADES	7899335404293	1.000	NULL
8597	SUPORTE DE BOTIJÃO PRETO		4.00	UTILIDADES	7893736292152	1.000	NULL
8598	suporte de café		4.00	Geral	7898965257064	1.000	NULL
8599	SUPORTE DE CELULAR P/MOTO		30.00	Geral	NULL	1.000	NULL
8600	suporte de tv		14.00	Geral	NULL	1.000	NULL
8601	suporte de varão		5.00	Geral	7899677207927	1.000	NULL
8602	SUPORTE DE VARÃO MÉDIO MARFIM		6.00	UTILIDADES	7898963414353	1.000	NULL
8603	suporte de vaso		4.00	Geral	NULL	1.000	NULL
8604	SUPORTE FIXO PARA TV E MONITORES UTILIMIX		20.00	Geral	7898955345665	1.000	NULL
8605	SUPORTE GALÃO D'ÁGUA		30.00	Geral	NULL	1.000	NULL
8606	SUPORTE GROSSO MOGNO		6.00	Geral	7898963414414	1.000	NULL
8607	SUPORTE MASTER DE AGUA C/CUBA DE BARRO; BRANCO, PRETO.		42.00	UTILIDADES	7898932051695	1.000	NULL
8608	suporte p carro		30.00	Geral	7908125200882	1.000	NULL
8609	SUPORTE P/ BOTIJÃO COLORIDO		7.00	Geral	7897659630626	1.000	NULL
8610	SUPORTE P/ BOTIJÃO DE GÁS		4.00	UTILIDADES	7898961529172	1.000	NULL
8611	SUPORTE P/ GALÃO DE AGUA		24.00	UTILIDADES	7898948728017	1.000	NULL
8612	SUPORTE P/ GALÃO DE AGUA LARANJA		30.00	Geral	NULL	1.000	NULL
8613	suporte p/ varao branco		5.00	Geral	7899677207910	1.000	NULL
8614	SUPORTE P/AUTOMOVEIS		30.00	Geral	7892023030026	1.000	NULL
8615	SUPORTE PRA BALÃO		2.00	Geral	7898610102732	1.000	NULL
8616	suporte pra tv		35.00	Geral	7896601006083	1.000	NULL
8617	SUPORTE SIMPLES MEDIO MOGNO		6.00	UTILIDADES	7898963414360	1.000	NULL
8618	SUPORTE UNIVERSAL P/ CELULAR IT-BLUE LE-039		40.00	UTILIDADES	7908125200851	1.000	NULL
8619	SUPORTE UNIVERSAL P/ MOTO E BICICLETA		40.00	UTILIDADES	7890108011670	1.000	NULL
8620	SUPORTE VEICULAR SPC61		15.00	Geral	7908153837289	1.000	NULL
8621	SUQUEIRA ROSA FLORES		30.00	Geral	NULL	1.000	NULL
8622	suqueira sortida		25.00	UTILIDADES	7896908225040	1.000	NULL
8623	SWEET MISSY MORANGUINHO MAQUIAGEM		29.99	Geral	7908296000601	1.000	NULL
8624	SWEET MISSY SORVETE		29.99	Geral	7908296000557	1.000	NULL
8625	SWEEZE COLORS		20.00	Geral	NULL	1.000	NULL
8626	TÁBUA  AFIADOR  VAPT VUPT		25.00	Geral	7898962802045	1.000	NULL
8627	TÁBUA  DE CARNE CHURASCO		80.00	Geral	NULL	1.000	NULL
8628	tabua bamboo		38.00	CAsa	7896020633501	1.000	NULL
8629	TÁBUA BAMBU CHURRASCO		20.00	UTILIDADES	7898750053178	1.000	NULL
8630	tabua c canaleta 32x20 cm		21.00	COZINHA	7896489401406	1.000	NULL
8631	TABUA CARNE		21.00	Geral	NULL	1.000	NULL
8632	TABUA COLORIDA FRUTAS VERDE		30.00	UTILIDADES	7899441500575	1.000	NULL
8633	tabua d passar		60.00	Geral	NULL	1.000	NULL
8634	tabua de  carne		55.00	Geral	NULL	1.000	NULL
8635	TABUA DE CARNE		25.00	Geral	7899488154182	1.000	NULL
8636	tábua de carne		30.00	COZINHA	7898622000316	1.000	NULL
8637	TÁBUA DE CARNE		25.00	Geral	7908593508473	1.000	NULL
8638	tabua de carne 30 x 14,5 pino madeira		16.00	Geral	7896489400379	1.000	NULL
8639	tábua de carne 30x19cm		21.00	COZINHA	7896489401390	1.000	NULL
8640	tabua de carne 37 x 19 madeira		23.00	Geral	7896489400393	1.000	NULL
8641	TABUA DE CARNE C/ ALÇA PLASTICA 30X30CM		20.00	UTILIDADES	7899605708069	1.000	NULL
8642	TABUA DE CARNE CORTE GOLD		15.00	UTILIDADES	7897698204611	1.000	NULL
8643	TABUA DE CARNE DE CORTE DECORADA		25.00	UTILIDADES	8430422780075	1.000	NULL
8644	TABUA DE CARNE DE MADEIRA 19X40		21.00	COZINHA	7898622000200	1.000	NULL
8645	tabua de carne madeira		20.00	Geral	7896489400386	1.000	NULL
8646	TÁBUA DE CARNE MADEIRA  ALVES  19X40		26.80	Geral	7896849400056	1.000	NULL
8647	TABUA DE CARNE MADEIRA 34X14,5		22.00	Geral	7896489420384	1.000	NULL
8648	TABUA DE CARNE PEQ. FLEXIVEL ALVES		10.00	Geral	7896849405082	1.000	NULL
8649	TABUA DE CARNE PLASTICA AMARELA		24.00	UTILIDADES	7896685260074	1.000	NULL
8650	TÁBUA DE CARNE PLASTUTTI		16.00	COZINHA	7898611890188	1.000	NULL
8651	tábua de corte  carne		15.00	COZINHA	7899335409373	1.000	NULL
8652	TABUA DE CORTE MADEIRA		25.00	Geral	7898505945819	1.000	NULL
8653	TABUA DE CORTE MAXIMO		21.00	UTILIDADES	7898930468877	1.000	NULL
8654	TÁBUA DE CORTE PLÁSTICA		15.00	PLASTICOS	7899335402237	1.000	NULL
8655	TÁBUA DE CORTES DE CARNE ARQPLAST		20.00	COZINHA	7908439800464	1.000	NULL
8656	TABUA DE CORTES PLASTICA RETANGULAR 36,5X23CM		25.00	UTILIDADES	7908345020000	1.000	NULL
8657	tabua de madeira		65.00	Geral	NULL	1.000	NULL
8658	TABUA DE MADEIRA  CARNE EDAL  30X19		23.00	COZINHA	7896489421398	1.000	NULL
8659	TÁBUA DE MADEIRA CARNE		7.50	Geral	7899701842476	1.000	NULL
8660	TABUA DE PASSAR		70.00	UTILIDADES	7898125485238	1.000	NULL
8661	TABUA DE PASSAR ELISA		65.00	UTILIDADES	7898888778547	1.000	NULL
8662	TABUA DE PASSAR FERRO		55.00	UTILIDADES	NULL	1.000	NULL
8663	tabua de passar roupa		60.00	Geral	NULL	1.000	NULL
8664	TABUA E PASSAR		55.00	Geral	NULL	1.000	NULL
8665	TABUA MULTIUSO GRANDE		15.00	UTILIDADES	7896779601813	1.000	NULL
8666	TABUA P/ CARNE		18.00	UTILIDADES	7896849400032	1.000	NULL
8667	TABUA P/ CORTE		15.00	Geral	7897848707511	1.000	NULL
8668	TABUA P/ CORTE 23X37CM		25.00	COZINHA	7899701854691	1.000	NULL
8669	TABUA PARA  CORTE		15.00	Geral	7897698204611	1.000	NULL
8670	TABUA PARA CARNE TRINDADE		15.00	Geral	7897547803507	1.000	NULL
8671	TABUA PARA FRIOS		7.00	Geral	7897983400117	1.000	NULL
8672	TABÚA PLASTICA ALVES		23.00	Geral	7896849409011	1.000	NULL
8673	tabua redonda com canaleta 25 cm madeira		20.00	Geral	7896489401420	1.000	NULL
8674	TABUA SLIM POP PQ		18.00	Geral	7897956101751	1.000	NULL
8675	TABUADA DO ESTUDANTE		2.00	PAPELARIA	7897571918567	1.000	NULL
8676	tabue de carne madeira		30.00	Geral	7896489420391	1.000	NULL
8677	TAÇA		30.00	Geral	7899701830206	1.000	NULL
8678	TAÇA		30.00	Geral	7891155056584	1.000	NULL
8679	TAÇA  ACRILICO		10.00	Geral	7898943567000	1.000	NULL
8680	taça  do palmeiras		35.00	Geral	7898919010660	1.000	NULL
8681	TAÇA  GALANT 250 ML		15.00	VIDROS	7891155000372	1.000	NULL
8682	TAÇA BARONE STEMWARE COPA		16.00	VIDROS	7891155040903	1.000	NULL
8683	TAÇA CHAMPANHE		5.00	Geral	606529296032	1.000	NULL
8684	TAÇA DE ACRILICO DE SOBREMESA		8.00	Geral	7908439802499	1.000	NULL
8685	TAÇA DE VIDRO 180 ML		8.00	Geral	7891155006060	1.000	NULL
8686	taça de vidro nadir		12.00	Geral	7891155008330	1.000	NULL
8687	taça de vidro nardir figueredo		15.00	Geral	7891155022183	1.000	NULL
8688	TAÇA DO SÃO PAULO		35.00	VIDROS	7898919010646	1.000	NULL
8689	TAÇA ESPUMANTE		6.00	Geral	7898919089017	1.000	NULL
8690	TAÇA FLORIPA AMOR DE MÃE - CX PRESENTE		25.00	VIDROS	7899701873395	1.000	NULL
8691	TAÇA IMPERATRIZ STEMWARE COPA		16.00	VIDROS	7891155028369	1.000	NULL
8692	TAÇA P/ SOBREMESA		5.00	Geral	7898280071185	1.000	NULL
8693	TAÇA ROYAL GRAN VINHO AMOR 615ML		18.00	VIDROS	7898919015078	1.000	NULL
8694	taça vidro nadir figueredo grande		18.00	Geral	7891155017264	1.000	NULL
8695	TACHO 9 LITROS UNINJET		5.00	PLASTICOS	7899335402947	1.000	NULL
8696	tacho de parede terra cota		7.00	JARDINAGEM	7898378690533	1.000	NULL
8697	TACHO FRISADO SEM ALÇA 15 LTS ARQPLAST		10.00	UTILIDADES	7908439803694	1.000	NULL
8698	TACHO MEIA   MARRON		5.00	Geral	7898378690458	1.000	NULL
8699	TACHO PRETO 3,3L		7.00	JARDINAGEM	7898378690472	1.000	NULL
8700	TACHO REDONDO 82 LITROS COM ALÇA		80.00	Geral	NULL	1.000	NULL
8701	TACHO RETANGULAR (JARDINEIRA)		10.00	JARDINAGEM	7898378693220	1.000	NULL
8702	TACINHA DOCE ACRILICO		2.50	Geral	7898610102695	1.000	NULL
8703	TACINHA P/ DOCES		2.00	Geral	7898610101254	1.000	NULL
8704	TACINHA PARA DOCES AZUL C/3 UNID		2.00	Geral	7898610102701	1.000	NULL
8705	TACINHA PARA DOCES VERMELHA		2.00	Geral	7898610102718	1.000	NULL
8706	talão de anotação timbomdom		7.00	Geral	2018008312962	1.000	NULL
8707	talão de pedido		4.80	Geral	7898909580609	1.000	NULL
8708	TALHER  DE MESA 3 UNIDADES MISTO		8.00	COZINHA	7898132161828	1.000	NULL
8709	TALHER  SOLTA		3.00	Geral	NULL	1.000	NULL
8710	TALHER LUNA TAUMER		7.00	Geral	7898132156169	1.000	NULL
8711	talheres soltos		3.00	Geral	NULL	1.000	NULL
8712	TAMBORZINHO		15.00	BRINQUEDOS	7898958261467	1.000	NULL
8713	TAMPA DE VASO		30.00	Geral	NULL	1.000	NULL
8714	TAMPA P/ MICROONDAS		5.00	UTILIDADES	7897649766311	1.000	NULL
8715	TANPA  MAIS POTE TRANSPARENTE DESCARTÁVEL ULTRA PP		9.60	Geral	7898339100941	1.000	NULL
8716	TAPETE		25.00	Geral	NULL	1.000	NULL
8717	TAPETE		15.00	Geral	NULL	1.000	NULL
8718	tapete		55.00	Geral	NULL	1.000	NULL
8719	tapete		15.00	Geral	NULL	1.000	NULL
8720	tapete		15.00	Geral	NULL	1.000	NULL
8721	tapete		25.00	Geral	NULL	1.000	NULL
8722	tapete		28.00	Geral	NULL	1.000	NULL
8723	TAPETE   bem vindo		20.00	Geral	NULL	1.000	NULL
8724	TAPETE  ALASCA		24.00	Geral	7899632303770	1.000	NULL
8725	TAPETE  BOX BANHEIRO		20.00	Geral	7893423366326	1.000	NULL
8726	TAPETE  COLORIDO C FRANJAS		10.00	Geral	7898908678086	1.000	NULL
8727	tapete  com litras de porta		15.00	Geral	NULL	1.000	NULL
8728	tapete  passadeira		20.00	Geral	7898942819452	1.000	NULL
8729	TAPETE APOLO		40.00	Geral	NULL	1.000	NULL
8730	TAPETE APOLO		50.00	Geral	NULL	1.000	NULL
8731	TAPETE APOLO		25.00	CAMA, MESA E BANHO	7899632305347	1.000	NULL
8732	TAPETE APOLO AZUL		27.00	Geral	7899632300946	1.000	NULL
8733	TAPETE APOLO VERMELHO		27.00	Geral	7899632301110	1.000	NULL
8734	TAPETE ARTESANAL LISO KN TAPETES		11.00	CAMA, MESA E BANHO	7898595600322	1.000	NULL
8735	TAPETE AVULSO STAR		7.00	Geral	7898948249420	1.000	NULL
8736	TAPETE AZUL  1M  1.50 M		150.00	Geral	7899632300960	1.000	NULL
8737	tapete banheiro		17.00	Geral	7898555802889	1.000	NULL
8738	TAPETE BEM VINDO		7.00	Geral	NULL	1.000	NULL
8739	tapete bem vindo		27.00	Geral	742832242738	1.000	NULL
8740	TAPETE BEM VINDO		30.00	CAMA, MESA E BANHO	7898673630104	1.000	NULL
8741	TAPETE BEM VINDO		28.00	Geral	7898673630098	1.000	NULL
8742	tapete bem vindo de 10		10.00	Geral	NULL	1.000	NULL
8743	tapete borrachado		15.00	Geral	NULL	1.000	NULL
8744	tapete box  123 util		17.00	UTILIDADES	7899842206731	1.000	NULL
8745	TAPETE BOX  PVC		17.00	BANHEIRO	7898661453418	1.000	NULL
8746	TAPETE BOX COAL		19.99	UTILIDADES	7899958211377	1.000	NULL
8747	TAPETE CAPACHO  BEM VINDO CASY		27.00	Geral	7899866241367	1.000	NULL
8748	TAPETE CARPETE PÉ		22.00	Geral	NULL	1.000	NULL
8749	TAPETE COLEÇÃO APOLO VERMELHO		40.00	Geral	NULL	1.000	NULL
8750	TAPETE COLONIAL  SORTIDO		15.00	COZINHA	NULL	1.000	NULL
8751	tapete colors listrado		32.00	Geral	7898673631170	1.000	NULL
8752	TAPETE COM FRASES		20.00	Geral	NULL	1.000	NULL
8753	tapete de 8		8.00	Geral	NULL	1.000	NULL
8754	TAPETE DE BOX		14.00	Geral	7898505929291	1.000	NULL
8755	TAPETE DE BOX NICOBEM		14.00	NICOBEM	7898673630289	1.000	NULL
8756	tapete de porta sortido		12.00	Geral	NULL	1.000	NULL
8757	TAPETE DE SALA 1,40X 2,00 MT  MOSCOU		150.00	CAMA, MESA E BANHO	7908383933539	1.000	NULL
8758	TAPETE DE SALA DE 180		180.00	Geral	NULL	1.000	NULL
8759	TAPETE DE SISAL  SORTIDO		28.00	Geral	NULL	1.000	NULL
8760	TAPETE DECORADO PQ		6.50	Geral	7898938340236	1.000	NULL
8761	tapete emborrachado		12.00	Geral	NULL	1.000	NULL
8762	tapete fe		10.00	Geral	NULL	1.000	NULL
8763	TAPETE LISTRADO CINZA/PRETO		10.00	Geral	NULL	1.000	NULL
8764	TAPETE MACARRÃO NICOBEM		34.00	BANHEIRO	7898673630111	1.000	NULL
8765	tapete malha mexicano		15.00	Geral	NULL	1.000	NULL
8766	TAPETE MEIA LUA		24.00	Geral	7898673631217	1.000	NULL
8767	TAPETE MULTICOLOR ANTI DERRAPANTE  PJPRATAPETES		13.00	Geral	7897185100440	1.000	NULL
8768	TAPETE NICOBEM		27.00	Geral	7898673630548	1.000	NULL
8769	TAPETE NORMADS   40CMX65 CM		15.00	Geral	NULL	1.000	NULL
8770	TAPETE NYLON  ESTAMPADO   PÉ		12.00	CAMA, MESA E BANHO	7898595600339	1.000	NULL
8771	tapete para banheiro		17.00	Geral	7897990160639	1.000	NULL
8772	TAPETE PARA BANHEIRO		20.00	BANHEIRO	7899658368982	1.000	NULL
8773	TAPETE PARA BANHEIRO BOX		14.00	CAMA, MESA E BANHO	7898518123587	1.000	NULL
8774	TAPETE PARA BOX MAXXIMO		15.00	UTILIDADES	7898930467658	1.000	NULL
8775	TAPETE PARA COLORIR DINO COLORS		60.00	BRINQUEDOS	7898631558167	1.000	NULL
8776	TAPETE PARA COLORIR SEREIA		60.00	BRINQUEDOS	7898631558143	1.000	NULL
8777	TAPETE PARA COLORIR UNIKA		60.00	BRINQUEDOS	7898631558150	1.000	NULL
8778	tapete passadeira mexicano 40cm x 1,42cm		15.00	Geral	7898054630891	1.000	NULL
8779	tapete piso c franja		10.00	Geral	7898903920425	1.000	NULL
8780	TAPETE PVC SQ SÓ QUALIDADE		15.50	UTILIDADES	7899441511014	1.000	NULL
8781	TAPETE SISAL		25.00	Geral	NULL	1.000	NULL
8782	TAPETE SUSI		12.00	Geral	7898054636589	1.000	NULL
8783	TAPETE TIRAS JCM PENTEADO ME		6.00	TAPETES	7898938340229	1.000	NULL
8784	TAPETE TRANÇADO MEXICANO		15.00	TAPETES	7898903920838	1.000	NULL
8785	TAPETE VERDE		14.00	Geral	NULL	1.000	NULL
8786	TAPETE VERMELHO  1 M 1,50  APOLO		130.00	Geral	7899632301134	1.000	NULL
8787	tapetes de 20		20.00	Geral	NULL	1.000	NULL
8788	TAPETES DE SALA  TOPMAX		180.00	Geral	74468050471	1.000	NULL
8789	TAPETES NOMADES SORTIDOS		11.00	Geral	NULL	1.000	NULL
8790	teclado eletronico		65.00	Geral	7899632508526	1.000	NULL
8791	TECLADO LTOMEX		45.00	Geral	8878953017145	1.000	NULL
8792	tekbond		4.00	Geral	7898472255898	1.000	NULL
8793	TEKBOND COLA INSTANTÂNEA 2g		4.00	UTILIDADES	7898904869044	1.000	NULL
8794	TELEFONE AZUL URSO		16.00	BRINQUEDOS	7899605715180	1.000	NULL
8795	telefone infantil musical shock		35.00	Geral	7899605711090	1.000	NULL
8796	telefone musical infantil shock		35.00	Geral	7899605711106	1.000	NULL
8797	TÊMPERA GUACHE COM 6 UNIDADES 15ml CADA		9.00	PAPELARIA	7899014944164	1.000	NULL
8798	TERMÔMETRO DIGITAL LUATEK		15.00	ELETRÔNICOS E ACESSÓRIOS	7892019011428	1.000	NULL
8799	terra  3		4.00	Geral	NULL	1.000	NULL
8800	TERRA 10 KG		8.00	JARDINAGEM	NULL	1.000	NULL
8801	TERRA 3 KILO		4.00	Geral	NULL	1.000	NULL
8802	TERRA 5 KG ANTIGA		7.00	JARDINAGEM	NULL	1.000	NULL
8803	TERRA DE 3  KILO		4.00	Geral	NULL	1.000	NULL
8804	TERRA DE 3KG		4.00	Geral	NULL	1.000	NULL
8805	TERRA DE 5 KILOS		7.00	Geral	NULL	1.000	NULL
8806	TERRA PRETA 5 KG TERRA BRASIL NOVA		5.00	JARDINAGEM	7898910670573	1.000	NULL
8807	terra rosa do deserto 1 k		6.25	Geral	7892474824083	1.000	NULL
8808	TESOURA   3 E MEIO PRA UNHA  AÇO INOX		10.00	Geral	7899653781588	1.000	NULL
8809	tesoura  7 e meio		9.00	Geral	7899751101875	1.000	NULL
8810	TESOURA  BASIC 5 E MEIO		6.00	Geral	7899751101844	1.000	NULL
8811	TESOURA  BLACK E RED  8,5 21 CM CASA  TEM		10.00	Geral	7908486119939	1.000	NULL
8812	TESOURA  ESCOLAR		5.00	Geral	NULL	1.000	NULL
8813	TESOURA  MONDIAL   LARANJA  8 ,5		30.00	Geral	7891060037760	1.000	NULL
8814	TESOURA  MULTIUSO MEDIA		15.00	Geral	7908295300245	1.000	NULL
8815	TESOURA  MUNDIAL 7,5   EASY CUT		20.00	Geral	7891060028928	1.000	NULL
8816	Tesoura  Napoles		25.00	Geral	7896825439735	1.000	NULL
8817	tesoura  original n 8 basic		10.00	Geral	7899751101882	1.000	NULL
8818	tesoura  uso  9,5  sekich		18.00	Geral	7908295300269	1.000	NULL
8819	TESOURA 7 1/2 LINHA COLOR		12.00	UTILIDADES	7899751101936	1.000	NULL
8820	TESOURA 7 1/2 ORIGINAL LINE		9.00	UTILIDADES	7899751101912	1.000	NULL
8821	tesoura articulada		7.00	UTILIDADES	6970307350037	1.000	NULL
8822	TESOURA BARBEIRO 7		6.99	UTILIDADES	7899441505228	1.000	NULL
8823	TESOURA BEBE BJ		7.00	UTILIDADES	7898918826088	1.000	NULL
8824	TESOURA CABELEIREIRO 7		8.00	Geral	7899441524854	1.000	NULL
8825	TESOURA CAERUS VERMELHA		6.00	Geral	NULL	1.000	NULL
8826	TESOURA CURVA		10.00	Geral	7898955079157	1.000	NULL
8827	TESOURA DE FERRO PEQUENA		5.00	Geral	NULL	1.000	NULL
8828	TESOURA DOBRAVEL		5.00	Geral	7899324252362	1.000	NULL
8829	TESOURA ESCOLAR		7.00	PAPELARIA	789123060213	1.000	NULL
8830	TESOURA ESCOLAR		7.00	Geral	7891060785487	1.000	NULL
8831	TESOURA ESCOLAR		6.00	Geral	7897018800103	1.000	NULL
8832	TESOURA ESCOLAR		7.00	ESCOLAR	7897476616377	1.000	NULL
8833	TESOURA ESCOLAR  LEO LEO SORTIDA		6.00	Geral	7897256210016	1.000	NULL
8834	tesoura escolar colors		6.00	ESCOLAR	6986588755010	1.000	NULL
8835	tesoura escolar golller		7.00	ESCOLAR	7897185967319	1.000	NULL
8836	tesoura escolar mundial		7.00	Geral	7891060785487	1.000	NULL
8837	tesoura escolar sortida		7.00	Geral	7892364641257	1.000	NULL
8838	TESOURA GALANTE HUA LI		5.00	Geral	NULL	1.000	NULL
8839	TESOURA GOLLER		7.00	Geral	7897185967333	1.000	NULL
8840	TESOURA GRANDE		8.50	Geral	NULL	1.000	NULL
8841	TESOURA HUA LI		7.00	Geral	NULL	1.000	NULL
8842	TESOURA IT-BLUE		10.00	Geral	NULL	1.000	NULL
8843	TESOURA MEDIA VARIAS CORES		7.50	Geral	NULL	1.000	NULL
8844	TESOURA METAL 7.1/2 - A		15.00	UTILIDADES	7899441500919	1.000	NULL
8845	TESOURA METAL 8		8.50	UTILIDADES	8430208001714	1.000	NULL
8846	TESOURA METAL 9.1/2 - A		11.50	UTILIDADES	7899441505358	1.000	NULL
8847	TESOURA N9		10.00	Geral	7899751101899	1.000	NULL
8848	TESOURA NAIL CLIPPERS SCISSORS		7.00	Geral	NULL	1.000	NULL
8849	TESOURA P/ BEBE ORIGINAL		7.00	UTILIDADES	7899653781595	1.000	NULL
8850	TESOURA PEQUENA CLASSIC		7.00	UTILIDADES	6225480185885	1.000	NULL
8851	tesoura pra sombracelhas ponta reta		8.00	Geral	7898673530589	1.000	NULL
8852	TESOURA PROFISSIONAL P/ MANICURE		10.00	Geral	6952435900995	1.000	NULL
8853	TESOURA RETA 3 1/2 SAFIRA		10.00	UTILIDADES	7899653781564	1.000	NULL
8854	TESOURA RETA RB		10.00	UTILIDADES	7898955079164	1.000	NULL
8855	TESOURA SEKICH DOBRAVEL		10.00	Geral	7908295301532	1.000	NULL
8856	tesoura solto		10.00	Geral	NULL	1.000	NULL
8857	TESOURA WOHOO		7.00	PAPELARIA	6970673700214	1.000	NULL
8858	TIARA ADULTO		7.00	Geral	NULL	1.000	NULL
8859	TIARA BRANCA SIMPLES		3.00	Geral	NULL	1.000	NULL
8860	TIARA CINZA SIMPLES		3.00	Geral	NULL	1.000	NULL
8861	TIARA INFANTIL		7.00	Geral	1130205600008	1.000	NULL
8862	TIARA PRETA SIMPLES		5.00	Geral	NULL	1.000	NULL
8863	TIARA PRETA SIMPLES		3.00	Geral	NULL	1.000	NULL
8864	TIARA ROSA CLARO SIMPLES		3.00	Geral	NULL	1.000	NULL
8865	TIARA SIMPLES		3.00	Geral	NULL	1.000	NULL
8866	TIARA SIMPLES		4.50	Geral	NULL	1.000	NULL
8867	TIARA SIMPLES		3.50	Geral	NULL	1.000	NULL
8868	TIARA VERMELHA SIMPLES		3.00	Geral	NULL	1.000	NULL
8869	TIC TAC		1.00	Geral	NULL	1.000	NULL
8870	TIC TAC G		2.00	Geral	NULL	1.000	NULL
8871	TIC TAC PAR		1.00	Geral	NULL	1.000	NULL
8872	TIGELA BELLA GRANDE 3,1L		30.00	VIDROS	7894993987201	1.000	NULL
8873	TIGELA BELLA PEQUENA 1L		16.00	VIDROS	7894993987003	1.000	NULL
8874	TIGELA BRANCA		12.00	CERAMICAS, PORCELANATO	7897458124579	1.000	NULL
8875	TIGELA C/ TAMPA UNINJET		5.00	UTILIDADES	7899335401438	1.000	NULL
8876	TIGELA CHINESA VRL		12.00	Geral	7898962382226	1.000	NULL
8877	TIGELA DE VIDRO LYOR DIAMOND STAR		20.00	Geral	7899768044066	1.000	NULL
8878	TIGELA DE VIDRO ROSAS		6.00	Geral	NULL	1.000	NULL
8879	TIGELA FRISADA P 178 ML		6.00	Geral	7898962382677	1.000	NULL
8880	TIGELAS DE VIDRO DE SOBREMESA SOLTA		6.00	Geral	NULL	1.000	NULL
8881	tinta  spray   amarela		10.00	Geral	NULL	1.000	NULL
8882	TINTA CORANTE TUPY PRETA		4.50	UTILIDADES	7897568400365	1.000	NULL
8883	TINTA CORANTY AZUL		4.00	Geral	NULL	1.000	NULL
8884	tinta de cabelo		10.00	Geral	NULL	1.000	NULL
8885	TINTA DE ROUPA VERMELHO		4.00	Geral	7897568400150	1.000	NULL
8886	TINTA EM PO PRA ROUPA		4.50	Geral	7898013192170	1.000	NULL
8887	TINTA GUACHE		9.00	UTILIDADES	7891153020310	1.000	NULL
8888	tinta guache		6.00	Geral	NULL	1.000	NULL
8889	TINTA GUACHE 6 CORES		9.00	Geral	7898994101581	1.000	NULL
8890	TINTA GUACHE SOLTA		1.00	Geral	NULL	1.000	NULL
8891	TINTA GUACHE SOLTA		1.50	Geral	NULL	1.000	NULL
8892	TINTA GUACHE SOLTA		2.00	Geral	NULL	1.000	NULL
8893	TINTA GUACHE SOLTA PRETA		1.50	Geral	NULL	1.000	NULL
8894	TINTA GUACHE SOLTA VERDE		1.50	Geral	NULL	1.000	NULL
8895	TINTA GUACHE SOLTA VERMELHA		1.50	Geral	NULL	1.000	NULL
8896	TINTA GUACHE STARSCHOLL		9.00	PAPELARIA	7897464702587	1.000	NULL
8897	TINTA SPRAY		15.00	Geral	7898233930378	1.000	NULL
8898	tinta spray  amarelo  make loko   70 gr		15.00	Geral	7908609015506	1.000	NULL
8899	tinta spray amarela		10.00	Geral	NULL	1.000	NULL
8900	TINTA SPRAY AZUL		10.00	Geral	7898567704188	1.000	NULL
8901	tinta spray azul party		10.00	Geral	NULL	1.000	NULL
8902	tinta spray laranja axe brasil		10.00	Geral	NULL	1.000	NULL
8903	tinta spray rosa axe brasil		10.00	Geral	NULL	1.000	NULL
8904	TINTA SPRAY ROSA DE CABELO		15.00	Geral	7898233930415	1.000	NULL
8905	tinta spray rosa make loko		15.00	kit FESTA	7908609015476	1.000	NULL
8906	TINTA SPRAY ROXA		15.00	Geral	7898233930439	1.000	NULL
8907	tinta spray roxa		15.00	Geral	7899674042552	1.000	NULL
8908	tinta spray roxa make loko		15.00	Geral	7908609015520	1.000	NULL
8909	tinta spray roxa party		10.00	Geral	NULL	1.000	NULL
8910	tinta spray roxo		10.00	Geral	NULL	1.000	NULL
8911	tinta spray sortida		17.00	Geral	7899674018113	1.000	NULL
8912	tinta spray verde make loko		15.00	kit FESTA	7908609015483	1.000	NULL
8913	TINTA SPRAY VERMELHA		15.00	Geral	7898233930262	1.000	NULL
8914	tinta spray vermelha  axe brasil		10.00	Geral	NULL	1.000	NULL
8915	tinta vermelha		10.00	Geral	NULL	1.000	NULL
8916	tinta vermelho spray  make loko		15.00	Geral	7908609015513	1.000	NULL
8917	TINTOL CORANTE TUPY MARINHO		4.00	ESCOLAR	7897568400235	1.000	NULL
8918	tintol PRETO TUPY		4.00	Geral	7897568500362	1.000	NULL
8919	TIRA PELO		25.00	Geral	7908125207065	1.000	NULL
8920	tira pelo		8.00	Geral	7898505928072	1.000	NULL
8921	TIRA PELO		8.00	Geral	NULL	1.000	NULL
8922	tnt		2.50	Geral	NULL	1.000	NULL
8923	tnt 2 mt		8.00	Geral	NULL	1.000	NULL
8924	tnt 5 metros		25.00	Geral	NULL	1.000	NULL
8925	TNT AZUL		5.00	Geral	NULL	1.000	NULL
8926	TNT BEGE		5.00	Geral	NULL	1.000	NULL
8927	TNT DE 1 MT		5.00	Geral	NULL	1.000	NULL
8928	tnt meio metro		2.50	Geral	NULL	1.000	NULL
8929	TNT VERDE		5.00	Geral	NULL	1.000	NULL
8930	TNTN BEGE		4.50	Geral	NULL	1.000	NULL
8931	TOALHA		6.00	Geral	7898026720896	1.000	NULL
8932	TOALHA  BANHO PRETA TUNISA		50.00	Geral	7895090911335	1.000	NULL
8933	toalha  de centro		10.00	Geral	NULL	1.000	NULL
8934	TOALHA  DE MESA FLANELADA 2 MT		40.00	Geral	NULL	1.000	NULL
8935	toalha  de mesa quadriculada		25.00	Geral	NULL	1.000	NULL
8936	toalha  de rosto		6.00	Geral	NULL	1.000	NULL
8937	toalha  lavabo		5.00	Geral	7898026720957	1.000	NULL
8938	TOALHA  LAVABO		6.00	Geral	7896959109313	1.000	NULL
8939	toalha  lavabo		5.00	Geral	7898026720933	1.000	NULL
8940	toalha  rosto  póp lisa		15.00	Geral	7898026723149	1.000	NULL
8941	toalha  social		4.00	Geral	7898026721701	1.000	NULL
8942	TOALHA  SOCIAL  INFANTIL		5.50	Geral	7895090336718	1.000	NULL
8943	toalha  termica   de 4 cadeiras		40.00	Geral	NULL	1.000	NULL
8944	TOALHA 4 MESA  TERMICA		30.00	Geral	7898903920715	1.000	NULL
8945	TOALHA BANHO AMARELA CHARME		50.00	Geral	7898026722579	1.000	NULL
8946	TOALHA BANHO AZUL TUNISA		50.00	Geral	7895090911304	1.000	NULL
8947	toalha banho lepper		36.00	Geral	7891354003631	1.000	NULL
8948	TOALHA CHARME BRANCA		15.00	Geral	7898026725990	1.000	NULL
8949	toalha d mesa redonda tecido		30.00	Geral	NULL	1.000	NULL
8950	TOALHA DE  MESA FLANELADA		35.00	Geral	NULL	1.000	NULL
8951	TOALHA DE  mesa flanelada de 6		40.00	Geral	NULL	1.000	NULL
8952	TOALHA DE  MESA NOVA COMANDA  4 CADEIRAS  1X40X140		24.00	CAMA, MESA E BANHO	NULL	1.000	NULL
8953	TOALHA DE  MICROFIBRA		7.00	Geral	7892307333874	1.000	NULL
8954	toalha de academia		7.00	Geral	7898026721619	1.000	NULL
8955	TOALHA DE BANHO		50.00	Geral	7898026723309	1.000	NULL
8956	toalha de banho		39.00	Geral	7895090446370	1.000	NULL
8957	toalha de banho		45.00	Geral	9098909054041	1.000	NULL
8958	TOALHA DE BANHO		40.00	Geral	NULL	1.000	NULL
8959	TOALHA DE BANHO		40.00	Geral	7895090910277	1.000	NULL
8960	TOALHA DE BANHO   LM PETER		40.00	Geral	7898432809444	1.000	NULL
8961	toalha de banho   siena		45.00	Geral	7898026723224	1.000	NULL
8962	toalha de banho  charme		50.00	CAMA, MESA E BANHO	7898026722548	1.000	NULL
8963	toalha de banho  itamine		25.00	CAMA, MESA E BANHO	7892579012668	1.000	NULL
8964	TOALHA DE BANHO  POP LISA		22.00	Geral	NULL	1.000	NULL
8965	toalha de banho  transfer perola		30.00	CAMA, MESA E BANHO	7892579012460	1.000	NULL
8966	TOALHA DE BANHO  TUNISA 69X1,40CM   BRANCA		50.00	CAMA, MESA E BANHO	7895090911267	1.000	NULL
8967	TOALHA DE BANHO  VALE DAS T		30.00	Geral	7895090808222	1.000	NULL
8968	TOALHA DE BANHO 65X1,35M  CORTEX HOME DESIGNI		36.00	CAMA, MESA E BANHO	7908383936790	1.000	NULL
8969	TOALHA DE BANHO 65X120cm		20.00	CAMA, MESA E BANHO	7899762210467	1.000	NULL
8970	toalha de banho alice		35.00	BANHEIRO	7892579012378	1.000	NULL
8971	TOALHA DE BANHO BOLA SORTIDA		45.00	Geral	NULL	1.000	NULL
8972	TOALHA DE BANHO CARICINHA 60X1,30CM		25.00	Geral	7895090333625	1.000	NULL
8973	TOALHA DE BANHO CLASSIC LISA		23.00	Geral	7898026721985	1.000	NULL
8974	TOALHA DE BANHO DENVER		45.00	CAMA, MESA E BANHO	7898432800670	1.000	NULL
8975	TOALHA DE BANHO GOLDEN		40.00	Geral	NULL	1.000	NULL
8976	TOALHA DE BANHO GOLDEN	*TOALHA DE BANHO BOLA* NA NOTA DO SABINO	50.00	UTILIDADES	9598418145006	1.000	NULL
8977	TOALHA DE BANHO KENIA		30.00	Geral	7895090808208	1.000	NULL
8978	toalha de banho kenia sortida		30.00	CAMA, MESA E BANHO	7895090333380	1.000	NULL
8979	TOALHA DE BANHO KENIA UVA		30.00	Geral	7895090808215	1.000	NULL
8980	toalha de banho lm peter  TRICOT		50.00	CAMA, MESA E BANHO	7898432800632	1.000	NULL
8981	TOALHA DE BANHO NAPOLES		50.00	CAMA, MESA E BANHO	7898026723361	1.000	NULL
8982	TOALHA DE BANHO POP LISA		22.00	Geral	7898026723026	1.000	NULL
8983	TOALHA DE BANHO PÓP LISA		2.50	Geral	NULL	1.000	NULL
8984	TOALHA DE BANHO SIENA		45.00	Geral	7898026722272	1.000	NULL
8985	toalha de banho suprema		50.00	BANHEIRa infantil	7892579012439	1.000	NULL
8986	TOALHA DE BANHO TIMES		35.00	CAMA, MESA E BANHO	7898912704818	1.000	NULL
8987	TOALHA DE BANHO TUNISIA VERDE		50.00	Geral	7895090911311	1.000	NULL
8988	toalha de banho vale das toalhas		40.00	Geral	7895090913544	1.000	NULL
8989	TOALHA DE BANHO VENEZA		25.00	Geral	7895090915609	1.000	NULL
8990	TOALHA DE BANHO VERMELHA TUNISA		50.00	Geral	7895090911298	1.000	NULL
8991	toalha de banho verona		45.00	Geral	7898026721152	1.000	NULL
8992	toalha de boca		2.50	Geral	NULL	1.000	NULL
8993	toalha de boca		2.50	Geral	NULL	1.000	NULL
8994	toalha de boca		2.50	Geral	7898026723897	1.000	NULL
8995	toalha de boca		2.50	Geral	7898026721671	1.000	NULL
8996	TOALHA DE BOCA		2.50	Geral	7898026721657	1.000	NULL
8997	toalha de boca		3.00	Geral	7898026720803	1.000	NULL
8998	toalha de boca		4.00	Geral	7898026700614	1.000	NULL
8999	TOALHA DE BOCA		4.00	Geral	7898026720827	1.000	NULL
9000	toalha de boca  sortida		2.50	Geral	NULL	1.000	NULL
9001	TOALHA DE CHÁ 65X85CM TECIDO		10.00	CAMA, MESA E BANHO	NULL	1.000	NULL
9002	TOALHA DE CHÁ RENDA		8.00	CAMA, MESA E BANHO	7898365210027	1.000	NULL
9003	toalha de cozinha renda		42.00	Geral	7893828200867	1.000	NULL
9004	TOALHA DE GELADEIRA		5.00	Geral	7898575560981	1.000	NULL
9005	toalha de lavabo		5.00	Geral	7898026721107	1.000	NULL
9006	toalha de mesa		35.00	Geral	NULL	1.000	NULL
9007	TOALHA DE MESA		25.00	Geral	7898938340113	1.000	NULL
9008	TOALHA DE MESA   FLANELADA		40.00	Geral	NULL	1.000	NULL
9009	TOALHA DE MESA 1,35X1,35M		7.00	UTILIDADES	7896396108122	1.000	NULL
9010	TOALHA DE MESA 1,40 X 2,00		30.00	Geral	NULL	1.000	NULL
9011	TOALHA DE MESA 1,40X1,40 NOVA COMANDA TEXTIL		24.00	Geral	NULL	1.000	NULL
9012	TOALHA DE MESA 1,40X1,40 NOVA COMANDA TEXTIL		30.00	Geral	NULL	1.000	NULL
9013	TOALHA DE MESA 1,50M PARA 4 CADEIRAS		35.00	Geral	NULL	1.000	NULL
9014	toalha de mesa 2.mx 1,40  quadriculada		25.00	CAMA, MESA E BANHO	NULL	1.000	NULL
9015	TOALHA DE MESA 6 CADEIRA OXFORD		40.00	Geral	7898054631867	1.000	NULL
9016	TOALHA DE MESA 6 CADEIRAS		45.00	Geral	NULL	1.000	NULL
9017	TOALHA DE MESA 6 CADEIRAS TECIDO		30.00	UTILIDADES	7898514300319	1.000	NULL
9018	TOALHA DE MESA 68X68cm NOVA COMANDA TEXTIL		8.00	Geral	NULL	1.000	NULL
9019	toalha de mesa de tecido 4		30.00	Geral	NULL	1.000	NULL
9020	TOALHA DE MESA DEKORAMA ALKO		40.00	Geral	NULL	1.000	NULL
9021	TOALHA DE MESA EM RENDA 1,40X1,40m		24.00	CAMA, MESA E BANHO	7898365210157	1.000	NULL
9022	TOALHA DE MESA FLANELADA		35.00	Geral	NULL	1.000	NULL
9023	TOALHA DE MESA HOMETEXTIL 1,40X2M 6 CADEIRAS		28.00	Geral	NULL	1.000	NULL
9024	TOALHA DE MESA NATAL		30.00	Geral	7898380620276	1.000	NULL
9025	TOALHA DE MESA NATAL 6 CADEIRA TECIDO		36.00	Geral	7898380620559	1.000	NULL
9026	TOALHA DE MESA NATAL KN DE 4 CADEIRAS		30.00	CAMA, MESA E BANHO	7898380620450	1.000	NULL
9027	TOALHA DE MESA PLASTICA 1,40X1,40		27.00	Geral	NULL	1.000	NULL
9028	toalha de mesa plastica 6 cadeiras		40.00	PLASTICOS	7898964135721	1.000	NULL
9029	TOALHA DE MESA PLASTICA REDONDA SOFFICE		40.00	Geral	7898964135905	1.000	NULL
9030	TOALHA DE MESA PROTETORA		20.00	UTILIDADES	7896396108153	1.000	NULL
9031	TOALHA DE MESA QUADRICULADA 6 CADEIRA 2,0X1,40M		25.00	Geral	NULL	1.000	NULL
9032	toalha de mesa redonda		29.00	CAMA, MESA E BANHO	7898380620719	1.000	NULL
9033	TOALHA DE MESA SOFFICE		27.00	Geral	7898964135714	1.000	NULL
9034	TOALHA DE MESA SOFFICE 1,40x1,40		35.00	Geral	NULL	1.000	NULL
9035	TOALHA DE MESA TECIDO OXFORD 1,40X1,40		35.00	CAMA, MESA E BANHO	7898054631874	1.000	NULL
9036	TOALHA DE MESA TECIDO SABI 4 CADEIRAS		30.00	UTILIDADES	40232801013	1.000	NULL
9037	toalha de mesa termica  embalagem		45.00	Geral	NULL	1.000	NULL
9038	toalha de msa flanelada  4 cadeiras		35.00	Geral	NULL	1.000	NULL
9039	TOALHA DE PAPEL MULTIUSO KLASS		6.00	Geral	7896914002970	1.000	NULL
9040	toalha de prato		4.50	Geral	NULL	1.000	NULL
9041	toalha de rosto		4.00	Geral	NULL	1.000	NULL
9042	TOALHA DE ROSTO		4.00	Geral	7898026720063	1.000	NULL
9043	TOALHA DE ROSTO LUXO		20.00	Geral	7898026722692	1.000	NULL
9044	TOALHA DE ROSTO		10.00	Geral	7898926052103	1.000	NULL
9045	TOALHA DE ROSTO  ANA		11.00	CAMA, MESA E BANHO	7898926052042	1.000	NULL
9046	toalha de rosto  carincinha		11.00	Geral	7895090914947	1.000	NULL
9047	TOALHA DE ROSTO  CHARME LISA		15.00	CAMA, MESA E BANHO	7898026722456	1.000	NULL
9048	TOALHA DE ROSTO  LISA		15.00	Geral	7898026723187	1.000	NULL
9049	toalha de rosto  splendore		20.00	Geral	7895090809144	1.000	NULL
9050	toalha de rosto aconchego		15.00	Geral	NULL	1.000	NULL
9051	toalha de rosto bege		14.00	Geral	7895090809151	1.000	NULL
9052	toalha de rosto carolina		15.00	Geral	7895090333618	1.000	NULL
9053	toalha de rosto celine		11.00	CAMA, MESA E BANHO	7895090913353	1.000	NULL
9054	toalha de rosto charme liso		15.00	Geral	7898026722432	1.000	NULL
9055	TOALHA DE ROSTO COLOR		13.00	CAMA, MESA E BANHO	7898912702418	1.000	NULL
9056	TOALHA DE ROSTO COLORS		12.00	Geral	7898523258533	1.000	NULL
9057	TOALHA DE ROSTO CORES SORTIDA		6.00	Geral	NULL	1.000	NULL
9058	TOALHA DE ROSTO DE SALÃO PRETA		11.00	CAMA, MESA E BANHO	7892579012736	1.000	NULL
9059	TOALHA DE ROSTO EDIA LAVABO		6.00	CAMA, MESA E BANHO	7898026720902	1.000	NULL
9060	toalha de rosto etamine		15.00	Geral	7892579012484	1.000	NULL
9061	TOALHA DE ROSTO FLEX C/ESTAMPA		6.50	Geral	7898026724047	1.000	NULL
9062	toalha de rosto lisa		15.00	Geral	7898026723132	1.000	NULL
9063	TOALHA DE ROSTO POLYS LISA		15.00	Geral	7898026723170	1.000	NULL
9064	TOALHA DE ROSTO SALÃO CHARME  BRANCA		11.00	Geral	7898695590547	1.000	NULL
9065	TOALHA DE ROSTO SPLENDORE		14.00	Geral	7895090809106	1.000	NULL
9066	toalha de rosto tranfer		10.00	Geral	7892579012422	1.000	NULL
9067	toalha de rosto zafira		10.00	CAMA, MESA E BANHO	7892579012408	1.000	NULL
9068	TOALHA DE RTOSTO   COLORS		12.00	Geral	7898523258557	1.000	NULL
9069	TOALHA DE SALÃO		13.00	Geral	7898026720650	1.000	NULL
9070	TOALHA DE SALÃO CLASSIC		11.00	Geral	NULL	1.000	NULL
9071	TOALHA DE TIME		35.00	Geral	NULL	1.000	NULL
9072	TOALHA FELPUDA DE BANHO POEMA		99.00	Geral	7891354239597	1.000	NULL
9073	TOALHA FITNESS LISA SLIM		6.50	Geral	7898026721633	1.000	NULL
9074	TOALHA FITNESS LISA SLIM BRANCA		7.00	Geral	7898026720995	1.000	NULL
9075	toalha flanelada		40.00	Geral	NULL	1.000	NULL
9076	TOALHA FOGÃO NOVA COMANDA TEXTIL		10.00	Geral	NULL	1.000	NULL
9077	toalha infantil		43.00	Geral	NULL	1.000	NULL
9078	TOALHA LAVABO		6.00	Geral	7896943217147	1.000	NULL
9079	TOALHA LAVABO		6.00	Geral	7898026720858	1.000	NULL
9080	toalha lavabo		6.00	Geral	7898026720841	1.000	NULL
9081	TOALHA LAVABO		6.00	Geral	7898026720872	1.000	NULL
9082	toalha lavabo		6.00	Geral	7898026720919	1.000	NULL
9083	TOALHA LAVABO		5.00	CAMA, MESA E BANHO	7896959109269	1.000	NULL
9084	TOALHA LAVABO CRAYON		6.00	CAMA, MESA E BANHO	7898026721114	1.000	NULL
9085	TOALHA LAVABO INFANTIL MENINA		7.50	CAMA, MESA E BANHO	7898912705815	1.000	NULL
9086	toalha lavabo laranja		6.00	Geral	7898026727383	1.000	NULL
9087	TOALHA LAVABO LISA ROXA		5.00	CAMA, MESA E BANHO	7898907778541	1.000	NULL
9088	TOALHA LAVABO POLISLISA		5.00	CAMA, MESA E BANHO	7898026721404	1.000	NULL
9089	TOALHA LAVABO POLISLISA		5.00	CAMA, MESA E BANHO	7898026723651	1.000	NULL
9090	TOALHA LAVABO POLYS LISA AZUL BEBE		6.00	Geral	7898026723675	1.000	NULL
9091	TOALHA LAVABO POLYS LISA BRANCA		5.00	Geral	7898026723644	1.000	NULL
9092	TOALHA LAVABO PRETA SLIM LISA		6.00	UTILIDADES	7898026720988	1.000	NULL
9093	TOALHA LAVABO SORTIDA		6.00	Geral	NULL	1.000	NULL
9094	toalha lavabo sortida slim lisa		6.00	CAMA, MESA E BANHO	7898026720865	1.000	NULL
9095	TOALHA MARCOTEX		15.00	Geral	7898695594125	1.000	NULL
9096	TOALHA MESA DE 2 MT		40.00	Geral	NULL	1.000	NULL
9097	TOALHA NOVA COMANDA TEXTIL		8.00	Geral	NULL	1.000	NULL
9098	TOALHA OXFORD 70X70CM NATAL		12.00	Geral	7898055463245	1.000	NULL
9099	toalha piso		15.00	Geral	7898026723750	1.000	NULL
9100	TOALHA PISO PÉ  kn		10.00	CAMA, MESA E BANHO	7898903920708	1.000	NULL
9101	toalha piso plus		10.00	Geral	7898026722630	1.000	NULL
9102	TOALHA PISO PLUS COM PUFF		10.00	Geral	7898026722609	1.000	NULL
9103	TOALHA POP LISA		8.00	Geral	7898026721220	1.000	NULL
9104	toalha redonda		29.00	Geral	NULL	1.000	NULL
9105	TOALHA ROSA GRANDE		23.00	Geral	7898026721930	1.000	NULL
9106	TOALHA ROSTO		15.00	Geral	7898026728960	1.000	NULL
9107	TOALHA ROSTO		20.00	Geral	7895090809137	1.000	NULL
9108	TOALHA ROSTO BELA		15.00	CAMA, MESA E BANHO	7898026723415	1.000	NULL
9109	TOALHA ROSTO CHARME LISA		13.00	Geral	7898026722470	1.000	NULL
9110	TOALHA ROSTO CLASSIC LISA		15.00	Geral	7898026721855	1.000	NULL
9111	TOALHA ROSTO SPLENDORE 49X75CM ROSA CLARO		14.00	Geral	7895090809113	1.000	NULL
9112	TOALHA SALÃO  CLASSIC		11.00	Geral	NULL	1.000	NULL
9113	TOALHA SALÃO CHARME RIO		10.00	Geral	NULL	1.000	NULL
9114	TOALHA SALÃO CLASSIC		11.00	Geral	NULL	1.000	NULL
9115	TOALHA SALÃO CLASSIC		11.00	Geral	7898026722678	1.000	NULL
9116	TOALHA SALÃO CLASSIC		13.00	CAMA, MESA E BANHO	7898026722661	1.000	NULL
9117	TOALHA SOCIAL		4.00	Geral	7898026720056	1.000	NULL
9118	toalha social		4.00	Geral	7898026720124	1.000	NULL
9119	TOALHA SOCIAL		4.00	Geral	7898907778534	1.000	NULL
9120	TOALHA SOCIAL C/ FRANJA 36X23CM		2.70	Geral	NULL	1.000	NULL
9121	TOALHA SOCIAL C/FRANJA C/RAYON LISA SLIM AZUL BEBE		2.50	Geral	7898026720087	1.000	NULL
9122	TOALHA SOCIAL C/FRANJA ROSA		2.50	Geral	7898026720049	1.000	NULL
9123	TOALHA SOCIAL NOVA		4.00	BANHEIRO	7898026721046	1.000	NULL
9124	toalha social pq.		3.00	Geral	7898912702043	1.000	NULL
9125	TOALHA SOCIAL SIMPLES LISA LARANJA		2.50	Geral	7898026721725	1.000	NULL
9126	TOALHA SOCIAL SIMPLES LISA ROSA		2.50	Geral	7898026720032	1.000	NULL
9127	TOALHA SOCIAL SIMPLES SLIM LISA		2.50	Geral	7898026700607	1.000	NULL
9128	TOALHA SOCIAL SIMPLES SLIM LISA AMARELA		2.50	Geral	7898026700621	1.000	NULL
9129	TOALHA SOCIAL SIMPLES33,X23		4.00	Geral	NULL	1.000	NULL
9130	TOALHA VERDE PISO PLUS		10.00	Geral	7898026722616	1.000	NULL
9131	TOALHINHA BRANCAPISO PLUS		10.00	Geral	7898026725884	1.000	NULL
9132	toca adulto		25.00	Geral	NULL	1.000	NULL
9133	toca cetim		5.00	Geral	NULL	1.000	NULL
9134	TOCA DE ADULTO		25.00	Geral	NULL	1.000	NULL
9135	toca de cetin		5.00	Geral	NULL	1.000	NULL
9136	toca infantil		20.00	Geral	NULL	1.000	NULL
9137	TOCA INFANTIL		15.00	Geral	NULL	1.000	NULL
9138	toca masculina		25.00	Geral	NULL	1.000	NULL
9139	tolha de boca		2.50	Geral	NULL	1.000	NULL
9140	tolha de boca		2.50	Geral	NULL	1.000	NULL
9141	tolha flanelada 2 mt		40.00	Geral	NULL	1.000	NULL
9142	TOOLS SET C/10PÇS		42.00	BRINQUEDOS	7898578476272	1.000	NULL
9143	TOP HEROIS  ESPADA  E  ESCUDO HULK		30.00	Geral	NULL	1.000	NULL
9144	top robot		15.00	Geral	7908071505147	1.000	NULL
9145	TOPO P/ BOLO PERSONAGENS		5.00	FESTA	7898954470405	1.000	NULL
9146	TORNADO 5D SPEED TOP		35.00	Geral	NULL	1.000	NULL
9147	TORNEIRA DE FILTRO		4.00	Geral	NULL	1.000	NULL
9148	torneira de filtro marron aquafreh		7.00	Geral	7898932051770	1.000	NULL
9149	TORNEIRA FILTRO branca, marron		5.00	UTILIDADES	7898199441284	1.000	NULL
9150	TORNEIRA MARGARIDA POTE 3,600 ML		29.99	Geral	7896908212248	1.000	NULL
9151	TORNEIRA MARROM CROMADA AQUAFRESH		7.00	UTILIDADES	NULL	1.000	NULL
9152	touca  gorro papai noel		10.00	Geral	7898549338042	1.000	NULL
9153	touca  INFANTIL		20.00	Geral	NULL	1.000	NULL
9154	TOUCA 6 PÇS MARILU		5.00	UTILIDADES	7896818207068	1.000	NULL
9155	touca adulto		20.00	Geral	NULL	1.000	NULL
9156	TOUCA ADULTO MASCULINO		25.00	Geral	NULL	1.000	NULL
9157	touca adulto sortida		20.00	Geral	9900919057991	1.000	NULL
9158	touca avulsa descartavel		1.00	Geral	NULL	1.000	NULL
9159	TOUCA BRANCA ADULTO		25.00	Geral	NULL	1.000	NULL
9160	touca cetin		5.00	Geral	NULL	1.000	NULL
9161	TOUCA CINZA ADULTO		25.00	Geral	NULL	1.000	NULL
9162	touca de  lã		15.00	Geral	NULL	1.000	NULL
9163	TOUCA DE BANHO		6.50	Geral	7896396106180	1.000	NULL
9164	TOUCA DE BANHO 1 UNID.		6.00	Geral	7896825440212	1.000	NULL
9165	TOUCA DE BANHO C 3		6.50	Geral	7893595170486	1.000	NULL
9166	TOUCA DE BANHO C/3		5.00	UTILIDADES	7908341601142	1.000	NULL
9167	TOUCA DE BANHO SHOCK COM 3 UNIDADES		5.00	Geral	7899605723215	1.000	NULL
9168	touca de cetim		5.00	Geral	NULL	1.000	NULL
9169	TOUCA DE CETIM/BANHO		10.00	Geral	725765440808	1.000	NULL
9170	touca de frio masc.		20.00	Geral	NULL	1.000	NULL
9171	touca de meia		4.00	Geral	6929882089214	1.000	NULL
9172	TOUCA DE NATAL		8.00	UTILIDADES	7898942077814	1.000	NULL
9173	TOUCA DE NATAL		7.00	Geral	NULL	1.000	NULL
9174	TOUCA DE NATAL		10.00	Geral	NULL	1.000	NULL
9175	touca de rede		4.40	Geral	7896460205955	1.000	NULL
9176	TOUCA DESCARTAVEL		18.00	Geral	7896818207501	1.000	NULL
9177	TOUCA DESCARTAVEL  pacote c 100 unid.		18.00	UTILIDADES	7898964629756	1.000	NULL
9178	TOUCA DESCARTAVEL SOLTA		1.80	Geral	NULL	1.000	NULL
9179	touca do noel		10.00	Geral	7898549338103	1.000	NULL
9180	touca fem.		25.00	Geral	7898505913795	1.000	NULL
9181	TOUCA FEMININA		25.00	Geral	NULL	1.000	NULL
9182	TOUCA INFANTIL		20.00	Geral	NULL	1.000	NULL
9183	touca masculino		20.00	Geral	NULL	1.000	NULL
9184	TOUCA METALIZADA MAXIMO		5.00	Geral	7898930468006	1.000	NULL
9185	TOUCA PRETA		15.00	Geral	NULL	1.000	NULL
9186	TOUCA PRETA		20.00	Geral	NULL	1.000	NULL
9187	touca preta   adulto		20.00	Geral	7899975248158	1.000	NULL
9188	TOUCA TUTI FRUTI CAPRICHOSA		5.60	Geral	7897385000663	1.000	NULL
9189	TOUCA URSINHO STAR		20.00	Geral	NULL	1.000	NULL
9190	TRACTOR  RETROESQUAVADEIRA  AMARELA		30.00	Geral	7898002433055	1.000	NULL
9191	TRANSFERIDOR 180° ACRINIL		3.00	PAPELARIA	7897798501955	1.000	NULL
9192	TRATOR AMARELO PÁ CARREGADEIRA		15.00	BRINQUEDOS	7897063707303	1.000	NULL
9193	TRATOR BS NA SOLAPA		50.00	Geral	7898002435301	1.000	NULL
9194	TRATOR COM BOI		30.00	BRINQUEDOS	7897063708393	1.000	NULL
9195	TRATOR ESTEIRA PLASPOLO		30.00	BRINQUEDOS	7898405300565	1.000	NULL
9196	TRATOR FAZENDA PEQUENO DIVERPLAS		8.00	BRINQUEDOS	7897063706412	1.000	NULL
9197	TRAVA DE SEGURANÇA L&T		5.00	UTILIDADES	7898631224147	1.000	NULL
9198	traveseiro dia das maes		20.00	Geral	NULL	1.000	NULL
9199	travessa de vidro 1040 ml		30.00	Geral	7899488160190	1.000	NULL
9200	TRAVESSA DE VIDRO VITAZZA		30.00	Geral	7898964200146	1.000	NULL
9201	TRAVESSA MARINEX		60.00	Geral	7891155065135	1.000	NULL
9202	TRAVESSA OVAL NITRON 1,25 L		17.00	COZINHA	7896779630615	1.000	NULL
9203	travessa vidro pequena		18.00	Geral	7898505945697	1.000	NULL
9204	TRAVESSEIRO		20.00	Geral	NULL	1.000	NULL
9205	TRAVESSEIRO		25.00	Geral	29830848	1.000	NULL
9206	TRAVESSEIRO  PREMIUM SOFT		50.00	Geral	NULL	1.000	NULL
9207	TRAVESSEIRO  SONHO REAL		25.00	Geral	606529990886	1.000	NULL
9208	travesseiro  sonho real		25.00	UTILIDADES	606529990848	1.000	NULL
9209	TRAVESSEIRO KALINE CONFECÇÕES		25.00	CAMA, MESA E BANHO	7898958498566	1.000	NULL
9210	TRAVESSEIRO KARINA 65X45X12CM 100% POLIESTER		20.00	UTILIDADES	6086946800014	1.000	NULL
9211	TRAVESSEIRO PEQUENO DIAS DAS MAES		20.00	Geral	NULL	1.000	NULL
9212	TRITRURADOR DE ALHO VIDAL		4.99	Geral	7898622351906	1.000	NULL
9213	TRITURADOR		4.00	Geral	7898955345108	1.000	NULL
9214	triturador   de temperos		38.00	Geral	88016002393	1.000	NULL
9215	TRITURADOR CADENCE		90.00	Geral	7898615985255	1.000	NULL
9216	TRITURADOR DE ALHO		4.00	Geral	NULL	1.000	NULL
9217	TRITURADOR DE ALHO		4.50	Geral	7896518391371	1.000	NULL
9218	triturador de alho  plastico vuten		4.50	Geral	7899612201195	1.000	NULL
9219	triturador de alho sortido alho mais		5.00	Geral	7898920343306	1.000	NULL
9220	triturador de alimentos caerus		38.00	Geral	7898709517492	1.000	NULL
9221	triturador de alimentos manual easy spin cutter		25.00	Geral	7834987648084	1.000	NULL
9222	TRONINHO COM TAMPA AZUL E ROSA		25.00	PLASTICOS	7898491820183	1.000	NULL
9223	TRONINHO TARTARUGA ROSA AZUL		17.50	PLASTICOS	7896871901590	1.000	NULL
9224	TRUCK 2.5 SPECIAL EDITION		60.00	Geral	7898300570186	1.000	NULL
9225	TRUCK ENCARTELADO CONSTRUCTION FRICÇÃO		13.00	Geral	7899605703767	1.000	NULL
9226	TUBO DE COLA QUENTE FINA		1.50	Geral	7908833203052	1.000	NULL
9227	TUBO DE COLA QUENTE GRANDE		1.50	Geral	NULL	1.000	NULL
9228	TUBO DE COLA QUENTE GRANDE		2.00	Geral	NULL	1.000	NULL
9229	TUBO DE COLA QUENTE MAIOR		2.00	Geral	7908833203021	1.000	NULL
9230	TUBO DE COLA QUENTE PEQUENO		1.50	Geral	NULL	1.000	NULL
9231	TUBO DE COLA QUENTE PEQUENO		2.00	Geral	NULL	1.000	NULL
9232	turbo construcion		60.00	Geral	7897252260817	1.000	NULL
9233	UHF/VHF/FM MATCHING TRANSFORMER		2.00	ELETRÔNICOS E ACESSÓRIOS	7897242010521	1.000	NULL
9234	ULTRA COLA POP		3.00	ESCOLAR	7898944454996	1.000	NULL
9235	ultra paper sulfite 100 folhas		8.50	Geral	NULL	1.000	NULL
9236	UNHA		3.00	Geral	NULL	1.000	NULL
9237	UNHA		3.00	Geral	8955155820459	1.000	NULL
9238	UNHA  POSTIÇA  PINTADA		4.00	Geral	NULL	1.000	NULL
9239	UNHA COLORIDA PCT UNITARIO		3.00	Geral	NULL	1.000	NULL
9240	UNHA INFANTIL CAIXA		6.00	Geral	NULL	1.000	NULL
9241	UNHA INFANTIL CAIXA		5.00	Geral	8955155812027	1.000	NULL
9242	UNHA INFANTIL LILO STITCH		8.00	Geral	6900202511134	1.000	NULL
9243	UNHA POSTIÇA COLORIDA		2.00	Geral	NULL	1.000	NULL
9244	UNHA POSTIÇA DON		15.00	Geral	6941586950089	1.000	NULL
9245	UNHA POSTIÇA FINGER NAIL 24		4.00	Geral	NULL	1.000	NULL
9246	UNHA POSTIÇA FINGER NAIL 24		3.00	Geral	NULL	1.000	NULL
9247	UNHA POSTIÇA LILO STITCH		8.00	Geral	6900202511035	1.000	NULL
9248	UNHA POSTIÇA MEILYS		2.00	Geral	7908153842849	1.000	NULL
9249	unha postiça meilys		3.00	Geral	7908153842832	1.000	NULL
9250	UNHA POSTIÇA NAIL TIPS		15.00	Geral	6955155812050	1.000	NULL
9251	UNHA R. NAIL KP24-004		2.00	Geral	8599155810272	1.000	NULL
9252	UNHA SABRINA SATO		2.50	Geral	NULL	1.000	NULL
9253	UNHAS INFANTIS LILO STITCH		8.00	Geral	6900202511073	1.000	NULL
9254	UNHEX		8.50	Geral	NULL	1.000	NULL
9255	UNHEX PEQ ORIGINAL		6.00	UTILIDADES	7896075701019	1.000	NULL
9256	UNICORNIO PENTEADO		50.00	BRINQUEDOS	7897020204005	1.000	NULL
9257	UNO JOGO DE CARTAS		10.00	BRINQUEDOS	27084216332	1.000	NULL
9258	upa upa  cavalinho		70.00	BRINQUEDOS	7898447975486	1.000	NULL
9259	upa upa cavalinho		80.00	Geral	NULL	1.000	NULL
9260	URGANIZADORA 3,000 ML COLORS		10.00	Geral	NULL	1.000	NULL
9261	urinho roa		30.00	Geral	NULL	1.000	NULL
9262	urinho rosa		30.00	Geral	NULL	1.000	NULL
9263	URINOL PLÁSTICO AZUL		7.00	Geral	7898919089284	1.000	NULL
9264	URINOL PLÁSTICO ROSA		7.00	UTILIDADES	7898919089291	1.000	NULL
9265	URSINHO  DE PELUCIA  C LAÇO BEGE		28.00	Geral	7908204400615	1.000	NULL
9266	ursinho chaveiro		10.00	Geral	NULL	1.000	NULL
9267	ursinho de coração PRESENTE		25.00	Geral	NULL	1.000	NULL
9268	URSINHO DE PELUCIA BRANCO		70.00	Geral	2100002040788	1.000	NULL
9269	URSINHO DE PELUCIA COLORIDO PEQUENO		50.00	BRINQUEDOS	7777123458058	1.000	NULL
9270	URSINHO DE PELUCIA PEQUENO ROSA		30.00	Geral	7777123459581	1.000	NULL
9271	URSINHO DE PELUCIA PEQUENO ROSA		35.00	Geral	NULL	1.000	NULL
9272	ursinho de presente		25.00	Geral	NULL	1.000	NULL
9273	URSINHO DIVERSOS LOVE YOU		40.00	PRESENTES	NULL	1.000	NULL
9274	URSINHO FIZZY		25.00	Geral	7908204406747	1.000	NULL
9275	URSINHO PELUCIA		15.00	Geral	7777123457877	1.000	NULL
9276	URSINHO PEQUENO		20.00	Geral	NULL	1.000	NULL
9277	URSINHO PRESENTE		30.00	Geral	NULL	1.000	NULL
9278	ursinho rosa		30.00	Geral	NULL	1.000	NULL
9279	URSINHO TE AMO COM  CARINHO		40.00	Geral	NULL	1.000	NULL
9280	URSO  LOVE		40.00	Geral	7898370512284	1.000	NULL
9281	URSO DE PELUCIA		36.00	Geral	7908204402497	1.000	NULL
9282	URSO DE PELUCIA COLORIDO GRANDE		60.00	BRINQUEDOS	2100002060717	1.000	NULL
9283	URSO DE PELUCIA COLORIDO GRANDE AZUL		63.00	Geral	NULL	1.000	NULL
9284	urso grande sortido		70.00	Geral	2100002040122	1.000	NULL
9285	vaao de cortina		30.00	Geral	NULL	1.000	NULL
9286	VAI E VOLTA		10.00	BRINQUEDOS	7898958261320	1.000	NULL
9287	VALE COM CANHOTO		4.50	Geral	7898909580074	1.000	NULL
9288	varal  32		47.00	Geral	7897331100010	1.000	NULL
9289	varal  de corda  nylon		2.50	Geral	742832500937	1.000	NULL
9290	varal  de roupa intima   redondo		23.00	Geral	7898750052935	1.000	NULL
9291	VARAL  OVAL  DE CALCINHAS  18 PRENDEDOR		15.00	PLASTICOS	7908580800009	1.000	NULL
9292	VARAL 2,5		2.50	Geral	742832414739	1.000	NULL
9293	VARAL AÇO VITÓRIA 10 metro		6.00	UTILIDADES	7898917522011	1.000	NULL
9295	varal de aço cema utilidades		3.00	Geral	7897369829518	1.000	NULL
9296	VARAL DE AÇO REVESTIDO		4.50	Geral	7898967905000	1.000	NULL
9297	VARAL DE CHÃO NÁPOLES C/ABAS SECALUX		100.00	Geral	7896205216437	1.000	NULL
9298	varal de chão simples		80.00	UTILIDADES	7896205257041	1.000	NULL
9299	varal de cortina		18.00	Geral	NULL	1.000	NULL
9300	varal de meias  cabimais		14.00	Geral	7897711800080	1.000	NULL
9301	VARAL DOBRÁVEL PARA ROUPAS INTIMA C/24		28.00	UTILIDADES	7898750053345	1.000	NULL
9302	VARAL ESPECIAL POLIFORT		8.20	Geral	7897369829570	1.000	NULL
9303	VARAL MULTIUSO P/ ROUPAS DELICADAS TAMANHO 4		44.00	UTILIDADES	7898282400587	1.000	NULL
9304	VARAL MULTIUSO TAMANHO 5 LIGBRIN		44.00	UTILIDADES	7898282400617	1.000	NULL
9305	VARAL PARA ROUPA INTIMA 38,8CM X 30CM		28.00	UTILIDADES	7898750053192	1.000	NULL
9306	VARAL PLASTICO MAX CLEAN 20 PRENDEDORES		20.00	UTILIDADES	7899850330671	1.000	NULL
9307	VARAL PORTATIL		10.00	Geral	7898505948223	1.000	NULL
9308	varãl prolicor		2.50	Geral	742832414739	1.000	NULL
9309	varal roupa intima 8 p		20.00	Geral	7898750053352	1.000	NULL
9310	varão   2 metros		25.00	Geral	NULL	1.000	NULL
9311	varão  de 1 mt		11.60	Geral	NULL	1.000	NULL
9312	varaõ  de 2 mt		20.00	Geral	7898357410350	1.000	NULL
9313	varão  de cortina 2 mt  marfim		20.00	CORTINAS	7908724701940	1.000	NULL
9314	VARÃO 1,5M MOGNO ALUMIKIT		25.00	UTILIDADES	7898357410213	1.000	NULL
9315	VARAO 1.5 BRANCO		25.00	UTILIDADES	7898357410237	1.000	NULL
9316	VARAO 1.5 MOGNO		25.00	Geral	7898357410244	1.000	NULL
9317	varão 2 mt fino beje		20.00	Geral	7908724702008	1.000	NULL
9318	VARÃO 2 MT GROSSO MOGNO		30.00	Geral	7898357411456	1.000	NULL
9319	VARÃO 2 MTS AZUL		18.00	UTILIDADES	7899677203998	1.000	NULL
9320	VARÃO 2 MTS CEREJEIRA		18.00	UTILIDADES	7899677202656	1.000	NULL
9321	VARÃO 2 MTS CINZA		18.00	UTILIDADES	7899677207743	1.000	NULL
9322	VARÃO 2 MTS IMBUIA		18.00	UTILIDADES	7899677202625	1.000	NULL
9323	VARÃO 2 MTS MARFIM		18.00	UTILIDADES	NULL	1.000	NULL
9324	VARÃO 2 MTS MOGNO		18.00	UTILIDADES	7899677202649	1.000	NULL
9325	VARAO 2M IMBUIA		30.00	Geral	7898357410343	1.000	NULL
9326	varao 4 metros  TITANIO		35.00	Geral	7908724702411	1.000	NULL
9327	VARÃO AZUL 1,5 MTS		15.00	UTILIDADES	7899677203981	1.000	NULL
9328	VARÃO BRANCO 2 MTS		30.00	UTILIDADES	7899677202618	1.000	NULL
9329	VARÃO BRANCO LARGO BRANCO 1,5   29MM		20.00	Geral	7908724702640	1.000	NULL
9330	varão cerejeira 1,5 fino		16.25	Geral	7898357410251	1.000	NULL
9331	VARÃO CEREJEIRA 1,5MT		15.00	UTILIDADES	7899677202601	1.000	NULL
9332	VARÃO CINZA 1,5 MTS		15.00	UTILIDADES	7899677200058	1.000	NULL
9333	VARAO CORTINA		16.00	Geral	NULL	1.000	NULL
9334	VARÃO CORTINA 1,5M MARFIM FINO		25.00	UTILIDADES	7898357410220	1.000	NULL
9335	varão d 1m ,5 cerejeira		22.00	Geral	7898357410275	1.000	NULL
9336	varão de  cortina 2 mt  titanio		20.00	Geral	7908724701964	1.000	NULL
9337	varão de 1 metro branco		12.50	Geral	NULL	1.000	NULL
9338	VARÃO DE 1,5 29MM TITANIO CINZA		20.00	Geral	NULL	1.000	NULL
9339	VARÃO DE 1,5 MT  MOGNO 29MM		20.00	Geral	7908724702671	1.000	NULL
9340	VARAO DE 1,5M TITANIO		20.00	Geral	7908724702688	1.000	NULL
9341	VARÃO DE 2 MT 29MM IMBUIA		25.00	Geral	7908724702770	1.000	NULL
9342	VARAO DE 2M BRANCO		30.00	UTILIDADES	7898357410336	1.000	NULL
9343	VARÃO DE 2MTS GROSSO CEREJEIRA		25.00	Geral	7908724702848	1.000	NULL
9344	VARÃO DE 3 METROS BRANCO		25.00	Geral	NULL	1.000	NULL
9345	VARÃO DE 4 METROS BRANCO		30.00	Geral	7908724702404	1.000	NULL
9346	VARAO DE 4 METROS MOGNO		30.00	Geral	7908724702435	1.000	NULL
9347	VARÃO DE 4 METROS PRATA		30.00	Geral	7908724702442	1.000	NULL
9348	varão de 4 mts  bege		35.00	Geral	7908724702428	1.000	NULL
9349	varão de cortina   imbuia 1,5		15.00	Geral	7908724701810	1.000	NULL
9350	varão de cortina  1 mt branco		11.60	Geral	7908724701681	1.000	NULL
9351	varão de cortina  3 mt imbuia		22.00	Geral	7908724702176	1.000	NULL
9352	varão de cortina  marfim 1,5		15.00	Geral	7908724701827	1.000	NULL
9353	varão de cortina  mogno 1,5		15.00	Geral	7908724701834	1.000	NULL
9354	VARÃO DE CORTINA  MOGNO GROSSO		24.70	Geral	7898357411432	1.000	NULL
9355	varão de cortina  rosa 1,5		15.00	Geral	7908724701896	1.000	NULL
9356	varão de cortina 1,5  titanio		15.00	Geral	7908724701841	1.000	NULL
9357	VARÃO DE CORTINA 1,5 MT		15.00	UTILIDADES	7899677202564	1.000	NULL
9358	varão de cortina 2 mt  e meio		25.00	Geral	7898357410411	1.000	NULL
9359	varão de cortina 2 mt branco		20.00	Geral	7908724701926	1.000	NULL
9360	varão de cortina 2 mt im buia		20.00	Geral	7908724701933	1.000	NULL
9361	VARÃO DE CORTINA 2 MTS MARFIM		20.00	UTILIDADES	7899677202632	1.000	NULL
9362	VARÃO DE CORTINA 2M MOGNO		30.00	Geral	7898357410312	1.000	NULL
9363	VARÃO DE CORTINA 2MT ROSA		18.00	UTILIDADES	NULL	1.000	NULL
9364	varão de cortina 3 mt		25.00	Geral	7908724702190	1.000	NULL
9365	varão de cortina 3 mt titanio		22.00	Geral	7908724702206	1.000	NULL
9366	VARÃO DE CORTINA 3M TITANIO		25.00	Geral	NULL	1.000	NULL
9367	varão de cortina azul 1,5  fino		15.00	Geral	7908724701902	1.000	NULL
9368	varão de cortina box		40.00	Geral	7896205216444	1.000	NULL
9369	VARÃO DE CORTINA BRANCO  3 mt c suporte		25.00	CORTINAS	7908724702169	1.000	NULL
9370	varão de cortina branco 1,5		15.00	CORTINAS	7908724701803	1.000	NULL
9371	varão de cortina mogno 2 mt		25.00	Geral	7908724701957	1.000	NULL
9372	varão de cortina rosa 2 mt		20.00	Geral	7908724702015	1.000	NULL
9373	varão de cortiona 2 mt azul		20.00	Geral	7908724702022	1.000	NULL
9374	VARÃO IMBUIA 1,5MT		15.00	UTILIDADES	7899677202571	1.000	NULL
9375	varão largo		33.00	Geral	7898357411487	1.000	NULL
9376	VARÃO MARFIM 1,5MT		15.00	UTILIDADES	7899677202588	1.000	NULL
9377	varão marfim 2 mts		30.00	Geral	7898357410329	1.000	NULL
9378	VARÃO MARFIM 3MTS DECORE O LAR		25.00	Geral	7908724702183	1.000	NULL
9379	VARÃO MOGNO 1,5 MT		15.00	UTILIDADES	7899677202595	1.000	NULL
9380	varão mogno 4 mts		35.00	Geral	NULL	1.000	NULL
9381	VARÃO ROSA 1,5 MTS		15.00	UTILIDADES	NULL	1.000	NULL
9382	varão simples grosso branco 1,5		24.70	Geral	7898357411425	1.000	NULL
9383	VARÃODE 1,5 29MM CEREJEIRA		20.00	Geral	7908724702725	1.000	NULL
9384	VARÃODE 1,5 MT 29MM MARFIM		20.00	Geral	7908724702664	1.000	NULL
9385	VARAU DE CORTINA		35.00	Geral	NULL	1.000	NULL
9386	VASO   QUADRADO GRANDE  TERRA		10.00	Geral	7897649767219	1.000	NULL
9387	VASO   QUADRADO MÉDIO  5,5 L  TERRA COTA		12.00	JARDINAGEM	7897649767189	1.000	NULL
9388	VASO   REDONDO EXTRA GRANDE BRANCO		63.00	JARDINAGEM	7897848701038	1.000	NULL
9389	VASO  DE PAREDE  CERAMICA		9.00	JARDINAGEM	7896403227808	1.000	NULL
9390	VASO  POTE 11 COLOR		3.00	Geral	7898521060565	1.000	NULL
9391	VASO  QUADRADO  TERRACOTA		16.00	Geral	NULL	1.000	NULL
9392	vaso  redondo extra grande  PRETO		43.00	JARDINAGEM	7898064813543	1.000	NULL
9393	vaso  redondo rosa c prato n 28		15.00	JARDINAGEM	7899335408406	1.000	NULL
9394	VASO  RETO 7 L		10.00	Geral	NULL	1.000	NULL
9395	VASO 10L QUAD PRETO		13.00	Geral	7898149702090	1.000	NULL
9396	VASO 20L QUAD PRETO		25.00	Geral	7898149702434	1.000	NULL
9397	vaso c gancho pq preto		8.50	Geral	7899335411567	1.000	NULL
9398	VASO C/ GANCHO CACHEPO PR		15.00	JARDINAGEM	7899335408222	1.000	NULL
9399	VASO C/ PRATO N°17		6.00	JARDINAGEM	7899335408123	1.000	NULL
9400	VASO CACHEPO CUIA GAN N28 PA		15.00	JARDINAGEM	7899335408253	1.000	NULL
9401	vaso colors pf		3.00	JARDINAGEM	7898064811389	1.000	NULL
9402	VASO COLUNA 25L PRETO		30.00	JARDINAGEM	7897649768728	1.000	NULL
9403	vaso com flor pra mulher com lusinha abajour		40.00	Geral	NULL	1.000	NULL
9404	VASO CUIA 21 COLORS		7.00	Geral	7898521060657	1.000	NULL
9405	VASO CUIA 21 PRETA		7.50	Geral	7898521060664	1.000	NULL
9406	VASO CUIA 27 TELHA INPLAST		10.00	JARDINAGEM	7897649769817	1.000	NULL
9407	VASO CUIA C PRATO   BRANCO TAM 22		8.50	JARDINAGEM	7899335411574	1.000	NULL
9408	vaso cuia color  TERRA		15.00	Geral	7898521060855	1.000	NULL
9409	VASO CUIA COM ALÇA DE PENDURAR 27 PRETO		15.00	JARDINAGEM	7897649769800	1.000	NULL
9410	VASO CUIA COM ALÇA M		8.00	JARDINAGEM	7898653550682	1.000	NULL
9411	vaso cuia preto		15.00	JARDINAGEM	7898521060848	1.000	NULL
9412	vaso cuia preto c alça		6.00	JARDINAGEM	7898064813604	1.000	NULL
9413	VASO CUIA PRETO/ MARROM		5.00	JARDINAGEM	7898948179895	1.000	NULL
9414	VASO DE FLOR		20.00	Geral	NULL	1.000	NULL
9415	VASO DE FLOR ARTIFICIAL		25.00	Geral	NULL	1.000	NULL
9416	VASO DE PAREDE  MÉDIO VERDE		12.00	JARDINAGEM	7896403215669	1.000	NULL
9417	VASO DE PAREDE  TABACO		9.00	Geral	7896403227839	1.000	NULL
9418	VASO DE PAREDE 3,3L		7.00	Geral	NULL	1.000	NULL
9419	VASO DE PAREDE MEIO		5.00	JARDINAGEM	7898521060732	1.000	NULL
9420	VASO DE PAREDE VERDE		9.00	Geral	7896403227822	1.000	NULL
9421	VASO DE PENDURAR BRANCO GRANDE		15.00	Geral	NULL	1.000	NULL
9422	VASO DE PENDURAR PRETO		10.00	Geral	NULL	1.000	NULL
9423	VASO DE PENDURAR PRETO 3L ZANARDI		10.00	JARDINAGEM	7898646400406	1.000	NULL
9424	VASO DE PENDURAR TELHA 3L ZANARDI		8.00	JARDINAGEM	7898646400369	1.000	NULL
9425	vaso de planta		17.00	Geral	NULL	1.000	NULL
9426	VASO DE PLANTA		9.00	Geral	7898948178317	1.000	NULL
9427	VASO DE PLANTA  9 LITROS		12.50	Geral	7898948178744	1.000	NULL
9428	VASO DE PLANTA SANTANA		8.00	Geral	7896355700251	1.000	NULL
9429	VASO DE PLANTA SANTANA  14,5 CM		4.00	Geral	7896355710151	1.000	NULL
9430	VASO DE PLANTA SANTANA PEQUENO		3.00	Geral	7896355700145	1.000	NULL
9431	VASO DE PLANTA SANTANA QUADRADO		4.00	Geral	7898653550316	1.000	NULL
9432	VASO DE PLANTA SANTANA QUADRADO		3.00	Geral	7898653550354	1.000	NULL
9433	VASO EXTRA GRANDE  PRETO		63.00	JARDINAGEM	7897848701199	1.000	NULL
9434	VASO EXTRA GRANDE QUADRADO 30 LTS		30.00	Geral	7898036783959	1.000	NULL
9435	VASO MARROM		17.50	Geral	7898521060060	1.000	NULL
9436	VASO MEDIO COLUNA PRETO 16,5LTS		23.00	Geral	7897649768698	1.000	NULL
9437	vaso medio coluna terra 16,5l ref:6870  MARRON		25.00	JARDINAGEM	7897649768704	1.000	NULL
9438	VASO MILENE VITAZZA		50.00	Geral	7898966464072	1.000	NULL
9439	vaso mini		2.00	Geral	7898521060541	1.000	NULL
9440	VASO MINI  MARRON		2.50	JARDINAGEM	7898093550822	1.000	NULL
9441	vaso mini preto de parede plasmarc		2.00	JARDINAGEM	7898948179659	1.000	NULL
9442	VASO N° 15		5.00	Geral	7898521060602	1.000	NULL
9443	VASO PAREDE PRETO GRANDE 3300 ML		4.00	Geral	7899809004714	1.000	NULL
9444	VASO PAREDE PRETO MEDIO 1700 ML		5.00	JARDINAGEM	7899809004691	1.000	NULL
9445	VASO PF-14 NATURAL UNITARIO		5.00	JARDINAGEM	7898064811419	1.000	NULL
9446	VASO POTE 19 COLOR GOYAMA		7.00	Geral	7898521060626	1.000	NULL
9447	vaso pote n19 preto goyama		7.00	JARDINAGEM	7898521060633	1.000	NULL
9448	VASO PRETO 12.5L QUADRADO		18.00	JARDINAGEM	7897649767011	1.000	NULL
9449	VASO PRETO REDONDO N 1		17.50	JARDINAGEM	7898521060053	1.000	NULL
9450	vaso quad 1 color		7.50	Geral	7898521060381	1.000	NULL
9451	VASO QUAD 3 COLOR  MARRON		18.00	JARDINAGEM	7898521060442	1.000	NULL
9452	VASO QUAD PRETO 2		13.00	Geral	7898521060404	1.000	NULL
9453	VASO QUAD. MEDIO PRETO 10LTS-A		7.50	UTILIDADES	7898671642529	1.000	NULL
9454	vaso quadrado   N1		4.00	Geral	NULL	1.000	NULL
9455	vaso quadrado  preto 29L		29.00	JARDINAGEM	7898378691912	1.000	NULL
9456	VASO QUADRADO 1 PRETO		7.50	Geral	7898521060374	1.000	NULL
9457	VASO QUADRADO 19L PRETO MÉDIO		28.00	JARDINAGEM	7897848701144	1.000	NULL
9458	VASO QUADRADO 2 COLOR		13.00	JARDINAGEM	7898521060411	1.000	NULL
9459	VASO QUADRADO 35CM 19 LTS		18.00	Geral	7898502713626	1.000	NULL
9460	VASO QUADRADO ALTO MARROM		24.50	Geral	7897848701120	1.000	NULL
9461	vaso quadrado grande coluna marron plasnew		36.00	Geral	7897848701366	1.000	NULL
9462	VASO QUADRADO GRANDE PRETO		16.00	JARDINAGEM	7908439801485	1.000	NULL
9463	VASO QUADRADO MÉDIO 10 LITROS		16.00	JARDINAGEM	7908439801508	1.000	NULL
9464	VASO QUADRADO MÉDIO 4 LITROS		9.00	JARDINAGEM	7898948178317	1.000	NULL
9465	VASO QUADRADO MÉDIO PRETO IMPLAST		7.50	JARDINAGEM	7897649767004	1.000	NULL
9466	VASO QUADRADO MEDIO VERDE PLASNEW		25.00	Geral	7897848701137	1.000	NULL
9467	VASO QUADRADO N°17 MARROM		5.00	JARDINAGEM	7898121655017	1.000	NULL
9468	VASO QUADRADO N°17 PRETO		5.00	JARDINAGEM	7898121654898	1.000	NULL
9469	VASO QUADRADO N°22 MARROM		8.00	JARDINAGEM	7898121655024	1.000	NULL
9470	VASO QUADRADO N°22 PRETO		8.00	JARDINAGEM	7898121654904	1.000	NULL
9471	VASO QUADRADO N°28 MARROM		13.00	JARDINAGEM	7898121655031	1.000	NULL
9472	VASO QUADRADO N°28 PRETO		13.00	JARDINAGEM	7898121654911	1.000	NULL
9473	VASO QUADRADO PRETO 6 LITROS		8.00	Geral	7898149770044	1.000	NULL
9474	VASO QUADRADO PRETO 6L		10.00	JARDINAGEM	7898149702120	1.000	NULL
9475	VASO QUADRADO PTRETO G COLUNA		28.00	Geral	7897848701182	1.000	NULL
9476	vaso quadrado terra cota   N 3  -2		6.00	JARDINAGEM	7898948178959	1.000	NULL
9477	VASO QUADRADO TERRA COTA  MÉDIO		13.00	JARDINAGEM	7908439801515	1.000	NULL
9478	VASO QUADRADO TERRA COTA GRANDE		16.00	JARDINAGEM	7908439801492	1.000	NULL
9479	vaso quadrado terra plasnew		26.50	Geral	7897848701328	1.000	NULL
9480	VASO QUADRADO TERRACOTA/PRETO N3 PLASMARC		6.00	JARDINAGEM	7898948178300	1.000	NULL
9481	VASO REDONDO  2,5L PRETO		5.00	JARDINAGEM	7898647190801	1.000	NULL
9482	vaso redondo  borda reta preto  21 l		25.00	JARDINAGEM	7897848778191	1.000	NULL
9483	VASO REDONDO  N°20		15.00	Geral	7898948178928	1.000	NULL
9484	vaso redondo  preto  21 ,5 l		22.00	JARDINAGEM	7897848700994	1.000	NULL
9485	VASO REDONDO  TERRA COTA  5,5L implast		10.00	JARDINAGEM	7897649767127	1.000	NULL
9486	VASO REDONDO 10L PRETO RATAN		20.00	JARDINAGEM	7908439805582	1.000	NULL
9487	VASO REDONDO 15L PRETO inplast		18.00	JARDINAGEM	7897649766182	1.000	NULL
9488	VASO REDONDO 2 COLOR		24.00	JARDINAGEM	7898521060084	1.000	NULL
9489	vaso redondo 26L preto REF:0108		25.00	JARDINAGEM	7898378691868	1.000	NULL
9490	VASO REDONDO 9 CM PRETO		3.00	JARDINAGEM	7898093550808	1.000	NULL
9491	VASO REDONDO ARIPLAS PRETO G GREGO 9 L  23X29 CM		10.80	JARDINAGEM	7898635512622	1.000	NULL
9492	vaso redondo com pé   injeplastec		4.50	Geral	7898036783010	1.000	NULL
9493	vaso redondo com pé  preto  8 litros  injeplastec		10.00	Geral	7898036783041	1.000	NULL
9494	vaso redondo decorado preto		10.00	Geral	7898609770157	1.000	NULL
9495	VASO REDONDO FLORENÇA 4 LTS		10.00	Geral	7898121658223	1.000	NULL
9496	VASO REDONDO FLORENÇA 7,5 LTS		15.00	JARDINAGEM	7898121658254	1.000	NULL
9497	VASO REDONDO GRANDE PRETO  arqplast 		24.00	JARDINAGEM	7908439801522	1.000	NULL
9498	VASO REDONDO GRANDE TERRACOTA		30.00	JARDINAGEM	7908439801539	1.000	NULL
9499	vaso redondo marrom		3.00	Geral	789812165830	1.000	NULL
9500	vaso redondo marron 7,5 m richioto		13.00	Geral	7898121658278	1.000	NULL
9501	vaso redondo médio  injeplastec		7.00	Geral	7898036783003	1.000	NULL
9502	VASO REDONDO MEDIO PRETO		13.00	JARDINAGEM	7908439801546	1.000	NULL
9503	VASO REDONDO MEDIO PRETO   5,5 L inplast		10.00	JARDINAGEM	7897649767028	1.000	NULL
9504	VASO REDONDO MEDIO TERRACOTA		15.50	JARDINAGEM	7908439801553	1.000	NULL
9505	vaso redondo n:06 preto		20.00	JARDINAGEM	7896403201051	1.000	NULL
9506	VASO REDONDO N°13 MARROM		3.00	JARDINAGEM	7898121656830	1.000	NULL
9507	VASO REDONDO N°17 MARROM		5.00	JARDINAGEM	7898121654980	1.000	NULL
9508	VASO REDONDO N°22 MARROM		8.00	JARDINAGEM	7898121654997	1.000	NULL
9509	VASO REDONDO N°28 MARROM		13.00	JARDINAGEM	7898121655000	1.000	NULL
9510	VASO REDONDO N°35 MARROM		25.00	JARDINAGEM	7898121651101	1.000	NULL
9511	VASO REDONDO PEQUENO		3.00	Geral	7897649767035	1.000	NULL
9512	VASO REDONDO PRETO  EURIBEL  10 L		8.50	JARDINAGEM	7898050920484	1.000	NULL
9513	VASO REDONDO PRETO 14 CM		4.00	Geral	7898093550112	1.000	NULL
9514	VASO REDONDO PRETO 15 LITROS		19.00	JARDINAGEM	7898502713282	1.000	NULL
9515	VASO REDONDO PRETO 2		24.00	JARDINAGEM	7898521060077	1.000	NULL
9516	VASO REDONDO PRETO 4 LITROS  N5		7.00	JARDINAGEM	7898948178348	1.000	NULL
9517	VASO REDONDO PRETO P		7.50	Geral	7898521060190	1.000	NULL
9518	vaso redondo preto unijet n 22		8.00	Geral	7899335408093	1.000	NULL
9519	VASO VERDE GOYAMA		7.50	Geral	7898521060183	1.000	NULL
9520	vasoura		11.00	Geral	NULL	1.000	NULL
9521	VASOURA  FLORADA GRANDE		10.00	Geral	7898912015358	1.000	NULL
9522	VASOURA POP PLASTICA		10.00	UTILIDADES	7898311540307	1.000	NULL
9523	VASS PIASSAVA COM CAPA DE PLASTICO		15.00	UTILIDADES	7898911720017	1.000	NULL
9524	vassoura		10.00	Geral	7898929403056	1.000	NULL
9525	vassoura		15.00	Geral	NULL	1.000	NULL
9526	vassoura		15.00	Geral	7896314709561	1.000	NULL
9527	vassoura  clik		11.00	Geral	NULL	1.000	NULL
9528	vassoura  florença		13.00	Geral	7898920552067	1.000	NULL
9529	vassoura  girasol blilhex		8.50	Geral	7897750780961	1.000	NULL
9530	vassoura  gran- mestra		15.00	UTILIDADES	7898920552104	1.000	NULL
9531	VASSOURA  INFANTIL noviça  piaui		7.50	BRINQUEDOS	NULL	1.000	NULL
9532	vassoura  smart		12.00	Geral	7898929403216	1.000	NULL
9533	VASSOURA  VIP		6.00	Geral	7896314709530	1.000	NULL
9534	VASSOURA AQUARELA		15.00	Geral	7898311540444	1.000	NULL
9535	vassoura baby capa sortida		9.00	Geral	7898165300102	1.000	NULL
9536	VASSOURA BELLA SLIM		6.00	Geral	7898951534667	1.000	NULL
9537	VASSOURA BRILHES		9.00	Geral	7897750781128	1.000	NULL
9538	VASSOURA CANTONEIRA		14.00	UTILIDADES	7898311540338	1.000	NULL
9539	vassoura ceci canto		12.00	Geral	7897788811088	1.000	NULL
9540	VASSOURA CLEAN		8.50	Geral	7897750779118	1.000	NULL
9541	VASSOURA CLICK		11.00	Geral	NULL	1.000	NULL
9542	vassoura condor laranja		10.00	LIMPEZA	7891055019658	1.000	NULL
9543	VASSOURA DE 6		6.00	Geral	NULL	1.000	NULL
9544	vassoura esfrega forte		15.00	Geral	7896456104002	1.000	NULL
9545	VASSOURA FLORADA PLUS CH		12.00	Geral	7898495734745	1.000	NULL
9546	VASSOURA FLORATA  SB		7.00	Geral	7898495734691	1.000	NULL
9547	VASSOURA FLORENÇA		12.50	Geral	NULL	1.000	NULL
9548	VASSOURA INFANTIL		8.00	BRINQUEDOS	7898944110328	1.000	NULL
9549	VASSOURA INFANTIL		7.50	Geral	7898909110240	1.000	NULL
9550	VASSOURA INFANTIL		7.50	BRINQUEDOS	7898909770451	1.000	NULL
9551	VASSOURA NAILON MAP		12.00	UTILIDADES	7898065400032	1.000	NULL
9552	VASSOURA NOVICA NYLON ORIGINAL		12.00	UTILIDADES	7896001016712	1.000	NULL
9553	VASSOURA PANDA PRETA		11.00	Geral	7896456100134	1.000	NULL
9554	VASSOURA PAULISTINHA D		12.00	UTILIDADES	7898311540352	1.000	NULL
9555	VASSOURA PEÇA		10.00	Geral	NULL	1.000	NULL
9556	VASSOURA PIAÇAVA		12.00	Geral	NULL	1.000	NULL
9557	VASSOURA PIAÇAVA		15.00	Geral	7898065400100	1.000	NULL
9558	VASSOURA PIAÇAVA NYLON		15.00	Geral	7898911720024	1.000	NULL
9559	VASSOURA POP		7.00	Geral	NULL	1.000	NULL
9560	VASSOURA POP PLASTICA		6.00	Geral	NULL	1.000	NULL
9561	VASSOURA POP PLÁSTICA		12.00	UTILIDADES	7898311540451	1.000	NULL
9562	VASSOURA SAMARA		12.00	UTILIDADES	7898929403773	1.000	NULL
9563	VASSOURA SANCY		7.00	Geral	7898929403018	1.000	NULL
9564	VASSOURA SANCY MAX		12.00	Geral	7898929403094	1.000	NULL
9565	vassoura sapéka  bruba lar		12.00	Geral	7898311540086	1.000	NULL
9566	VASSOURA SAVANA		15.00	UTILIDADES	7898920552135	1.000	NULL
9567	VASSOURA TROPICAL		15.00	UTILIDADES	7898920552098	1.000	NULL
9568	VASSOURA VARRE CANTO POP		10.00	Geral	7898311540468	1.000	NULL
9569	vassoura varrecanto		14.00	Geral	NULL	1.000	NULL
9570	VASSOURINHA BADI		8.00	Geral	NULL	1.000	NULL
9571	VASSOURINHA BADI		7.50	BRINQUEDOS	7898909770246	1.000	NULL
9572	VCAVALINHO PULA PULA		70.00	Geral	NULL	1.000	NULL
9573	veda porta		12.00	Geral	NULL	1.000	NULL
9574	VEDA PORTA		20.00	Geral	NULL	1.000	NULL
9575	VEDA PORTA		20.00	Geral	7898057974367	1.000	NULL
9576	veda porta  colorido		20.00	Geral	7895098608435	1.000	NULL
9577	VEDA PORTA 80X10CM		20.00	Geral	NULL	1.000	NULL
9578	VEDA PORTA ARCOIRIS 80 CM		20.00	UTILIDADES	798190086514	1.000	NULL
9579	VEJA		10.00	Geral	NULL	1.000	NULL
9580	VEJA		6.00	Geral	NULL	1.000	NULL
9581	VEJA GOLD MULTIUSO		6.80	LIMPEZA	7891035210006	1.000	NULL
9582	VEJA MULTIUSO		25.00	Geral	NULL	1.000	NULL
9583	vela		2.00	Geral	7898663780741	1.000	NULL
9584	vela		2.00	Geral	7898653263780	1.000	NULL
9585	VELA		10.00	Geral	7890128461028	1.000	NULL
9586	VELA		2.00	Geral	7897247715070	1.000	NULL
9587	VELA		2.80	Geral	7898653264558	1.000	NULL
9588	vela		2.00	Geral	7898663780666	1.000	NULL
9589	VELA   LUXO AZUL		2.00	Geral	7898653261786	1.000	NULL
9590	VELA  COCAR DE 11 GRS		4.00	Geral	7897063300016	1.000	NULL
9591	VELA  DE ANIVESARIO		2.00	Geral	NULL	1.000	NULL
9592	VELA  ESTRELA AZUL		2.00	Geral	7898653263810	1.000	NULL
9593	VELA  FESTA		2.00	Geral	7898653263766	1.000	NULL
9594	vela  janaina n 3		7.00	Geral	7898919457083	1.000	NULL
9595	VELA  LUXO  AZUL		2.00	Geral	7898653261700	1.000	NULL
9596	VELA  LUXO BRANCA		1.50	Geral	7898653261984	1.000	NULL
9597	vela  vulcão		6.00	Geral	7898667650071	1.000	NULL
9598	vela azul		2.00	Geral	7898653261731	1.000	NULL
9599	VELA AZUL		2.00	Geral	7898663780703	1.000	NULL
9600	vela azul n 1		1.50	Geral	7898653261694	1.000	NULL
9601	VELA BIG INTERROGAÇÃO ROSA		2.00	Geral	7898653263964	1.000	NULL
9602	VELA BRANCA 7		3.00	Geral	7898653263919	1.000	NULL
9603	VELA BRANCA ILLUMINA		2.00	Geral	7898653261922	1.000	NULL
9604	VELA BRILHINHO		2.00	FESTA	7898176832463	1.000	NULL
9605	VELA BRILHINHO N°4 BRANCA		2.00	Geral	7898663780871	1.000	NULL
9606	VELA BRILHO		2.00	Geral	7898663780888	1.000	NULL
9607	VELA COCAR 18 GRS		6.80	Geral	7897063300023	1.000	NULL
9608	VELA DE ANIVERSARIO FAISCA C/4		3.00	Geral	NULL	1.000	NULL
9609	VELA DE ANIVERSÁRIO MARIAZINHA		2.60	Geral	7898474254837	1.000	NULL
9610	VELA DE ANIVERSÁRIO PALITO AZUL		5.00	Geral	7899877700044	1.000	NULL
9611	vela de anivessario		2.00	Geral	NULL	1.000	NULL
9612	VELA DE ESTRELA		2.00	Geral	7898653263674	1.000	NULL
9613	VELA DE ESTRELA		4.00	FESTA	7898667650064	1.000	NULL
9614	vela de filtro  premium		9.50	COZINHA	7898935073410	1.000	NULL
9615	VELA DE FILTRO MINERAL		10.00	UTILIDADES	7898199441017	1.000	NULL
9616	VELA DE INTERROGAÇÃO		2.00	Geral	7898653260826	1.000	NULL
9617	VELA ESTRELA		2.00	Geral	7898653263896	1.000	NULL
9618	vela estrela		2.00	Geral	7898653263902	1.000	NULL
9619	vela estrela		2.00	Geral	7898653263865	1.000	NULL
9620	vela estrela		2.00	Geral	7898653263650	1.000	NULL
9621	VELA ESTRELA		2.00	Geral	7898653261809	1.000	NULL
9622	vela estrela		3.00	Geral	7898653263704	1.000	NULL
9623	VELA ESTRELA		3.00	kit FESTA	7898176832548	1.000	NULL
9624	VELA ESTRELA		3.00	kit FESTA	7898653263926	1.000	NULL
9625	VELA ESTRELA  AZUL		2.00	Geral	7898653265944	1.000	NULL
9626	VELA ESTRELA 1		2.00	Geral	7898653263858	1.000	NULL
9627	VELA ESTRELA 4		2.00	Geral	7898653263889	1.000	NULL
9628	VELA ESTRELA 0		2.00	Geral	7898653263841	1.000	NULL
9629	vela estrela azul		2.00	Geral	7898653263797	1.000	NULL
9630	vela estrela c dourado n 9		3.00	kit FESTA	7898653263933	1.000	NULL
9631	vela estrela dourado		2.00	Geral	7898653263872	1.000	NULL
9632	vela estrela interrogação		2.00	Geral	7898653265920	1.000	NULL
9633	VELA ESTRELA MILA FESTA		3.00	FESTA	7898610100646	1.000	NULL
9634	VELA ESTRELA ROSA N°07		3.00	Geral	7898653263711	1.000	NULL
9635	VELA ESTRELAR C/4		4.00	FESTA	7898037780049	1.000	NULL
9636	VELA ESTRELAR C/5 UNID		5.00	FESTA	7898037780056	1.000	NULL
9637	VELA ESTRELAS		4.50	FESTA	7898321280194	1.000	NULL
9638	VELA ESTRELINHA MILA FESTAS		2.00	Geral	7898653264442	1.000	NULL
9639	vela festa		2.00	Geral	7898653261779	1.000	NULL
9640	VELA FESTA		2.00	Geral	7898653263681	1.000	NULL
9641	vela festa		2.00	Geral	7898114521510	1.000	NULL
9642	vela festa		2.00	Geral	7898653261847	1.000	NULL
9643	VELA FESTA		2.00	Geral	7898653261939	1.000	NULL
9644	VELA FESTA		2.00	Geral	7898653261717	1.000	NULL
9645	vela festa		3.00	Geral	7898653263667	1.000	NULL
9646	VELA FESTA		3.00	Geral	7898653265159	1.000	NULL
9647	VELA FONTE DE FAISCA		5.00	Geral	7899270103169	1.000	NULL
9648	VELA FONTE ESTRELADA		5.00	Geral	7898321280385	1.000	NULL
9649	vela gliter		2.00	Geral	7898663780857	1.000	NULL
9650	VELA ILLUMINA NUM 1		2.00	Geral	7898653263759	1.000	NULL
9651	VELA ILLUMINA NUM 3		2.00	Geral	7898653263773	1.000	NULL
9652	VELA INTERROGAÇÃO		2.00	Geral	7898653260819	1.000	NULL
9653	VELA INTERROGAÇÃO		3.00	kit FESTA	7898653260833	1.000	NULL
9654	VELA LUXO  BRANCA		1.50	Geral	7898653261908	1.000	NULL
9655	VELA LUXO  ROSA		2.00	Geral	7898653261816	1.000	NULL
9656	VELA LUXO  ROSA		2.00	Geral	7898653261793	1.000	NULL
9657	VELA LUXO BRANCA		2.00	Geral	7898653261915	1.000	NULL
9658	VELA LUXO ROSA		2.00	Geral	7898653261823	1.000	NULL
9659	VELA N 1 AZUL FESTA		2.00	ANIVERSARIO	7898663780628	1.000	NULL
9660	vela N 1 BRANCA FESTA		2.00	Geral	7898653261892	1.000	NULL
9661	VELA N 1 BRANCA FESTA		2.00	Geral	7898663780840	1.000	NULL
9662	VELA N°5 ROSA		2.00	Geral	7898653263698	1.000	NULL
9663	VELA NUMERO 6 AZUL		1.50	Geral	7898610102459	1.000	NULL
9664	VELA OURO TOP FESTAS		8.00	Geral	7899530800821	1.000	NULL
9665	VELA P/ FILTRO CRISTALINA		8.50	Geral	7898963390015	1.000	NULL
9666	vela palito		2.60	Geral	7898653264572	1.000	NULL
9667	VELA PALITO		2.60	Geral	7898653264565	1.000	NULL
9668	VELA PALITO BRANCA C/15		5.00	Geral	7899877700051	1.000	NULL
9669	VELA PALITO ROSA		5.00	Geral	7899877700068	1.000	NULL
9670	VELA PONTO DE INTERROGAÇÃO   ROSA		3.00	kit FESTA	7898653265937	1.000	NULL
9671	VELA SUPER BRILHO INTERROGAÇÃO		3.00	kit FESTA	7898176832388	1.000	NULL
9672	VELA TEIMOSA		1.00	Geral	7897284201109	1.000	NULL
9673	VELA TEIMOSA		1.00	Geral	7897284201130	1.000	NULL
9674	VELA VULCÃO		8.00	Geral	7899530800852	1.000	NULL
9675	vela vulcão  rosa		8.00	Geral	7899530800838	1.000	NULL
9676	vela vulcão azul		7.50	Geral	7899530800845	1.000	NULL
9677	VELA VULCÃO PRATA TOP FESTAS		8.00	FESTA	7899530800814	1.000	NULL
9678	VELAS DIVEROS NUMEROS BRILHINHO ROSA/AZUL		2.00	Geral	7898663781120	1.000	NULL
9679	VENENO DE MATAR BARATA		20.00	Geral	NULL	1.000	NULL
9680	VENENO DE MATAR BARATA M.R		30.00	Geral	NULL	1.000	NULL
9681	ventilado maxis 30 cm		160.00	Geral	NULL	1.000	NULL
9682	ventilador   d e mesa   malorry		110.00	Geral	7896443134548	1.000	NULL
9683	ventilador   d e mesa   MONDIAL		170.00	Geral	NULL	1.000	NULL
9684	VENTILADOR  30 CM   ULTRA		160.00	Geral	7899882311983	1.000	NULL
9685	ventilador  britania		160.00	Geral	NULL	1.000	NULL
9686	VENTILADOR  BRITANIA GRANDE		220.00	Geral	NULL	1.000	NULL
9687	ventilador  DE CHAO  FS40C		120.00	Geral	NULL	1.000	NULL
9688	ventilador  de mesa  branco  30 cm		250.00	ELETRODOMESTICOS	7899882313604	1.000	NULL
9689	VENTILADOR  MONDIAL  6 PÁS		200.00	Geral	NULL	1.000	NULL
9690	VENTILADOR  SUPER POWER 127 VOLTZ   MONDIAL 40 CM		250.00	ELETRODOMESTICOS	7899882313581	1.000	NULL
9691	ventilador  ultra		170.00	Geral	NULL	1.000	NULL
9692	VENTILADOR 127 VOLTZ MALLORY 40 CM PRETO		250.00	Geral	NULL	1.000	NULL
9693	VENTILADOR ARNO TURBO FORCE PAREDE		350.00	Geral	NULL	1.000	NULL
9694	VENTILADOR BRANCO ULTRA		170.00	Geral	NULL	1.000	NULL
9695	ventilador britania		160.00	Geral	NULL	1.000	NULL
9696	VENTILADOR BRITANIA 150W TURBO BVT400		250.00	Geral	NULL	1.000	NULL
9697	VENTILADOR BRITANIA 60W TURBO BVT301		170.00	Geral	NULL	1.000	NULL
9698	VENTILADOR COLUNA PRETO		180.00	Geral	NULL	1.000	NULL
9699	VENTILADOR DE MESA   MAXIS 30 CM  BRANCO		145.00	ELETRODOMESTICOS	NULL	1.000	NULL
9700	VENTILADOR DE MESA MALLORY TS30		140.00	Geral	NULL	1.000	NULL
9701	ventilador de mesa mondial  super power 30 cm		140.00	ELETRODOMESTICOS	7899882313857	1.000	NULL
9702	VENTILADOR DE PE   PHILCO		480.00	Geral	NULL	1.000	NULL
9703	VENTILADOR DE TRIPE		180.00	Geral	NULL	1.000	NULL
9704	VENTILADOR DE TRIPE		160.00	Geral	6920243198019	1.000	NULL
9705	VENTILADOR MALLORY 220V		220.00	Geral	7896443139765	1.000	NULL
9706	VENTILADOR MAXIS 30 CM 6 HELICES		145.00	Geral	NULL	1.000	NULL
9707	ventilador mondial 40 cm 6 pas sem turbo  preto		220.00	Geral	NULL	1.000	NULL
9708	ventilador mondial 40 cm preto turbo 6 pas		250.00	Geral	NULL	1.000	NULL
9709	ventilador mondial branco		170.00	Geral	NULL	1.000	NULL
9710	VENTILADOR MONDIAL BRANCO PEQUENO		150.00	Geral	NULL	1.000	NULL
9711	ventilador mondial preto 40 cm		300.00	Geral	NULL	1.000	NULL
9712	VENTILADOR MONDIAL PRETO PEQUENO		150.00	Geral	NULL	1.000	NULL
9713	VENTILADOR PHILCO DE TRIPE		350.00	Geral	NULL	1.000	NULL
9714	VENTILADOR PHILCO GRANDE		270.00	Geral	NULL	1.000	NULL
9715	ventilador ultra		160.00	Geral	NULL	1.000	NULL
9716	VENTILADOR ULTRA PEQ 220V		150.00	Geral	7899882311990	1.000	NULL
9717	VENTILADOR VENTISOL		250.00	Geral	NULL	1.000	NULL
9718	VENTILADOR VENTISOL 127V GRANDE		300.00	Geral	NULL	1.000	NULL
9719	VENTILADOR VENTISOL PEQUENO		200.00	Geral	NULL	1.000	NULL
9720	VENTILADOR VT-40 MONDIAL TURBO+FORTE		250.00	Geral	7899882314137	1.000	NULL
9721	VENTILADOR VT-40 MONDIAL TURBO+FORTE		270.00	Geral	NULL	1.000	NULL
9722	VENTILDOR MONDIAL		220.00	Geral	NULL	1.000	NULL
9723	ventildor mondial 30 cm		170.00	Geral	NULL	1.000	NULL
9724	VIDA ANIMAL DINOSSAUROS		20.00	BRINQUEDOS	7896464734437	1.000	NULL
9725	VIOLÃO  LUCKY		15.00	BRINQUEDOS	7896464740339	1.000	NULL
9726	violão infantil		12.00	BRINQUEDOS	7292798920018	1.000	NULL
9727	VIOLAO SORTIDO COLORIDO		10.00	BRINQUEDOS	7898198920018	1.000	NULL
9728	VIOLINHA AMAR É		12.00	BRINQUEDOS	7898958261429	1.000	NULL
9729	VITRO DE BANHEIRO CORTINA RENDA		12.00	Geral	7898938340564	1.000	NULL
9730	VOGAIS		21.00	Geral	7896647009109	1.000	NULL
9731	VOYAGER BOIADEIRO		75.00	BRINQUEDOS	7896965213509	1.000	NULL
9732	WATER GUN MOD FUN		30.00	BRINQUEDOS	7896464706670	1.000	NULL
9733	XALE DE SOFÁ		47.00	Geral	NULL	1.000	NULL
9734	xaveiro de coração		10.00	Geral	NULL	1.000	NULL
9735	xicara		2.50	Geral	NULL	1.000	NULL
9736	XICARA		9.00	Geral	7898618770469	1.000	NULL
9737	xicara   branca		20.00	Geral	NULL	1.000	NULL
9738	xicara  times		20.00	Geral	NULL	1.000	NULL
9739	XICARA AMBAR SOLTA		5.00	Geral	NULL	1.000	NULL
9740	XICARA BRANCA		17.00	Geral	NULL	1.000	NULL
9741	XICARA BRANCA G		20.00	Geral	NULL	1.000	NULL
9742	XICARA C/ CHAVEIRINHO (PRESENTE)		35.00	Geral	NULL	1.000	NULL
9743	XICARA COLEÇÃO FAMÍLIA 150 ML		7.50	Geral	7898962382042	1.000	NULL
9744	xicara com pires		10.00	Geral	NULL	1.000	NULL
9745	XICARA DE 25		25.00	Geral	NULL	1.000	NULL
9746	XICARA DE CAFÉ TULIPA DE PORCELANA 100ML		8.00	PORCELANAS	7898962382073	1.000	NULL
9747	XICARA DE CERAMICA COM PIRES		20.00	CERAMICAS, PORCELANATO	7891361029228	1.000	NULL
9748	XICARA DE CHA COM PIRES DIAMANTE		20.00	VIDROS	7891155016137	1.000	NULL
9749	XICARA DE DOCE		20.00	Geral	NULL	1.000	NULL
9750	XICARA DE PERSONAGEM		30.00	Geral	NULL	1.000	NULL
9751	XICARA DE TIME		30.00	Geral	NULL	1.000	NULL
9752	xicara de time  nova		25.00	Geral	NULL	1.000	NULL
9753	XICARA FAMILIARES		30.00	Geral	NULL	1.000	NULL
9754	XICARA FAMILIARES		20.00	Geral	NULL	1.000	NULL
9755	XICARA MICKEY E MINNIE		20.00	Geral	NULL	1.000	NULL
9756	XICARA MULHER MARAVILHA		20.00	Geral	NULL	1.000	NULL
9757	XICARA NA CAIXA SANTOS		30.00	Geral	7896715193105	1.000	NULL
9758	xicara nova		25.00	Geral	NULL	1.000	NULL
9759	XICARA PALAVRA		20.00	Geral	NULL	1.000	NULL
9760	XICARA PRESENTE DO DIA DOS NAMORADOS		45.00	Geral	NULL	1.000	NULL
9761	xicara rosa		20.00	Geral	7897186015217	1.000	NULL
9762	XICARA SIMPLES		20.00	Geral	NULL	1.000	NULL
9763	XICARA SIMPLES		20.00	Geral	7891361031948	1.000	NULL
9764	XICARA SORTIDA		30.00	Geral	NULL	1.000	NULL
9765	XICARA TIME NOVA		30.00	Geral	NULL	1.000	NULL
9766	xicara times		20.00	Geral	NULL	1.000	NULL
9767	XICARA WHEATON		2.50	Geral	7891240052194	1.000	NULL
9768	XICARAS DE TIMES		20.00	Geral	NULL	1.000	NULL
9769	XICARAS PERSONAGENS		30.00	Geral	NULL	1.000	NULL
9770	XUXA		2.00	Geral	NULL	1.000	NULL
9771	xuxa		2.00	Geral	NULL	1.000	NULL
9772	xuxa		2.00	Geral	NULL	1.000	NULL
9773	xuxa		2.00	Geral	NULL	1.000	NULL
9774	XUXA DE POMPOM		4.00	Geral	NULL	1.000	NULL
9775	XUXA DE REDINHA		3.00	Geral	NULL	1.000	NULL
9776	XUXA DE REDINHA		6.00	Geral	7898962382011	1.000	NULL
9777	xuxa de urso par		4.00	Geral	NULL	1.000	NULL
9778	XUXA SAQUINHO		3.00	Geral	NULL	1.000	NULL
9779	XUXINHA		2.00	Geral	NULL	1.000	NULL
9780	XUXINHA		2.00	Geral	NULL	1.000	NULL
9781	XUXINHA		2.00	Geral	NULL	1.000	NULL
9782	xuxinha		2.00	Geral	NULL	1.000	NULL
9783	XUXINHA		2.00	Geral	NULL	1.000	NULL
9784	xuxinha		2.00	Geral	NULL	1.000	NULL
9785	xuxinha		0.50	Geral	NULL	1.000	NULL
9786	xuxinha		1.00	Geral	NULL	1.000	NULL
9787	XUXINHA		2.00	Geral	NULL	1.000	NULL
9788	xuxinha		2.00	Geral	NULL	1.000	NULL
9789	xuxinha		2.00	Geral	NULL	1.000	NULL
9790	XUXINHA  DE BORBOLETA		4.00	Geral	NULL	1.000	NULL
9791	xuxinha coelho		3.00	Geral	NULL	1.000	NULL
9792	xuxinha com  bolsinha		6.00	Geral	NULL	1.000	NULL
9793	xuxinha com renda		5.00	Geral	NULL	1.000	NULL
9794	XUXINHA GRANDE		1.00	Geral	NULL	1.000	NULL
9795	xuxinha mola		1.00	Geral	NULL	1.000	NULL
9796	XUXINHA PACOTE		6.00	Geral	NULL	1.000	NULL
9797	XUXINHA POM POM		5.00	Geral	NULL	1.000	NULL
9798	XUXINHA PRETA GRANDE		1.00	Geral	NULL	1.000	NULL
9799	XUXINHA PRETA GRANDE		2.00	Geral	NULL	1.000	NULL
9800	XUXINHA PRETA GRANDE C/REDINHA		8.00	Geral	NULL	1.000	NULL
9801	XUXINHA SOLTA		0.50	Geral	NULL	1.000	NULL
9802	xuxinha solta grande		1.00	Geral	NULL	1.000	NULL
9803	XUXINHAS DE BOLSINHA		6.00	Geral	NULL	1.000	NULL
9804	XUXINHAS DE CUPCAKE		5.00	Geral	NULL	1.000	NULL
9805	XUXINHAS DE LACINHO		5.00	Geral	NULL	1.000	NULL
9806	XUXINHAS FINAS		3.00	Geral	NULL	1.000	NULL
9807	XUXINHAS FINAS		2.00	Geral	NULL	1.000	NULL
9808	xuxinhas finas		4.00	Geral	NULL	1.000	NULL
9809	XUXINHAS FINAS UNID		0.50	Geral	NULL	1.000	NULL
9810	XUXINHAS GRANDES		1.00	Geral	NULL	1.000	NULL
9811	XUXINHAS NICOLLE RABICÓS		2.50	Geral	7890006747831	1.000	NULL
9812	XUXINHAS POMPOM		4.00	Geral	NULL	1.000	NULL
9813	XUXINHAS PRETA PEQUENA		2.00	Geral	NULL	1.000	NULL
9814	ZOOLOGICO		2.00	Geral	7898610101209	1.000	NULL
9815	Sem Nome		0.00	Geral	NULL	1.000	NULL
9816	Sem Nome		0.00	Geral	NULL	1.000	NULL
9817	diversos		0.00	diversos	1	1.000	NULL
9818	massinha		7.00	BRINQUEDOS	040232714931	1.000	NULL
9819	massinha  magix		0.00	BRINQUEDOS	9819	1.000	NULL
9820	PACOTE DE PILHAS ELGIN AAA		8.00	UTILIDADES	7908412502408	1.000	NULL
9821	PACOTE DE PILHAS ELGIN AAA		8.00	UTILIDADES	9821	1.000	NULL
9822	POTE DE VIDRO RETANGULAR 640ML		25.00	VIDROS	7898675798420	1.000	NULL
9823	POTE DE VIDRO RETANGULAR 640ML		25.00	VIDROS	9823	1.000	NULL
9824	POTE DE VIDRO RETANGULAR 640ML		25.00	VIDROS	9824	1.000	NULL
9825	RELOGIO FEMININO		80.00	UTILIDADES	9825	1.000	NULL
9826	CORTADOR DE UNHA GRANDE 		20.00	UTILIDADES	303299	1.000	NULL
9827	CORTADOR DE UNHA GRANDE 		20.00	UTILIDADES	9827	1.000	NULL
9828	garrafa de café  termolar 1 litro		120.00	utilidades	7891023570150	1.000	NULL
9829	espada infantil samurai		25.00	brinquedos	7898958261566	1.000	NULL
9830	crepom verde		3.00	papelaria	7898738760678	1.000	NULL
9831	garrafa de café soprano 1 l		45.00	utilidades	7896021901838	1.000	NULL
9832	PACOTE DE PILHAS ELGIN AA		8.00	UTILIDADES	7908412502392	1.000	NULL
9833	GARRAFA TERMICA DE MESA PESSEGO		40.00	UTILIDADES	7896020697510	1.000	NULL
9834	GARRAFA TERMICA DE MESA PESSEGO		0.00	UTILIDADES	9834	1.000	NULL
9835	GARRAFA TERMICA DE MESA AZUL		40.00	UTILIDADES	7896020696223	1.000	NULL
9836	GARRAFA TERMICA DE MESA AZUL		40.00	UTILIDADES	9836	1.000	NULL
9837	GARRAFA TERMICA DE MESA VERMELHA		40.00	UTILIDADES	7896020696230	1.000	NULL
9838	GARRAFA TERMICA DE MESA BRANCA		40.00	UTILIDADES	7896020696254	1.000	NULL
9839	GARRAFA TERMICA DE MESA BRANCA		40.00	UTILIDADES	9839	1.000	NULL
9840	GARRAFA TERMICA DE MESA BRANCA		40.00	UTILIDADES	9840	1.000	NULL
9841	PASTA AMARELA		5.00	ESCOLAR	7897237364004	1.000	NULL
9842	AGENDA  ESCOLAR		12.00	ESCOLAR	7898205453386	0.000	NULL
9843	AGENDA  ESCOLAR		12.00	ESCOLAR	9843	0.000	NULL
9844	AGENDA ESCOLAR		12.00	ESCOLAR	7898205453393	1.000	NULL
9845	PROCESSADOR DE ALIMENTOS MIX		30.00	UTILIDADES	7898728892327	1.000	NULL
9846	PAPEL DE SEDA		1.00	PAPELARIA	9846	1.000	NULL
9847	LANCHEIRA DE VIDRO		20.00	VIDRO	6977970650141	1.000	NULL
9848	BATERIA CR 2032 MAXPRINT		10.00	ELETRONICOS	7897975075866	1.000	NULL
9850	ELASTICO S SUPER  RUBBER BANDS C 60 UNID.		3.00	ESCRITÓRIO	7898917640074	1.000	NULL
9851	GARRAFA FRASES		35.00	UTILIDADES	9851	1.000	NULL
9853	LIXEIRA 10L BRANCA		20.00	UTILIDADES	7898972314569	1.000	NULL
9854	LIXEIRA 10L BRANCA		20.00	UTILIDADES	9854	1.000	NULL
9855	ORGANIZADOR DE CONDIMENTOS		22.00	UTILIDADES	7898175374407	1.000	NULL
9856	CESTA SOLTA		40.00	PRESENTES	9856	1.000	NULL
9857	CESTO DE ROUPA DOBRAVEL		45.00	UTILIDADES	X004I5A0DL	1.000	NULL
9858	ISQUEIRO BIC PEQ		6.00	UTILIDADES	070330631328	1.000	NULL
9859	GARRAFA CORINTHIANS NOVA		80.00	UTILIDADES	9859	1.000	NULL
9860	GARRAFA 500ML BEBA MAIS AGUA		20.00	UTILIDADES	7896103476230	1.000	NULL
9861	mamadeira infantil com desenho		12.00	utilidades	7898179462247	1.000	NULL
9862	saboneteira c divisória		4.00	utilidades	7898179465262	1.000	NULL
9863	EXTENSAO DE 3M TRIPOLAR KONECTAR		30.00	utilidades	7896784807699	1.000	NULL
9864	EXTENSAO ELETRICA BIPOLAR 3M		25.00	ELETRONICOS	7896784807668	1.000	NULL
9865	ECOVA DE CABELO FITAGEM		12.00	UTILIDADES	7890055003568	1.000	NULL
9866	EXTENSAO BIPOLAR 2M		20.00	UTILIDADES	7896784807644	1.000	NULL
9867	ESCOVA DE CABELO MÁGICA		10.00	UTILIDADES	7894055502137	1.000	NULL
9868	ESPONJA NYLON P BANHO		5.00	UTILIDADES	7890255002248	1.000	NULL
9869	MORDEDOR  INFANTIL		10.00	UTILIDADES	7898179465354	1.000	NULL
9870	fita dupĺa face   alta fixação		7.00	utilidades	7898623342095	1.000	NULL
9872	chupeta  mamita		1.37	utilidades	78981794609	1.000	NULL
9873	prendedor de chupeta mamita		10.00	utilidades	7898179461011	1.000	NULL
9874	bico de mamadeira		4.00	infantil	7898179465125	1.000	NULL
9875	EXTENSAO TRIPOLAR 5M		35.00	ELETRONICOS	7896784807705	1.000	NULL
9876	EXTENSAO TRIPOLAR 2M		25.00	ELETRONICOS	7896784807682	1.000	NULL
9877	EXTENSAO ELETRICA 5M BIPOLAR		30.00	ELETRONICOS	7896784807651	1.000	NULL
9878	EXTENSAO BIPOLAR 10M		40.00	ELETRONICOS	7896784807675	1.000	NULL
9879	FITA ISOLANTE 5MX19MM		4.00	UTILIDADES	7890055000970	1.000	NULL
9880	PINCEL TRINCHA 1.1/2 POLEGADA		8.00	UTILIDADES	7890055001052	1.000	NULL
9881	SABONETEIRA C/ VENTOSA		7.00	UTILIDADES	7890055003285	1.000	NULL
9882	PINO DE PANELA C/2		3.00	UTILIDADES	7890055000932	1.000	NULL
9883	DUREX C/2		3.00	PAPELARIA	7890055000826	1.000	NULL
9884	TESOURA N10 		20.00	PAPELARIA	7898623340770	1.000	NULL
9885	TESOURA N5		8.00	PAPELARIA	7898623342286	1.000	NULL
9886	elastico  com 2 metros		3.00	utilidades	7890055003520	1.000	NULL
9887	coador de pano  arame m		6.00	utilidades	7890055002783	1.000	NULL
9888	PANO DE PRATO COLORIDO 		5.00	UTILIDADES	7898971372072	1.000	NULL
9889	JOGO DE QUARTO APOLO - 3 PÇS		130.00	UTILIDADES	7898942820069	1.000	NULL
9890	JOGO DE BANHEIRO MULTICOLOR		40.00	UTILIDADES	7899632316909	1.000	NULL
9891	JOGO DE COZINHA MULTICOLOR		45.00	UTILIDADES	7899632316916	1.000	NULL
9892	JOGO DE COZINHA MULTICOLOR		45.00	UTILIDADES	9892	1.000	NULL
9893	TOALHA DE BANHO CLASSIC LISA		40.00	UTILIDADES	7898026721961	1.000	NULL
9896	FLANELA LARANJA		4.00	UTILIDADES	040232808777	1.000	NULL
9897	TOALHA DE ROSTO LISA		12.00	UTILIDADES	7898026720483	1.000	NULL
9898	TOALHA DE ROSTO NAPOLIS		20.00	CAMA, MESA E BANHO	7898026725037	1.000	NULL
9899	TOALHA DE ROSTO ALLEGRA		20.00	CAMA, MESA E BANHO	7898026723507	1.000	NULL
9900	TOALHA DE MESA REDONDA OXFORD		35.00	COZINHA	040232801006	1.000	NULL
9901	PANO DE PRATO 0,40X0,68M		8.00	UTILIDADES	7898971372034	1.000	NULL
9902	GLITTER AZUL GRANDE		4.00	BRINQUEDOS	9902	1.000	NULL
9903	TOALHA DE MESA DE 6 CADEIRAS  POLISTER		40.00	CAMA,MESA,BANHO	7898054631867	1.000	NULL
9904	TOALHA TERMICA EMBALADA SOFFICE		35.00	UTILIDADES	9904	1.000	NULL
9905	DISCO DE ALFINETES COLORIDOS		4.00	UTILIDADES	7890055000765	1.000	NULL
9906	FITA ADESIVA 12MMX40M 		4.00	PAPELARIA	7890055000819	1.000	NULL
9907	SACA ROLHA 		4.00	UTILIDADES	7890055000840	1.000	NULL
9908	TESOURA N7 RB		10.00	PAPELARIA	7890055002523	1.000	NULL
9909	TESOURA USO GERAL		15.00	PAPELARIA	7890055002530	1.000	NULL
9910	AGULHEIRO NEEDLES		4.00	UTILIDADES	7890055002714	1.000	NULL
9911	BUCHA BANHO MEDIA		8.00	UTILIDADES	7890055002660	1.000	NULL
9912	PESO P/ PANELA DE PRESSÃO		10.00	UTILIDADES	7890055001991	1.000	NULL
9913	SOMBRINHA PEQUENA		20.00	UTILIDADES	7891055105658	1.000	NULL
9914	CADERNO 		25.00	PAPELARIA	7891027147273	1.000	NULL
9915	2 LIXA BANANA,1 PALITO		5.00	BELEZA	7890055000406	1.000	NULL
9916	BUCHA VEGETAL   GRANDE  DUDA		10.00	UTILIDADES	7890055002646	1.000	NULL
9917	KIT DE CABIDES C/10 UNID		16.00	UTILIDADES	9917	1.000	NULL
9918	PAPEL DE PRESENTE GABIVIVI C/3		7.00	Geral	0602883877931	1.000	NULL
9919	BATERIA 9V ALFACELL		15.00	ELETRONICOS	7899386518000	1.000	NULL
9920	FITA SILVER TAPE		0.00	REPARO	9920	1.000	NULL
9921	mini brinquedos kit festa		2.50	descartavel	7898663781878	1.000	NULL
9922	prato  descartável 15 cm branco		3.00	kit festa	7898914057028	1.000	NULL
9923	prato festa 15 cm vermelho		3.00	kit festa	7898914057318	1.000	NULL
9924	prato festa 15 cm amarelo		3.00	kit festa	7898914057042	1.000	NULL
9925	prato festa 15 cm verde		3.00	kit festa	7898947990996	1.000	NULL
9926	prato festa verde escuro		3.00	kit festa	7898914057301	1.000	NULL
9927	prato festa azul claro		3.00	kit festa	7898914057813	1.000	NULL
9928	prato festa 15 cm preto		3.00	kit festa	7898914057806	1.000	NULL
9929	mochila infantil promoção		50.00	escolar	7893788617194	1.000	NULL
9930	filtro de papel 102 suprático		4.00	utilidade	7898953979190	1.000	NULL
9931	mola maluca		6.00	brinquedos	736372493248	1.000	NULL
9932	cola  tek bond		5.00	utilidades	7898472255898	1.000	NULL
9933	palito de sorvete com 20		3.00	kit festa	7898663781779	1.000	NULL
9934	bateria 2032   br 55		5.00	utilidade	7898941172206	1.000	NULL
9935	estalos real		2.00	brinquedos	7898066302755	1.000	NULL
9936	FILMEPVC EM ROLO		8.50	UTILIDADES	7898953979336	1.000	NULL
9937	VELA ESTRELA ROSA		3.00	KIT FESTA	7898176832548	1.000	NULL
9938	VELA ESTRELA  ROSA 5		3.00	KIT FESTA	7898176832548	1.000	NULL
9939	COPO AZUL C 10		2.50	KIT FESTA	7898663780086	1.000	NULL
9940	COPO ROSA C 10		2.50	KIT FESTA	7898663780086	1.000	NULL
9941	COPO VERMELHO C 10		2.50	KIT FESTA	7898663780086	1.000	NULL
9942	GARRAFA DE CAFÉ ALADIM 1 LITRO		50.00	UTILIDADE	7891108020594	1.000	NULL
9943	VELA ESTRELA ROSA		3.00	KIT FESTA	7898176832548	1.000	NULL
9944	VELA ESTRELA 		3.00	KIT FESTA	7898176832548	1.000	NULL
9945	VELA ESTRELA AZUL		3.00	KIT FESTA	7898176832548	1.000	NULL
9946	VELA ESTRELA AZUL		3.00	KIT FESTA	7898176832548	1.000	NULL
9947	VELA ESTRELA ROSA		3.00	KIT FESTA	7898176832548	1.000	NULL
9948	cola super bond		5.00	utilidade	7898904869044	1.000	NULL
9949	chinelo ipanema  glow ad		30.00	utilidades	7900204609395	1.000	NULL
9950	CHINELO MORMAII		40.00	CHINELOS	7900204266567	1.000	NULL
9951	copo decartável  180 ml  vitalform		7.00	descartavel	7898912338525	1.000	NULL
9952	BUCHA VEGETAL FINA		5.00	UTILIDADES	7890055002622	1.000	NULL
9953	PASTA VERDE		5.00	PAPELARIA	7897237364127	1.000	NULL
9954	COLHER DE MADEIRA GIGANTE		15.00	UTILIDADES	9954	1.000	NULL
9955	TOALHA ROSTO ACONCHEGO BRANCO		15.00	UTILIDADES	7898026728922	1.000	NULL
9956	pano de copa		0.00	utilidade	9956	1.000	NULL
9957	prato promoçao		0.00	vidro	7894993944600	1.000	NULL
9958	elastico super rubber bands		3.00	escritório	7898917640074	1.000	NULL
9959	elastico		3.00	escritório	7898917640074	1.000	NULL
9960	CAIXA DE SOM		85.00	ELETRONICOS	X004YVWXPR	1.000	NULL
9961	CESTA DO DIA DAS MÃES		155.00	PRESENTES	9961	1.000	NULL
9962	BOBBIE GOODS		30.00	PAPELARIA	7892159631081	1.000	NULL
9963	BALAO PRATA 9" METALIZADO		12.00	FESTA	7908070409682	1.000	NULL
9964	SPRAY DE CABELO AZUL CLARO		15.00	UTILIDADES	7908609015490	1.000	NULL
9965	GARRAFINHA PRETA		20.00	UTILIDADES	7896103474519	1.000	NULL
9966	CARRINHO HOTWHEELS		15.00	BRINQUEDOS	7899831162427	1.000	NULL
9967	JOGO DE FACAS C 4		20.00	COZINHA	B09XFD2YMF	1.000	NULL
9968	JOGO DE FACAS C 4		55.00	COZINHA	B09XFD2YMF	1.000	NULL
9969	CAPA DE CHUVA  EVA		25.00	UTILIDADES	6977645150015	1.000	NULL
9970	CABO DE AIR FONE 2 MT H MASTER		30.00	ELETRONICO	7908657615550	1.000	NULL
9971	MOCHILA DINOSSAURO		70.00	MOCHILAS	7909686743429	1.000	NULL
9972	ISQUEIRO BIC GRANDE		8.00	UTILIDADES	070330909229	1.000	NULL
9973	PRENDEDOR DE PLASTICO C 12		7.00	LIMPESA	7898919089277	1.000	NULL
9974	tapete de 10		10.00	utilidades	78901198920142	1.000	NULL
9975	CHINELO INFANTIL MASCULINO		30.00	CHINELOS	9975	1.000	NULL
9976	CAIXA DE PRESENTE LUXO		25.00	UTILIDADE	7897220903562	1.000	NULL
9977	garrafa de geladeira  2 litros transparente		7.00	plastico	7895099930696	1.000	NULL
9978	garrafa de geladeira 1,75 ml		8.50	plastico	7895099932027	1.000	NULL
9979	pote panamby liso 3,6 l		20.00	plastico	7908342105144	1.000	NULL
9980	lixeira  ratan  4 litros		15.00	PLASTICOS	7899809003434	1.000	NULL
9981	JOGO DE XICARAS TRANSPARENTE  225 ML		35.00	VIDROS	7898745131805	1.000	NULL
9982	PORTA  ESCOVA DE DENTE. PASTA RATAM		12.00	BANHO	7898036700420	1.000	NULL
9983	cesta dia das maes		130.00	presentes	9983	1.000	NULL
9984	cesta dia da maes		150.00	presente	9984	1.000	NULL
9985	bola vinil colorida		8.00	brinquedos	7898043910881	1.000	NULL
9986	CHALEIRA ELETRICA		80.00	UTILIDADES	7898461964534	1.000	NULL
9987	GARRAFA TERMICA		80.00	UTILIDADES	X004VF6Q6X	1.000	NULL
9988	GARRAFA TERMICA		80.00	UTILIDADES	X004ZM31ZV	1.000	NULL
9989	FITA ADESIVA		2.00	PAPELARIA	7898225140044	1.000	NULL
9990	CESTA DIA  DAS MAES		100.00	PRESENTE	9990	1.000	NULL
9991	LAÇO PRATEADO ORGANZA GRANDE		5.00	PRESENTES	9991	1.000	NULL
9992	PANELA ALUMINIO  CARMAGO N 24		55.00	ALUMINIO	7898917307106	4.000	NULL
9993	cesto de roupas  tecido		50.00	utilidades	X004I5A0DL	1.000	NULL
9994	BALDE 7L PRETO		7.50	UTILIDADES	7898972314309	1.000	NULL
9995	CESTO RATTAN 50L SORTIDO		65.00	UTILIDADES	7898036732018	1.000	NULL
9996	CHINELO HAVAIANAS FEM INFANTIL		25.00	CHINELOS	9996	1.000	NULL
9997	PORTA DETERGENTE BRANCO C/TELINHA		12.00	UTILIDADES	7896779611645	1.000	NULL
9998	PORTA DETERGENTE BRANCO C/TELINHA		0.00	UTILIDADES	9998	1.000	NULL
9999	PORTA DETERGENTE COM TELINHA PRETO		12.00	UTILIDADES	7896779611676	1.000	NULL
10000	JOGO DE CAMA  QUEN  4 PEÇAS		130.00	CAMA,MESA,BANHO	7988383957610	1.000	NULL
10001	COPO KIDS CAPIVARA ROSA 		12.00	UTILIDADES	7897659619119	1.000	NULL
10002	SUBSTRATO P/PLANTAS 5KG		8.00	JARDINAGEM	7896174310037	1.000	NULL
10003	SUBSTRATO P/PLANTAS 4KG		6.00	JARDINAGEM	7896174310020	1.000	NULL
10004	KIT DE PIA  DECORADO		14.00	UTILIDADES	7898273800884	1.000	NULL
10005	ESCORREDOR DE MASSA  COLORS  PLASNEW		8.80	UTILIDADES	7897848700918	1.000	NULL
10006	COLORINDO		6.00	BRINQUEDOS	7898359170047	1.000	NULL
10007	JOGO DE CAMA SOLTEIRO 4PÇS		80.00	UTILIDADES	7908383957597	1.000	NULL
10008	JOGO DE CAMA CASAL 4PÇS		100.00	UTILIDADES	7908383957603	1.000	NULL
10010	ESPONJA DE AÇO  TODO DIA		3.00	UTILIDADES	7898631222709	1.000	NULL
10011	SACO TRASNPARENTE PP		0.30	UTILIDADES	10011	1.000	NULL
10012	farinheiro transṕarente 500 ml		4.50	utilidades	7898972314361	1.000	NULL
10013	cesto telado  ratam  50 l		65.00	utilidades	7898036732018	3.000	NULL
10014	MUSGO		9.00	JARDINAGEM	10014	1.000	NULL
10015	FIBRAXIM P/PLANTAS		4.00	JARDINAGEM	2000000567044	1.000	NULL
10016	HUMUS DE MINHOCA		4.50	JARDINAGEM	2000000567013	1.000	NULL
10017	ESTERCO DE CURRAL		18.00	JARDINAGEM	7891507858240	1.000	NULL
10018	PING PONG		15.00	BRINQUEDOS	7898945881210	1.000	NULL
10019	PULVERIZADOR VERONEZ		9.00	UTILIDADES	0606529489557	1.000	NULL
10020	SACOLA DE PRESENTE PAPELAO		8.00	PRESENTES	10020	1.000	NULL
10021	TOALHA DE MESA		12.00	UTILIDADES	10021	1.000	NULL
10022	POTE PEQUENO REDONDO		7.00	UTILIDADES	10022	1.000	NULL
10023	FONE BLUETOOTH UNICO		20.00	ELETRONICOS	10023	1.000	NULL
10024	BONECA  SEREIA 		30.00	BRINQUEDOS	7898624605311	1.000	NULL
10025	VASO  DE PAREDE  G		7.00	JARDINAGEM	7898653551238	1.000	NULL
10026	VASO DE PAREDE M PRETO		4.50	JARDINAGEM	7898653550804	1.000	NULL
10027	VASO DE PAREDE  400 ML		2.00	JARDINAGEM	7898653550507	1.000	NULL
10028	VASSOURA CANTONEIRA  BRUBA LAR		16.00	UTILIDADES	7898311540338	1.000	NULL
10029	CAVALINHO DE MADEIRA		13.00	BRINQUEDOS	7898945881111	1.000	NULL
10030	KIT DE POTES REDONDO C 2 G TRASP.		6.03	PLASTICO	7898502719000	1.000	NULL
10031	KIT DE AGULHAS		4.00	UTILIDADES	7898955079843	1.000	NULL
10032	SOMBRINHA PRETA		35.00	UTILIDADES	6931627000842	1.000	NULL
10033	CABO IPHONE		30.00	ELETRONICOS	7908657615543	1.000	NULL
10034	FITA ADESIVA EUROCELL		9.00	PAPELARIA	7899320347291	1.000	NULL
10035	BEXIGA FOLIA 30 UNID		10.00	FESTA	7898055156246	1.000	NULL
10036	TAPETE PEQUENO		7.00	UTILIDADES	10036	1.000	NULL
10037	GARRAFA ALUMINIO VERMELHA		50.00	UTILIDADES	10037	1.000	NULL
10038	GARRAFA DE ALUMINIO PRETA		50.00	UTILIDADES	10038	1.000	NULL
10039	PILAO DE MADEIRA 8X6CM		15.00	UTILIDADES	7896489400065	1.000	NULL
10040	CAMISA DA COPA		20.00	UTILIDADES	10040	1.000	NULL
10041	toalha  social		4.00	pano	7898695590134	1.000	NULL
10042	conjunto de limpesa c acessórios brinquedos		25.00	brinquedos	7899956899775	1.000	NULL
10043	jogo da memória		20.00	brinquedos	7899763214082	1.000	NULL
10044	kit móveis		75.00	brinquedos	7908341602446	1.000	NULL
10045	miçangas joalheria  arktoys		40.00	brinquedos	7899763207299	1.000	NULL
10046	jogo  forma pong   arktoys		30.00	brinquedos	7899763210251	1.000	NULL
10047	organizador de 30 ovos  arqplast		25.00	plastico	7908439806954	1.000	NULL
10048	skate de dedo		15.00	brinquedos	7899605701343	1.000	NULL
10049	skate de dedo		15.00	brinquedos	7899605701343	1.000	NULL
10050	kit jardim   hong jia  bao		38.00	brinquedos	7899605735393	1.000	NULL
10051	 kit  roda  gigante		35.00	brinquedos	7899763214457	1.000	NULL
10052	powerblade arktoys		30.00	brinquedos	7899763205561	1.000	NULL
10053	kit casa  house beauty		20.00	brinquedos	7899605722072	1.000	NULL
10054	kit cozinha  folia imports		22.00	brinquedos	7908341614753	1.000	NULL
10055	kit beleza  angel		20.00	brinquedos	7908341614487	1.000	NULL
10056	kit beleza    garota linda  folia  imports		20.00	brinquedos	7908341614500	1.000	NULL
10057	parque de diversões  folia imports		26.00	brinquedos	7908341607021	1.000	NULL
10058	conjunto de médico    doctor kids 		20.00	brinquedos	7899956899829	1.000	NULL
10059	cozinha de plastico  pizza		20.00	brinquedos	7898505909033	1.000	NULL
10060	kit cozinha mestre cuca		22.00	brinquedos	7908341610885	1.000	NULL
10061	kit cozinha mestre cuca		22.00	brinquedos	10061	1.000	NULL
10062	ark game  jogo da velha		22.00	brinquedos	7899763203970	1.000	NULL
10063	lousa mágica grande 		40.00	brinquedos	7899763209590	1.000	NULL
10064	kit futebol  lançador   ark toys		40.00	brinquedos	7899763212422	1.000	NULL
10065	kit beleza  kit biju 62 peças		15.00	brinquiedos	7908341608196	1.000	NULL
10066	kit beleza  kit biju 62 peças		15.00	brinquedos	10066	1.000	NULL
10067	sorveteria 		35.00	brinquedos	7899763214464	1.000	NULL
10068	cubo educativo creative		35.00	jogo brinquedos	7899763213603	1.000	NULL
10069	kit ferramenta  11 peças		45.00	brinquedos	7908341602163	1.000	NULL
10070	kit beleza  beaut set    hao yang toys		40.00	brinquedos	7899605745415	1.000	NULL
10071	pistola de dardos		45.00	brinquedos	7908341608035	1.000	NULL
10072	brinquedo de madeira 		35.00	jogo brinquedos	7899763212651	1.000	NULL
10073	panela de pressão  panelux 4.l e meio		75.00	aluminio	7898147771029	1.000	NULL
10074	kit cozinha  dishate set		20.00	brinquedos	7899605714244	1.000	NULL
10075	quebra cabeça  48 peças 		10.00	brinquedos	7899605786302	1.000	NULL
10076	creative  block		45.00	brinquedos	7899763213924	1.000	NULL
10077	arco e flecha  brinquedos		20.00	brinquedos	7899605721082	1.000	NULL
10078	kit beleza  fashion beads		30.00	brinquedod	7908341614425	1.000	NULL
10079	pistola de água    toys 		25.00	brinquedos	7908341605782	1.000	NULL
10080	kit animais da fazenda		17.00	brinquedo	7897070232713	1.000	NULL
10081	grampo avulso		0.00	papelaria	10081	1.000	NULL
10082	bola  colorida		10.00	brinquedos	7892023000036	1.000	NULL
10083	touca descartãvel solta		2.00	utilidades	10083	1.000	NULL
10084	CHAVEIRO CAPIVARA		15.00	UTILIDADES	10084	1.000	NULL
10085	VELA ESTRELAR		4.00	FESTA	7897991607850	1.000	NULL
10086	kit de utencilios  silicone		60.00	utilidades	10086	1.000	NULL
10087	bolsinha de moedas m		7.00	utilidades	10087	1.000	NULL
10088	CAMISETAS DO BRASIL		20.00	UTILIDADES	365000250365	1.000	NULL
10089	COBERTOR LONDON CASAL CORTEX		100.00	CAMA, MESA E BANHO	7908383959300	1.000	NULL
10090	TAPETE DE SALA		150.00	UTILIDADES	7908383912824	1.000	NULL
10091	COBERDROM FLANNEL LISO 2,20X2,40		270.00	UTILIDADES	7891371770318	1.000	NULL
10092	COBERDROM SONHARE	DUPLA FACE COM SHERPA	350.00	UTILIDADES	7891371772916	1.000	NULL
10093	TOUCA FEM DE LÃ		25.00	UTILIDADES	782026010279	1.000	NULL
10094	MAGIC SMILE COM BONECO		20.00	BRINQUEDO	7898831162380	1.000	NULL
10095	SLAIME   CRISTAL MUD  COM BRINQUEDOS		20.00	BRINQUEDO	7899899735475	1.000	NULL
