item_id	name	category	unit_price
2	CAIXA ORGANIZADOR UNIJET 20 LITROS TRANSPARENTE	Geral	30.00
3	cabo de transmissão  audio e video  timbomdom	Geral	8.00
4	FILTRO PERMANENTE PRA CAFÉ 103	UTILIDADES	6.00
5	KIT TOP HEROES  HOMEN ARANHA	Geral	30.00
6	squeeze ditoy  1 litro	PLASTICOS	16.00
7	SWEEZE  ROSA 1 LITRO	UTILIDADES	5.00
8	tips   trasparente	Geral	15.00
9	banho maria 4x1 grafite	COZINHA	82.00
10	cesta de palha media n20	Geral	30.00
11	CESTO FECHADO  97 LITROS	UTILIDADES	73.00
12	CHAVEIRO STITI	Geral	15.00
13	compasso escolar  metal silver	ESCOLAR	15.00
14	copo   WHEATON   avulso	VIDROS	2.50
15	e. v;a  amarelo	Geral	3.00
16	foram de pizza n 3	COZINHA	24.00
17	humos de minhoca	Geral	4.50
18	kit diver massa	Geral	20.00
19	kit saco de presente 45x57 mas laço	kit FESTA	6.00
20	MOCHILA ORDINARY UNIQUE  SORTIDA STIST C ESTOJO	Geral	70.00
21	numéros	kit FESTA	8.00
22	ORGANIZADORA DE 3 CESTOS PRETA ARQPLAST	COZINHA	36.00
23	PALETA SOMBRAS E BATON TEEM	Geral	20.00
24	pequeno	Geral	10.00
25	vaso cuia 31 preto  GRANDE	UTILIDADES	15.00
26	vaso de parede   tabaco	Geral	12.00
27	.	Geral	5.00
28	.	Geral	10.00
29	.	Geral	82.00
30	]	Geral	40.00
31	´regua	Geral	2.00
32	049774018293	Geral	15.00
33	1 METRO DE ELÁSTICO	Geral	2.00
34	1 METRO DE ELÁSTICO 15mm	UTILIDADES	2.00
35	1 METRO DE ELÁSTICO REAL	UTILIDADES	1.00
36	1 METRO DE TNT AMARELO	Geral	4.00
37	1 METRO DE TNT MARROM	Geral	4.00
38	1 METRO DE TNT MARROM	Geral	4.50
39	1 METRO DE TNT PRETO	Geral	4.00
40	1 METRO DE TNT ROSA	Geral	5.00
41	1 METRO DE TNT VERDE ESCURO	PAPELARIA	4.00
42	1 METRO DE TNT VERMELHO	Geral	4.00
43	2 PILHA	Geral	4.00
44	2 POTES QUAD. GRANDES ERCA 1300ML	PLASTICOS	8.50
45	2 POTES REDONDOS GG 1,5L	PLASTICOS	8.50
46	2 POTES RETANGULARES GRANDES ERCA PLAST	PLASTICOS	8.50
47	3 POTES REDONDOS PMG ERCA PLAST	PLASTICOS	8.50
48	4 CARRINHOS COLORIDOS	BRINQUEDOS	20.00
49	4 CARRINHOS DE FERRO	BRINQUEDOS	40.00
50	4 CARRINHOS DE FERRO ROSA	BRINQUEDOS	40.00
51	4 POTES QUADRADOS LEITOSO ERCA PLAST	PLASTICOS	7.50
52	4 POTES QUADRADOS TRANSPARENTE ERCA PLAST	PLASTICOS	7.50
53	4 POTES REDONDO MINI	Geral	6.00
54	5555555555555555555555555555555555555555555555555555555555555555	Geral	999999.99
55	7891240036729	Geral	999999.99
56	7897848700185	Geral	1.00
57	7898610101650	Geral	999999.99
58	7898918965145	Geral	5.50
59	7898936774170	Geral	7.80
60	7898994125914	Geral	6.00
61	790843980403	Geral	15.00
62	8	Geral	28.50
63	a largador	Geral	4.00
64	abajour de tomada sapo	Geral	12.00
65	abajour nuvem	Geral	9.00
66	ABAJUR DE TOMADA	UTILIDADES	8.50
67	ABAJUR DE TOMADA MAXMIDIA BIVOLT	Geral	12.00
68	ABRAÇADEIRA DE MANGUEIRA	Geral	3.00
69	ABRIDOR DE GARRAFA	UTILIDADES	7.50
70	ABRIDOR DE GARRAFAS	UTILIDADES	5.50
71	ABRIDOR DE LATA	UTILIDADES	4.00
72	ABRIDOR DE LATA	Geral	3.00
73	ABRIDOR DE TAMPA P/ GARRAFÃO	UTILIDADES	10.00
74	ACENDEDOR DE FOGÃO	UTILIDADES	8.50
75	acendedor de fogão	COZINHA	10.00
76	ACENDEDOR DE FOGÃO	UTILIDADES	12.00
77	ACENDEDOR DE FOGÃO	COZINHA	9.80
78	ACENDEDOR DE FOGÃO ART HOUSE	UTILIDADES	9.00
79	ACENDEDOR DE FOGÃO L&T UTILIDADES	Geral	12.00
80	ACENDEDOR DE FOGÃO LUME	UTILIDADES	10.70
81	ACENDEDOR DE FOGÃO LUZ ELITE	UTILIDADES	15.00
82	ACETONA BEIRA ALTA	COSMÉTICOS	3.50
83	ACETONA ZULU	COSMÉTICOS	5.00
84	aco de presente  natal 20x30	Geral	3.00
85	ACRESCIMO	Geral	1.00
86	AÇUCAREIRO	UTILIDADES	5.00
87	AÇUCAREIRO	UTILIDADES	8.50
88	AÇUCAREIRO ACRILICO	Geral	6.00
89	AÇUCAREIRO FARINHEIRO 600 ML	Geral	5.00
90	AÇUCAREIRO JOY 1,05L - SHINE	UTILIDADES	8.50
91	AÇUCAREIRO TRASPARENTE PLASMONT	UTILIDADES	4.50
92	ADAPTADOR AC PRETO	Geral	10.00
93	ADAPTADOR DE TOMADA 20A	Geral	7.00
94	adaptador t	Geral	7.00
95	ADAPTADOR USB 10W	ELETRÔNICOS E ACESSÓRIOS	25.00
96	ADAPTADOR USB BRANCO	Geral	10.00
97	ADAPTADOR USB BRANCO P/CARRO	Geral	5.00
98	ADAPTADOR USB BRANCO P/TOMADA	Geral	10.00
99	ADAPTADOR USB PRETO P/CARRO	Geral	10.00
100	ADESIVO DE PRESENTE	Geral	0.50
101	adesivo de unha	Geral	15.00
102	ADESIVO DE UNHA	Geral	2.00
103	adesivo escolar	Geral	5.00
104	ADESIVO GRANDE infantil persongens	Geral	5.00
105	adesivo persornagens	Geral	5.00
106	ADESIVOS DE UNHA KING	UTILIDADES	2.00
107	ADESIVOS DE UNHA NAIL	Geral	3.00
108	ADESIVOS P/ POR NO CADERNO	Geral	2.00
109	ADESIVOS P/ POR NO CADERNO C/6	Geral	1.50
110	ADUBO DE CURRAL	Geral	3.50
111	advenges	Geral	86.00
112	AFIADOR DE FACAS	COZINHA	25.00
113	AFIADOR DE FACAS	Geral	25.00
114	AFIADOR DE FACAS PRATIC ROLLER	UTILIDADES	24.00
115	agenda	Geral	5.00
116	AGENDA  LOVE	Geral	15.00
117	agenda  stitch bob grud	Geral	50.00
118	AGENDA 2026	Geral	30.00
119	AGENDA 2026	Geral	30.00
120	AGENDA 2026	Geral	30.00
121	AGENDA 2026	Geral	30.00
122	AGENDA 2026	Geral	30.00
123	agenda de 20	Geral	20.00
124	agenda escolar	Geral	15.00
125	AGENDA ESCOLAR	Geral	15.00
126	agenda escolar sortida	Geral	15.00
127	agenda grande	Geral	25.00
128	AGENDA PEQUENA	PAPELARIA	10.00
129	AGENDA PERMANENTE C/ 120 PGS 114X160MM	PAPELARIA	12.00
130	AGENDINHA ALCE ABYARA	PAPELARIA	7.00
131	AGENDINHA CORUJA	PAPELARIA	15.00
132	AGENDINHA DE EMOJIS	PAPELARIA	15.00
133	AGENDINHA FASHION	PAPELARIA	15.00
134	AGENDINHA PRINCESAS	PAPELARIA	15.00
135	AGENDINHA TOME NOTA CREDEAL	PAPELARIA	4.80
136	ÁGUA SANITÁRIA CONDE CLORO ATIVO	LIMPEZA	3.00
137	ÁGUA SANITÁRIA OLIMPO 1L CLORO ATIVO	Geral	3.00
138	AGUA SANITARIA SUPREMA	Geral	3.50
139	agulha avulsa	Geral	2.00
140	AGULHA DE COSTURA	Geral	2.00
141	AGULHA DE COSTURA	Geral	1.00
142	AGULHA DE FOGAO	UTILIDADES	2.00
143	agulha de fogão	Geral	1.00
144	AGULHA DE MAQUINA DE COSTURA	Geral	1.00
145	AGULHA DE MAQUINA DE COSTURA	Geral	2.00
146	AGULHA SOLTA	Geral	2.00
147	AGULHA XH	Geral	3.00
148	AGULHAS DE COSTURA	UTILIDADES	2.18
149	AGULHEIRO KIT	UTILIDADES	2.00
150	AGULHEIRO MAIS LINHA	Geral	4.00
151	AIR FRYER  CADENCE	Geral	200.00
152	AIR FRYER 3L CADENCE	Geral	350.00
153	airdotspro	Geral	60.00
154	AIRPLANE SUPER FLAY	BRINQUEDOS	15.00
155	ALARGADOR	Geral	3.00
156	ALARM CLOCK	Geral	25.00
157	ALARM CLOCK	Geral	13.00
158	alarme	Geral	12.00
159	ALBUM DA COPA	Geral	18.00
160	ALBUM DA COPA	BRINQUEDOS	18.00
161	ALCOOL + BICARBONATO ZULU	LIMPEZA	6.50
162	ALCOOL GEL  60 ML	Geral	8.75
163	alfinete grande	Geral	0.50
164	ALFINETES SOLTOS	Geral	1.00
165	ALGODÃO BOLA  USE	Geral	3.00
166	ALGODÃO USE 20 GR	UTILIDADES	3.00
167	ALIANÇA	Geral	8.00
168	ALIANÇA	Geral	10.00
169	alicate  mundial de pé	Geral	50.00
170	ALICATE DE  CUTICULAS INOX	Geral	15.00
171	alicate de unha	Geral	15.00
172	ALICATE DE UNHA	Geral	12.00
173	ALICATE DE UNHA	Geral	12.00
174	alicate de unha	Geral	15.00
175	ALICATE DE UNHA MONDIAL 777	Geral	40.00
176	ALICATE DE UNHA MONDIAL PLASTICO	Geral	15.00
177	alicate de unha mundial 722	Geral	45.00
178	ALICATE DE UNHA MUNDIAL 748-S	UTILIDADES	15.00
179	ALICATE DE UNHA MUNDIAL SANDY	UTILIDADES	15.00
180	ALICATE DE UNHAS LICE	UTILIDADES	20.00
181	alicate lice	Geral	15.00
182	ALICATE MERHEJE	Geral	16.00
183	ALICATE MERHEJE	Geral	16.00
184	ALICATE MERHEJE SUPER	Geral	16.00
185	ALICATE MONDIAL  PONTO VERMELHO	Geral	15.00
186	ALICATE MONDIAL PRETO	Geral	15.00
187	alicate mudial	Geral	30.00
188	alicate mundial  style	Geral	15.00
189	ALICATE MUNDIAL 522 INOX PROFISSIONAL classic	UTILIDADES	30.00
190	ALICATE MUNDIAL PROFESSIONAL	UTILIDADES	40.00
191	ALICATE ORIGINAL LINE INOX	UTILIDADES	15.00
192	ALICATE STYLE MUNDIAL	UTILIDADES	15.00
193	alicate unha grande  aoyasiyue	Geral	7.00
194	ALMAÇO SEM PAUTA	Geral	0.50
195	almaçoc pauta	Geral	0.50
196	ALMOFADA	Geral	15.00
197	ALMOFADA MÃE	Geral	20.00
198	AMACIANTE DE ROUPAS URCA 2L	Geral	10.00
199	AMACIANTE DE ROUPAS URCA AZUL	Geral	10.00
200	AMACIANTE DE ROUPAS YPÊ 2,7L	LIMPEZA	10.00
201	AMOEBA BRILHO	BRINQUEDOS	8.50
202	AMOEBA ORIGINAL 110G	BRINQUEDOS	10.00
203	AMOLADOR DE FACAS PROFISSIONAL	Geral	30.00
204	ANEL	Geral	10.00
205	ANIMAIS DA FLORESTA	BRINQUEDOS	40.00
206	ANIVERSARIO E.V.A	Geral	2.00
207	ANTENA DIGITAL	Geral	40.00
208	ANTENA DIGITAL	ACESSÓRIOS (MODA)	40.00
209	antena digital de tv newton	Geral	40.00
210	antena digital hdtv	Geral	45.00
211	ANTENA HDTV DIGITAL	ELETRÔNICOS E ACESSÓRIOS	40.00
212	aparador de pelos eletrico	Geral	25.00
213	APARELHO DE BARBEAR	UTILIDADES	10.00
214	aparelho de barbear  metal	Geral	10.00
215	aparelho de barbear inox	UTILIDADES	8.00
216	APARELHO DE BARBEAR INOX ORIGINAL LINE	UTILIDADES	7.00
217	APARELHO DE JANTAR C/20 PÇS CRYSTAL	Geral	150.00
218	APARELHO DE JANTAR DURALEX	Geral	60.00
219	apito juiz festa	Geral	2.00
220	APITO TREM	Geral	2.00
221	APONTADOR	PAPELARIA	2.50
222	apontador  star lux	Geral	3.00
223	APONTADOR 0757	Geral	5.00
224	APONTADOR AMARELO	Geral	3.00
225	APONTADOR BICHOS	Geral	7.00
226	apontador de ursinhos colors	Geral	5.00
227	APONTADOR DUPLO  IMPORTADO	Geral	7.00
228	apontador grande	Geral	4.00
229	APONTADOR GRANDE FULEJIA	Geral	7.00
230	APONTADOR LEO LEO	Geral	4.00
231	APONTADOR LEO LEO	Geral	5.00
232	APONTADOR LEO LEO GRANDE	Geral	2.80
233	APONTADOR MEDIO	Geral	2.00
234	APONTADOR PEQ	Geral	2.00
235	APONTADOR PEQ	PAPELARIA	3.00
236	APONTADOR REDONDO C/DEPOSITO	Geral	3.00
237	apontador redondo grande  sortido	PAPELARIA	3.00
238	APONTADOR STARSCHOOL PEQ	Geral	2.00
239	APRENDENDO O ALFABETO	Geral	21.00
240	aqua park judy	Geral	90.00
241	aquabalão	kit FESTA	12.00
242	ARCO E FLECHA    folia  imports	BRINQUEDOS	23.00
243	ARCO E FLECHA BRINQUEDO	BRINQUEDOS	20.00
244	ARCO E FLECHA C/5 ALTIMIX	BRINQUEDOS	35.00
245	ARCO E FLECHA MEDIO 5 PÇS	BRINQUEDOS	25.00
246	AREIA AMARELA	Geral	4.00
247	AREIA BRANCA	Geral	4.00
248	AREIA ROSA	Geral	4.00
249	AREIA VERMELHA	Geral	4.00
250	arejador de torneira	Geral	4.00
251	AREJADOR DE TORNEIRA	UTILIDADES	3.00
252	ARGILA   MODELAR	Geral	5.50
253	ARGILA EXPANDIDA	Geral	5.50
254	ARGILA EXPANDIDA 500g	JARDINAGEM	2.50
255	ARGILA EXPANDIDA TERRA BRASIL	Geral	4.00
256	argila massa	Geral	4.00
257	argolas brinco	Geral	3.00
258	ARGOLAS G	Geral	8.00
259	argolas medio	Geral	5.00
260	argolas p	Geral	4.00
261	ARMA DE AGUA	Geral	20.00
262	ARMA SHOOTING TIRO AO ALVO	BRINQUEDOS	20.00
263	ARMINHA  DE POLICIA DARDOS	Geral	20.00
264	ARMINHA D'AGUA	BRINQUEDOS	25.00
265	arminha de brinquedo	Geral	35.00
266	ARMINHA DE BRINQUEDO	Geral	50.00
267	ARMINHA PEQUENA AGUÁ	Geral	10.00
268	arqueiro medieval	Geral	30.00
269	ARQUINHO LAÇO	Geral	7.00
270	ARQUINHO SOLTO	Geral	4.00
271	arquinho sortido	Geral	3.00
272	ARRANJO GERBERA	Geral	25.00
273	ARRANJO GIRASSOL	Geral	20.00
274	ARRANJO GIRASSOL G	Geral	42.00
275	ARRANJO GIRASSOL GRANDE	Geral	42.00
276	asadeira retangular 01	ALUMINIO	18.00
277	ASPIRADOR NASAL	Geral	13.00
278	assadeeira alta n 2 aluminio brilho lar	ALUMINIO	23.00
279	ASSADEIRA   4 800 ML	Geral	40.00
280	assadeira  torta redonda n 30 mp	ALUMINIO	30.00
281	ASSADEIRA 2L N2	Geral	22.00
282	ASSADEIRA ALTA N 4 BRILHO LAR	Geral	37.00
283	ASSADEIRA ALTA POLIDA N3 3.6L	ALUMINIO	30.00
284	assadeira aluminio  mp n 2	Geral	22.00
285	ASSADEIRA ANTIADERENTE	Geral	57.00
286	ASSADEIRA CORAÇAO 03	Geral	37.00
287	ASSADEIRA DE ALUMÍNIO BRILHO LAR	COZINHA	23.00
288	ASSADEIRA DE ALUMINIO MP N 3	Geral	32.00
289	ASSADEIRA DE PAO 03	COZINHA	22.00
290	ASSADEIRA DE PUDIM REDONDA N 16	ALUMINIO	18.00
291	ASSADEIRA DE VIDRO MARINEX OPALINE	CERAMICAS, PORCELANATO	26.00
292	ASSADEIRA DESCARTÁVEL DE ALUMINIO	Geral	12.00
293	ASSADEIRA FUNDO FALSO	Geral	43.00
294	ASSADEIRA FUNDO FALSO	Geral	28.80
295	assadeira fundo falso n3	Geral	49.99
296	ASSADEIRA GRANDE OPALINE 1,4L	CERAMICAS, PORCELANATO	40.00
297	ASSADEIRA n 3 alta aluminio brilho lar	ALUMINIO	28.00
298	ASSADEIRA N5 ALTA POLIDA 6,9L	ALUMINIO	50.00
299	ASSADEIRA NACIONAL PÃO N°2	Geral	15.00
300	ASSADEIRA OBLONG N1 1,86L	Geral	40.00
301	ASSADEIRA OVAL MEDIA OPALINE 1L	CERAMICAS, PORCELANATO	30.00
302	ASSADEIRA PANEFLOR N 4	Geral	40.00
303	ASSADEIRA PAO 02 MP	COZINHA	18.00
304	ASSADEIRA PAO 03	Geral	21.50
305	ASSADEIRA PIZZA 35	Geral	27.50
306	ASSADEIRA POLIDA 4,8L	Geral	40.00
307	ASSADEIRA RET ALTA POLIDA N1	COZINHA	18.00
308	ASSADEIRA RETA LISA N°1	Geral	17.50
309	ASSADEIRA RETANGULAR 01	Geral	20.00
310	assadeira retangular 02	Geral	20.00
311	assadeira retangular 02	ALUMINIO	20.00
312	assadeira retangular 03	ALUMINIO	22.00
313	assadeira retangular 04	ALUMINIO	32.50
314	ASSADEIRA RETANGULAR 05	ALUMINIO	40.00
315	assadeira retangular 05	ALUMINIO	40.00
316	ASSADEIRA RETANGULAR 2,4 LTS	ALUMINIO	19.00
317	assadeira retangular 24x35 2,8LT	ALUMINIO	21.00
318	ASSADEIRA RETANGULAR 27X40 FOSCA - 4,2 L	ALUMINIO	23.00
319	ASSADEIRA RETANGULAR 4,2L	Geral	35.00
320	assadeira retangular 5 redar	ALUMINIO	40.00
321	ASSADEIRA RETANGULAR 8,5L	UTILIDADES	18.00
322	ASSADEIRA RETANGULAR ALTA N2	Geral	30.00
323	assadeira torta 22	Geral	20.00
324	ASSADEIRA TORTA 28	ALUMINIO	25.00
325	assadeira torta redonda n 35 mp	ALUMINIO	50.00
326	ASSENTO DE VASO BRANCO	UTILIDADES	30.00
327	ASSENTO SABI VERMELHO (MENDES CONFECÇÕES)	Geral	10.00
328	ASSENTO SANITARIO	Geral	25.00
329	ATLAS GEOGRÁFICO	PAPELARIA	3.50
330	AVCNGENS SERIES	Geral	120.00
331	avental  com bolso tecido estanpado	Geral	9.00
332	AVENTAL  NAPA	Geral	7.00
333	AVENTAL  SORTIDOS 0,45 X 0,60 CM	Geral	8.00
334	avental kim	Geral	9.00
335	AVENTAL KIM PANOS	CAMA, MESA E BANHO	5.00
336	AVENTAL KORINO	Geral	8.50
337	AVENTAL NAPA	UTILIDADES	5.00
338	AVENTAL P/ CHURRASQUEIRO 64X1,00M	UTILIDADES	16.00
339	AVENTAL SOFICE	Geral	7.00
340	AVIAÕ  PLANE	Geral	30.00
341	AVIAÕ  SUPER CAÇA	Geral	6.50
342	AVIÃO BS PLANE	BRINQUEDOS	40.00
343	AVIÃO DE BRINQUEDO	BRINQUEDOS	20.00
344	AVIÃO EXPLOTER TIME	Geral	70.00
345	AVIÃO FIGHITER COMANDO	BRINQUEDOS	35.00
346	AVIAO PEQUENO	BRINQUEDOS	7.00
347	BABADOR DE SILICONE SANREMO	Geral	20.00
348	baby babilina bambola	Geral	39.99
349	BABY CARRINHO	BRINQUEDOS	20.00
350	BABY CARRIOLA DE PRAIA	BRINQUEDOS	22.50
351	baby star	Geral	20.00
352	baby start cubo  mágico	Geral	55.00
353	bacia	Geral	85.00
354	BACIA  COLORS  25 LITROS  EURIBEL	Geral	25.00
355	BACIA 16 LITROS	UTILIDADES	16.00
356	BACIA 18 LITROS ARQPLAST	UTILIDADES	14.00
357	BACIA 20 L	Geral	22.00
358	BACIA 25 LITROS	Geral	23.00
359	BACIA 35 LTS	Geral	27.00
360	BACIA 4 LTS	UTILIDADES	4.00
361	BACIA 40 LTS VERDE ARQPLAST CANELADA	PLASTICOS	35.00
362	BACIA 45L	Geral	40.00
363	BACIA 6,5 COLORS	UTILIDADES	7.00
364	BACIA 6L RAE PLASTICOS	Geral	8.00
365	BACIA 80 LTS CANELADA EXTRA GIGANTE	PLASTICOS	55.00
366	BACIA 9 LITROS COLOR	PLASTICOS	7.00
367	BACIA C, TAMPA 2,8L   MB	Geral	10.00
368	BACIA C/TAMPA 250 ml	UTILIDADES	2.50
369	bacia canelada  3,2 l	Geral	7.00
370	BACIA CANELADA 1,8L - PURE	UTILIDADES	5.00
371	BACIA CANELADA 12 LTS ARQPLAST	UTILIDADES	10.00
372	BACIA CANELADA 12L	UTILIDADES	8.00
373	BACIA CANELADA 20L	UTILIDADES	22.00
374	bacia canelada 31 lt colors	COZINHA	28.00
375	BACIA CANELADA 6L	UTILIDADES	10.00
376	BACIA CANELADA COLOR 3 LTS	UTILIDADES	4.00
377	BACIA CANELADA COLOR 5,5 LTS	UTILIDADES	8.00
378	BACIA COM TAMPA 1,1L	UTILIDADES	7.00
379	BACIA COM TAMPA 2,8L	PLASTICOS	12.00
380	BACIA COM TAMPA 500 ML	UTILIDADES	4.00
381	BACIA DE 110 L	Geral	98.00
382	BACIA DE 35L PRETA	Geral	25.00
383	BACIA DE 50 L PRETA	UTILIDADES	37.00
384	BACIA DE 80 LITROS  SORTIDO	UTILIDADES	95.00
385	BACIA EXTRA  GIGANTE AZUL	Geral	95.00
386	BACIA EXTRA GIGANTE 80 LTS	Geral	45.00
387	BACIA FRISADA 15 LITROS	Geral	12.00
388	BACIA FRISADA 25 LTS	UTILIDADES	16.00
389	BACIA GIGANTE 28 LTS INPLAST	UTILIDADES	23.00
390	BACIA GIGANTE RECICLADA 30 LTS	PLASTICOS	17.90
391	BACIA GRANDE CANELADA 32 LTS	UTILIDADES	27.00
392	BACIA MULTICOLOR 40 LITROS	UTILIDADES	27.00
393	BACIA MULTIUSO 28 LITROS COLOR	UTILIDADES	18.00
394	BACIA PEDICURE	UTILIDADES	20.00
395	BACIA PEDICURE ARQPLAST   PRETO	UTILIDADES	8.50
396	BACIA PRETA 25 LTS	PLASTICOS	15.00
397	BACIA UNIPOP	Geral	12.00
398	BAÇÕES JOY PREMIUM ROSA C/50	Geral	7.50
399	BAILARINA PORTA-JOIAS	Geral	20.00
400	BALANÇA	Geral	30.00
401	BALANÇA	Geral	44.00
402	BALANÇA AZUL	Geral	40.00
403	BALANÇA DE COZINHA	Geral	40.00
404	BALANÇA DE COZINHA  DIGITAL PRECISION   10 KL	Geral	30.00
405	BALANÇA DE COZINHA  ORIGINAL	Geral	40.00
406	BALANÇA DE COZINHA 10KG	Geral	30.00
407	balança de precisão   cozinha	Geral	30.00
408	balanca digital	Geral	40.00
409	BALANÇA DIGITAL ALIMENTOS	Geral	49.80
410	BALANÇA DIGITAL CORPORAL	Geral	44.00
411	balança digital cozinha	Geral	49.80
412	BALANÇA DIGITAL ORIGINAL LINE 180KG	Geral	85.00
413	BALANÇA DIGITAL WELLMIX	Geral	40.00
414	BALANÇA PESSOAL DIGITAL	Geral	85.00
415	BALAO	Geral	3.00
416	BALAO	Geral	10.00
417	balão   joy neon n 9 sortido c 25	Geral	8.00
418	balão  6,5 rosa  claro  25 unid.	Geral	3.50
419	balão  amarelo n 7	Geral	10.00
420	balão  c 12  prata  cromado  numero 14	kit FESTA	23.00
421	balaõ  de 6,5 folia c 30 sortida	Geral	8.00
422	balão  dourado dourado n3	kit FESTA	8.00
423	balão  joy 6,5  preta	Geral	3.50
424	balão  joy c 50  terracota n 7	Geral	10.00
425	balão  n 7  lilas c 30	Geral	8.00
426	balão  ouro pequeno 40 cm n 1	kit FESTA	8.00
427	balão 2026 dourado prateado n 16	kit FESTA	20.00
428	BALÃO 6,5	Geral	3.50
429	BALÃO 6,5  SORTIDO	Geral	3.00
430	BALÃO AMARELO 6,5 C/20	Geral	4.00
431	BALÃO AZUL 6,5 C/20	Geral	4.00
432	balao azul 9	Geral	16.00
433	balão bege c 50 joy	Geral	7.50
434	BALÃO BIG IDEATEX 1 UNID	FESTA	8.00
435	BALÃO BRANCO 6,5 C/20	Geral	4.00
436	balão c 20 unid preto 6,5 folia	Geral	5.00
437	balão cromado joy c 25 sortido	Geral	16.00
438	balão de 6,5 branca  20 unidades	Geral	4.00
439	BALÃO DE CORAÇÃO	Geral	7.50
440	BALÃO DE NÚMEROS	FESTA	8.00
441	balão de numéros 40 cm	kit FESTA	8.00
442	balão dourado n4	kit FESTA	8.00
443	BALAO F. A PARABENS TAM 7	Geral	2.00
444	balão joy	Geral	7.50
445	balão joy  n 7    50	Geral	7.50
446	BALÃO JOY 6,5 LARANJA	kit FESTA	5.00
447	balão joy c 50  coral	Geral	10.00
448	balão joy c 50 marfim n 7 premium	Geral	7.50
449	balão joy n 7 ameixa c 50	Geral	7.50
450	balão joy n 7 premium  c 50 mostarda	Geral	7.50
451	balão joy n 7 premiun c 50 verde tifanny	Geral	10.00
452	BALÃO JOY N°14	FESTA	15.00
453	balão joy sortido candy c 25	Geral	8.00
454	balão joy sortido metalizado n 9 c 50	Geral	16.00
455	balão laranja 6,5	Geral	3.50
456	balão metalizado n 9 c 25 unidades   joy cor ouro	Geral	24.00
457	balão n 14 c 12 ouro cromado	kit FESTA	23.00
458	balão n 16 c 12 unid. joy   prata cromado	kit FESTA	25.00
459	balão n 2 dourado ouro pequeno 40 cm	kit FESTA	8.00
460	balao n 6 40 cm	Geral	5.00
461	BALÃO N 7 VERDE LIMÃO	Geral	7.50
462	balão n 9 c 25	kit FESTA	24.00
463	BALÃO N°5 75CM	Geral	8.00
464	BALÃO N°7 40CM	Geral	5.00
465	balão prata cromado n 9 c 25	kit FESTA	24.00
466	BALÃO PRETO 6,5 C/20	Geral	4.00
467	BALÃO ROSA 6,5 C/20	Geral	5.00
468	BALÃO ROSA N 9 COM 50	Geral	16.00
469	BALÃO ROSE N°7 50 UNID JOY	FESTA	7.50
470	balão roxo	Geral	3.00
471	BALÃO SORTIDO 6,5 C/20	Geral	4.00
472	balão sortido n 7 c 30	Geral	8.00
473	BALÃO SORTIDO N 9	Geral	16.00
474	balão verde bandeira n 7  50	Geral	10.00
475	balão verde escuro joy c 50	Geral	7.50
476	balao verde n 9  folia	Geral	16.00
477	BALÃO VERMELHO 6,5 C/20	Geral	4.00
478	balão vermelho n 6,5 c 25 unidades	Geral	3.00
479	balão vinho n 7 joy c 50	Geral	7.50
480	balcao	Geral	150.00
481	BALDÃO 97 LITROS	PLASTICOS	90.00
482	balde	Geral	90.00
483	balde	Geral	45.00
484	balde	Geral	15.70
485	balde	Geral	15.70
486	balde	Geral	7.60
487	BALDE   20 LITROS	Geral	15.00
488	balde  15 litros azul	Geral	15.00
489	BALDE 10 LITROS	UTILIDADES	12.00
490	BALDE 100 LITROS COLORIDO VERDE	Geral	100.00
491	BALDE 10L ARQPLAST azul .verde	UTILIDADES	10.00
492	BALDE 10L LIMPEZA DUPLO	Geral	12.00
493	BALDE 110 L COLORIDO ROSA	Geral	100.00
494	BALDE 7 LTS	UTILIDADES	6.80
495	balde 7L pp color ref0285	CAsa	6.00
496	balde 8 litros	Geral	6.50
497	BALDE 8 LTS	UTILIDADES	6.50
498	BALDE ACQUA LINE 13 L	COZINHA	26.00
499	BALDE ACQUA LINE 8 L CINZA	COZINHA	18.00
500	BALDE ALÇA FERRO 8 LTS	UTILIDADES	8.00
501	BALDE ARQPLAST 15 LTS	UTILIDADES	13.00
502	balde com alça   30 litros  arquaplast	Geral	30.00
503	BALDE COM ALÇA E FERRO 20 LTS	PLASTICOS	17.50
504	BALDE COM BICO  21 LITROS  AZUL	Geral	25.00
505	BALDE COM TANPA 100 L  AZUL	Geral	100.00
506	BALDE DE BEBIDAS	UTILIDADES	50.00
507	balde de praia	Geral	35.00
508	BALDE DE PRAIA ANIMAL	Geral	22.00
509	BALDE DE PRAIA GRANDE  LUCTOYS	BRINQUEDOS	20.00
510	balde implast  grande    13 litros	PLASTICOS	12.00
511	BALDE INPLAST GRANDE 13L	PLASTICOS	13.00
512	BALDE LIMP&CLEAN 8L	PLASTICOS	17.00
513	BALDE OVAL 8L	Geral	11.25
514	balde pequeno castelo	Geral	17.00
515	balde praia super castelão	Geral	35.00
516	balde tranparente  15 litros unijet	Geral	16.00
517	BALDE TRANSPARENTE 7 L	UTILIDADES	15.00
518	BALDINHO BABY ANIMAL	BRINQUEDOS	22.00
519	BALDINHO DE PRAIA	BRINQUEDOS	14.00
520	baleiro  2 andar	Geral	3.00
521	baleiro vidro	Geral	55.00
522	balés joy n 7 rosa fucsia	Geral	6.00
523	BALET	Geral	35.00
524	BALOES	Geral	16.00
525	BALOES	Geral	16.00
526	balões  6,5 amarelo joy com 50	Geral	3.50
527	balões  joy laranja com 50	Geral	10.00
528	baloes  joy n 7 marsala c 50	Geral	7.50
529	balões  joy n 7 premium	Geral	7.50
530	balões 6,5 branco joy c 25	Geral	3.00
531	balões 6,5 joy c 50	Geral	3.50
532	balões 6,5 joy com 50 unid.  sortida	Geral	3.50
533	BALÕES 7 BRANCO 50 UNID	FESTA	10.00
534	balões azul 6,5 joy com 50	Geral	3.50
535	BALOES BOLI BOLI 6,5 AZUL	UTILIDADES	3.50
536	BALOES BOLI BOLI 6,5 BRANCO	Geral	3.50
537	BALOES BOLI BOLI 6,5 ROSA	UTILIDADES	3.50
538	BALÕES DE LETRA DOURADOS	FESTA	10.00
539	BALÕES ESPAGUETE	Geral	1.50
540	BALÕES IDEATEX BOLI BOLI	FESTA	3.50
541	balões joy  n 7   com 50 unidades verde limão	Geral	6.00
542	BALÕES JOY  N 7 SORTIDO	Geral	6.00
543	balões joy  rosa claro  com 50 unidade	Geral	10.00
544	balões joy 6,5 c 25 unid verde	Geral	5.00
545	balões joy 6,5 c 50 branco	Geral	3.50
546	balões joy 6,5 com 50 unid   lilás	Geral	3.50
547	balões joy 6,5 marron c 50	Geral	5.00
548	balões joy 6,5 verde limão c 50	Geral	3.50
549	balões joy 6,5 vermelho c 50	Geral	3.50
550	balões joy 7 azul com 50	Geral	6.00
551	BALÕES JOY AMARELO N°7 c 50	FESTA	10.00
552	balões joy c 25 unid. rosa	Geral	3.00
553	balões joy c 50 unid. preto	Geral	3.50
554	balões joy lilás com 50 unid	Geral	6.00
555	balões joy marron n 7 com 50 unid.	Geral	6.00
556	balões joy n 7 premium amarelo  sol	Geral	10.00
557	BALÕES JOY N° 7 VERMELHO	FESTA	10.00
558	BALÕES JOY N°7 AZUL ROYAL	FESTA	10.00
559	BALÕES JOY PREMIUM PRETO	Geral	7.50
560	BALÕES JOY PREMIUM SORTIDO	Geral	7.50
561	BALÕES PREMIUM JOY AZUL COBALTO	Geral	7.50
562	BALOES PREMIUM N°7	Geral	7.50
563	BALÕES PRETO JOY N°7 50	FESTA	10.00
564	BALÕES REDONDO CROMADO DOURADO 16 C/12UN	Geral	15.00
565	balões verde n 7 com 50 unid joy	Geral	6.00
566	BAMBOLE	Geral	5.00
567	BAMBOLE	Geral	5.00
568	banco imobiliario	Geral	8.00
569	bandeira	Geral	10.00
570	bandeira de tnt cores	FESTA	6.00
571	BANDEIRA FESTA JUNINA	Geral	5.00
572	bandeja  colors	Geral	3.00
573	bandeja  grande	Geral	9.00
574	BANDEJA BRANCA INPLAST	UTILIDADES	14.00
575	BANDEJA LAMINADA  N 35 PRATA QUADRADA	kit FESTA	3.50
576	BANDEJA LAMINADA 035 RETANGULAR	FESTA	3.50
577	BANDEJA LAMINADA 036 PRATA	FESTA	4.00
578	BANDEJA LAMINADA 040 RETANGULAR	FESTA	6.80
579	BANDEJA LAMINADA 24X29CM	Geral	2.50
580	BANDEJA LAMINADA 28X35CM	Geral	3.60
581	bandeja laminada n 8  30 cm	Geral	3.00
582	BANDEJA LAMINADA N50 QUADRADA	FESTA	8.90
583	BANDEJA MULTIUSO 6L	Geral	14.00
584	bandeja n 50	Geral	6.00
585	bandeja quadrada  n 40	Geral	4.00
586	bandeja redonda 047	Geral	6.00
587	bandeja redonda n 14  42 cm laminada	Geral	6.00
588	BANHEIRA  AZUL gg  35 litros	Geral	40.00
589	BANHEIRA  NEW BABY	UTILIDADES	36.80
590	BANHEIRA  ROSA  TAM GG  35 litros	UTILIDADES	40.00
591	BANHEIRA ARQPLAST	Geral	37.50
592	BANHEIRA AZUL  22 LITROS	Geral	36.00
593	banheira branca gg 35 litros	Geral	40.00
594	BANHEIRA INFANTIL 35L	UTILIDADES	45.00
595	banheira inflável  450 l mais de 2 anos	BRINQUEDOS	120.00
596	banheira inflavel 130l	Geral	100.00
597	banheira inflavel 180 l  mais de 2 anos	BRINQUEDOS	80.00
598	BANHEIRA NEW BABY	Geral	36.80
599	BANHEIRA NEW BABY ROSA	UTILIDADES	36.80
600	BANHEIRA ROSA 30 LT	UTILIDADES	45.00
601	BANHEIRA VERDE  PLASTIBABY	Geral	36.00
602	banheuira inflavel 80l	Geral	80.00
603	banho maria grafite 2x1	Geral	51.00
604	BANQUETA ADULTO PRETA	UTILIDADES	25.00
605	BANQUETA ALTA PRETA	Geral	20.00
606	BANQUETA ARAXÁ	UTILIDADES	20.00
607	BANQUETA ARQPLAST PRETA	Geral	20.00
608	BANQUETA COLORIDA ARQPLAST	Geral	23.00
609	BANQUETA PRETA	Geral	20.00
610	banqueta preta arquaplast	Geral	20.00
611	BARALHO	Geral	10.00
612	BARALHO  NZA PLAY	Jogos	20.00
613	BARALHO COPAG	Geral	10.00
614	BARALHO COPAG 139	Geral	10.00
615	BARALHO EM PLASTICO  BARCELONA	Geral	15.00
616	baralho monaco	Jogos	10.00
617	barbante  grande piratininga	Geral	8.50
618	barbante comum	Geral	7.00
619	BARBANTE CRU 4/8 140M	Geral	8.50
620	BARBANTE CRU 4/8 C/70M	UTILIDADES	5.00
621	BARBANTE CRU C/70M 4/8	UTILIDADES	8.50
622	BARBANTE ECOLÓGICO POR NATUREZA	UTILIDADES	8.50
623	barbante pequeno	Geral	5.70
624	BARBEADOR SOLTO	Geral	4.00
625	BARBIE BAILARINA	BRINQUEDOS	35.00
626	BASTAO COLA QUENTE	Geral	2.00
627	BASTÃO COLA QUENTE GRANDE	Geral	2.50
628	BATE BIFE 24X4,5	Geral	7.00
629	bate clara  cofax	Geral	5.00
630	BATEDEIRA MONDIAL 400 W B-44-B	Geral	160.00
631	BATEDEIRA MONDIAL CAKE PREMIUM	Geral	150.00
632	batedeira mondial vermelha 400 w 3 vel.	Geral	140.00
633	BATEDEIRA PRATICA MONDIAL	Geral	140.00
634	batedor de clara  inox    nix house	UTILIDADES	11.00
635	BATEDOR DE CLARAS SILICONE	Geral	11.00
636	bateria   de lithium maxprint 2032	Geral	10.00
637	BATERIA  2032   FLEXGOLD	Geral	10.00
638	BATERIA  AG 1	Geral	2.00
639	BATERIA  AG 4	Geral	2.00
640	BATERIA  CR 1220	Geral	3.00
641	bateria  de relogio	Geral	2.00
642	BATERIA  LITHIUM 2016	Geral	3.00
643	bateria  litio 2032 philips	ELETRONICOS	20.00
644	BATERIA  LR 736  ELGIN lr 41	Geral	3.00
645	BATERIA 1220	Geral	3.00
646	bateria 16 20 mox	Geral	10.00
647	BATERIA 1620	Geral	5.00
648	BATERIA 1632	Geral	3.00
649	BATERIA 2016	Geral	5.00
650	BATERIA 2016 LITHIUM	Geral	3.00
651	BATERIA 2025	Geral	3.00
652	BATERIA 2025	Geral	5.00
653	BATERIA 2032	Geral	5.00
654	bateria 2032  energizer	Geral	10.00
655	BATERIA 2032 LITHIUM	Geral	6.00
656	BATERIA 2032 SONY	Geral	10.00
657	bateria 23a	Geral	5.00
658	BATERIA 23A 12V GN	Geral	10.00
659	BATERIA 27 A	Geral	10.00
660	BATERIA 27 A	Geral	5.00
661	bateria 2o25  flex	Geral	10.00
662	BATERIA 9 VOLTS FLEX VERDE	Geral	10.00
663	BATERIA 9 VOLTS HW HI-WATT	Geral	10.00
664	BATERIA 9 VOLTZ ENERGIZER	ELETRÔNICOS E ACESSÓRIOS	20.00
665	BATERIA AG3, 392A, CX41, LR41W	Geral	3.00
666	BATERIA ALCALINA 1.55V AG1/	ELETRONICOS	2.00
667	BATERIA ALKALINA 1.55V	Geral	3.00
668	BATERIA BOTÃO FX-LR621-364A-AG1 1.5V	ELETRÔNICOS E ACESSÓRIOS	3.00
669	BATERIA CR2016	Geral	10.00
670	BATERIA CR2016	Geral	5.00
671	bateria cr2025	Geral	5.00
672	bateria de 9 voltz	Geral	10.00
673	BATERIA DE 9V BLITZEN	Geral	8.00
674	BATERIA DE LÍTIO 2032	Geral	5.00
675	BATERIA DE RELOGIO	Geral	2.00
676	BATERIA DE RELÓGIO	Geral	3.00
677	BATERIA FX-CR2032 3V	ELETRÔNICOS E ACESSÓRIOS	10.00
678	BATERIA FX-LR44/AG13	ELETRÔNICOS E ACESSÓRIOS	3.00
679	bateria LR 44	Geral	3.00
680	BATERIA LR41	Geral	3.00
681	BATERIA LR41	Geral	3.00
682	BATERIA LR44	Geral	3.00
683	bateria panasonic 2032	Geral	10.00
684	BATERIA PEQUENA	Geral	2.00
685	BATERIA TERMOMETRO	Geral	3.00
686	BATERIA ZEROMERCURY 27A 12V	Geral	10.00
687	BATOM   24 HRS	Geral	5.00
688	BATON 24 HRS	Geral	5.00
689	BAÚ	Geral	130.00
690	BAÚ	Geral	130.00
691	BAÚ	Geral	130.00
692	BAÚ	Geral	130.00
693	BAU PEQUENO	Geral	80.00
694	BAÚ PRETO	Geral	150.00
695	BAÚ PRETO SUEDE	Geral	130.00
696	bau promoçao	Geral	100.00
697	BAÚ SORTIDO	UTILIDADES	120.00
698	BAU VERMELHO SUEDE	Geral	130.00
699	BAYBLADE 5D WILD TOP	Geral	40.00
700	BAYBLADE BATTLETOP 6D	Geral	30.00
701	BAYBLADE CLASH TORNADO SPEED TOP	BRINQUEDOS	40.00
702	BAYBLADE GYROSCOPIC 1 PÇ	Geral	25.00
703	BAYBLADE LIGHT TOP TORNADO	BRINQUEDOS	30.00
704	BAYBLADE LIGHT TOP TORNADO C/4	Geral	45.00
705	beijamin	Geral	7.00
706	bejamin	Geral	7.00
707	BELLA DUCHA 4T LORENZETTI	Geral	70.00
708	benjamim	Geral	7.00
709	benjamim 2o amperes	Geral	7.00
710	BENJAMIN	Geral	5.00
711	BENJAMIN 20A	Geral	6.00
712	BENJAMIN 20A	UTILIDADES	7.00
713	BENJAMIN COLORIDO	UTILIDADES	7.00
714	BENJAMIN T	UTILIDADES	7.00
715	bexiga  6,5 c 20	Geral	5.00
716	BEXIGA  9 VERMELHA FOLIA C 50	Geral	16.00
717	bexiga  cristal n 9	Geral	8.00
718	bexiga  joy vermelha premium 7	Geral	7.50
719	bexiga  verde  6,5 joy	Geral	3.50
720	BEXIGA 6,5 BRANCO	Geral	5.00
721	bexiga 6,5 marrom c 25	Geral	5.00
722	BEXIGA 6.5 VERMELHO	Geral	5.00
723	BEXIGA 7.0 BRANCA FOLIA	PAPELARIA	7.50
724	BEXIGA AMARELA 50 UNID FOLIA	JARDINAGEM	7.50
725	BEXIGA AMARELA 6.5	Geral	5.00
726	BEXIGA AMARELA BOLI BOLI N°6,5 20 UNID	FESTA	3.50
727	BEXIGA AMARELA N°9 C/50UNID	FESTA	16.00
728	bexiga amarelo 7	Geral	7.50
729	bexiga art latex 50 unidades preta	Geral	9.00
730	BEXIGA AZUL CLARO 7 C/30	Geral	8.00
731	BEXIGA AZUL CLARO N°7 50 UNID	FESTA	7.50
732	BEXIGA AZUL FOLIA	Geral	8.00
733	BEXIGA AZUL FOLIA 9.0 C/50UNID	Geral	16.00
734	BEXIGA AZUL ROYAL 6,5 25 UNID	Geral	3.50
735	bexiga azul royal 7	Geral	7.50
736	BEXIGA BOLI BOLI PRETA N°6,5 20 UNID	FESTA	3.50
737	BEXIGA BRANCA 7	Geral	8.00
738	BEXIGA BRANCA 7.0	Geral	8.00
739	BEXIGA BRANCA FOLIA 9.0 C/50UNID	Geral	16.00
740	BEXIGA BRANCA N°9 C/50UNID	FESTA	16.00
741	BEXIGA COLORIDA 9.0	Geral	16.00
742	BEXIGA COLORIDA SORTIDA 9 C/50	Geral	18.00
743	bexiga coração 1 und.	Geral	7.50
744	BEXIGA DE 6,5 LILÁS C 20	Geral	5.00
745	bexiga de coração	Geral	2.00
746	BEXIGA ESPAGUETE C/8	FESTA	4.00
747	BEXIGA FOLIA VERDE 9.0 C/50UNID	Geral	16.00
748	bexiga joy 7	Geral	7.50
749	bexiga joy 7	Geral	7.50
750	bexiga joy 7	Geral	7.50
751	bexiga joy 7	Geral	7.50
752	bexiga joy 7	Geral	7.50
753	bexiga joy 7 rosa fuscsia	Geral	7.50
754	bexiga joy 7 verde	Geral	7.50
755	BEXIGA JOY C/50UNID N°7	Geral	7.50
756	bexiga joy premium 7 verde	Geral	7.50
757	BEXIGA JOY VERMELHA 14 C/12	Geral	15.00
758	BEXIGA LARANJA 50 UNID FOLIA	FESTA	6.00
759	BEXIGA LARANJA N°6.5 20 UNID	FESTA	3.00
760	BEXIGA LILAS N°7 FOLIA 50 UNID	FESTA	6.00
761	bexiga marron joy 7	Geral	10.00
762	BEXIGA N 9 AZUL ESCURO C 50  JOY	Geral	16.00
763	BEXIGA N 9 COM 50 LILÁS	Geral	16.00
764	BEXIGA N°14 C/12UNID AMARELA	FESTA	15.00
765	BEXIGA N°14 C/12UNID AZUL ROYAL	FESTA	15.00
766	BEXIGA N°14 C/12UNID BRANCA	FESTA	15.00
767	BEXIGA N°14 C/12UNID REDONDO ROSA	FESTA	15.00
768	BEXIGA N°6,5 AZUL CLARO	FESTA	5.00
769	BEXIGA N°7 AMARELA	Geral	7.50
770	BEXIGA N°7 AZUL ESCURO 50 UNID	FESTA	7.50
771	bexiga premium numéro 7 50 unidades azul marinho	Geral	7.50
772	BEXIGA PRETA 50 UNID N°7	FESTA	7.50
773	BEXIGA PRETA FOLIA 9.0 C/50UNID	Geral	16.00
774	BEXIGA PRETA N°9 C/50UNID	FESTA	16.00
775	BEXIGA PRETO N°14 C/12UNID	FESTA	15.00
776	BEXIGA ROSA 50 UNID FOLIA	FESTA	7.50
777	BEXIGA ROSA 6.5 20 UNID	FESTA	5.00
778	bexiga rosa 6.5 joy	Geral	3.50
779	BEXIGA ROSA 7 C/30	Geral	8.00
780	BEXIGA ROSA 7.0	Geral	8.00
781	BEXIGA ROXA	Geral	7.50
782	bexiga sortida numéro 7 50 unidades folia	Geral	7.50
783	BEXIGA VERDE 6,5 C/25 UNIDADES	Geral	5.00
784	BEXIGA VERDE 6.5	Geral	5.00
785	BEXIGA VERDE 7.0	Geral	8.00
786	BEXIGA VERDE BANDEIRA	Geral	7.50
787	bexiga verde militar  7 joy	Geral	7.50
788	BEXIGA VERDE N° 6,5 20 UNID	FESTA	3.00
789	BEXIGA VERDE N°7 50 UNID FOLIA	FESTA	6.00
790	bexiga vermelha 7''	Geral	8.00
791	BEXIGA VERMELHA N°9 C/50UNID	FESTA	16.00
792	BEXIGAS 6,5	Geral	3.00
793	BEXIGAS JOY N°11 VERMELHA	FESTA	13.50
794	BEXIGAS JOY PREMIUM	Geral	7.50
795	BEXIGAS ROSA FOLIA 9.0 C/50UNID	Geral	16.00
796	BEYBLADE 5D TORNADO	BRINQUEDOS	30.00
797	BEYBLADE TORNADO SPEED TOP 5D	BRINQUEDOS	36.00
798	BEYBLADE WILD TOP METAL BATTLE	BRINQUEDOS	30.00
799	BIBLIA  SAGRADA FEM	Geral	60.00
800	biblia  viva	Geral	45.00
801	BIBLIA FEM  HARPA E CORINHOS  FLORES PRETA	Geral	50.00
802	BÍBLIA FEMININA	Geral	60.00
803	BÍBLIA ROSA LETRA GRANDE C/HARPA	Geral	40.00
804	bic pequeno isqueiro	Geral	6.00
805	bichinho vinil	Geral	7.00
806	BICHINHOS QUE APERTA E APITA	Geral	8.00
807	BICHOS PRE HISTORIA	Geral	2.00
808	BICO   PARA CONFEITAR	kit FESTA	4.00
809	BICO DE CONFEITAR	UTILIDADES	4.00
810	BICOS DE CONFEITAR	Geral	4.00
811	BICOS DE CONFEITARIA	Geral	4.00
812	BIG BALAO	Geral	7.50
813	BIG BALÃO  C/1	Geral	7.50
814	BIG BALÃO  VERMELHO	Geral	7.50
815	BIG BALÃO AZUL CLARO	Geral	7.50
816	BIG BALÃO AZUL ESCURO	Geral	7.50
817	BIG BALÃO LARANJA	Geral	7.50
818	BIG BALÃO LILÁS	Geral	7.50
819	BIG BALÃO MULTICOLORS	Geral	7.50
820	BIG BALÃO PINK	Geral	7.50
821	BIG BALÃO PRETO	Geral	7.50
822	BIG BALÃO ROSA	Geral	7.50
823	BIG BALÃO VERDE	Geral	7.50
824	BIG BALÃO VERDE CLARO	Geral	7.50
825	BIG TRATOR SORTIDO	BRINQUEDOS	60.00
826	BIJOTERIA LORENZETTI CONJUNTO	Geral	5.00
827	biscoito  beijo mineiro 300 gr	Doces	15.00
828	biscoito  cubinho  minas sul	Doces	10.00
829	biscoito  minas sul  banana c canela	Geral	15.00
830	biscoito  palito chocolate  300 gr	Geral	15.00
831	biscoito bragancinha 400 gr	Geral	15.00
832	biscoitos bambole	Geral	12.00
833	BISNAGA 200 ML BRANCA MAIONESE	UTILIDADES	4.00
834	BISNAGA 200ML AMARELA MOSTARDA	UTILIDADES	4.00
835	BISNAGA 200ML VERMELHA CATCHUP	UTILIDADES	4.00
836	BISNAGA AVULSA 200 ML	Geral	4.00
837	BISNAGA BRANCA	Geral	4.00
838	BISNAGA COLOR 200ML	Geral	4.00
839	bisnaga de catchup	UTILIDADES	4.00
840	BISNAGA DE KETCHUP	Geral	4.00
841	BISNAGA DE KETCHUP	UTILIDADES	4.00
842	BISNAGA DE MOSTARDA	Geral	4.00
843	BISNAGA LISA TRANSPARENTE	Geral	4.00
844	BISNAGA MOSTARDA	UTILIDADES	4.00
845	BLADE BLADE	Geral	36.00
846	blade blade	Geral	35.00
847	BLADE BLADE	Geral	40.00
848	BLADE BLADE	BRINQUEDOS	30.00
849	blade blade pequeno	Geral	25.00
850	bloco  de anotação	Geral	7.00
851	BLOCO ADESIVO COLACRIL	Geral	8.00
852	BLOCO ADESIVO COLACRIL	Geral	8.00
853	BLOCO ADESIVO COLACRIL AZUL	Geral	8.00
854	BLOCO ADESIVO COLACRIL LARANJA	Geral	8.50
855	BLOCO ADESIVO POST-IT	Geral	7.00
856	BLOCO ADESIVO POSTITE	Geral	7.00
857	BLOCO ADESVIO POST-IT COLACRIL ROSA	Geral	7.00
858	BLOCO ANOTACOES ADESIVO ROSA	Geral	8.50
859	BLOCO DE NOTA NEUTRA SEM COPIA	PAPELARIA	6.00
860	BLOCO DE NOTAS  4 CORES	ESCRITÓRIO	7.00
861	BLOCO DE NOTAS  AMARELO  ;VERDE	ESCRITÓRIO	7.00
862	BLOCO DE PEDIDO	PAPELARIA	4.50
863	BLOCO DE PEDIDO	Geral	5.00
864	bloco de pedido 1 via	Geral	3.00
865	BLOCO DE PEDIDO C/ CÓPIA	PAPELARIA	4.00
866	BLOCO DE PEDIDO DE 1 VIA	ESCRITÓRIO	5.00
867	bloco de pedido NOTA NEUTRA 1 VIA	Geral	5.00
868	BLOCO DE PEDIDOS C/2 VIAS	ESCRITÓRIO	5.00
869	BLOCO POST-IT	Geral	8.00
870	bloco pra montar grande c 65 peças	BRINQUEDOS	45.00
871	bloco quadriculado	Geral	15.00
872	BLOCO SLIM  MONTA MONTA	Geral	5.00
873	BLOCO SPIRAL MÉDIO 10X15 CM	PAPELARIA	3.00
874	BLOCOS DE MONTA MONTA C/ 28 PÇS	BRINQUEDOS	12.00
875	bnexiga 6,5  c 20 unid.	Geral	4.00
876	bnexiga joy 7	Geral	7.50
877	BNOLA CAPOTÃO PEQUENA	BRINQUEDOS	15.00
878	BOBGOOD LIVRO	Geral	20.00
879	boia braço  bichinhos	BANHEIRa infantil	19.99
880	boia de braço fundo do mar	BANHEIRa infantil	20.00
881	BOIA DE BRAÇO MOR  tartaruga	BANHEIRa infantil	12.00
882	BOIA PNEU BESTWAY	Geral	30.00
883	BOIA REDONDA INFANTIL MOR 60 CM	UTILIDADES	18.00
884	boiada	Geral	13.00
885	BOLA	Geral	7.00
886	bola	Geral	7.00
887	bola	Geral	15.00
888	bola	Geral	15.00
889	BOLA	Geral	5.00
890	BOLA  CAPOTÃO PEQUENA	Geral	20.00
891	BOLA  Colorida	Geral	10.00
892	BOLA  DE CAPOTAO	Geral	25.00
893	bola  de chaveiro	Geral	10.00
894	BOLA  DE LEITE	Geral	5.00
895	bola  de voley	Geral	25.00
896	bola basquete	Geral	50.00
897	bola capotao	Geral	25.00
898	bola capotao	Geral	25.00
899	BOLA CAPOTÃO	Geral	25.00
900	bola capotao	Geral	25.00
901	BOLA CAPOTÃO	Geral	25.00
902	BOLA CAPOTÃO COLORS	Geral	25.00
903	bola capotao inf	Geral	15.00
904	BOLA CAPOTÃO MÉDIA	Geral	25.00
905	BOLA CAPOTÃO PEQUENA	Geral	15.00
906	BOLA CAPOTÃO PEQUENA	Geral	20.00
907	bola capotão sortida	Geral	25.00
908	BOLA CHAVEIRO	Geral	10.00
909	bola chaveiro	Geral	10.00
910	BOLA COLORIDA	BRINQUEDOS	30.00
911	BOLA COLORIDA GRANDE	Geral	30.00
912	BOLA COM CORDÃO	Geral	10.00
913	BOLA CRAVO	Geral	5.00
914	bola de  futebol colors	BRINQUEDOS	30.00
915	BOLA DE BASQUETE	BRINQUEDOS	50.00
916	BOLA DE BASQUETE	Geral	35.00
917	BOLA DE CAPOTÃO	Geral	30.00
918	BOLA DE CAPOTÃO	Geral	30.00
919	BOLA DE CAPOTÃO	Geral	25.00
920	BOLA DE CAPOTÃO CORES SORTIDAS	BRINQUEDOS	30.00
921	BOLA DE CAPOTÃO DUTE AMARELA	Geral	25.00
922	BOLA DE CAPOTAO PEQ	Geral	20.00
923	BOLA DE CAPOTÃO PEQ	Geral	20.00
924	BOLA DE CAPOTÃO PEQUENA	Geral	20.00
925	BOLA DE CHAVEIRO	Geral	10.00
926	BOLA DE FUTEBOL	BRINQUEDOS	30.00
927	BOLA DE FUTEBOL	BRINQUEDOS	30.00
928	BOLA DE FUTEBOL CAPOTÃO	Geral	30.00
929	BOLA DE FUTEBOL DUTE	Geral	20.00
930	BOLA DE FUTEBOL PEQUENA	BRINQUEDOS	18.00
931	BOLA DE LEITE	Geral	5.00
932	bola de vinil sortido	Geral	10.00
933	BOLA DE VOLEI	Geral	25.00
934	BOLA DE VOLEI OUROBOLAS COLORIDA	BRINQUEDOS	30.00
935	bola de voley	Geral	25.00
936	bola de voley  sortida	BRINQUEDOS	30.00
937	BOLA DUTE	Geral	25.00
938	BOLA FUTEBOL	Geral	30.00
939	BOLA FUTEBOL	Geral	30.00
940	BOLA L.O.L SURPRISE	BRINQUEDOS	20.00
941	BOLA PEQUENA	BRINQUEDOS	20.00
942	bola pequena capotão	Geral	20.00
943	bolao	Geral	30.00
944	bolão	Geral	30.00
945	BOLEIRA	Geral	8.00
946	boleira   plasnew	Geral	25.00
947	BOLEIRA REDONDA	UTILIDADES	20.00
948	BOLEIRA UNINJET BRANCA	PLASTICOS	19.99
949	BOLEIRA UNINJET C/ TAMPA	UTILIDADES	19.99
950	BOLEIRA UNINJET PRETA	PLASTICOS	20.00
951	BOLHA DE SABAO	Geral	4.00
952	bolha de sabão	Geral	3.50
953	BOLHA DE SABAO	BRINQUEDOS	3.50
954	bolha de sabão brasilflex	Geral	3.50
955	BOLHA DE SABÃO KIDS BUBBLES	BRINQUEDOS	3.50
956	BOLHA DE SABÃO POP BUBLE	Geral	3.50
957	BOLHA DE SABÃO PRINCESA E DINOSSAURO	BRINQUEDOS	4.00
958	boliche	Geral	13.50
959	BOLICHE 6 PINOS	Geral	35.00
960	BOLICHE MÉDIO	BRINQUEDOS	25.00
961	BOLICHE PEQ 6 PINOS 2 BOLAS	BRINQUEDOS	15.00
962	BOLINHA DE PIERCING	Geral	0.50
963	BOLINHA DE SABAO 50ML-A	Geral	3.50
964	BOLINHA PING PONG	BRINQUEDOS	5.00
965	bolsa corinthians	Geral	20.00
966	Bolsa de moeda	Geral	8.00
967	bolsa de pano	Geral	20.00
968	bolsa de urso	Geral	55.00
969	BOLSA DE VIAJEM MULTI BOLSOS V2	Geral	25.00
970	BOLSA JEANS C/ PEDRINHAS	Geral	20.00
971	bolsa mascolina infantil 3d	Geral	80.00
972	bolsa mochila	Geral	100.00
973	BOLSA TÉRMICA CORES SORTIDA	MOCHILAS E BOLSAS	25.00
974	BOLSA TÉRMICA YAN HUA	MOCHILAS E BOLSAS	35.00
975	bolsa tira colo	Geral	50.00
976	BOLSINHA	Geral	5.00
977	BOLSINHA	Geral	2.00
978	bolsinha bolinha	Geral	15.00
979	bolsinha de moeda	Geral	8.00
980	BOLSINHA DE MOEDAS	Geral	4.00
981	BOLSINHA DE MOEDAS	Geral	10.00
982	bolsinha media neacesseire	Geral	17.00
983	BOLSINHA NECESSAIRE	Geral	15.00
984	bolw  sortido 600 ml	Geral	7.00
985	BOMBA  DE  ÁGUA  MANUAL	Geral	15.00
986	BOMBA AUTOMÁTICA	Geral	32.00
987	bomba automática	Geral	40.00
988	BOMBA DE ÁGUA AUTOMÁTICA	UTILIDADES	33.00
989	BOMBA DE AGUA BELLA AZUL/PRETA/BRANCA	UTILIDADES	35.00
990	BOMBA DE AGUÁ PRA GALÃO WELMIX	Geral	23.00
991	BOMBA ELETRICA RECARREGAVEL	Geral	35.00
992	BOMBA FRITZ GUARANY	UTILIDADES	20.00
993	BOMBA GALÃO DE AGUÁ	Geral	16.60
994	BOMBA MANUAL P/ GALAO D'AGUA	Geral	22.00
995	BOMBEIRO CARRINHO	BRINQUEDOS	17.00
996	BOMBONIERE 310ML ORIGINAL	VIDROS	20.00
997	boneca  com acessórios cartela	Geral	18.00
998	boneca  judy faz xixi	Geral	90.00
999	BONECA  JULIA FASHION DOLL	Geral	25.00
1000	BONECA  MICY  MORENA	Geral	50.00
1001	BONECA ANAIZA COLLECTION	BRINQUEDOS	30.00
1002	BONECA ANNIE	BRINQUEDOS	13.00
1003	BONECA ARTICULADA DE PLASTICO	Geral	40.00
1004	BONECA BABIES LOVELY DODÓI	BRINQUEDOS	70.00
1005	boneca babilina papinha	Geral	60.00
1006	BONECA BABY BABILINA PLANET	Geral	40.00
1007	BONECA BABYLINA	Geral	40.00
1008	BONECA BABYS BY BAMBOLA	BRINQUEDOS	45.00
1009	BONECA BAILARINA	Geral	35.00
1010	BONECA BALLET	BRINQUEDOS	30.00
1011	BONECA BALLET BORBOLETA	BRINQUEDOS	30.00
1012	BONECA BALLET BORBOLETA	Geral	30.00
1013	BONECA BALLET BORBOLETA	BRINQUEDOS	30.00
1014	BONECA BALLET TWINKLE TOES	BRINQUEDOS	30.00
1015	BONECA BAMBOLETE	BRINQUEDOS	24.00
1016	BONECA BAMBOLETE 100% VINIL	BRINQUEDOS	30.00
1017	BONECA BAMBOLINA CUIDADOS	BRINQUEDOS	55.00
1018	BONECA BAMBOLINHA	BRINQUEDOS	35.00
1019	boneca bambolinha	Geral	25.00
1020	BONECA BARBIE BORBOLETA	BRINQUEDOS	30.00
1021	BONECA BEE BEE GIRLS	BRINQUEDOS	45.00
1022	BONECA BEE DREAMS	BRINQUEDOS	95.00
1023	BONECA BEE HUGS VETERINÁRIA	BRINQUEDOS	70.00
1024	BONECA BELA BAMBINA	BRINQUEDOS	120.00
1025	BONECA BELLA FUN GAME	BRINQUEDOS	25.00
1026	BONECA BICICLETA KBUM	BRINQUEDOS	60.00
1027	BONECA BORBOLETA HAPPY GIRL	BRINQUEDOS	35.00
1028	BONECA C/ CACHORRO E ACESSORIOS	Geral	60.00
1029	BONECA CANTIGAS DE RODA	Geral	120.00
1030	BONECA CINTY STYLING	BRINQUEDOS	65.00
1031	BONECA COLLECTION  MILK	Geral	120.00
1032	BONECA COM CARRINHO ANGEL	BRINQUEDOS	38.00
1033	BONECA DOCE VIDA 100% VINIL	BRINQUEDOS	34.00
1034	BONECA DUDA FRASES	BRINQUEDOS	72.00
1035	BONECA DUDA FRASES	BRINQUEDOS	90.00
1036	BONECA DUQUINHA PAPINHA	BRINQUEDOS	30.00
1037	BONECA DUQUINHA SALÃO	BRINQUEDOS	28.00
1038	BONECA DUQUINHA TUTTI FRUTTI	BRINQUEDOS	22.00
1039	BONECA FADA ENCANTADA	BRINQUEDOS	30.00
1040	BONECA FISHION DOLL	BRINQUEDOS	40.00
1041	BONECA FROZEN  SORTIDA	BRINQUEDOS	40.00
1042	BONECA GIRLS JEANS	BRINQUEDOS	98.00
1043	BONECA HAPPY GIRL GOOD FOOD	BRINQUEDOS	70.00
1044	boneca hayle com acesórios	BRINQUEDOS	45.00
1045	BONECA HAYLEY BICICLETA FASHION STYLE	BRINQUEDOS	80.00
1046	BONECA HAYLEY CACHORRO	BRINQUEDOS	70.00
1047	BONECA ISADORA	Geral	60.00
1048	BONECA JUDY BABY FALA	BRINQUEDOS	70.00
1049	BONECA JUDY FAZ XIXI	BRINQUEDOS	90.00
1050	BONECA LINDINHA BABY	Geral	65.00
1051	BONECA LITTE DOULLS BERCINHO	Geral	65.00
1052	BONECA LITTLE BABY ORAÇÃO	BRINQUEDOS	60.00
1053	BONECA LITTLE DOLLS DIVER TOYS	BRINQUEDOS	55.00
1054	BONECA LITTLE DOLLS FAZ XIXI	BRINQUEDOS	55.00
1055	BONECA LIVIA	Geral	76.99
1056	BONECA LOL BILLS BOLA	BRINQUEDOS	15.00
1057	BONECA LORLIAN COM CARRO	Geral	60.00
1058	BONECA LOVELY BEVERLY	Geral	40.00
1059	BONECA LOVELY DREAMS	Geral	45.00
1060	BONECA LUNI BABY	BRINQUEDOS	45.00
1061	BONECA MARIAH CANTIGAS DE RODA	BRINQUEDOS	55.00
1062	BONECA MILKINHA COLORS	BRINQUEDOS	55.00
1063	boneca milkinhas	BRINQUEDOS	25.00
1064	BONECA MODELO FADA BALLET	Geral	35.00
1065	BONECA MOTO E PETS HAPPY DAY	Geral	60.00
1066	boneca olívia frases	Geral	75.00
1067	BONECA PEPITA	Geral	35.00
1068	BONECA PETIT	BRINQUEDOS	20.00
1069	BONECA PETIT REBORN BEBE ACORDADO	BRINQUEDOS	60.00
1070	BONECA PRINCESA SWEET PRINCESS	BRINQUEDOS	29.99
1071	BONECA RAFAELI FAZ XIXI	Geral	80.00
1072	BONECA SAPEKINHA	Geral	60.00
1073	BONECA SAPEQUINHA FAZ XIXI	BRINQUEDOS	55.00
1074	BONECA SEREIA C/2	BRINQUEDOS	30.00
1075	BONECA SEREIA DE PLASTICO KBUM	BRINQUEDOS	30.00
1076	BONECA SEREIA LIGHTS & MUSIC	Geral	80.00
1077	boneca shayane	BRINQUEDOS	50.00
1078	BONECA SOPHIA	BRINQUEDOS	20.00
1079	BONECA UNICORNIO	Geral	90.00
1080	boneca yukinha baby nova toys	BRINQUEDOS	30.00
1081	BONECO AMERICAN PATROL	BRINQUEDOS	30.00
1082	boneco aranha caixa	BRINQUEDOS	40.00
1083	BONECO COMANDO EXTREME	BRINQUEDOS	15.00
1084	BONECO DA MULHER MARAVILHA	Geral	25.00
1085	BONECO DO HOMEM ARANHA FALA 20 SONS	BRINQUEDOS	70.00
1086	BONECO DO HULK	BRINQUEDOS	25.00
1087	BONECO DO HULK AVENGERS	BRINQUEDOS	30.00
1088	BONECO DO HULK AVENGERS	BRINQUEDOS	70.00
1089	BONECO DO SUPER HOMEM	BRINQUEDOS	25.00
1090	BONECO DO THOR	BRINQUEDOS	25.00
1091	BONECO DO WOLVERINE	BRINQUEDOS	25.00
1092	BONECO DOS AVENGERS	Geral	35.00
1093	BONECO HOMEM ARANHA	BRINQUEDOS	25.00
1094	BONECO HOMEM ARANHA	BRINQUEDOS	30.00
1095	BONECO HOMEM-ARANHA	BRINQUEDOS	40.00
1096	BONECO HULK AVENGERS	Geral	30.00
1097	BONECO HULK AVENGERS	BRINQUEDOS	30.00
1098	BONECO HULK AVENGERS UNION LEGEND	BRINQUEDOS	30.00
1099	BONECO HULK PICA PAU	BRINQUEDOS	18.00
1100	BONECO HULK/HOMEM ARANHA	BRINQUEDOS	30.00
1101	BONECO MAX HEROES	BRINQUEDOS	30.00
1102	boneco naruto	Geral	60.00
1103	boneco naruto	Geral	30.00
1104	BONECO PELADO MILA FESTAS	FESTA	2.00
1105	BONECO VINIL	Geral	7.00
1106	BONECOS DE PERSONAGENS DE NARUTO	BRINQUEDOS	40.00
1107	BONECOS GEMEOS	Geral	2.00
1108	BONEQUINHOS FESTA	Geral	2.00
1109	BORRACHA	Geral	3.00
1110	BORRACHA  DE LAPIS	Geral	0.50
1111	borracha  oval mercur branca natural	PAPELARIA	3.00
1112	borracha 20	Geral	3.00
1113	borracha colorida	Geral	5.00
1114	BORRACHA COLORIDA LEO & LEO	Geral	3.00
1115	BORRACHA COLORIDA LEO LEO	Geral	3.00
1116	BORRACHA DE 1.50	Geral	1.50
1117	BORRACHA DE LAPIS	Geral	0.50
1118	borracha de lapis	Geral	0.50
1119	borracha de panela de 7 litros	Geral	7.00
1120	BORRACHA DE PANELA DE PRESSÃO	UTILIDADES	3.00
1121	BORRACHA DE PANELA DE PRESSÃO 2,5L A 4,5L	UTILIDADES	3.00
1122	BORRACHA DE PANELA DE PRESSÃO GUAMATEC 7	Geral	3.00
1123	BORRACHA DE PANELA PRESSÃO 7 LITROS	Geral	5.00
1124	BORRACHA ESCOLAR FERNANDINHO	Geral	2.00
1125	BORRACHA LEO&LEO C/CAPA	PAPELARIA	3.00
1126	BORRACHA MERCUR	Geral	3.00
1127	BORRACHA MERCUR 40	Geral	1.00
1128	BORRACHA MERCUR BRANCA N20  natural	PAPELARIA	2.00
1129	BORRACHA MERCUR RECORD 60	Geral	1.00
1130	BORRACHA PANELA 4,5L	Geral	4.00
1131	BORRACHA PANELA 7L	Geral	5.00
1132	BORRACHA PREMIER	PAPELARIA	2.00
1133	BORRACHA REDBOR	Geral	2.00
1134	BORRACHA REDBOR 15 VERDE	PAPELARIA	3.00
1135	BORRACHA REDBOR 40 BRANCA	PAPELARIA	2.00
1136	BORRACHA STARSCHOOL	Geral	2.00
1137	BORRACHINHA MERCUR	Geral	0.50
1138	BORRIFADOR	Geral	8.00
1139	borrifador	Geral	5.00
1140	BORRIFADOR 500 ML	UTILIDADES	8.50
1141	BORRIFADOR BOLA	Geral	7.50
1142	BORRIFADOR BOLA 500ML	UTILIDADES	9.00
1143	BORRIFADOR DIAMOND REDONDO 500ML	COZINHA	8.80
1144	BORRIFADOR DIAMONT OVAL 500 ML	COZINHA	8.50
1145	BORRIFADOR TRANSPARENTE 350ML	UTILIDADES	9.50
1146	BOTIJÃO GRANDE GRUPO PAULI	UTILIDADES	6.00
1147	bowlc tampa 6 l mb	COZINHA	23.00
1148	box casa  prime 2,6 l	COZINHA	12.00
1149	box casa prime 1,2	Geral	5.00
1150	box casa prime 1,7l,5 mb	COZINHA	10.00
1151	BOX CASA PRIME QUAD 2.6L	Geral	12.00
1152	box prime	Geral	5.00
1153	BRACELETE	Geral	10.00
1154	branquinho	Geral	3.00
1155	BRANQUINHO  FITA	Geral	7.00
1156	BRANQUINHO RADEX	Geral	4.50
1157	BRILHO DE UNHA	Geral	4.00
1158	brilho de unha caixa	Geral	15.00
1159	brincando com numeros	Geral	7.00
1160	brinco	Geral	5.00
1161	brinco	Geral	5.00
1162	BRINCO	Geral	5.00
1163	BRINCO	Geral	8.00
1164	brinco	Geral	8.00
1165	brinco	Geral	7.00
1166	brinco  perola	Geral	5.00
1167	BRINCO ARGOLA GIGANTE	Geral	3.00
1168	BRINCO ARGOLA GRANDE	Geral	10.00
1169	BRINCO ARGOLA GRANDE	Geral	5.00
1170	BRINCO ARGOLA GRANDE	Geral	8.00
1171	BRINCO ARGOLA GRANDE	Geral	7.00
1172	BRINCO ARGOLA MEDIO	Geral	3.00
1173	BRINCO ARGOLA PEQUENO	Geral	4.00
1174	brinco avulso masc.	Geral	2.50
1175	BRINCO DE 3	Geral	2.00
1176	brinco de 3	Geral	3.00
1177	BRINCO DE ARGOLA	Geral	4.00
1178	BRINCO DE PEROLA BRANCO	Geral	3.00
1179	BRINCO DE PEROLA BRANCO	Geral	4.00
1180	BRINCO DE PEROLA COLORIDO	Geral	2.00
1181	BRINCO DE PEROLA COLORIDO	Geral	5.00
1182	BRINCO MASCULINO	Geral	5.00
1183	brinco novo pedra	Geral	8.00
1184	brinco par	Geral	5.00
1185	BRINCO PEROLA  BRANCA	Geral	4.00
1186	brinco perola média	Geral	3.00
1187	brinco perolas	Geral	5.00
1188	BRINCO VERMELHO	Geral	2.00
1189	BRINCOS DE 5 CADA	Geral	5.00
1190	BRINCOS DE PEROLA BRANCO	Geral	5.00
1191	brinquedo  festa	Geral	2.00
1192	brinquedo  kit parque	BRINQUEDOS	35.00
1193	BRINQUEDO ARCO E FLECHA	BRINQUEDOS	40.00
1194	BRINQUEDO AVIÃO AEROPORTO	BRINQUEDOS	32.00
1195	BRINQUEDO CARRO DE PLÁSTICO C/MOTOR A PILHA	BRINQUEDOS	65.00
1196	BRINQUEDO DENTADURA	Geral	2.00
1197	BRINQUEDO LINHA PICCOLO GOURMET	Geral	25.00
1198	BRINQUEDO MAQUIAGEM P/ BONECAS	Geral	40.00
1199	BRINQUEDO MAQUIAGEM P/ BONECAS ANGELIC VOGUE GIRL	Geral	25.00
1200	BRINQUEDO RELOGIO DE PLASTICO	Geral	25.00
1201	BRINQUEDO ROBO COM SPRAY DE AGUA	BRINQUEDOS	80.00
1202	BRINQUEDOKIT CARRINHO DE METAL C/5	BRINQUEDOS	50.00
1203	BRINQUEDOS ANIMAIS PLASTICO 3PÇS	BRINQUEDOS	28.00
1204	BRINQUEDOS MINI SKATE DE PLASTICO C/5 PÇS	BRINQUEDOS	40.00
1205	BRUTOS TRUCK SUPER GUARDIOES	BRINQUEDOS	26.00
1206	BUCHA	UTILIDADES	1.50
1207	BUCHA  VEGETAL PEDAÇO SLIM	Geral	4.50
1208	BUCHA DE BANHO   DUPLA FACE LINDA FLOR	Geral	7.00
1209	BUCHA PIA BRILHUS	Geral	1.50
1210	BUCHA VEGETAL	BANHEIRO	6.00
1211	BUCHA VEGETAL MEDIA	UTILIDADES	6.00
1212	bucha vegetal dupla face	Geral	6.00
1213	bucha vegetal eco	Geral	3.00
1214	BUCHA VEGETAL PEDAÇO IENDIS	Geral	4.50
1215	BUGUINHO	Geral	12.00
1216	BULE  C BICO POLIDO	Geral	30.00
1217	BULE BICO N°4  aluminio	ALUMINIO	50.00
1218	BULE BOJUDO	Geral	23.00
1219	BULE C BICO CARQUEADO   N4  1,550 ML	Geral	35.00
1220	BULE CRAQ. N1 650ml	ALUMINIO	25.00
1221	BULE CRAQUEADO 2,4L PANEFLON	ALUMINIO	38.00
1222	BULE DE BICO ALUMINIO N 4	Geral	33.00
1223	BULE POLIDO 02 0,75 ML	Geral	25.50
1224	bule polido 04	Geral	28.50
1225	BULE POLIDO 06	Geral	33.00
1226	BULE POLIDO N°5 2,4L	ALUMINIO	36.80
1227	BULE POLIDO N1 650ML	ALUMINIO	20.00
1228	bule reto aluminio n 4  camargo	ALUMINIO	23.00
1229	BULLFIGHTER CAR	Geral	40.00
1230	BUQUE DE CRISANTEMO ARTIFICIAL	Geral	25.00
1231	c esto  lavandeira 60 litros uninjet	UTILIDADES	50.00
1232	C.J 3 BACIAS P.M.G	Geral	15.20
1233	CABIDE	Geral	50.00
1234	CABIDE  PEROLA C 5	UTILIDADES	8.00
1235	CABIDE 7 PINOS MAD LAR	UTILIDADES	10.00
1236	cabide de  porta  estilque	Geral	12.00
1237	CABIDE DE MADEIRA	Geral	80.00
1238	cabide de porta  cromo	Geral	15.00
1239	CABIDE DE PORTA FERRO	Geral	12.00
1240	CABIDE DE PRESSÃO	Geral	7.00
1241	CABIDE MULTIUSO SANCHES	UTILIDADES	35.00
1242	CABIDE POP INFANTIL	Geral	8.00
1243	CABIDE PREMIUM AZUL	UTILIDADES	5.00
1244	CABIDE PREMIUM ROSA	UTILIDADES	5.00
1245	cabide preto    com 5 novos amazom	Geral	8.00
1246	CABIDE PRETO C/3	UTILIDADES	4.00
1247	CABIDE PRETO C/5	Geral	7.00
1248	CABIDE PRETO C/5	Geral	5.00
1249	CABIDE SOLTO	Geral	2.00
1250	CABIDE UNIVERSAL	UTILIDADES	10.00
1251	CABIDEDEIRO	Geral	80.00
1252	CABIDEIRO BRANCO	Geral	12.00
1253	CABIDEIRO DE MADEIRA	Geral	80.00
1254	CABIDEIRO multiuso  lig brin	UTILIDADES	12.00
1255	CABIDEIRO PRETO	UTILIDADES	12.00
1256	cabo	Geral	10.00
1257	CABO  DE SON CARRO  P2	Geral	15.00
1258	CABO  TIPO C  KAIDI	Geral	25.00
1259	cabo audio  video	Geral	8.00
1260	CABO AUX P2P2 KV-406	Geral	15.00
1261	CABO AUXILIAR 1M	Geral	15.00
1262	cabo de airfone  kaide	Geral	25.00
1263	cabo de carregador  cx gold	Geral	20.00
1264	cabo de carregador  tipo c  rápido	Geral	25.00
1265	CABO DE CARREGADOR FLAT	Geral	25.00
1266	cabo de carregador inova	Geral	20.00
1267	CABO DE CELULAR PRETO	Geral	10.00
1268	CABO DE CELULAR V 8	Geral	10.00
1269	CABO DE DADOS  INOVA TC	Geral	30.00
1270	CABO DE DADOS AIR FONE	Geral	25.00
1271	CABO DE DADOS E CARREGAMENTO TURBO TIPO-C KD-318C	ELETRONICOS	20.00
1272	CABO DE DADOS INOVA 1M	Geral	30.00
1273	CABO DE DADOS INOVA 24A 3M	Geral	30.00
1274	CABO DE DADOS TIPO C	ELETRÔNICOS E ACESSÓRIOS	25.00
1275	CABO DE DADOS V8	Geral	25.00
1276	CABO DE IPHONE  KAIDE	Geral	20.00
1277	CABO DE NET	Geral	20.00
1278	CABO DE REDE	Geral	47.00
1279	CABO DE REDE 15M	Geral	20.00
1280	CABO DE VASSOURA	Geral	5.00
1281	CABO DVD	Geral	20.00
1282	CABO DVD COLORS LTOMEX	ELETRÔNICOS E ACESSÓRIOS	15.00
1283	CABO EXBOM 3 MTS	Geral	20.00
1284	CABO FLAT V8 3.0A X-CELL	ELETRÔNICOS E ACESSÓRIOS	25.00
1285	CABO HDMI	Geral	15.00
1286	CABO IPHONE USB HMASTON	Geral	30.00
1287	CABO LIGHTNING IPHONE	Geral	25.00
1288	CABO P10 P2 IT BLUE	Geral	15.00
1289	CABO P2 P2	Geral	15.00
1290	cabo preto v8	Geral	10.00
1291	CABO SOLTO DE VASSOURA/RODO	Geral	5.00
1292	CABO SOLTO DE VASSOURA/RODO	Geral	4.00
1293	cabo tipo c	Geral	25.00
1294	cabo tipo c	Geral	30.00
1295	CABO TIPO C A'GOLD	Geral	20.00
1296	CABO TIPO C FAST CHARGE	Geral	15.00
1297	CABO TIPO C KAIDI	Geral	20.00
1298	CABO TIPO-C KAIDI	Geral	25.00
1299	CABO TIPO-C PARA LIGHTNING	Geral	30.00
1300	CABO TURBO PRETO V-8	Geral	25.00
1301	CABO USB IPHONE	Geral	20.00
1302	CABO USB IPHONE	Geral	25.00
1303	CABO USB LELONG CABO SERIES MACHO/MACHO	Geral	25.00
1304	CABO USB LIGHTNING KAIDI 1M KD-11A	ELETRONICOS	20.00
1305	CABO USB RAPIDO LTOMEX 1M	Geral	25.00
1306	CABO USB V8	Geral	10.00
1307	CABO USB V8 NOVO	Geral	15.00
1308	CABO V8	Geral	30.00
1309	CABO V8 + USB FEMEA	Geral	10.00
1310	CABO V8 DE 10	Geral	10.00
1311	CABO V8 DE 15	Geral	15.00
1312	CABO V8 KAIDI	Geral	20.00
1313	caçamba  betoneira	Geral	60.00
1314	CAÇAMBA KRAFT	Geral	30.00
1315	CAÇAROLA   ANTIADERENTE N 16	Geral	39.99
1316	caçarola   antiaderente preta tp vidro n 22	COZINHA	80.00
1317	caçarola  antiaderente  n20 preta	Geral	39.99
1318	caçarola  extra  preta n 24	COZINHA	58.00
1319	caçarola  extra preta n 20	COZINHA	38.00
1320	CAÇAROLA ALUMINIO N 22	Geral	50.00
1321	CAÇAROLA ANTIADERENTE	Geral	88.00
1322	caçarola antiaderente c/tampa de vidro n;18	ALUMINIO	59.00
1323	caçarola antiaderente c/tampa de vidro preta	COZINHA	51.00
1324	caçarola antoaderente preta tp vidro n 24	COZINHA	88.00
1325	CAÇAROLA EXTRA GRAFITE N° 24	ALUMINIO	43.80
1326	CAÇAROLA EXTRA POLIDA 16	Geral	27.00
1327	CAÇAROLA EXTRA POLIDA N° 18	ALUMINIO	28.00
1328	caçarola extra preta  n 18	COZINHA	33.00
1329	caçarola extra preta n 22	COZINHA	48.00
1330	CAÇAROLA EXTRA VERMELHA N°22	ALUMINIO	54.00
1331	CAÇAROLA EXTRA VERMELHA N°24	ALUMINIO	58.00
1332	caçarola extra vermelha n22	COZINHA	48.00
1333	CAÇAROLA HOTEL 30	ALUMINIO	122.50
1334	CAÇAROLA N 18 ALUMINIO	Geral	35.00
1335	CAÇAROLA N 18 ANTIADERENTE N 18 MP	Geral	46.00
1336	CAÇAROLA N 20 ALUMINIO	UTILIDADES	44.00
1337	CAÇAROLA VERMELHA EXTRA 24	Geral	58.00
1338	CAÇAROLA VERMELHA N 20 MP	COZINHA	38.00
1339	CACHEPO DE PALHA	Geral	15.00
1340	CACHEPOT GRANDE	Geral	3.00
1341	cachepot parede preto 2300ml	Geral	5.50
1342	CACHORRO SAPECA	Geral	20.00
1343	cad. 1´8  flex espiral	Geral	4.50
1344	CADEADO	Geral	14.00
1345	Cadeado	Geral	12.00
1346	CADEADO	Geral	12.00
1347	cadeado  de 12	Geral	12.00
1348	CADEADO DE 15	Geral	15.00
1349	cadeado de 17	Geral	17.00
1350	CADEADO DE 18	Geral	18.00
1351	CADEADO DE 20	Geral	20.00
1352	CADEADO GLORY	Geral	8.00
1353	CADEADO GLORY  com codigo	Geral	25.00
1354	CADEADO GLORY 25X12MM	UTILIDADES	15.00
1355	CADEADO GLORY 32mm]	Geral	10.00
1356	CADEADO GLORY C/SENHA	Geral	25.00
1357	CADEADO GLORY MEDIO	Geral	16.00
1358	cadeado lexux de bolso	Geral	5.00
1359	CADEADO PEQUENO	Geral	10.00
1360	CADEADO ROSA C/SENHA	Geral	15.00
1361	cadeira  branca	Geral	65.00
1362	cadeira adulto	Geral	85.00
1363	CADEIRA AZUL	Geral	30.00
1364	CADEIRA AZUL INFANTIL	Geral	30.00
1365	CADEIRA BRANCA	Geral	70.00
1366	CADEIRA CAMPING AZUL	Geral	50.00
1367	cadeira de 10	Geral	10.00
1368	CADEIRA INFANTIL	Geral	20.00
1369	CADEIRA INFANTIL	Geral	40.00
1370	cadeira infantil   poltrona baby	Geral	25.50
1371	cadeira infantil  arqplast  azul	BRINQUEDOS	40.00
1372	CADEIRA INFANTIL AZUL	PLASTICOS	30.00
1373	cadeira infantil azul plasmont	Geral	30.00
1374	CADEIRA INFANTIL ROSA	Geral	30.00
1375	CADEIRA INFANTIL ROSA	PLASTICOS	30.00
1376	CADEIRA INFANTIL ROSA ARQPLAST	BRINQUEDOS	35.00
1377	CADEIRA PRETA	Geral	30.00
1378	CADEIRA PRETA	Geral	60.00
1379	CADEIRA RETRATIL AZUL	Geral	50.00
1380	CADEIRA ROSA	Geral	30.00
1381	CADEIRINHA DESMONTAVEL	Geral	30.00
1382	CADERNETA  PAUTA BRANCA	Geral	4.00
1383	CADERNETA ABYARA CASINHAS	PAPELARIA	8.50
1384	CADERNETA AMARELA SMILE	Geral	8.50
1385	CADERNETA DE DESENHO	PAPELARIA	2.80
1386	CADERNETA ESPIRAL 40 FOLHAS 87mmX122mm	PAPELARIA	3.00
1387	CADERNETA LOVE ABYARA	PAPELARIA	7.00
1388	caderneta preta tamoio	Geral	4.00
1389	caderneta simples	Geral	3.00
1390	CADERNETA TEMAS DIVERSOS	PAPELARIA	4.00
1391	caderno	Geral	6.50
1392	caderno	Geral	10.00
1393	caderno	Geral	8.50
1394	CADERNO   AMARELO	Geral	8.50
1395	CADERNO   DE 10 MATERIAS  STARSCOOL	ESCOLAR	25.00
1396	CADERNO  CALIGRAFIA	Geral	4.00
1397	caderno  capa dura  gatinha  sissi   80 folhas animativa	Geral	10.00
1398	CADERNO  CARTOGRAFIA HURICANE MENINO CAPA DURA 96	Geral	15.00
1399	caderno  credeal 16 materias footbal	Geral	40.00
1400	CADERNO  DE 10 MATERIAS	Geral	25.00
1401	CADERNO  DE 15 MATERIAS	Geral	48.50
1402	CADERNO  DE 15 MATERIAS  MINIE	ESCOLAR	40.00
1403	caderno  foroni	Geral	10.50
1404	CADERNO  STARSCOOL 80 FOLHAS 140X200MM	Geral	10.90
1405	caderno 1 mat	Geral	14.00
1406	CADERNO 1 MAT  MARVEL	Geral	15.00
1407	CADERNO 1 MATERIA    MICKEY	Geral	15.00
1408	caderno 1 materia  star scool	ESCOLAR	15.00
1409	CADERNO 1 MATÉRIA DISNEY MARIE	PAPELARIA	15.00
1410	CADERNO 1 MATERIA MAXIMUS	PAPELARIA	10.00
1411	caderno 1 materia star scool sport	Geral	10.00
1412	caderno 1 materia toy story	Geral	15.00
1413	CADERNO 1 MTERIA POO	Geral	15.00
1414	CADERNO 1/4  MENINO  MAXICAR	ESCOLAR	10.00
1415	CADERNO 1/4 ESPIRAL MARIE 80 FLS	PAPELARIA	8.00
1416	CADERNO 1/4 ESPIRAL PRINCESAS 80 FLS	PAPELARIA	8.00
1417	CADERNO 1/4 ESPIRAL STAR WARS 80 FLS	PAPELARIA	8.00
1418	caderno 10 mat. credeal sport	Geral	25.00
1419	CADERNO 10 MATÉRIAS BOM D+	PAPELARIA	23.00
1420	CADERNO 10 MATÉRIAS CLEAN SD	PAPELARIA	22.00
1421	CADERNO 10 MATÉRIAS KBOM LIGHT	PAPELARIA	23.00
1422	CADERNO 10 MATERIAS STARSCHOOL	PAPELARIA	25.00
1423	CADERNO 10 MATERIAS STARSCOOL	PAPELARIA	25.00
1424	CADERNO 10 MATERIAS TILIBRA	Geral	22.00
1425	caderno 10 materias tropo	Geral	25.00
1426	caderno 10 materias tropo  160 folhas	Geral	25.00
1427	caderno 10 materiasa mas.	ESCOLAR	25.00
1428	CADERNO 10M COLOR STARSCHOOL JANDAIA	PAPELARIA	22.00
1429	CADERNO 10M X-SHOES 200 FLS	Geral	25.00
1430	CADERNO 12 MATÉRIAS DREAMS	PAPELARIA	30.00
1431	CADERNO 140XMM X 200MM MENINA	ESCOLAR	10.90
1432	CADERNO 15 MATÉRIAS MAXCARS	ESCOLAR	35.00
1433	caderno 16 mat	Geral	40.00
1434	caderno 16 materias credeal fem pop fashion	Geral	40.00
1435	CADERNO 1M ANIMATIVA AIR ATTACK	Geral	24.00
1436	CADERNO 1M CAVEIRA	Geral	15.00
1437	CADERNO 1M MOTO EXTREME	Geral	24.00
1438	CADERNO 1M PEPPER	ESCOLAR	20.00
1439	CADERNO 1M SPICE	Geral	17.50
1440	CADERNO 1M SPICE MASC	Geral	17.50
1441	CADERNO 1M WORDS OF WISDOM	Geral	15.00
1442	caderno 20 mat credeal  masc.	Geral	45.00
1443	caderno 20 mat fem tilibra	Geral	55.00
1444	caderno 20 mat masculino tilibra	Geral	55.00
1445	caderno 20 materias  pop fashion	Geral	45.00
1446	CADERNO 20 MATERIAS GOOD VIBES KBOM LIGHT	PAPELARIA	37.00
1447	caderno 48 folhas tropo pq	ESCOLAR	10.00
1448	caderno 96 folhas panda	Geral	15.00
1449	caderno 96 folhas pq  tropo	ESCOLAR	15.00
1450	caderno 96 folhas tropo	Geral	15.00
1451	CADERNO AGENDA TILIBRA 200 FOLHAS GOAL TIME	Geral	30.00
1452	CADERNO ANIMAL X 10M	PAPELARIA	20.00
1453	CADERNO ASTRAL 15 MATERIAS	PAPELARIA	30.00
1454	caderno azul class	Geral	6.50
1455	CADERNO BARBIE 20M FORONI	Geral	45.00
1456	caderno bob good	Geral	50.00
1457	CADERNO BOBGOOD	Geral	30.00
1458	CADERNO BRILHANTE BORBOLETA 1/4	PAPELARIA	25.00
1459	CADERNO BRILHANTE EMOJIS 1/4	PAPELARIA	25.00
1460	CADERNO BRILHANTE LOL SURPRISE 1/4	PAPELARIA	25.00
1461	CADERNO BRILHANTE UNICORNIOS 1/4	PAPELARIA	25.00
1462	caderno brochura	Geral	10.00
1463	CADERNO BROCHURA 96 FLS	PAPELARIA	6.00
1464	CADERNO BROCHURA STIFF 1/4 AZUL	Geral	6.50
1465	CADERNO BROCHURA UNIV	Geral	20.00
1466	CADERNO CALIFORNIA	Geral	12.00
1467	CADERNO CALIGRAFIA BROCHURA 1/4 MINNIE MOUSE	PAPELARIA	8.00
1468	CADERNO CALIGRAFIA BROCHURA 1/4 TOY STORY	PAPELARIA	8.00
1469	caderno capa dura	Geral	6.50
1470	CADERNO CAPA DURA 3/4	Geral	8.50
1471	caderno capa dura amarelo 48	Geral	7.00
1472	caderno capa dura animativa 48 f	Geral	10.00
1473	CADERNO CAPA DURA AZUL GR	Geral	20.00
1474	caderno capa dura credeal	Geral	13.00
1475	caderno capa dura meninas	Geral	20.00
1476	caderno capa dura tilibra vermelho , azul gd	ESCOLAR	20.00
1477	CADERNO CARS STARSCHOOL 20 MATERIAS	PAPELARIA	45.00
1478	CADERNO CARTOGRAFIA CARS 80 FLS	PAPELARIA	15.00
1479	CADERNO CARTOGRAFIA CAST LOUSE MENINA 96	Geral	15.00
1480	CADERNO CARTOGRAFIA ESPIRAL PRINCESAS 80 FLS	PAPELARIA	15.00
1481	CADERNO CARTOGRAFIA SWEET BABY MENINA  CAPA DURA	Geral	15.00
1482	CADERNO CLASS	Geral	6.00
1483	CADERNO CORUJAS UNIV.	PAPELARIA	9.00
1484	caderno creal 10 mat fem	ESCOLAR	25.00
1485	CADERNO CREDEAL 96 FOLHAS	PAPELARIA	8.00
1486	CADERNO CREDEAL PERFORMANCE	Geral	45.00
1487	caderno credeal vermelho	Geral	13.00
1488	caderno de 1  materia	Geral	15.00
1489	caderno de 1 mat	Geral	17.50
1490	caderno de 1 mat fem credeal	Geral	15.00
1491	CADeRNO DE 1 MATERIA	Geral	20.00
1492	CADERNO DE 1 MATERIA  CARROS	ESCOLAR	15.00
1493	caderno de 1 matéria  foroni menina	PAPELARIA	17.50
1494	caderno de 1 matéria  girls power	Geral	24.00
1495	caderno de 1 materia  jandaia   pets love	ESCOLAR	20.00
1496	caderno de 1 materia  silver tuning	Geral	24.00
1497	CADERNO DE 1 MATERIA  X GIRLS	Geral	17.50
1498	caderno de 1 máteria capa dura personagens	Geral	20.00
1499	caderno de 1 materia credeal menina	Geral	18.00
1500	caderno de 1 materia foroni fem	Geral	17.50
1501	CADERNO DE 1 MÁTERIA KBOM LIGHT	PAPELARIA	15.00
1502	caderno de 1 materia menino   foroni  jump	Geral	17.50
1503	caderno de 1 materia my pets	Geral	24.00
1504	caderno de 1 matéria pet star scool	Geral	15.00
1505	CADERNO DE 1 MATERIA PRETO  JANDAIA	Geral	20.00
1506	caderno de 1 materia princesa	ESCOLAR	15.00
1507	CADERNO DE 1 MATERIA STAR WARS	ESCOLAR	15.00
1508	caderno de 1 materia tilibra	Geral	18.00
1509	caderno de 1 matérias pixel kraft menino	ESCOLAR	22.00
1510	CADERNO DE 1,4 BROCHURA PQ  X SPORTS	Geral	5.00
1511	CADERNO DE 1/4 X- GIRLS	ESCOLAR	10.00
1512	CADERNO DE 10 MATERIA BRISPRES	Geral	30.00
1513	CADERNO DE 10 MATERIAS	Geral	25.00
1514	caderno de 10 materias   starscool	Geral	25.00
1515	CADERNO DE 10 MATERIAS  JANDAIA  BREATHE IN	ESCOLAR	30.00
1516	CADERNO DE 10 MATERIAS  KBOM	ESCOLAR	27.00
1517	caderno de 10 materias  office line	ESCOLAR	30.00
1518	CADERNO DE 10 MATERIAS  SUN SEA SURF	Geral	25.00
1519	caderno de 10 materias  surf	PAPELARIA	30.00
1520	CADERNO DE 10 MATERIAS  TILIBRA	Geral	30.00
1521	caderno de 10 materias adventure	Geral	30.00
1522	caderno de 10 materias colection	PAPELARIA	30.00
1523	CADERNO DE 10 MATÉRIAS CORUJA ROSA MAXIMA	Geral	25.00
1524	CADERNO DE 10 MATÉRIAS FEM. LINDINHAS	Geral	25.00
1525	CADERNO DE 10 MATERIAS MASC.	Geral	25.00
1526	CADERNO DE 10 MATERIAS MASCULINO CARROS	Geral	25.00
1527	caderno de 10 materias maxima	Geral	25.00
1528	caderno de 10 materias pauta branca	Geral	30.00
1529	CADERNO DE 10 MATERIAS STARSCOOL	ESCOLAR	25.00
1530	CADERNO DE 10M 160FLS PEPPER	Geral	30.00
1531	caderno de 15 mat disney marie	Geral	40.00
1532	CADERNO DE 15 MATERIAS	Geral	40.00
1533	caderno de 15 materias	Geral	40.00
1534	CADERNO DE 15 MATERIAS	Geral	40.00
1535	CADERNO DE 15 MATÉRIAS  MOTO	Geral	30.00
1536	CADERNO DE 15 MATÉRIAS FEM LINDINHAS	Geral	35.00
1537	CADERNO DE 1M ENCANTO	PAPELARIA	15.00
1538	caderno de 20 mat mac	Geral	48.50
1539	CADERNO DE 20 MAT SPORT	ESCOLAR	45.00
1540	caderno de 20 materia	Geral	45.00
1541	CADERNO DE 20 MATERIAS	Geral	40.00
1542	caderno de 20 materias	Geral	48.50
1543	CADERNO DE 20 MATERIAS	ESCOLAR	48.50
1544	caderno de 20 materias credeal	ESCOLAR	55.00
1545	caderno de 20 materias fem credeal	ESCOLAR	55.00
1546	CADERNO DE 20 MATERIAS FEM.  X GILRS	Geral	48.50
1547	CADERNO DE 20 MATERIAS HOMEN ARANHA 400 F	ESCOLAR	45.00
1548	CADERNO DE 20M MASCULINO	Geral	40.00
1549	CADERNO DE 20M MINNIE JANDAIA	PAPELARIA	45.00
1550	caderno de 48 folhas	Geral	10.00
1551	CADERNO DE ARTES   flexivel  48 fls	Geral	7.00
1552	CADERNO DE BROCHURA   xwrite	Geral	7.00
1553	CADERNO DE BROCHURA AZUL 96 FLS	ESCOLAR	8.50
1554	CADERNO DE BROCHURA VERDE	Geral	6.00
1555	caderno de capa dura	Geral	8.50
1556	CADERNO DE DESENHO	ESCOLAR	12.00
1557	CADERNO DE DESENHO	ESCOLAR	15.00
1558	CADERNO DE DESENHO  96  FLS	Geral	12.00
1559	caderno de desenho  capa dura 60 folhas com margem	ESCOLAR	15.00
1560	caderno de desenho  flexivel 96 fls	ESCOLAR	13.00
1561	caderno de desenho capa mole	Geral	10.00
1562	CADERNO DE DESENHO COLORINDO COM STITCH	Geral	50.00
1563	CADERNO DE DESENHO DINOSAURO   96 FOLHAS	PAPELARIA	15.00
1564	CADERNO DE DESENHO DUO STARSCHOOL	PAPELARIA	13.00
1565	CADERNO DE DESENHO FADAS	PAPELARIA	8.50
1566	CADERNO DE DESENHO HOMEM ARANHA 96 FLS	PAPELARIA	15.00
1567	caderno de desenho marvel	Geral	13.00
1568	caderno de desenho mikey	Geral	13.00
1569	CADERNO DE DESENHO MOANA	PAPELARIA	18.00
1570	CADERNO DE DESENHO UNICORNIO/RAPOSA FEM 80 FLS	PAPELARIA	18.00
1571	caderno de i materia frozen	ESCOLAR	15.00
1572	CADERNO DE LINGUAGEM	PAPELARIA	7.00
1573	CADERNO DE LINGUAGEM	PAPELARIA	4.50
1574	CADERNO DE PARTITURAS C/ 40 FOLHAS	PAPELARIA	2.00
1575	CADERNO DE PINTAR	Geral	50.00
1576	CADERNO DE PROTOCOLO DE CORRESPONDÊNCIA	PAPELARIA	8.00
1577	CADERNO ENCANTO 10 MATERIAS STARSCHOOL	PAPELARIA	22.00
1578	CADERNO ESCOLAR 1/4 COM FUROS	PAPELARIA	5.00
1579	CADERNO ESP 1/4 CAPA DURA	Geral	7.00
1580	CADERNO ESPIRAL	Geral	10.00
1581	CADERNO ESPIRAL 1/4 CAPA DURA HOMEM ARANHA	PAPELARIA	10.90
1582	caderno espiral 96 folhas	Geral	6.80
1583	CADERNO FLEXÍVEL 1/4  96 FLS	PAPELARIA	6.00
1584	CADERNO FUNNY 10M 160 FLS	Geral	25.00
1585	CADERNO GAME 10 MATERIA STARSCHOOL JANDAIA	PAPELARIA	25.00
1586	caderno gata marie  20 materias	Geral	45.00
1587	caderno graffix i matéria	Geral	9.00
1588	caderno grande capa dura  credeal	Geral	13.00
1589	caderno grande capa dura verde	Geral	13.00
1590	CADERNO HOMEM ARANHA  15 MATÉRIAS UNIVERSITÁRIO	PAPELARIA	40.00
1591	CADERNO HOMEM ARANHA STARSCHOOL 1M	PAPELARIA	15.00
1592	caderno homen aranha 10 mat.	Geral	22.00
1593	CADERNO JANDAIA CARS 12 MATERIAS	PAPELARIA	25.00
1594	CADERNO LIFT CREDEAL VERDE	Geral	8.50
1595	CADERNO LINDINHAS 1 MATÉRIA	PAPELARIA	13.00
1596	CADERNO LINDINHAS 20M	Geral	40.00
1597	CADERNO MARVEL AVENGERS	PAPELARIA	45.00
1598	CADERNO MAXICARS 10M	PAPELARIA	25.00
1599	CADERNO MAXIMONSTER 1M 96FLS	Geral	15.00
1600	CADERNO MOANA 1 MATERIA	Geral	15.00
1601	caderno moana 1 materia	ESCOLAR	17.50
1602	CADERNO MOTO 10M	PAPELARIA	25.00
1603	CADERNO MOTORS 10M 200 FLS	Geral	25.00
1604	CADERNO NOVA TURMINHA 96 FLS	Geral	8.00
1605	CADERNO PATRULHA CANINA FORONI	PAPELARIA	20.00
1606	CADERNO PLACES 10 MATERIAS	Geral	30.00
1607	CADERNO QUAADRICULADO ARITMÉTICA 40 FOLHAS	PAPELARIA	2.00
1608	CADERNO QUADRICULADO LITTLE MONSTERS	PAPELARIA	7.00
1609	CADERNO QUADRICULADO SQUARE FORONI	PAPELARIA	10.00
1610	CADERNO QUADRICULADO TILIBRA	PAPELARIA	3.00
1611	CADERNO SHARK/ ALIEN ABDUCTION 20 MATÉRIAS	PAPELARIA	37.00
1612	caderno sport 1,4	Geral	10.00
1613	CADERNO SPORT 10 MAT	Geral	23.00
1614	CADERNO SPORT IN ACTION 20M	Geral	60.00
1615	CADERNO SPORT RADICAL 10M	Geral	25.00
1616	caderno star scool  mickey	Geral	40.00
1617	CADERNO STARSCHOOL GATINHO 15M	Geral	30.00
1618	caderno tilibra amarelo	Geral	6.50
1619	CADERNO TILIBRA D+	Geral	30.00
1620	CADERNO TILIBRA SKATE 20M	Geral	45.00
1621	caderno tilibra vermelho	Geral	6.50
1622	CADERNO TROPPO 10M	Geral	25.00
1623	CADERNO TURMA DA LALA	Geral	5.00
1624	CADERNO UNIVERSITARIO 1M JANDAIA BRASILIDADE	PAPELARIA	14.50
1625	CADERNO UNIVERSITARIO CARTOGRAFIA FROZEN	PAPELARIA	18.00
1626	CADERNO UNIVERSITARIO ESPIRAL 10 MATERIAS AVENGERS 160 FLS	PAPELARIA	22.00
1627	CADERNO UNIVERSITARIO MINE 20 MATÉRIAS	PAPELARIA	45.00
1628	CADERNO UNIVERSITARIO MY PETS 10 MATERIAS	PAPELARIA	22.00
1629	caderno verde  tilibra	Geral	6.50
1630	CADERNO X GIRLS 1 MATERIA	Geral	17.50
1631	CADERNO X-GIRLS 10M	Geral	25.00
1632	CADERNO X-GIRLS 15M 300 FLS	Geral	40.00
1633	CADERNO X-PHOTO	Geral	25.00
1634	CADERNO X-POWER 10M	Geral	25.00
1635	CADERNO X-SPORT C/D 1/4 96 FLS	ESCOLAR	10.00
1636	cadernobob good	Geral	20.00
1637	CAFETEIRA  LENOX	Geral	135.00
1638	CAFETEIRA CADENCE 18 CAFÉZINHOS	Geral	130.00
1639	CAFETEIRA MONDIAL PRETA	Geral	130.00
1640	CAIU PERDEU	BRINQUEDOS	40.00
1641	caixa  de presente	Geral	6.00
1642	CAIXA  MULTIUSO PLASMONT	Geral	20.00
1643	CAIXA  ORGA QUADRADA  2,5ML	Geral	8.50
1644	caixa  organizadora preta 40 l	Geral	52.00
1645	caixa  preta  organizado arquaplast	Geral	17.00
1646	CAIXA  QUADRADA M	Geral	35.00
1647	caixa 2 m l	Geral	10.00
1648	CAIXA AZUL C TANPA	Geral	12.00
1649	CAIXA AZUL DE UNHA TRANSPARENTE C/100	Geral	10.00
1650	CAIXA C/ 12 LAPIS DE COR	PAPELARIA	8.00
1651	CAIXA C/ 9 PÇS	BRINQUEDOS	80.00
1652	CAIXA C/TRAVA 2,8L TRANSPARENTE	PLASTICOS	17.00
1653	CAIXA C/TRAVA TRANSP 1.4L	Geral	10.00
1654	CAIXA CESTO DE PRESENTE	Geral	22.00
1655	caixa container 50 litros arquaplast	Geral	60.00
1656	CAIXA CONTAINER MULTIUSO 30L	UTILIDADES	38.00
1657	caixa coraçao	Geral	40.00
1658	caixa coração média  prata c laço	PRESENTES	25.00
1659	caixa coração pequena prata  luxo com laço	PRESENTES	18.00
1660	CAIXA DE ALFINETES BACCHI	Geral	8.00
1661	CAIXA DE ALFINETES C/100 UNIDADES BACCHI	Geral	8.00
1662	CAIXA DE BIJUTERIA COLORIDA	PRESENTES	8.50
1663	CAIXA DE CARRINHOS C/3	BRINQUEDOS	30.00
1664	CAIXA DE CORAÇÃO PRATA	Geral	35.00
1665	caixa de ferramentas	Geral	40.00
1666	CAIXA DE GIZ	Geral	5.00
1667	CAIXA DE GRAMPOS DE CABELO	Geral	8.00
1668	caixa de isopor pequena	UTILIDADES	8.50
1669	CAIXA DE LAPIS DE COR 36 UNID MULTICOLOR	Geral	30.00
1670	CAIXA DE MADEIRA DE PRESENTE	Geral	15.00
1671	CAIXA DE PRESENTE	Geral	20.00
1672	CAIXA DE PRESENTE	Geral	6.00
1673	CAIXA DE PRESENTE	Geral	45.00
1674	CAIXA DE PRESENTE  MONE	Geral	5.00
1675	CAIXA DE PRESENTE CORAÇÃO G	Geral	50.00
1676	caixa de presente coração grande	PRESENTES	35.00
1677	CAIXA DE PRESENTE CORAÇÃO M	Geral	40.00
1678	CAIXA DE PRESENTE CORAÇÃO P	Geral	30.00
1679	CAIXA DE PRESENTE FLORES	Geral	3.00
1680	CAIXA DE PRESENTE LAÇO	Geral	18.00
1681	CAIXA DE PRESENTE QUADRADA C/ LAÇO	Geral	40.00
1682	caixa de presente quadrada grande	Geral	25.00
1683	caixa de presente quadrada grande	PRESENTES	35.00
1684	CAIXA DE TAÇAS DE SOBREMESA C/6	Geral	45.00
1685	CAIXA DE UNHA	Geral	15.00
1686	CAIXA DE UNHA	MAQUIAGEM	10.00
1687	CAIXA DE UNHA CHILDREM	Geral	5.00
1688	CAIXA DE UNHA NEW YAZIMJ	Geral	5.00
1689	CAIXA DE UNHA SABRINA SATO	Geral	6.00
1690	CAIXA DE UNHAS COLORIDAS	Geral	6.00
1691	CAIXA DE UNHAS NAIL TIPS 100UNID	COSMÉTICOS	15.00
1692	CAIXA DE UNHAS NEW YAZIMJ	Geral	5.00
1693	CAIXA DE URSO	Geral	30.00
1694	CAIXA GAVI	Geral	5.00
1695	caixa gavi	Geral	6.00
1696	CAIXA GAVI	Geral	4.00
1697	caixa laço	Geral	35.00
1698	caixa mone	Geral	5.00
1699	CAIXA MONE GABIVIVI	Geral	5.00
1700	CAIXA MULTIUSO   34 LITROS	Geral	45.00
1701	CAIXA OG 2,5L	Geral	8.50
1702	caixa org 4 l	Geral	9.00
1703	caixa org. everday 1,5l	Geral	5.00
1704	CAIXA ORG. QUAD. GRANDE 5,5L	UTILIDADES	12.00
1705	caixa org. quadrada  topa tudo medio 4 l mb	Geral	9.00
1706	caixa org. retangular  220 ml	COZINHA	2.00
1707	caixa org. retangular 800 ml	Geral	4.00
1709	CAIXA ORGA. QUADR. EVERDAY  1,6 ML	COZINHA	5.00
1710	CAIXA ORGANIZ. REDONDA INPLAST	PLASTICOS	8.50
1711	CAIXA ORGANIZADORA	Geral	60.00
1712	CAIXA ORGANIZADORA	Geral	70.00
1713	CAIXA ORGANIZADORA  20 LITROS	Geral	35.00
1714	caixa organizadora  400 ml	Geral	4.00
1715	CAIXA ORGANIZADORA  MANICURE   28X18X18	Geral	42.80
1716	CAIXA ORGANIZADORA  TRANSPARENTE       2L5	Geral	8.50
1717	caixa organizadora 10L uninjet	Geral	17.00
1718	CAIXA ORGANIZADORA 11L COM TRAVA	UTILIDADES	17.00
1719	CAIXA ORGANIZADORA 11L RETANGULAR TRANSP. C/TRAVA	Geral	24.00
1720	CAIXA ORGANIZADORA 17 LTS	Geral	17.00
1721	caixa organizadora 20l	Geral	25.00
1722	caixa organizadora 3 litros transparente uninjet c tanpa	Geral	8.50
1723	caixa organizadora 3,000 ml rae	Geral	10.00
1724	CAIXA ORGANIZADORA 3,7L TRANSPARENTE	UTILIDADES	12.00
1725	caixa organizadora 30 l preta	UTILIDADES	32.00
1726	CAIXA ORGANIZADORA 30 LTS PRETA	UTILIDADES	30.00
1727	CAIXA ORGANIZADORA 4L	Geral	12.00
1728	CAIXA ORGANIZADORA 53L C/TRAVA E RODIZIO	UTILIDADES	55.00
1729	CAIXA ORGANIZADORA 56L	UTILIDADES	50.00
1730	CAIXA ORGANIZADORA 6,5 ML TRANPARENTE	UTILIDADES	25.00
1731	CAIXA ORGANIZADORA 6L UNINJET TRANSPARENTE	PLASTICOS	13.70
1732	CAIXA ORGANIZADORA 900 ML MB	PLASTICOS	4.80
1733	CAIXA ORGANIZADORA DE 3 LTS MULTIUSO	UTILIDADES	11.00
1734	CAIXA ORGANIZADORA INPLAST 5 LITROS	Geral	20.00
1735	CAIXA ORGANIZADORA MEDICA 35X23X23cm	Geral	40.00
1736	CAIXA ORGANIZADORA NEON 3L	Geral	10.00
1737	CAIXA ORGANIZADORA OVAL TRANSP	Geral	7.00
1738	caixa organizadora plastico	Geral	28.00
1739	CAIXA ORGANIZADORA PRETA 7L RATTAN C/TAMPA	UTILIDADES	15.00
1740	CAIXA ORGANIZADORA PRETA RATTAN  40 litros	UTILIDADES	52.00
1741	CAIXA ORGANIZADORA PRETA RATTAN 20L	UTILIDADES	30.00
1742	CAIXA ORGANIZADORA PRETA RATTAN C/TAMPA 15L	UTILIDADES	25.00
1743	CAIXA ORGANIZADORA QUAD 2,5L TRANSPARENTE	COZINHA	8.50
1744	caixa organizadora quadrada	Geral	12.00
1745	CAIXA ORGANIZADORA RET 17L INPLAST	Geral	20.00
1746	CAIXA ORGANIZADORA RETANGULAR 2,5 LTS TRANSPARENTE	PLASTICOS	8.50
1747	caixa organizadora transparente 20 litros	Geral	30.00
1748	caixa pra presente	Geral	60.00
1749	caixa presente	Geral	45.00
1750	CAIXA QUAD C/TRAVA TRANSP 1.5L	Geral	10.00
1751	CAIXA QUADRADA BEGE C BOLINHA M	Geral	60.00
1752	CAIXA QUADRADA BEGE COM BOLINHAS  P	Geral	55.00
1753	CAIXA QUADRADA C BOLINHAS M	Geral	60.00
1754	caixa quadrada cinza  prata c laço pequena	PRESENTES	18.00
1755	CAIXA QUADRADA GRANDE BEGE	Geral	70.00
1756	caixa quadrada m preta	Geral	45.00
1757	CAIXA RATTAN 50L PRETO N°4	UTILIDADES	52.00
1758	CAIXA RETA C TRAVA 8 L TRASPARENTE	Geral	22.00
1759	caixa reta transparente  c trava  2,8l	Geral	10.00
1760	CAIXA RETANGULAR 11 LITROS	Geral	18.00
1761	CAIXA RETANGULAR 17L MULTIUSO	UTILIDADES	30.00
1762	CAIXA RETANGULAR 4 LITROS ERCA	PLASTICOS	14.00
1763	CAIXA TÉRMICA	Geral	60.00
1764	caixa transparente  56 l  uninjet	Geral	85.00
1765	CAIXA UTIL	Geral	46.00
1766	caixaorg	Geral	8.50
1767	caixinha de son newton	Geral	45.00
1768	CAIXINHA ELASTICOS PREMIER	PAPELARIA	5.00
1769	CAIXINHA GILETE LORD PLATINUM	UTILIDADES	4.00
1770	calculadora	Geral	40.00
1771	CALCULADORA  ELETRONIC	Geral	10.00
1772	calculadora  eletronica  kk 83712s	Geral	30.00
1773	CALCULADORA  ELETRÔNICA 12 DIGITOS	ELETRÔNICOS E ACESSÓRIOS	30.00
1774	CALCULADORA 8 DIGITOS MAIS OFFICE	Geral	10.00
1775	CALCULADORA CIENTÍFICA	ELETRÔNICOS E ACESSÓRIOS	13.00
1776	CALCULADORA ELETRONICA	Geral	10.00
1777	CALCULADORA ELETRONICA AS-2802	UTILIDADES	35.00
1778	CALCULADORA ELETRÔNICA AS-2805	Geral	20.00
1779	CALCULADORA ELETRÔNICA KONQUER BK-837B	ELETRÔNICOS E ACESSÓRIOS	30.00
1780	CALCULADORA ELETRONICA XH	Geral	8.50
1781	CALCULADORA KENKO KK 111-12	Geral	35.00
1782	CALCULADORA MAIS OFFICE	Geral	8.00
1783	calculadora média  kenko	Geral	30.00
1784	CALCULADORA MOURE JAR	Geral	25.00
1785	CALCULADORA MOURE JAR MJ-309	ELETRÔNICOS E ACESSÓRIOS	10.00
1786	CALCULADORA MOURE JAR MJ-402	ELETRÔNICOS E ACESSÓRIOS	8.00
1787	CALCULADORA MULTIFUNCIONAL G LEY 1892	Geral	40.00
1788	CALCULADORA PEQUENA LEHMOX LEY 1897	Geral	10.00
1789	calculadora pequena xh import	ESCRITÓRIO	8.00
1790	CALCULADORA PQ COLORS	Geral	8.00
1791	CALCULADORA SHARP EL-233S-BK	ELETRÔNICOS E ACESSÓRIOS	8.00
1792	CALDEIRÃO EXTRA N 16 POLIDO MP	Geral	32.00
1793	CALDEIRÃO POLIDO N 14 MP	Geral	30.00
1794	CALIGRAFIA	Geral	4.00
1795	CAMARO  AMARELO	BRINQUEDOS	20.00
1796	CAMARO SEM LIMITE 35 PEÇAS	Geral	70.00
1797	CAMERA IP	Geral	160.00
1798	caminhão  caçamba c pá	Geral	33.00
1799	caminháo  fire truck bombeiro	Geral	75.00
1800	caminhão basculante	Geral	13.00
1801	CAMINHÃO BASCULANTE	Geral	13.00
1802	CAMINHAO BASCULANTE	BRINQUEDOS	20.00
1803	CAMINHAO BETONEIRA	BRINQUEDOS	13.50
1804	CAMINHÃO BETONEIRA	Geral	30.00
1805	CAMINHAO BETONEIRA	BRINQUEDOS	30.00
1806	CAMINHAO BETONEIRA AMARELO	Geral	30.00
1807	CAMINHAO BOIADEIRO	Geral	10.00
1808	CAMINHÃO BOIADEIRO	BRINQUEDOS	55.00
1809	CAMINHÃO BOMBEIRO	BRINQUEDOS	16.00
1810	CAMINHAO BOMBEIRO AMAR E	Geral	10.00
1811	caminhão bombeiro fire truck	Geral	75.00
1812	CAMINHÃO BOMBEIRO GRANDE	BRINQUEDOS	30.00
1813	CAMINHAO BOMBEIRO IVECO	Geral	80.00
1814	CAMINHAO BOMBEIRO PEQUENO	BRINQUEDOS	13.00
1815	CAMINHÃO BOMBEIRO PLASTICO	BRINQUEDOS	14.00
1816	caminhão bombeiros pq. diverplas	Geral	13.00
1817	CAMINHÃO BRUTALE BOMBEIRO ROMA	BRINQUEDOS	70.00
1818	CAMINHAO BRUTOS COLETA SELETIVA	BRINQUEDOS	26.00
1819	CAMINHÃO C CAVALOS	Geral	10.00
1820	CAMINHÃO C/ CAVALOS	BRINQUEDOS	45.00
1821	CAMINHAO CAÇAMBA	BRINQUEDOS	13.50
1822	CAMINHAO CAÇAMBA C/1 PA	Geral	10.00
1823	CAMINHÃO CAÇAMBÃO	BRINQUEDOS	40.00
1824	CAMINHAO CARGAS CAÇAMBA	BRINQUEDOS	32.00
1825	CAMINHÃO CAVALO	BRINQUEDOS	40.00
1826	CAMINHAO COM PA	BRINQUEDOS	8.00
1827	CAMINHÃO COWBOY TRUCK	BRINQUEDOS	69.99
1828	CAMINHAO DE BOIS	Geral	10.00
1829	caminhão de bois	Geral	14.00
1830	CAMINHÃO DE BOIS	Geral	10.00
1831	caminhão escavador	Geral	60.00
1832	CAMINHÃO HORSE STRADA	BRINQUEDOS	45.00
1833	CAMINHÃO KIT PRAIA	BRINQUEDOS	12.00
1834	CAMINHÃO MAX TRUCK	BRINQUEDOS	26.00
1835	CAMINHÃO POLLUX BOMBEIRO	Geral	100.00
1836	CAMINHÃO RETROSCAVADEIRA	BRINQUEDOS	10.00
1837	CAMINHAO ROBOT DEFORM	BRINQUEDOS	70.00
1838	CAMINHAO RODOTREM BOIADEIRO	BRINQUEDOS	40.00
1839	CAMINHÃO TANQUE AMAR E	BRINQUEDOS	10.00
1840	CAMINHÃO TRUCK C/BAÚ	BRINQUEDOS	110.00
1841	CAMINHÃO VOYAGER BASCULANTE	BRINQUEDOS	75.00
1842	caminho de mesa	Geral	8.00
1843	CAMINHO DE MESA DE NATAL	Geral	12.00
1844	caminho de mesa marsale	Geral	10.00
1845	CAMINHO DE MESA TECIDO	CAMA, MESA E BANHO	12.00
1846	caminho de mesa tecido	Geral	10.00
1847	CAMINHO DE MESA TERGAL	Geral	10.00
1848	caminhonete  power ngm	Geral	30.00
1849	CAMINHONETE  SPORTING	Geral	15.00
1850	caminhote	Geral	30.00
1851	CANECA	Geral	30.00
1852	caneca	Geral	30.00
1853	caneca	Geral	25.00
1854	CANECA	Geral	25.00
1855	caneca	Geral	25.00
1856	caneca	Geral	25.00
1857	caneca	Geral	25.00
1858	caneca	Geral	25.00
1859	caneca	Geral	25.00
1860	caneca	Geral	25.00
1861	caneca	Geral	20.00
1862	caneca	Geral	25.00
1863	caneca	Geral	25.00
1864	caneca	Geral	25.00
1865	caneca	Geral	25.00
1866	CANECA  DAS MAES	Geral	30.00
1867	CANECA 310ML PORCELANA PASCOA C/CAIXA	CERAMICAS, PORCELANATO	30.00
1868	CANECA 7898730950336	Geral	30.00
1869	CANECA ALLMIX MÃE	PORCELANAS	30.00
1870	CANECA ANTIADERENTE N12 1,1L	ALUMINIO	25.00
1871	CANECA ANTIADERENTE N14 1,65L	ALUMINIO	27.00
1872	CANECA ANTIADERENTE N16 2,250ML	ALUMINIO	30.00
1873	CANECA BRANCA	Geral	17.00
1874	caneca c alça aluminio	ALUMINIO	9.00
1875	CANECA CAFÉ LISA HAUSKRAFT	VIDROS	25.00
1876	caneca com alça polida mp  350 ml	Geral	10.00
1877	CANECA CORINTHIANS 290 ML	CERAMICAS, PORCELANATO	30.00
1878	caneca corithians	Geral	25.00
1879	caneca da maes	Geral	25.00
1880	CANECA DE BEBE	Geral	7.00
1881	caneca de plastico infantil	Geral	2.00
1882	caneca de shopp aluminio   550 ml	ALUMINIO	15.00
1883	CANECA DIA DAS MAES COM CAIXA	Geral	30.00
1884	CANECA DO AMOR	Geral	30.00
1885	CANECA DO AMOR	Geral	30.00
1886	caneca do santos	Geral	25.00
1887	CANECA EXTRA CRAQ. N10 700ml	ALUMINIO	23.00
1888	CANECA EXTRA CRAQ. N12 1,1L	ALUMINIO	24.00
1889	CANECA EXTRA CRAQ. N14 1,650ml	ALUMINIO	27.99
1890	CANECA EXTRA CRAQ. N16 2,250ml	ALUMINIO	33.00
1891	caneca flamengo	Geral	30.00
1892	CANECA GOLDEN MUG	PRESENTES	30.00
1893	CANECA GOLDEN MUG ROSA	PRESENTES	30.00
1894	CANECA HOMEN ARANHA	Geral	30.00
1895	CANECA HOMEN ARANHA	Geral	7.00
1896	CANECA INFANTIL	Geral	3.50
1897	CANECA INFANTIL	Geral	2.00
1898	CANECA MAE	Geral	25.00
1899	CANECA MÃE 310ML FAIXA SORTIDA C/ESTOJO	CERAMICAS, PORCELANATO	30.00
1900	CANECA N12	Geral	24.00
1901	CANECA NA CAIXA	Geral	40.00
1902	CANECA PALMEIRAS	Geral	30.00
1903	CANECA PAPAI NOEL	Geral	9.00
1904	caneca plastica  450 ml	ESCOLAR	4.00
1905	CANECA PLASTICA 500ML	PLASTICOS	4.00
1906	CANECA PORCELANA CORINTHIANS 290ML	PORCELANAS	30.00
1907	CANECA PORCELANA PALMEIRAS	PORCELANAS	30.00
1908	CANECA PP  PLASNORTON	Geral	4.00
1909	CANECA PRETA	UTILIDADES	20.00
1910	CANECA PROMOCIONAL	Geral	10.00
1911	caneca promocional	Geral	10.00
1912	CANECA SAO PAULO	Geral	20.00
1913	CANECA SIMPLES 280ML BRANCA	PORCELANAS	15.00
1914	CANECA STHITI	Geral	30.00
1915	caneçaõ  carqueado   n12	COZINHA	24.00
1916	caneçaõ  n12  polido	COZINHA	21.00
1917	CANECÃO ALUMINIO REDAR 900ml	ALUMINIO	22.00
1918	CANECÃO DE ALUMINIO N°16 2,6L  ALMINIO CAMARGO	ALUMINIO	30.00
1919	CANECÃO LEVE CRAQUELADO N16 2,25L	Geral	32.00
1920	CANEÇÃO N 12 ALUMINIO	UTILIDADES	25.00
1921	canecão n 14 aluminio redar	ALUMINIO	28.00
1922	caneção n 16 polida	COZINHA	25.00
1923	CANECÃO N°10	ALUMINIO	13.00
1924	CANECÃO N°10 CRAQUEADO LEVE 700ML	Geral	22.00
1925	CANECÃO N°14  ALUMINIO 2 L	ALUMINIO	23.50
1926	CANECÃO N14 CRAQUEADO LEVE 1,65L	Geral	30.00
1927	caneção polido n 14	COZINHA	23.00
1928	caneção polido n10	Geral	18.50
1929	CANECO DE ALUMÍNIO ALEGRETE VERMELHO	Geral	30.00
1930	canet bob good	Geral	7.00
1931	CANETA   EURO PEN	Geral	15.00
1932	CANETA   EURO PEN  DE DINHEIRO	ESCOLAR	15.00
1933	caneta  3 cores	Geral	6.00
1934	CANETA  COLRIDA ROXA JETLUX	Geral	3.00
1935	CANETA  COM CABEÇA DE BONECO	Geral	4.00
1936	caneta  de cd	Geral	7.00
1937	CANETA  DE GATINHO	Geral	5.00
1938	caneta  gatinho	Geral	5.00
1939	CANETA  GEL AVULSA	Geral	2.00
1940	CANETA  VERDE PAPER MATE	ESCOLAR	3.00
1941	CANETA 3 CORES	Geral	3.00
1942	caneta 4cores	Geral	4.00
1943	CANETA AIHAO	Geral	7.00
1944	caneta avulsa bob good	Geral	7.00
1945	caneta azul	Geral	2.00
1946	CANETA AZUL BICO FINO	Geral	2.00
1947	CANETA AZUL CLARO PAPER MATE	ESCOLAR	3.00
1948	CANETA AZUL, VERMELHA E PRETA. verde	Geral	2.00
1949	caneta bic  AZUL	Geral	2.00
1950	caneta bic preta	Geral	2.00
1951	caneta bic vermelha	Geral	2.00
1952	CANETA BOB	Geral	5.00
1953	caneta bobgood avulsa	Geral	7.00
1954	caneta borracha	Geral	5.50
1955	caneta c 3 cores	Geral	4.00
1956	CANETA CABEÇA DE BONECO	Geral	4.00
1957	CANETA CABEÇA DE BONECO	Geral	5.00
1958	CANETA CD	Geral	7.00
1959	caneta colorida avulsa	Geral	2.50
1960	CANETA COLORIDA JETLUX  AZUL	ESCOLAR	3.00
1961	CANETA COLORIDA JETLUX ROSA	Geral	3.00
1962	CANETA COLORIDA PAPER MATE ROXA	ESCOLAR	3.00
1963	CANETA COLORS PAPER MATE	Geral	3.00
1964	caneta colors shen	Geral	3.00
1965	CANETA COMPACTOR	Geral	2.00
1966	CANETA COMPACTOR JETLUX ROXA	Geral	3.00
1967	CANETA DE 3 CORES	Geral	4.00
1968	CANETA DE 3 CORES	Geral	6.00
1969	CANETA DE 3 CORES SPEED BP3 0.7mm	PAPELARIA	6.00
1970	CANETA DE 4 CORES REDA COMPANY 0.7mm	PAPELARIA	8.00
1971	CANETA DE CD	Geral	7.00
1972	CANETA DE CD	Geral	7.00
1973	CANETA DE GATINHO	Geral	5.00
1974	caneta de gtinho	Geral	5.00
1975	CANETA EM GEL PONTA FINA	Geral	5.00
1976	CANETA GATINHO	Geral	5.00
1977	CANETA GEL  24 UNIDADES	PAPELARIA	40.00
1978	CANETA GEL AVULSA	Geral	3.00
1979	CANETA GEL AVULSA	Geral	2.00
1980	CANETA GEL C 12 CORES	Geral	20.00
1981	caneta gel c 6	Geral	15.00
1982	caneta gel nova	Geral	2.50
1983	CANETA GEL PRETA	Geral	5.00
1984	CANETA GEL SOLTA	Geral	2.00
1985	caneta iao	Geral	7.00
1986	CANETA LARANJA JETLUX	Geral	3.00
1987	CANETA LOUSA BRANCA	Geral	3.00
1988	CANETA LOUSA BRANCA	Geral	2.00
1989	CANETA MARROM   PAPER MATE	ESCOLAR	3.00
1990	caneta piloto azul  brasfort	Geral	5.00
1991	CANETA PILOTO PERMANENTE	Geral	7.00
1992	caneta ponta fina	Geral	5.00
1993	CANETA PONTA FINA AZUL	Geral	5.00
1994	caneta preta	Geral	2.00
1995	caneta preta	Geral	2.00
1996	caneta preta	Geral	2.50
1997	CANETA PRETA  PONTA FINA	Geral	7.00
1998	CANETA PRETA 0,5 ROLLER TIP PEN	Geral	5.00
1999	CANETA ROSA PAPER MATE	Geral	3.00
2000	CANETA VERDE	Geral	2.00
2001	CANETA VERDE CLARO PAPER MATE	ESCOLAR	3.00
2002	caneta vermelha	Geral	2.00
2003	CANETAO	PAPELARIA	7.00
2004	CANETÃO PILOT	Geral	8.00
2005	canetaõ preto	Geral	7.00
2006	CANETAS BIC	Geral	1.50
2007	CANETAS BOB GOOG	Geral	38.00
2008	CANETAS GEL	Geral	15.00
2009	CANETINHA	Geral	5.00
2010	canetinha  gatte 12 unid	Geral	6.00
2011	canetinha 2 pontas c estojo 12 cores	Geral	20.00
2012	canetinha bob goog	Geral	80.00
2013	canetinha bobegode	Geral	8.00
2014	CANETINHA BOBEGODE	Geral	7.00
2015	CANETINHA HIDROCOLOR STARSCHOOL	PAPELARIA	8.00
2016	canetinha hidrocor leo leo 12	PAPELARIA	8.00
2017	canetinha leo leo   24 cores	Geral	15.00
2018	CANETINHA SOLTA	Geral	2.00
2019	cantoneira  colors	Geral	10.00
2020	CANTONEIRA  P/BANHEIRO PRETO NITRON	UTILIDADES	18.00
2021	CANTONEIRA BRANCA NITRON	UTILIDADES	18.00
2022	CANTONEIRA CABE TUDO PRETO	Geral	18.00
2023	CANTONEIRA PORTA SHAMPOO	UTILIDADES	10.00
2024	CANTONEIRA SUPORTE CINZA	UTILIDADES	17.00
2025	CANTONEIRA SUPORTE GRANDE  PRETA	UTILIDADES	17.00
2026	CANUDO FESTA	FESTA	3.00
2027	CANUDO MILA FESTAS	Geral	2.50
2028	CANUDO PLASTICO FESTA	Geral	3.00
2029	CANUDO PLASTICO P/ REFRIGERANTE	Geral	3.00
2030	CAPA  LAVADORA PACELLY	UTILIDADES	60.00
2031	capa de  máquina  tam g	Geral	30.00
2032	CAPA DE ALMOFADA	Geral	9.50
2033	capa de almofada bege	Geral	7.00
2034	CAPA DE BOTIJÃO DE GÁS TECIDO	Geral	8.50
2035	capa de botijão renda	UTILIDADES	8.50
2036	CAPA DE BOTIJÃO TECIDO	Geral	8.00
2037	CAPA DE BUTJAO DE GAS	Geral	7.00
2038	capa de casal	Geral	25.00
2039	capa de chuva adulto  av capas	UTILIDADES	5.00
2040	CAPA DE CHUVA PLASTICA TAM: UNICO ADULTO	UTILIDADES	9.50
2041	CAPA DE CHUVAS  VIVAPLAS	ACESSÓRIOS (MODA)	4.00
2042	CAPA de COLCHÃO CASAL  1,90x1,40x 18 cm	UTILIDADES	26.00
2043	capa de colchao casal malha	CAMA, MESA E BANHO	36.00
2044	capa de colchao solteiro lisa	CAMA, MESA E BANHO	23.00
2045	capa de galão de agua renda	Geral	8.00
2046	CAPA DE MAQUINA	Geral	50.00
2047	CAPA DE MÁQUINA   AJUSTÁVEL DE 8 A 15 KL	Geral	50.00
2048	CAPA DE MAQUINA 51x56x86cm LULILU CONFECÇÃO	Geral	40.00
2049	capa de maquina de roupas flanelada tam 12 a 17 kl	Geral	60.00
2050	CAPA DE MAQUINA SOFICE  PM G SORTIDA	Geral	50.00
2051	CAPA DE MÁQUINA VINIL LISA (G) 8kg A 15kg	UTILIDADES	24.00
2052	CAPA DE RG	Geral	3.00
2053	CAPA DE SOFÁ  KAUANNY SORTIDA	Geral	150.00
2054	capa de sofá 2 peças roma	CAMA, MESA E BANHO	80.00
2055	capa de sofá em malha Ana	Geral	115.00
2056	capa de sofa malha  vermelha anna	Geral	105.00
2057	CAPA DE SOFÁ STRETCH	UTILIDADES	150.00
2058	CAPA DE TANQUINHO  TAM UNICO	Geral	40.00
2059	CAPA GALÃO AGUÁ TECIDO SABI	Geral	6.50
2060	capa maquina linha ouro lulilu	CAMA, MESA E BANHO	50.00
2061	CAPA MAQUINA LINHA OURO TAM	Geral	50.00
2062	CAPA P/ COLCHÃO KALIFA SOLTEIRO	UTILIDADES	22.00
2063	CAPA P/ SOFA COLADINHA MONACO	Geral	97.00
2064	CAPA P/CADEIRA SOFFICE	Geral	30.00
2065	CAPA P/MAQUINA DE LAVAR DE 8 A 15KG	Geral	50.00
2066	CAPA PARA ALMOFADA 43X43CM	Geral	7.00
2067	capa para colchao solteiro malha	CAMA, MESA E BANHO	35.00
2068	CAPA PARA MAQUINA  TAM P	Geral	50.00
2069	CAPA PARA MAQUINA DE LAVAR - TANQUINHO C/ ESFREGADOR	Geral	40.00
2070	CAPA PARA SOFÁ EM MALHA ANNA	Geral	115.00
2071	CAPA PARA SOFÉ EM MALHA ANNA	Geral	90.00
2072	CAPA PARA TANQUINHO tamanho unico	UTILIDADES	40.00
2073	CAPA PRA COLCHÃO CASAL KALIFA	UTILIDADES	25.00
2074	CAPA PRA TANQUINHO  LEO PLAST	Geral	24.00
2075	capa protetora de colchão casal	CAMA, MESA E BANHO	36.00
2076	car universal  holder	Geral	30.00
2077	CARD BOOK 4.0	Geral	7.00
2078	CARDAÇO	Geral	2.00
2079	CARDAÇO AZUL G	Geral	3.00
2080	cardaço branco preto	Geral	2.50
2081	CARDAÇO COLORIDO	Geral	3.00
2082	cardaço par novo preto, branco	Geral	3.00
2083	CARDENO 10M	Geral	25.00
2084	carderno 1m	Geral	13.00
2085	cards  personagens	Geral	0.80
2086	carinho	Geral	13.00
2087	carinho	Geral	30.00
2088	CARNÊ GUIA DA PREVIDENCIA SOCIAL GPS	Geral	7.00
2089	CARPETE PE TAPETES	Geral	25.00
2090	CARPETE SEJA BEM VINDO	Geral	7.00
2091	CARREGADEIRA     RETRO C BONECO	BRINQUEDOS	30.00
2092	CARREGADEIRA PLASPOLO	BRINQUEDOS	35.00
2093	CARREGADOR   GOLD V 8	Geral	20.00
2094	CARREGADOR  AIRFOHE	Geral	30.00
2095	carregador  newton rápido	Geral	39.99
2096	CARREGADOR  ORIGINAL	Geral	20.00
2097	CARREGADOR  RÁPIDO TPC	ELETRONICOS	30.00
2098	CARREGADOR  TIPO C	Geral	30.00
2099	CARREGADOR  TIPO C HMASTON	Geral	35.00
2100	carregador aifone	Geral	50.00
2101	CARREGADOR CABEÇA  MAX TURBO	Geral	15.00
2102	carregador de air fone  lehmox	Geral	30.00
2103	CARREGADOR DE AIRFONE	Geral	30.00
2104	CARREGADOR DE CARRO	Geral	10.00
2105	CARREGADOR DE CARRO	Geral	20.00
2106	CARREGADOR DE CELULAR LEHMOX	Geral	25.00
2107	CARREGADOR GOLD TIPO C	Geral	30.00
2108	CARREGADOR HMASTON  IPHONE	Geral	35.00
2109	CARREGADOR HMASTON AIR FONE	Geral	35.00
2110	CARREGADOR INOVA 3.1A V8	Geral	25.00
2111	carregador inova tipo c	Geral	30.00
2112	CARREGADOR INOVA V 8	ELETRÔNICOS E ACESSÓRIOS	15.00
2113	CARREGADOR INOVA V8	Geral	15.00
2114	CARREGADOR INTELIGENTE PLUG-IN	Geral	30.00
2115	carregador kaidi	Geral	50.00
2116	CARREGADOR KAIDI  USB	Geral	20.00
2117	CARREGADOR KAPBOM 3,6A	Geral	25.00
2118	carregador le 485-2 lehmox	Geral	30.00
2119	CARREGADOR LEHMOX	Geral	30.00
2120	CARREGADOR LEHMOX LE-480TYPE C	Geral	30.00
2121	CARREGADOR ORIGINAL UNIVERSAL	ELETRÔNICOS E ACESSÓRIOS	15.00
2122	carregador rápido	Geral	40.00
2123	CARREGADOR RÁPIDO  GOLD  EARPHONE	Geral	30.00
2124	carregador rápido  tipo c  h maston	Geral	40.00
2125	CARREGADOR RÁPIDO HMASTON IPHONE	ELETRÔNICOS E ACESSÓRIOS	40.00
2126	CARREGADOR RÁPIDO IOS 3.1A RENUX	Geral	40.00
2127	CARREGADOR RAPIDO IPHONE LEHMOX	Geral	30.00
2128	CARREGADOR TIPO C	Geral	30.00
2129	CARREGADOR TIPO C	Geral	30.00
2130	CARREGADOR TURBO 4.8A HMASTON	Geral	30.00
2131	CARREGADOR TURBO 5.1A	Geral	35.00
2132	CARREGADOR TURBO a'GOLD 30W 6.0A CA27-3 USBC	ELETRÔNICOS E ACESSÓRIOS	39.99
2133	CARREGADOR TURBO AIR FONE	Geral	35.00
2134	CARREGADOR USB-C IPHONE PRA TIPO C	Geral	50.00
2135	carregador v 8	Geral	15.00
2136	CARREGADOR V8	Geral	20.00
2137	CARREGADOR V8 3.1A	Geral	25.00
2138	CARREGADOR Y24-2	Geral	1.00
2139	CARREGAKAIDE TIPO C	ELETRÔNICOS E ACESSÓRIOS	25.00
2140	carreta com 1 carrinho	Geral	40.00
2141	CARRETILHA  DE PASTEL	Geral	6.00
2142	CARRINHO  SPIDER  AZUL	Geral	17.00
2143	carrinho baby car	BRINQUEDOS	23.00
2144	CARRINHO BABY LINE	BRINQUEDOS	20.00
2145	CARRINHO C 4	Geral	40.00
2146	CARRINHO CAIXA DIE CAST 10 UNIDADES	BRINQUEDOS	80.00
2147	CARRINHO COLEÇAO	Geral	30.00
2148	carrinho com sacola arame car preto	Geral	120.00
2149	CARRINHO DA HOTWHEELS SOLTO	Geral	10.00
2150	CARRINHO DE 5	Geral	5.00
2151	CARRINHO DE BOMBEIRO TATO	Geral	17.00
2152	CARRINHO DE BONECA	BRINQUEDOS	35.00
2153	CARRINHO DE BONECA ART BRINK	BRINQUEDOS	30.00
2154	CARRINHO DE FEIRA  ALUMINIO	UTILIDADES	90.00
2155	CARRINHO DE FEIRA  GABIVIVI	UTILIDADES	85.00
2156	CARRINHO DE FEIRA DE METAL	Geral	110.00
2157	CARRINHO DE FEIRA L&T	Geral	70.00
2158	carrinho de ferro g	Geral	40.00
2159	CARRINHO DE FESTA	Geral	2.00
2160	CARRINHO DE FRICÇÃO POLICIA	Geral	40.00
2161	CARRINHO DE METAL	BRINQUEDOS	1.00
2162	CARRINHO DE MOCHILA ROSA	Geral	70.00
2163	CARRINHO DIE CAST	Geral	50.00
2164	CARRINHO FRICÇÃO	Geral	30.00
2165	carrinho hot wells	Geral	10.00
2166	CARRINHO KOMBI SURF	BRINQUEDOS	30.00
2167	CARRINHO METAL	Geral	10.00
2168	carrinho novo	Geral	40.00
2169	carrinho pequeno avulso	Geral	10.00
2170	CARRINHO PICK-UP FORCE FIRE	BRINQUEDOS	100.00
2171	CARRINHO PICK-UP FORCE POLICE	BRINQUEDOS	75.00
2172	CARRINHO PRETO JEEP POLICIAL	BRINQUEDOS	25.00
2173	CARRINHO RATTAM 4X4	BRINQUEDOS	50.00
2174	CARRINHO RELAMPAGO MACCQUEN	BRINQUEDOS	20.00
2175	carrinho road diary	Geral	15.00
2176	CARRINHO ROBÔ	Geral	65.00
2177	CARRINHO ROBO TRANSFORMERS QUE PISCA	BRINQUEDOS	70.00
2178	CARRINHO ROBOT DEFORM	BRINQUEDOS	55.00
2179	CARRINHO SIXSIXZERO SOLTO	Geral	12.50
2180	CARRINHO SOLTO	Geral	10.00
2181	CARRINHO SPEEDY VEGAS	BRINQUEDOS	25.00
2182	CARRINHO VERMELHO JEEP RESGATE	BRINQUEDOS	25.00
2183	CARRINHOS CARTOON CAR COLORIDO	BRINQUEDOS	30.00
2184	CARRINHOS DIE-CAST	Geral	40.00
2185	carrinhoS DIVERSOS	Geral	40.00
2186	carrinhos fuscas ,kombis, police	Geral	30.00
2187	CARRINHOS PATRULHA CANINA C/6	BRINQUEDOS	65.00
2188	CARRO    EVOK	Geral	25.00
2189	carro  mega car	Geral	15.00
2190	CARRO BOMBEIRO PICKUP	BRINQUEDOS	23.00
2191	carro camaro	Geral	20.00
2192	carro camaro robõ	Geral	50.00
2193	carro controle remoto model car	BRINQUEDOS	70.00
2194	CARRO CONTROLE REMOTO PHANTON	BRINQUEDOS	150.00
2195	CARRO CONTROLE REMOTO POSSANTE	BRINQUEDOS	90.00
2196	CARRO CONTROLE REMOTO SUPER	Geral	80.00
2197	CARRO DE POLICIA	Geral	17.00
2198	carro de policia controle remoto	Geral	125.00
2199	CARRO FUSCA VERDE	Geral	17.00
2200	carro mega car	Geral	15.00
2201	CARRO METAL	BRINQUEDOS	20.00
2202	carro mini model	Geral	10.00
2203	CARRO MXT 2.0	BRINQUEDOS	40.00
2204	carro pic cap  fireblade	Geral	32.00
2205	CARRO PORSCHE	Geral	20.00
2206	carro porshe	Geral	20.00
2207	CARRO RELAMPAÇO	Geral	20.00
2208	CARRO ROBOT	BRINQUEDOS	65.00
2209	CARRO ROBOT	BRINQUEDOS	65.00
2210	carro scorpion	Geral	55.00
2211	CARROA RODA KIT 4 PEÇAS	BRINQUEDOS	20.00
2212	CARROS	Geral	30.00
2213	CARTA MEDIA	Geral	1.00
2214	CARTA PEQ	Geral	0.50
2215	cartaõ de aniversário	Geral	4.00
2216	CARTÃO DE ONIBUS	Geral	4.00
2217	CARTÃO DE PONTO	Geral	1.00
2218	CARTAO DE PRESENTE	Geral	4.00
2219	CARTAO DE PRESENTE	Geral	2.00
2220	CARTÃO DE PRESENTE	Geral	4.00
2221	CARTÃO DE PRESENTE	Geral	1.00
2222	CARTÃO DE PRESENTE	Geral	2.00
2223	CARTÃO DE PRESENTE DE NATAL	Geral	10.00
2224	cartão natal	Geral	5.00
2225	CARTEIRA	Geral	30.00
2226	CARTEIRA    PRA HABILITAÇÃO	Geral	18.00
2227	carteira  masculina	Geral	20.00
2228	CARTEIRA BOOK	Geral	7.00
2229	CARTEIRA BVEIS	Geral	20.00
2230	CARTEIRA C/ VISOR	Geral	10.00
2231	carteira dakley caixa	Geral	30.00
2232	CARTEIRA DE TRABALHO	Geral	3.00
2233	CARTEIRA FEMININA	Geral	15.00
2234	CARTEIRA FEMININA GRANDE	Geral	40.00
2235	CARTEIRA FEMININA PEQUENA	Geral	20.00
2236	carteira grande fem	Geral	40.00
2237	CARTEIRA MASCULINA	Geral	7.00
2238	CARTEIRA MASCULINA	Geral	35.00
2239	carteira masculina	Geral	30.00
2240	CARTEIRA MASCULINA	Geral	25.00
2241	CARTEIRA MASCULINA	Geral	18.00
2242	CARTEIRA MASCULINA	Geral	15.00
2243	CARTEIRA MASCULINA	Geral	30.00
2244	CARTEIRA MASCULINA	Geral	20.00
2245	carteira masculina  bveis	Geral	20.00
2246	carteira masculina darkley	Geral	30.00
2247	CARTEIRA MÉDIA FEMININA	ACESSÓRIOS (MODA)	30.00
2248	CARTEIRA/BOLSA FEM DE COURO	Geral	30.00
2249	CARTELA C/6 CARROS	Geral	45.00
2250	CARTELA DE ADESIVO GRD.	Geral	5.00
2251	CARTELA DE AGULHA MILWARD	Geral	2.00
2252	CARTELA DE BRINCO C/3 PARES	Geral	3.00
2253	CARTELA DE BRINCOS C/3 PARES COROA	Geral	5.00
2254	CARTELA DE CARRINHOS C/6	BRINQUEDOS	30.00
2255	CARTELA DE CARRINHOS C/6 MCQUEEN	BRINQUEDOS	30.00
2256	CARTELA DE PRESILHAS	Geral	4.00
2257	CARTELA DE RIFA	Geral	2.00
2258	CARTOLINA AMARELA	Geral	2.00
2259	CARTOLINA AZUL	Geral	2.00
2260	CARTOLINA BRANCA	Geral	2.00
2261	CARTOLINA ROSA	Geral	2.00
2262	CARTOLINA VERDE	Geral	2.00
2263	CARTS	Geral	0.80
2264	casadinho de goiabada   300 gr	Geral	15.00
2265	casca de arroz	Geral	7.00
2266	CASCA DE ARROZ TERRA GARDEN 200G	JARDINAGEM	3.00
2267	CASCA DE COCO	JARDINAGEM	6.00
2268	casca de pinus	Geral	5.00
2269	CASCA DE PINUS 200G	JARDINAGEM	4.50
2270	CASCA DE PINUS TERRA BRASIL	JARDINAGEM	3.00
2271	CASCA DE PINUS TERRA GARDEN	Geral	10.00
2272	CASCA DE PINUS TERRA GARDEN	JARDINAGEM	10.00
2273	CASINHA DOS SONHOS	BRINQUEDOS	23.50
2274	CASTELO PRINCESA SNOW	BRINQUEDOS	90.00
2275	CAVALINHO 89 CM	Geral	12.00
2276	CAVALINHO DE BRINQUEDO	BRINQUEDOS	12.00
2277	CAVALINHO DE MADEIRA	Geral	12.00
2278	CAVALINHO PULA PULA	Geral	70.00
2279	CAVALINHO PULA PULA	Geral	90.00
2280	cavalinho upa upa sortido	BRINQUEDOS	90.00
2281	CAVALO	Geral	80.00
2282	cavalo	Geral	60.00
2283	CAVALO FASHION com pilha	Geral	45.00
2284	CELULAR REDMI A1	Geral	800.00
2285	centrinho emborrachado	Geral	7.00
2286	centro de mesa  esferas bicolors	Geral	35.00
2287	CENTRO DE MESA ACRILICO	Geral	35.00
2288	centro de mesa acrilico	Geral	22.00
2289	centro de mesa flor bicolor	Geral	22.00
2290	centro de mesa vitazza	Geral	30.00
2291	cesta	Geral	125.00
2292	CESTA	Geral	180.00
2293	CESTA	Geral	40.00
2294	cesta	Geral	20.00
2295	cesta	Geral	5.00
2296	cesta  dia das maes	Geral	85.00
2297	cesta  dia das maes flor	Geral	87.00
2298	cesta caneca com porta joia	Geral	60.00
2299	cesta caneca urso	Geral	70.00
2300	cesta das maes	Geral	60.00
2301	CESTA DE CAFE	Geral	195.00
2302	cesta de palha	Geral	30.00
2303	CESTA DE PASCOA	Geral	50.00
2304	CESTA DE PASCOA C XICARA	Geral	45.00
2305	CESTA DE PRESENTE	Geral	20.00
2306	CESTA DE PRESENTE, DE PAPELÃO	Geral	20.00
2307	CESTA DIA DA MULHER	Geral	55.00
2308	CESTA DIA DA MULHER	Geral	45.00
2309	CESTA DIA DA MULHER	Geral	50.00
2310	cesta dia das maes	Geral	85.00
2311	cesta dia das maes esp.	Geral	190.00
2312	CESTA DIA DAS MAES P	Geral	40.00
2313	cesta dia das maos	Geral	52.00
2314	cesta dia do namorados	Geral	185.00
2315	cesta dia dos namorados g	Geral	150.00
2316	CESTA DIA DOS NAMORADOS P	Geral	60.00
2317	cesta dos namorados	Geral	80.00
2318	CESTA ESPECIAL COM UTILIDADES	Geral	220.00
2319	CESTA GRANDE DE PRESENTES/ DIA DAS MÃES	Geral	90.00
2320	CESTA GRANDE DE PRESENTES/ DIA DAS MÃES	Geral	147.00
2321	CESTA GRANDE DE PRESENTES/ DIA DAS MULHERES	Geral	80.00
2322	CESTA GRANDE DE PRESENTES/ DIA DAS MULHERES	Geral	90.00
2323	CESTA GRANDE P/ PRESENTES	PRESENTES	20.00
2324	CESTA MANDALA PEQUENA	Geral	15.00
2325	CESTA ORGANIZADORA 230ML	UTILIDADES	9.00
2326	CESTA PEQUENA	Geral	15.00
2327	CESTA PEQUENA 1,400 ML	PLASTICOS	5.00
2328	CESTA PRENDEDOR	Geral	8.00
2329	CESTA QUADRADA	Geral	10.00
2330	CESTINHA MINI MERCADO C/ COMPRINHAS	BRINQUEDOS	15.00
2331	CESTINHA ORGANIZADORA 800ML	UTILIDADES	3.00
2332	cesto	Geral	50.00
2333	cesto	Geral	20.00
2334	CESTO   COM TAMPA ROSA  40 LITROS	Geral	40.00
2335	CESTO   COM TAMPA ROSA  40 LITROS	Geral	40.00
2336	CESTO   DE PRENDEDOR CORAÇÃO	UTILIDADES	4.00
2337	CESTO  2,5 L COM TAMPA MADEIRA LABEL	UTILIDADES	15.00
2338	cesto  fechado 60 l   colors	UTILIDADES	25.00
2339	cesto  quadrado	Geral	5.00
2340	cesto 14L preto ref 0331	CAsa	10.00
2341	CESTO 14L PRETO REF 0331	BANHEIRO	22.00
2342	cesto 30L preto mb	Geral	30.00
2343	cesto 30L preto ref 0332	BANHEIRO	25.00
2344	CESTO 64 L	UTILIDADES	44.99
2345	cesto 6L pia c tampa conico ref 1086	COZINHA	8.00
2346	cesto 6L pia c tampa conico UP house Ref1089	COZINHA	8.00
2347	CESTO 6L PIA COM TAMPA CONICO ref 1090	COZINHA	8.00
2348	CESTO 8L UNINJET	UTILIDADES	7.50
2349	CESTO ARQUAPLAST	Geral	35.00
2350	CESTO ATENAS PEQUENO QUADRADO	PLASTICOS	13.00
2351	CESTO AZUL C/ TAMPA 40L	PLASTICOS	40.00
2352	CESTO BRANCO ORGANIZADOR PEQUENO QUADRADO  UNIJET	UTILIDADES	6.00
2353	CESTO DE 60 LITROS UNINJET	UTILIDADES	40.00
2354	cesto de canto	Geral	35.00
2355	CESTO DE CANTO  CINZA	UTILIDADES	39.99
2356	cesto de lixo telado	Geral	5.00
2357	CESTO DE PEDAL 12 LITROS  PRETA	UTILIDADES	25.00
2358	CESTO DE PEDAL 8L PRETO UNINJET	UTILIDADES	25.00
2359	CESTO DE ROUPA	Geral	55.00
2360	cesto de roupa	Geral	50.00
2361	CESTO DE ROUPAS ECO NATURE PRETO	Geral	30.00
2362	cesto dobrável 50cm x 30cm	UTILIDADES	20.00
2363	cesto fechado 100 l aqplast	Geral	85.00
2364	CESTO FECHADO 30 LITROS  INPLAST	UTILIDADES	32.00
2365	CESTO FECHADO 64 L  COLOR	UTILIDADES	45.00
2366	CESTO FECHADO C/ TAMPA 20L	UTILIDADES	22.00
2367	CESTO FECHADO C/ TAMPA 25L	Geral	32.00
2368	CESTO FECHADO PRETO 14 L	Geral	20.00
2369	CESTO FECHADO PRETO 65 L	COZINHA	45.00
2370	CESTO FECHADO REDONDO COLORS 35L	UTILIDADES	25.00
2371	CESTO FECHADO UNIJET 30 LITRO	Geral	25.00
2372	CESTO FLOR VERDE	PLASTICOS	5.00
2373	CESTO INFANTIL CARA DE URSO	Geral	55.00
2374	cesto lavandeira verde 60 litros  uninjet	UTILIDADES	45.00
2375	CESTO MULTIUSO ARIPLAS	UTILIDADES	7.00
2376	CESTO ORG ALTO GRANDE ROSA	UTILIDADES	12.00
2377	cesto org. branco  26x12  uninjet	UTILIDADES	12.00
2378	CESTO ORG. MULT. ALTO GRANDE TRANSP.	Geral	12.00
2379	CESTO ORG. RET. COMPRIDO AZUL	Geral	8.00
2380	CESTO ORGANIZADOR  FRUTEIRA COM 4 ANDAR	Geral	40.00
2381	CESTO ORGANIZADOR  reto cumprido	UTILIDADES	8.00
2382	CESTO ORGANIZADOR ALTO PRETO	UTILIDADES	12.00
2383	CESTO ORGANIZADOR C/TAMPA CINZA	Geral	12.00
2384	CESTO ORGANIZADOR CUMPRIDO	Geral	9.00
2385	CESTO ORGANIZADOR QUADRADO AZUL	COZINHA	10.00
2386	CESTO ORGANIZADOR QUADRADO PEQUENO	Geral	5.00
2387	CESTO ORGANIZADOR RET COMPRIDO	Geral	8.00
2388	CESTO ORGANIZADOR RET COMPRIDO ROSA	UTILIDADES	9.00
2389	CESTO ORGANIZADOR ROSA C/TAMPA	Geral	12.00
2390	CESTO ORGANIZADOR ROSA g	UTILIDADES	12.00
2391	CESTO OVAL   PRETO  ARQPLAST	UTILIDADES	49.99
2392	cesto pia 6 litros unin jet preto	Geral	9.00
2393	cesto pia branco 6 litros uninjet	Geral	9.00
2394	CESTO PQ.	Geral	5.00
2395	cesto pra pia rosa  6 litros	Geral	9.00
2396	CESTO PRA PRENDEDOR	UTILIDADES	6.00
2397	CESTO PRETO	Geral	40.00
2398	CESTO PRETO C/ TAMPA 40L	PLASTICOS	40.00
2399	cesto quadrado  plasnew  branco	Geral	35.00
2400	CESTO QUADRADO 28 LITROS INPLAST   PRETO	UTILIDADES	30.00
2401	CESTO QUADRADO DE PEDAL 14 LITROS UNINJET[	UTILIDADES	30.00
2402	CESTO QUADRADO INPLAST 60,LITROS	Geral	47.00
2403	cesto quadrado preto 40 l	Geral	40.00
2404	CESTO QUADRADO UNINJET 14 LITROS  BRANCA	UTILIDADES	30.00
2405	CESTO RATAN 45 LITROS PRETO QUADRADO	UTILIDADES	50.00
2406	CESTO RATAN QUADRADO BRANCO 45 L	UTILIDADES	50.00
2407	CESTO RATTAN 72L	UTILIDADES	70.00
2408	CESTO REDONDO 12 LITROS BRANCO	UTILIDADES	25.00
2409	CESTO REDONDO 30 LITROS	Geral	30.00
2410	cesto REDONDO 64 LITROS PRETO	Geral	35.00
2411	CESTO RET TELADO 30L  JAGUAR	UTILIDADES	32.00
2412	CESTO ROSA ORGANIZADOR QUADRADO P	UTILIDADES	6.00
2413	CESTO TELADO	UTILIDADES	4.50
2414	CESTO TELADO 10 L PRETO	PLASTICOS	5.00
2415	CESTO TELADO 30L SILVERBLACK	UTILIDADES	30.00
2416	CESTO TELADO 36L C/TAMPA  PRETO	Geral	25.00
2417	cesto telado 40 litro	Geral	35.00
2418	CESTO TELADO 48L SILVERBRACK	UTILIDADES	40.00
2419	CESTO TELADO 56L PRETO	UTILIDADES	30.00
2420	cesto telado 60 litros	Geral	50.00
2421	CESTO TELADO 60 LTS JAGUAR	UTILIDADES	40.00
2422	CESTO TELADO 60L	Geral	47.00
2423	cesto telado 60l arquplast branco	Geral	40.00
2424	CESTO TELADO 60L BRANCO C/TAMPA	Geral	35.00
2425	CESTO TELADO 72L	Geral	50.00
2426	CESTO TELADO 8 LT INPLAST	UTILIDADES	4.00
2427	CESTO TELADO 9 LTS COLOR	PLASTICOS	5.00
2428	CESTO TELADO ARQUAPLAST  RATAN  PRETO  50 LT	UTILIDADES	50.00
2429	CESTO TELADO C/ TAMPA CINZA 30L	UTILIDADES	24.00
2430	cesto telado cinza redondo 56l	Geral	30.00
2431	CESTO TELADO COM TAMPA 72 LITROS  SORTIDOS	UTILIDADES	60.00
2432	CESTO TELADO DE CANTO 40L SILVERBLACK	UTILIDADES	45.00
2433	CESTO TELADO JAGUAR  PRETO	UTILIDADES	40.00
2434	CESTO TELADO JAGUAR BRANCO  30 L	Geral	25.00
2435	CESTO TELADO NR 60 SILVERBLACK	UTILIDADES	35.00
2436	CESTO TELADO PEQUENO 10 LTS ARQPLAST	UTILIDADES	5.50
2437	CESTO TELADO PRETO	UTILIDADES	5.00
2438	CESTO TELADO QUADRADO PRETO	Geral	30.00
2439	cesto telado ratan 72 l	Geral	70.00
2440	CESTO TELADO REDONDO ARQPLAST PRETO 60 LTS  PRETO	UTILIDADES	35.00
2441	CESTO TELADO REDONDO JAGUAR 30 LITROS	UTILIDADES	30.00
2442	CESTO TELADO RET  BRANCO 60 LT  JAGUAR	UTILIDADES	55.00
2443	CESTO TELADO RET. 72L - SILVERBLACK	UTILIDADES	50.00
2444	CESTO TELADO RET. 72L C/ TAMPA	UTILIDADES	50.00
2445	CESTO TELADO RETANGULAR 40L	UTILIDADES	40.00
2446	CESTO TELADO RETANGULAR C/ TAMPA 60 LTS	UTILIDADES	50.00
2447	CESTO TELADO VERDE C/ TAMPA - 30 LTS	Geral	26.00
2448	cesto telado verde redondo plasnew	Geral	30.00
2449	CESTO TRANSPARENTE P QUADRADO	UTILIDADES	6.00
2450	CESTO VERMELHO C/TAMPA 40L	PLASTICOS	40.00
2451	CHALEIRA C SUPORTE CAFÉ CARQUEADO	ALUMINIO	31.00
2452	chaleira de microondas	Geral	14.00
2453	CHALEIRA N 14 CARQUEADO	ALUMINIO	40.00
2454	CHALEIRA POLIDA 14	Geral	35.60
2455	CHALEIRA POLIDA 16	Geral	38.70
2456	CHALEIRA PRETA N°14 1L	ALUMINIO	34.00
2457	CHAPELEIRA DE MADEIRA	Geral	70.00
2458	CHAPELEIRA DE MADEIRA	Geral	60.00
2459	CHAPELEIRA DE MADEIRA	Geral	80.00
2460	chapeu  de quadrilha	Geral	15.00
2461	CHAPEU C/ TRANÇA E RENDA	Geral	15.00
2462	CHAPEU DE ANIVERSARIO	Geral	2.00
2463	CHAPEU DE PALHA	Geral	15.00
2464	CHAPÉU DE PALHA	Geral	20.00
2465	chapeu de palha	Geral	15.00
2466	CHAPÉU DE PALHA COLORIDO	Geral	20.00
2467	CHAPÉU DE PALHA FEMININO	Geral	15.00
2468	CHAPÉU DE PALHA PEQ AZUL	Geral	7.00
2469	CHAPEU MALANDRINHO	Geral	15.00
2470	CHAPÉU PALHA CARNAUBA	UTILIDADES	18.00
2471	chapeu quadrilha	Geral	12.00
2472	CHAPINHA + BOLSINHA	BRINQUEDOS	10.50
2473	chaveiro	Geral	8.00
2474	CHAVEIRO	Geral	8.00
2475	CHAVEIRO	Geral	3.00
2476	CHAVEIRO	Geral	10.00
2477	chaveiro	Geral	10.00
2478	chaveiro	Geral	10.00
2479	chaveiro  coelho	Geral	10.00
2480	CHAVEIRO  EMOJI	Geral	7.00
2481	CHAVEIRO  HELLO KIT	Geral	15.00
2482	CHAVEIRO  PON PON	Geral	10.00
2483	chaveiro  ursinho	Geral	10.00
2484	chaveiro bailarina	Geral	4.00
2485	CHAVEIRO BASQUETE	Geral	6.00
2486	chaveiro biblico	Geral	7.00
2487	CHAVEIRO BONECA	Geral	10.00
2488	chaveiro boneca pequena nova	Geral	8.00
2489	CHAVEIRO BONECO	Geral	10.00
2490	CHAVEIRO BOYA	Geral	7.00
2491	CHAVEIRO BOYA	Geral	5.00
2492	chaveiro coelho	Geral	10.00
2493	CHAVEIRO COLORIDO	Geral	8.00
2494	CHAVEIRO CORACAO	Geral	4.00
2495	CHAVEIRO CORAÇÃO PELUCIA	Geral	10.00
2496	CHAVEIRO CORDAO	Geral	7.00
2497	CHAVEIRO CORDAO	Geral	8.00
2498	chaveiro cordão	Geral	5.00
2499	CHAVEIRO CORDAO FINO	Geral	4.00
2500	CHAVEIRO CORUJA	UTILIDADES	4.00
2501	CHAVEIRO CRISTAL	Geral	6.00
2502	CHAVEIRO CRISTAL DE 4	Geral	4.00
2503	CHAVEIRO CRS 1034 METAL	UTILIDADES	6.00
2504	CHAVEIRO DE 6	Geral	6.00
2505	CHAVEIRO DE 8	Geral	8.00
2506	CHAVEIRO DE BEIJO	Geral	6.00
2507	CHAVEIRO DE BEIJO	Geral	4.00
2508	CHAVEIRO DE BONECA	Geral	8.00
2509	CHAVEIRO DE BONECA	Geral	10.00
2510	CHAVEIRO DE CARRO	Geral	7.00
2511	CHAVEIRO DE CARRO	Geral	8.00
2512	chaveiro de cavalo	Geral	4.00
2513	chaveiro de coelho	Geral	10.00
2514	CHAVEIRO DE CORDÃO FINO	Geral	3.00
2515	CHAVEIRO DE CORDÃO NOMES	Geral	5.00
2516	CHAVEIRO DE EMOJI	Geral	5.00
2517	CHAVEIRO DE EMOJI	Geral	7.00
2518	CHAVEIRO DE MICROFONE  GRD.	Geral	4.00
2519	CHAVEIRO DE PAREDE PERSONALIZADO	Geral	20.00
2520	CHAVEIRO DE ROBO	Geral	12.00
2521	CHAVEIRO DE ROBO	Geral	10.00
2522	CHAVEIRO DE ROSQUINHA	Geral	10.00
2523	CHAVEIRO DE SAPATINHO	Geral	6.00
2524	CHAVEIRO DE SAPATINHO	Geral	4.00
2525	chaveiro de tijolos	Geral	4.00
2526	CHAVEIRO DE TIMES	Geral	7.00
2527	CHAVEIRO DE TIMES	Geral	8.00
2528	CHAVEIRO DE TIMES	Geral	20.00
2529	CHAVEIRO DE TIRA COLORIDA	Geral	8.00
2530	CHAVEIRO DE URSINHO	Geral	6.00
2531	CHAVEIRO DE URSINHO	Geral	8.00
2532	CHAVEIRO DE URSINHO	Geral	10.00
2533	CHAVEIRO DE URSINHO CORAÇÃO	Geral	12.00
2534	chaveiro de urso	Geral	10.00
2535	CHAVEIRO DO DEADPOOL	Geral	15.00
2536	CHAVEIRO DO HOMEM-ARANHA	Geral	15.00
2537	CHAVEIRO DOURADO ELEFANTE	Geral	4.00
2538	chaveiro elefante	Geral	5.00
2539	CHAVEIRO EMOJI	Geral	7.00
2540	CHAVEIRO EVANGELICO	Geral	6.00
2541	CHAVEIRO FINO	Geral	4.00
2542	CHAVEIRO FUTEBOL	Geral	6.00
2543	CHAVEIRO HELLO KIT	Geral	15.00
2544	chaveiro heloo kit	Geral	15.00
2545	CHAVEIRO HOMEM ARANHA	Geral	15.00
2546	CHAVEIRO LEXUS KEYCHAIN	Geral	5.00
2547	chaveiro lilo stitch	Geral	15.00
2548	CHAVEIRO LILO STITCH  GRANDE	Geral	18.00
2549	CHAVEIRO MAQUAQUINO	Geral	10.00
2550	chaveiro masculino	Geral	8.00
2551	CHAVEIRO MICROFONE	Geral	6.00
2552	CHAVEIRO MICROFONE PEQUENO	Geral	3.00
2553	CHAVEIRO NIKE	Geral	5.00
2554	CHAVEIRO PÉLUCIA  CORAÇÃO	Geral	4.00
2555	CHAVEIRO PEQUENO	Geral	10.00
2556	CHAVEIRO PERSONAGEM	Geral	5.00
2557	chaveiro personagens homen aranha, capitão america,batman, super	Geral	15.00
2558	chaveiro personagens stite	Geral	18.00
2559	CHAVEIRO POMPOM	Geral	10.00
2560	CHAVEIRO POMPOM CORAÇÃO	Geral	8.00
2561	CHAVEIRO POMPOM sortido	Geral	8.00
2562	CHAVEIRO ROBO	Geral	10.00
2563	chaveiro salto	Geral	4.00
2564	chaveiro skate	Geral	4.00
2565	chaveiro stite grande	Geral	18.00
2566	chaveiro stite medio	Geral	15.00
2567	chaveiro stith	Geral	15.00
2568	CHAVEIRO SUPER HEROIS	Geral	12.00
2569	CHAVEIRO SUPER HEROIS	Geral	15.00
2570	CHAVEIRO TIJOLO	Geral	4.00
2571	chaveiro times	Geral	7.00
2572	chaveiro times	Geral	5.00
2573	CHAVEIRO URSINHO	Geral	12.00
2574	CHAVEIRO URSINHO	Geral	10.00
2575	CHAVEIRO URSO	Geral	8.00
2576	CHAVEIROC HAVEIRO EMOJI	Geral	7.00
2577	CHAVEIROS DE PERSONAGEM	Geral	6.00
2578	CHAVES INTERCAMBIAVEIS SQ	Geral	30.00
2579	CHICARA 280ML MAE MAIS	PORCELANAS	17.00
2580	CHICARA 280ML MAE MAIS C CAIXA	PORCELANAS	20.00
2581	chinela	Geral	12.00
2582	CHINELA HAVAIANAS	Geral	20.00
2583	chinela ipanema	Geral	35.00
2584	chinela maculina	Geral	25.00
2585	CHINELI LASCOSTE  INFANTIL	Geral	20.00
2586	chineli rider preto	Geral	25.50
2587	CHINELO	Geral	20.00
2588	CHINELO	Geral	15.00
2589	CHINELO    fem	Geral	25.00
2590	chinelo   boxing	Geral	20.00
2591	CHINELO   fem vermelho	Geral	30.00
2592	CHINELO   LACOSTE	Geral	25.00
2593	chinelo   starlux	Geral	15.00
2594	CHINELO  CALVIM KLEIN	Geral	25.00
2595	chinelo  da lacoste	Geral	22.00
2596	CHINELO  FEM PROMOÇÃO	Geral	15.00
2597	chinelo  feminina	Geral	25.00
2598	CHINELO  FEMININO	Geral	20.00
2599	CHINELO  HAVAIANAS  BRANCO FEM	Geral	40.00
2600	chinelo  havaianas cinza fem.	Geral	30.00
2601	CHINELO  INFANTIL IPANEMA	Geral	20.00
2602	chinelo  infantil nenê	Geral	20.00
2603	CHINELO  IPANEMA  FLORES	Geral	18.50
2604	CHINELO  IPANEMA INFANTIL	Geral	17.00
2605	CHINELO  KENER	Geral	30.00
2606	chinelo  lacoste	Geral	25.00
2607	chinelo  masculino beira mar	Geral	20.00
2608	chinelo  masculino e 30	Geral	30.00
2609	chinelo  mormay fem preto	Geral	25.00
2610	chinelo  nike madculino	Geral	25.00
2611	chinelo  polo culture	Geral	40.00
2612	CHINELO  RIDER	Geral	25.50
2613	CHINELO  RIDER	Geral	25.00
2614	chinelo  rider branco	Geral	25.50
2615	CHINELO  rider vermelho	Geral	45.00
2616	chinelo  santa lola	Geral	22.00
2617	chinelo  tomy hilfiger	Geral	20.00
2618	CHINELO 25/26 MINNIE HAVAIANAS	Geral	17.00
2619	CHINELO 29/30 MINNIE HAVAIANAS	Geral	17.00
2620	CHINELO AUTENTICA	Geral	30.00
2621	CHINELO AUTENTICA	Geral	25.00
2622	CHINELO BART	Geral	17.00
2623	chinelo beira mar	Geral	20.00
2624	CHINELO BEIRA MAR AZUL 37/38	Geral	20.00
2625	CHINELO BEIRA MAR MARROM	Geral	20.00
2626	CHINELO BOB MARLEY	Geral	25.00
2627	CHINELO BORUTO	Geral	25.00
2628	CHINELO BORUTO 25/26 CORES DIVERSAS	CHINELOS	25.00
2629	CHINELO BORUTO CORES DIVERSAS 29/30	CHINELOS	25.00
2630	chinelo boxing	Geral	25.00
2631	chinelo boxing	Geral	20.00
2632	CHINELO BOXING VERMELHO E PRETO	Geral	30.00
2633	CHINELO CALVIN KLEIN	Geral	20.00
2634	CHINELO CARTAGO	Geral	40.00
2635	CHINELO CARTAGO	Geral	40.00
2636	CHINELO CARTAGO AZUL ESCURO/CINZA DAKAR PLUS	Geral	30.00
2637	CHINELO CARTAGO AZUL ESCURO/VERMELHO	CHINELOS	25.00
2638	CHINELO CARTAGO PRETO/CINZA	Geral	25.00
2639	chinelo cinza com brilho	Geral	30.00
2640	CHINELO DA PROMOÇÃO DE 10	Geral	10.00
2641	CHINELO DOS SIMPSONS	Geral	20.00
2642	CHINELO FEM BRANCO  VERDE	Geral	30.00
2643	chinelo fem preto mormai	Geral	25.00
2644	CHINELO FEM. OASIS	Geral	19.99
2645	CHINELO FEMININO HAVAIANAS	Geral	20.00
2646	chinelo feminino novo	Geral	25.00
2647	CHINELO FEMININO TODOS OS MODELOS	Geral	17.00
2648	CHINELO HAVAI MASCULINO	Geral	20.00
2649	CHINELO HAVAIANAS	Geral	18.00
2650	chinelo havaianas  brancas, off  fem	Geral	40.00
2651	CHINELO HAVAIANAS  FLORES	Geral	25.00
2652	CHINELO HAVAIANAS 37/38 AZUL/BRANCO	Geral	18.00
2653	CHINELO HAVAIANAS AZUL BANDEIRA	Geral	17.00
2654	CHINELO HAVAIANAS AZUL BANDEIRA	Geral	20.00
2655	CHINELO HAVAIANAS AZUL BANDEIRA	Geral	25.00
2656	CHINELO HAVAIANAS AZUL BANDEIRA	Geral	30.00
2657	CHINELO HAVAIANAS BANDEIRA	Geral	15.00
2658	CHINELO HAVAIANAS BART SIMPSON	Geral	20.00
2659	CHINELO HAVAIANAS BASICO	Geral	18.00
2660	CHINELO HAVAIANAS BRANCO BANDEIRA	Geral	22.00
2661	CHINELO HAVAIANAS BRANCO BANDEIRA	Geral	30.00
2662	CHINELO HAVAIANAS BRANCO BANDEIRA	Geral	30.00
2663	CHINELO HAVAIANAS BRANCO BANDEIRA	Geral	25.00
2664	CHINELO HAVAIANAS BRANCO/ROSA	Geral	20.00
2665	CHINELO HAVAIANAS BRANCO/VERDE	Geral	20.00
2666	CHINELO HAVAIANAS CALVIN KLEIN PRETO	Geral	25.00
2667	CHINELO HAVAIANAS CORREIA GEL	Geral	25.00
2668	CHINELO HAVAIANAS FEMININO	Geral	30.00
2669	chinelo havaianas feminino	Geral	17.00
2670	CHINELO HAVAIANAS FEMININO	Geral	40.00
2671	CHINELO HAVAIANAS FEMININO	Geral	20.00
2672	CHINELO HAVAIANAS FEMININO	Geral	25.00
2673	CHINELO HAVAIANAS HOMEM ARANHA	Geral	17.00
2674	CHINELO HAVAIANAS INFANTIL	Geral	17.00
2675	CHINELO HAVAIANAS INFANTIL	Geral	20.00
2676	CHINELO HAVAIANAS INFANTIL FEMININO	Geral	20.00
2677	CHINELO HAVAIANAS INFANTIL MASCULINO	Geral	25.00
2678	CHINELO HAVAIANAS INFANTIL MASCULINO	Geral	30.00
2679	CHINELO HAVAIANAS INFANTIL PROMOÇÃO	Geral	15.00
2680	CHINELO HAVAIANAS LACOSTE ADULTO	Geral	22.00
2681	CHINELO HAVAIANAS LACOSTE ADULTO	Geral	25.00
2682	CHINELO HAVAIANAS MASCULINO	Geral	25.00
2683	CHINELO HAVAIANAS MASCULINO	Geral	30.00
2684	CHINELO HAVAIANAS MASCULINO	Geral	20.00
2685	CHINELO HAVAIANAS MASCULINO PRETO, BRANCO	Geral	30.00
2686	CHINELO HAVAIANAS MINNIE INFANTIL	Geral	17.00
2687	CHINELO HAVAIANAS NBA	Geral	20.00
2688	CHINELO HAVAIANAS PRETO BANDEIRA	Geral	17.00
2689	CHINELO HAVAIANAS PRETO BANDEIRA	Geral	22.00
2690	CHINELO HAVAIANAS PRETO BANDEIRA	Geral	30.00
2691	CHINELO HAVAIANAS PRETO BANDEIRA	Geral	25.00
2692	CHINELO HAVAIANAS PRETO C/ AMARELO	Geral	20.00
2693	CHINELO HAVAIANAS PROMOÇÃO	Geral	15.00
2694	CHINELO HAVAIANAS ROSA	CHINELOS	15.00
2695	CHINELO HAVAIANAS ROSA CORREIA GEL	Geral	25.00
2696	chinelo havaianas rosa gliter	Geral	30.00
2697	CHINELO HAVAIANAS SIMPSONS	Geral	17.00
2698	CHINELO HAVAIANAS TRADICIONAIS	Geral	18.00
2699	CHINELO HAVAIANAS VERDE CORREIA GEL	Geral	25.00
2700	CHINELO HOMEM ARANHA	Geral	20.00
2701	CHINELO HOMEM ARANHA INFANTIL 31/32	Geral	17.00
2702	CHINELO HULK NOVO	Geral	25.00
2703	CHINELO IMFANTIL MENINA	Geral	20.00
2704	CHINELO INFANTIL	Geral	25.00
2705	chinelo infantil  autentica masc.	Geral	25.00
2706	CHINELO INFANTIL  IPANEMA NARUTO	Geral	25.00
2707	CHINELO INFANTIL FEMININO	Geral	10.00
2708	CHINELO INFANTIL FEMININO	Geral	17.00
2709	CHINELO INFANTIL FEMININO	Geral	20.00
2710	CHINELO INFANTIL FEMININO	Geral	25.00
2711	chinelo infantil feminino ipanema 20	Geral	20.00
2712	CHINELO INFANTIL FEMININO IPANEMA SEMPRE NOVA	Geral	17.00
2713	chinelo infantil homen aranha	Geral	30.00
2714	CHINELO INFANTIL IPANEMA	Geral	17.00
2715	chinelo infantil ipanema	Geral	15.00
2716	chinelo infantil ipanema  mario	Geral	25.00
2717	CHINELO INFANTIL IPANEMA ROSA MEU SOL	Geral	17.00
2718	chinelo infantil masc. batmam	Geral	25.00
2719	CHINELO INFANTIL MASCULINO	Geral	15.00
2720	CHINELO INFANTIL MASCULINO	Geral	17.00
2721	CHINELO INFANTIL MASCULINO	Geral	25.00
2722	CHINELO INFANTIL MASCULINO	Geral	20.00
2723	CHINELO INFANTIL NARUTO	Geral	17.00
2724	CHINELO INFANTIL POLO MASCULINO	Geral	25.00
2725	chinelo infantil promoção	Geral	15.00
2726	CHINELO INFANTIL TURMA DA MONICA	Geral	15.00
2727	CHINELO IPANEMA	Geral	17.00
2728	CHINELO IPANEMA	Geral	15.00
2729	CHINELO IPANEMA	Geral	15.00
2730	CHINELO IPANEMA	Geral	15.00
2731	CHINELO IPANEMA	Geral	35.00
2732	CHINELO IPANEMA	Geral	15.00
2733	CHINELO IPANEMA	Geral	25.00
2734	CHINELO IPANEMA	Geral	20.00
2735	CHINELO IPANEMA  TEMAS	Geral	25.00
2736	CHINELO IPANEMA ART  AZUL FEM.	Geral	15.00
2737	CHINELO IPANEMA ART AZUL	Geral	15.00
2738	CHINELO IPANEMA ART AZUL	Geral	15.50
2739	CHINELO IPANEMA AZUL CLASSIC	Geral	17.00
2740	CHINELO IPANEMA AZUL MASC	UTILIDADES	17.00
2741	CHINELO IPANEMA AZUL/AMARELO INFANTIL 23/24 BORUTO	CHINELOS	25.00
2742	CHINELO IPANEMA BORUTO 31/32	Geral	25.00
2743	CHINELO IPANEMA CLASSICA	Geral	15.00
2744	CHINELO IPANEMA CLASSICA 23/24	Geral	15.00
2745	CHINELO IPANEMA CLASSICA 29/30	Geral	15.00
2746	CHINELO IPANEMA CLASSICO 33/34	Geral	15.00
2747	CHINELO IPANEMA CRIANÇA 23/24	Geral	15.00
2748	CHINELO IPANEMA FEM	Geral	15.00
2749	CHINELO IPANEMA FEM	Geral	20.00
2750	CHINELO IPANEMA FEM METALIZADA	Geral	18.50
2751	CHINELO IPANEMA FEM PRETO	Geral	20.00
2752	CHINELO IPANEMA FEMININO	Geral	18.50
2753	CHINELO IPANEMA FEMININO	Geral	18.50
2754	chinelo ipanema flores	Geral	18.50
2755	CHINELO IPANEMA INFANTIL CLASSIC	Geral	17.00
2756	CHINELO IPANEMA INFANTIL CLASSIC	Geral	15.00
2757	CHINELO IPANEMA INFANTIL CLASSIC	Geral	20.00
2758	CHINELO IPANEMA INFANTIL CLASSIC	Geral	20.00
2759	CHINELO IPANEMA INFANTIL FEMININO 25/26	CHINELOS	20.00
2760	CHINELO IPANEMA JOLIE	Geral	25.00
2761	CHINELO IPANEMA MARIO	Geral	25.00
2762	CHINELO IPANEMA MASC 31/32	Geral	15.00
2763	CHINELO IPANEMA OASIS ROSA,PRETO	CHINELOS	20.00
2764	CHINELO IPANEMA PRETO	Geral	20.00
2765	chinelo ipanema preto  45/46	Geral	15.00
2766	CHINELO IPANEMA PRETO 35	Geral	15.00
2767	chinelo ipanema preto 36	Geral	15.00
2768	CHINELO IPANEMA preto 37/38	Geral	15.00
2769	CHINELO IPANEMA preto 39/40	Geral	15.00
2770	CHINELO IPANEMA preto 41/42	Geral	15.00
2771	chinelo ipanema preto 43/44	Geral	15.00
2772	CHINELO IPANEMA SOLAR PRETO N°35	CHINELOS	25.00
2773	CHINELO IPANEMA SOLAR PRETO N°37	CHINELOS	25.00
2774	CHINELO IPANEMA SOLAR PRETO N°38	CHINELOS	25.00
2775	CHINELO IPANEMA SOLAR ROSA N°35	CHINELOS	25.00
2776	CHINELO IPANEMA SOLAR ROSA N°36	CHINELOS	25.00
2777	CHINELO IPANEMA SOLAR ROSA N°37	CHINELOS	25.00
2778	CHINELO IPANEMA SOLAR ROSA N°38	CHINELOS	25.00
2779	CHINELO IPANEMA SOLAR SANDÁLIA PRETO	CHINELOS	25.00
2780	chinelo ipanema temas	Geral	25.00
2781	chinelo jolie	Geral	25.00
2782	chinelo lacoste adulto	Geral	25.00
2783	CHINELO LACOSTE AZUL	Geral	30.00
2784	CHINELO LACOSTE CAPITÃO AMERICA	Geral	20.00
2785	CHINELO LACOSTE GARFIELD	Geral	20.00
2786	CHINELO LACOSTE MICKEY	Geral	20.00
2787	CHINELO LARAMA ROSA	Geral	17.00
2788	chinelo lascoste masculino	Geral	25.00
2789	CHINELO MARIO	Geral	25.00
2790	chinelo masaculino polo culture	Geral	40.00
2791	CHINELO MASC BARBEARIA	Geral	20.00
2792	CHINELO MASC. AUTENTICA	Geral	30.00
2793	chinelo masc. beira mar	CHINELOS	20.00
2794	CHINELO MASCULINO	Geral	25.00
2795	CHINELO MASCULINO	Geral	30.00
2796	chinelo masculino	Geral	20.00
2797	CHINELO MASCULINO	Geral	20.00
2798	CHINELO MASCULINO  BEIRA MAR	Geral	20.00
2799	CHINELO MASCULINO BRASIL	Geral	25.00
2800	CHINELO MASCULINO BRASIL HAVAIANAS	Geral	15.00
2801	CHINELO MASCULINO CALVIM  KLEN	Geral	25.00
2802	chinelo masculino polo culture	Geral	40.00
2803	chinelo mormaifem	Geral	25.00
2804	CHINELO MORMAII	Geral	30.00
2805	CHINELO MORMAII 37/38	Geral	30.00
2806	CHINELO MRIDER MASCULINO	Geral	25.50
2807	chinelo nene	Geral	20.00
2808	chinelo nike	Geral	25.00
2809	chinelo nike masculino preto	Geral	40.00
2810	CHINELO OFERTA	Geral	10.00
2811	CHINELO POLO CULTURE	Geral	40.00
2812	CHINELO PROMOÇÃO DE 12	Geral	12.00
2813	CHINELO PROMOÇAO NATAL	Geral	15.00
2814	CHINELO RESERVA	Geral	20.00
2815	chinelo RIDER	Geral	25.00
2816	CHINELO RIDER	Geral	25.50
2817	CHINELO RIDER	Geral	25.50
2818	CHINELO RIDER	Geral	25.50
2819	CHINELO RIDER	Geral	25.50
2820	CHINELO RIDER  MASCULINO	Geral	25.50
2821	CHINELO RIDER  masculino	Geral	30.00
2822	CHINELO RIDER BRANCO/PRETO	Geral	25.50
2823	CHINELO RIDER MASCULINO	Geral	30.00
2824	CHINELO RIDER MASCULINO	Geral	25.50
2825	CHINELO RIDER MASCULINO	Geral	25.50
2826	CHINELO RIDER MASCULINO	Geral	25.50
2827	chinelo rider novo	Geral	45.00
2828	CHINELO RIDER OLÉ FC	Geral	30.00
2829	CHINELO RIDER STRIKE	Geral	20.00
2830	CHINELO RIDER STRIKE AD PRETO 43/44	Geral	25.00
2831	CHINELO RIDER STRIKE AD VERMELHO	Geral	25.00
2832	CHINELO RIDER STRIKE AD VERMELHO 37/38	Geral	25.00
2833	CHINELO RIDER VERMELHO	Geral	25.50
2834	CHINELO RYDER	Geral	30.00
2835	CHINELO RYDER STREET	Geral	45.00
2836	chinelo sandbell	Geral	20.00
2837	CHINELO SANDBELL	Geral	20.00
2838	CHINELO SANDBELL	Geral	20.00
2839	CHINELO SANDBELL 39/40	Geral	20.00
2840	CHINELO SANDBELL 41/42	Geral	20.00
2841	CHINELO SANDBELL 41/42	Geral	20.00
2842	CHINELO SANTA LOLLA	Geral	22.00
2843	CHINELO STARLUX	Geral	15.00
2844	CHINELO STARLUX	Geral	15.00
2845	CHINELO STARLUX AZUL N°39/40	CHINELOS	15.00
2846	CHINELO STARLUX AZUL N°41	CHINELOS	15.00
2847	CHINELO STARLUX AZUL N°42	CHINELOS	15.00
2848	CHINELO STARLUX BRANCO	Geral	15.00
2849	CHINELO STARLUX BRANCO	Geral	15.00
2850	CHINELO STARLUX BRANCO N°33/34	CHINELOS	15.00
2851	CHINELO STARLUX BRANCO N°39/40	CHINELOS	15.00
2852	CHINELO STARLUX BRANCO N°41	CHINELOS	15.00
2853	CHINELO STARLUX BRANCO N°42	CHINELOS	15.00
2854	CHINELO STARLUX PRETO N°37	CHINELOS	15.00
2855	CHINELO STARLUX PRETO N°38	CHINELOS	15.00
2856	CHINELO STARLUX PRETO N°41	CHINELOS	17.00
2857	CHINELO STARLUX PRETO N°42	CHINELOS	15.00
2858	CHINELO STARLUX PRETO N°43/44	CHINELOS	15.00
2859	CHINELO TOMMY HILFIGER	Geral	25.00
2860	CHINELO TURMA DA MÔNICA INFANTIL	Geral	20.00
2861	CHINELO VIA MALIBU	Geral	20.00
2862	chinelos cartago masculino	Geral	30.00
2863	chinelos havaianas infantil masculino	Geral	25.00
2864	CHINELOS HAVAIANAS MASC	Geral	30.00
2865	chinelos infantil menina	Geral	20.00
2866	CHIP DE COCO	JARDINAGEM	5.60
2867	chocalho  bebe	BRINQUEDOS	5.00
2868	CHOCALHO INFANTIL	Geral	7.50
2869	chocalho sortido	Geral	8.00
2870	CHUVEIRINHO EXTENSOR P/ TORNEIRA	UTILIDADES	5.00
2871	CHUVEIRINHO P/TORNEIRA JAPONES	UTILIDADES	3.90
2872	chuveiro  ducha hidra 220 v	Geral	56.00
2873	chuveiro hydra  ballerina	Geral	55.00
2874	CHUVEIRO HYDRA DUCHA 37 220V 4400W	Geral	56.00
2875	CHUVEIRO HYDRA MULTITEMPERATURA	Geral	55.00
2876	cilios  mnj com brilho	Geral	7.00
2877	CÍLIOS HUDA BEAULTY 6D	Geral	7.00
2878	CILIOS HUDABEAULTY 048	Geral	5.00
2879	cilios jiefeibeauty	Geral	10.00
2880	CILIOS POSTIÇO HUDABEAUTY 5D	Geral	7.00
2881	CILIOS POSTIÇOS 8D	MAQUIAGEM	7.00
2882	cilios postiços fashion charme	Geral	5.00
2883	CILIOS POSTIÇOS HUDABEAULTY	MAQUIAGEM	5.00
2884	CINTO   DE GORGURÃO	ACESSÓRIOS (MODA)	20.00
2885	CINTO AIRPORT FREE REF:540	Geral	30.00
2886	CINTO DE PANO	Geral	15.00
2887	CINTO IMPERIO SINTETICO	UTILIDADES	16.00
2888	CINTO IMPERIO SINTETICO	Geral	20.00
2889	CINTO SOCIAL MASC.	ACESSÓRIOS (MODA)	20.00
2890	cinto social novo	Geral	30.00
2891	cinzeiro grupo pauli	Geral	8.55
2892	CINZEIRO LATA	Geral	3.00
2893	CINZEIRO PLASTICO  PRETO UNIJET	Geral	4.00
2894	CJ DE GARFO, COLHER E FACA C/3	Geral	8.00
2895	CJ FACAS PRETA LUNA	COZINHA	8.00
2896	CJ MANTIMENTO DEC. GALINHA C/5 PÇS	Geral	50.00
2897	CJ. CAÇAROLAS 05 PEÇAS ROUGE	Geral	285.00
2898	CJ. POTES QUADRADOS C/4 LEITE	PLASTICOS	7.50
2899	CJ. POTES QUADRADOS PMG	PLASTICOS	8.50
2900	CLIPS  BACCHI	ESCRITÓRIO	4.00
2901	clips avulso	Geral	0.20
2902	clips caixa	Geral	4.00
2903	CLIPS DE 0,30	Geral	0.30
2904	CLIPS DE PAPEL	Geral	0.50
2905	CLIPS MEDIO	Geral	4.00
2906	CLOCK FASHION	Geral	25.00
2907	CLORO 5 LITREOS	LIMPEZA	15.00
2908	coador de cafe	Geral	6.00
2909	COADOR DE CAFE	Geral	4.00
2910	COADOR DE CAFÉ  103 TAM G	Geral	5.00
2911	COADOR DE CAFÉ DE PANO	Geral	5.00
2912	COADOR DE CAFÉ G DE PANO CABO PVC	UTILIDADES	5.00
2913	COADOR DE FLANELA	UTILIDADES	5.80
2914	coador de flanela cabo madeira	UTILIDADES	8.70
2915	COADOR DE PANO  GRANDE	Geral	5.00
2916	COADOR DE PANO PEQUENO	Geral	4.00
2917	COADOR DE PANO PLASTICO	Geral	5.50
2918	COADOR MINI	Geral	5.00
2919	COADOR PARA CAFÉ PANO	COZINHA	6.00
2920	COBERTOR  SULMAX 1,80X2,00CM	Geral	60.00
2921	COBERTOR MANTA 190X210CM	CAMA, MESA E BANHO	100.00
2922	COBERTOR SULMAX 180,X2,00	CAMA, MESA E BANHO	60.00
2923	COBRINHA PESO DE PORTA	Geral	6.00
2924	COFRE	Geral	5.00
2925	cofre	Geral	7.00
2926	COFRE   latão	Geral	13.00
2927	COFRE  BOTIJÃO	Geral	6.00
2928	COFRE  PORÇAO COLORIDO	Geral	5.00
2929	COFRE BOTIJÃO	Geral	6.00
2930	COFRE BOTIJÃO GRANDE	UTILIDADES	7.00
2931	COFRE BOTIJÃO PEQUENO	UTILIDADES	4.00
2932	COFRE DE CHAPA 15X10	Geral	6.00
2933	COFRE DE CHAPA PQ	Geral	4.00
2934	COFRE DE GESSO	Geral	20.00
2935	COFRE DE GESSO CHAVES	Geral	25.00
2936	COFRE DE PORQUINHO COLORIDO	Geral	5.00
2937	COFRE GIGANTE	UTILIDADES	13.00
2938	COFRE GRANDE	UTILIDADES	6.00
2939	COFRE LATA GRANDE NOVAES	BRINQUEDOS	4.00
2940	cofre lata pequeno	Geral	2.50
2941	COFRE PORCA BOLA	BRINQUEDOS	12.00
2942	COFRE PORCÃO COLORIDO	UTILIDADES	6.00
2943	cofre porco	Geral	3.50
2944	COFRE PORCO	Geral	7.00
2945	COFRE PORCO G	Geral	6.00
2946	COFRE PORCO GRANDE	UTILIDADES	5.00
2947	COFRE PORCO GRANDE	Geral	8.00
2948	COFRE PORCO PEQUENO	UTILIDADES	5.00
2949	COFRE PORQUINHO	Geral	7.00
2950	COFRE/POTE MIX	BRINQUEDOS	5.00
2951	COFRINHO PORCO	Geral	7.00
2952	cola	Geral	3.00
2953	COLA	Geral	3.00
2954	cola  de cilios	Geral	5.00
2955	cola  de unha	Geral	5.00
2956	cola  quente	Geral	1.50
2957	cola  tek bond	Geral	15.00
2958	cola bastao	Geral	3.00
2959	cola bastão	Geral	3.00
2960	cola bastão  20 grs  radex	Geral	4.50
2961	COLA BASTÃO  PEQUENA	Geral	3.00
2962	COLA BASTÃO 21 GR	ESCOLAR	4.00
2963	COLA BASTÃO GRANDE LEO LEO	Geral	4.50
2964	COLA BASTÃO PEQUENA	PAPELARIA	3.00
2965	COLA BASTÃO PEQUENA	ESCOLAR	3.00
2966	cola bastao pequena radex	Geral	3.50
2967	COLA BEST BOND	Geral	3.00
2968	COLA BRANCA  40 GR	ESCOLAR	3.00
2969	COLA BRANCA 90G	Geral	4.00
2970	cola branca pequena   40 grs	PAPELARIA	3.00
2971	COLA BRANCA STARSCHOOL 40G	PAPELARIA	3.50
2972	cola cilios	Geral	5.00
2973	cola de  cilios  duo	Geral	5.00
2974	cola de cilios eye	Geral	8.00
2975	COLA DE CÍLIOS EYE VERDE	COSMÉTICOS	6.00
2976	cola de unha fengcail	Unhas	8.00
2977	COLA EM BASTÃO 10G  FUTURO ESCOLAR	ESCOLAR	2.00
2978	COLA ESCOLAR 90 G PALHACINHO	ESCOLAR	4.00
2979	COLA ESCOLAR BRANCA 90G	ESCOLAR	4.00
2980	COLA ESCOLAR PALHACINHO 40g	PAPELARIA	3.00
2981	COLA LIQUIDA GRANDE	PAPELARIA	4.00
2982	COLA LIQUIDA POLAR	Geral	3.00
2983	COLA PARA CÍLIOS EYELASH ADHESIVE 7g	COSMÉTICOS	6.00
2984	cola quente  grande	Geral	3.00
2985	cola quente pequena	Geral	2.00
2986	cola refil	Geral	2.00
2987	COLA TEK BOND	Geral	4.00
2988	cola tek bond 793	Geral	20.00
2989	COLA THREE BOND SUPER 1000	Geral	4.00
2990	COLA THREE BOND SUPER 1000	Geral	4.00
2991	cola ultra	Geral	4.00
2992	COLA UP BONDE	Geral	15.00
2993	COLAR DANILO BIJOUX	Geral	10.00
2994	colar feminino	Geral	10.00
2995	colar feminino	Geral	15.00
2996	colar infantil	Geral	5.00
2997	COLAR VERONA DUPLO	BIJUTERIA	17.00
2998	COLCHA  BOUTIS CASAL  QUEN	CAMA, MESA E BANHO	150.00
2999	COLCHA CASAL  BOUTIS  QUEN	CAMA, MESA E BANHO	150.00
3000	COLCHA CASAL ATUALE	Geral	150.00
3001	COLCHA CASAL QUEN ATUALE	CAMA, MESA E BANHO	150.00
3002	colcha de solteiro personagens	Geral	25.00
3003	colcha infantil   personagens	Geral	28.00
3004	COLCHA MILÃO QUEN	CAMA, MESA E BANHO	150.00
3005	COLEÇÃO DE MINIATURAS DE VEÍCULOS	Geral	30.00
3006	coleção hair soft negra	Geral	40.00
3007	COLEÇÃO PATRULHA CANINA 3 UNIDADES	Geral	35.00
3008	COLHER	Geral	8.00
3009	colher	Geral	7.50
3010	colher	Geral	15.00
3011	COLHER  DESCARTAVEL	Geral	2.00
3012	COLHER  REFEIÇÃO C 20   REFORÇADA	kit FESTA	8.00
3013	colher aluminio	Geral	3.00
3014	COLHER AMARELA	Geral	2.00
3015	colher avulsa	Geral	4.00
3016	COLHER AZUL	Geral	2.00
3017	COLHER BRANCA DESCARTÁVEL	kitfesta	2.00
3018	COLHER CRISTAL 12 UNID	kitfesta	2.00
3019	COLHER CRISTAL COLOR	UTILIDADES	4.00
3020	COLHER DE  PAU PEQ	Geral	5.00
3021	COLHER DE ACRILICO ART HOUSE SOLTA	Geral	4.00
3022	COLHER DE ARROZ	UTILIDADES	12.00
3023	COLHER DE ARROZ C/2	UTILIDADES	10.00
3024	colher de festa	Geral	2.00
3025	colher de inox 1 peça	Geral	4.00
3026	colher de inox sorvete	Geral	15.00
3027	colher de madeira	Geral	5.80
3028	COLHER DE MADEIRA	Geral	6.00
3029	COLHER DE MADEIRA	Geral	7.00
3030	colher de madeira	Geral	4.80
3031	colher de madeira	Geral	5.00
3032	COLHER DE MADEIRA GIGANTE	Geral	13.00
3033	COLHER DE MADEIRA GRANDE	Geral	8.50
3034	COLHER DE MADEIRA GRANDE	Geral	8.00
3035	COLHER DE MADERIA PEQ	Geral	4.80
3036	COLHER DE MESA COLOR PRETA	UTILIDADES	11.50
3037	COLHER DE MESA INOX	COZINHA	5.00
3038	colher de mesA INOX 6 PEÇAS	Geral	20.00
3039	COLHER DE MESA ORIENTE C/6 PÇS	UTILIDADES	11.50
3040	colher de pau	Geral	5.80
3041	colher de pau	Geral	5.00
3042	COLHER DE PAU  EXTRA GRANDE	Geral	13.00
3043	COLHER DE PAU  GRANDE  DIVERSAS	Geral	8.00
3044	colher de pau g	Geral	8.00
3045	COLHER DE PAU M	Geral	5.00
3046	colher de sorvete	Geral	7.50
3047	COLHER DE SORVETE  DOME	Geral	15.00
3048	colher de sorvete inox original	ALUMINIO	20.00
3049	COLHER DE SUCO  INOX	Geral	5.00
3050	COLHER E PAU  P	Geral	5.00
3051	COLHER FESTA B	Geral	2.00
3052	COLHER INOX	UTILIDADES	3.80
3053	COLHER INOX ORIGINAL SOLTA	Geral	4.00
3054	colher kit	Geral	11.50
3055	COLHER LILAS 12 UNID	kitfesta	2.00
3056	COLHER OVAL 32CM	Geral	6.00
3057	COLHER PARA ARROZ INOX	COZINHA	8.00
3058	COLHER PARA SORVETE	UTILIDADES	15.00
3059	COLHER PRETA 12 UNID	FESTA	2.00
3060	COLHER PRETA AVULSA	Geral	3.00
3061	colher refeição alegria festa	Geral	7.00
3062	COLHER REFEIÇÃO MASTER	kitfesta	3.00
3063	COLHER ROSA 12 UNID[	Geral	2.00
3064	colher silicone	Geral	20.00
3065	COLHER SILICONE  AMARELA	COZINHA	5.00
3066	colher silicone kit	Geral	70.00
3067	COLHER SOBREMESA C/10 CORES DIVERSAS	FESTA	2.00
3068	colher solta	Geral	3.20
3069	COLHER SOLTA ALUMINIO	Geral	3.00
3070	COLHER SOLTA ALUMINIO	Geral	4.00
3071	COLHER SOLTA PRETA	Geral	3.00
3072	COLHER SOLTA VERMELH	Geral	3.00
3073	colher taumer 3 unidade	Geral	8.00
3074	colher unidade	Geral	4.00
3075	colher unidade	Geral	3.00
3076	colher unidade	Geral	3.00
3077	COLHER VERDE 12 UNID	Geral	2.00
3078	COLHER, garfo,,faca  de mesa simonagio  avulso	COZINHA	3.00
3079	COLHERZINHA AZUL	Geral	2.00
3080	COLHERZINHA PLASTICA	Geral	2.00
3081	COLORINDO  COM GIZ DE CERA	Geral	5.00
3082	colorindo  pequeno	ESCOLAR	4.00
3083	colorindo grande	ESCOLAR	6.00
3084	COLORIR   ATIVIDADES	ESCOLAR	5.00
3085	COLORIR ATIVIDADE  SORTIDOS MENINOS	ESCOLAR	5.00
3086	comanda de mesa	Geral	4.00
3087	COMJUNTO DE POTES DE ROSCA PARA MANTIMENTOS	UTILIDADES	45.50
3088	COMPASSO JOLLY COR SORTIDA	Geral	7.00
3089	concha aluminio	Geral	10.00
3090	concha inox polo	Geral	7.00
3091	CONCHA MEDIA INOX	UTILIDADES	9.00
3092	CONCHETES	Geral	0.50
3093	condicionador de solo	Geral	4.50
3094	condicionador de solo 1 kl	JARDINAGEM	4.50
3095	CONFEITARIA MASSINHA	BRINQUEDOS	26.00
3096	CONJ 3 BACIA E 1 BALDE	Geral	60.00
3097	CONJ C/2 PENTES VERDES	Geral	4.00
3098	CONJ C/3 TALHERES TAUMER LUNA	Geral	7.00
3099	conj condimentos erca	Geral	8.50
3100	conj de cabides c 6	Geral	11.00
3101	CONJ HORA DAS COMPRAS C/15 ALTIMIX	Geral	40.00
3102	CONJ TALHERES TAUMER	Geral	8.00
3103	CONJ. 3 POTES RETANGULAR MEDIO	PLASTICOS	8.50
3104	CONJ. 4 POTES RETANGULAR	Geral	8.50
3105	CONJ. 4POTES PEQUENOS	Geral	7.00
3106	CONJ. BOLEIRA PETIT POÁ C/ PÉ VITAZZA	Geral	70.00
3107	CONJ. CABIDES 3 UNID	UTILIDADES	5.00
3108	CONJ. CAFE E AÇÚCAR	MAQUIAGEM	8.80
3109	CONJ. COLHER INFANTIL 6 PÇS	UTILIDADES	5.00
3110	CONJ. CONTAINERS UNINJET	COZINHA	40.00
3111	CONJ. DE AGULHAS EM CARTELA	Geral	3.00
3112	CONJ. DE CONDIMENTOS C 2  200 ML	Geral	8.00
3113	CONJ. DE CONDIMENTOS C 2 500 ML	Geral	10.00
3114	CONJ. DE PORTA CONDIMENTO VIDRO	Geral	23.00
3115	CONJ. ESQUADRO	Geral	7.00
3116	CONJ. MANTIMENTO	Geral	50.00
3117	CONJ. POTES QUADRADO TRANSPARENTE	PLASTICOS	7.50
3118	CONJ. POTES REDONDO PMG	Geral	8.50
3119	CONJ. TIGELAS DE VIDRO 7 PÇS	Geral	60.00
3120	CONJUGADO LIMPESA ERCA	Geral	5.50
3121	CONJUNTO  de CONDIMENTOS	COZINHA	8.50
3122	CONJUNTO  DE SOBREMESA  6 PEÇAS	VIDROS	30.00
3123	CONJUNTO 5PCS MANTIMENTO C/ROSCA	Geral	50.00
3124	conjunto c/ 3 potes quadrado medio	Geral	8.50
3125	conjunto com 10 cabides   preto	Geral	16.00
3126	conjunto de   container	Geral	25.00
3127	CONJUNTO DE 18 COPOS	Geral	100.00
3128	conjunto de 3 mantimentos c rosca	COZINHA	15.00
3129	CONJUNTO DE ARROZ NITRON	Geral	50.00
3130	conjunto de assadeira  aluminio 3 peças nigro	Geral	57.00
3131	CONJUNTO DE BACIAS PMG INPLAST	UTILIDADES	12.00
3132	CONJUNTO DE CABIDES PRETOS	Geral	8.00
3133	conjunto de caçarola c 6 peças  polida	COZINHA	160.00
3134	CONJUNTO DE CANETINHA 24	Geral	80.00
3135	CONJUNTO DE CARROS	BRINQUEDOS	40.00
3136	conjunto de condimentos c 3 peças	Geral	6.00
3137	CONJUNTO DE COPOS VITRAGE 8 UNIDS NADIR	Geral	40.00
3138	CONJUNTO DE FACAS  DE COZINHA	Geral	40.00
3139	CONJUNTO DE FACAS 6PCS	Geral	50.00
3140	CONJUNTO DE FORMAS P/ PASTEL E FOGAZZA	Geral	10.00
3141	conjunto de jarra de suco 4 copos  ginga nadir	UTILIDADES	50.00
3142	CONJUNTO DE JARRA DE SUCO 4 COPOS SM NATURE	UTILIDADES	50.00
3143	CONJUNTO DE MANTIMENTO	Geral	25.00
3144	CONJUNTO DE MANTIMENTO  DE ROSCA PRETO	UTILIDADES	50.00
3145	conjunto de mantimento 5 peças  uninjet  transparente	UTILIDADES	35.00
3146	CONJUNTO DE MEDIDORES	Geral	10.00
3147	CONJUNTO DE PANELA LEVE C 6 PEÇAS POLIDA C CABO	COZINHA	166.00
3148	CONJUNTO DE PANELAS	BRINQUEDOS	15.00
3149	CONJUNTO DE PANELAS COM 6 PEÇAS QUAQUEADA	Geral	180.00
3150	CONJUNTO DE PORTA CONDIMENTO	UTILIDADES	23.00
3151	CONJUNTO DE POTES MEDIO C/3	Geral	8.50
3152	CONJUNTO DE SOBREMESA BARICHELLO	Geral	40.00
3153	CONJUNTO DE SOBREMESA C 4 PEÇAS	COZINHA	20.00
3154	CONJUNTO DE SOBREMESA INOX	Geral	30.00
3155	CONJUNTO DE TALHERES DE SILICONES SORTIDO	Geral	35.00
3156	CONJUNTO DE TAPOE 4 PEÇAS	Geral	45.00
3157	CONJUNTO DE VEICULOS	Geral	20.00
3158	CONJUNTO DE XICARA C 3 UNIDADES	COZINHA	20.00
3159	conjunto de xicaras 4 peças	Geral	20.00
3160	conjunto de xicaras com pires cristal	Geral	65.00
3161	CONJUNTO ENJOY 10 PÇS C/ ACESSORIOS VERMELHO	ALUMINIO	320.00
3162	CONJUNTO ENJOY 6 PÇS COM TAMPA DE VIDRO E PANELA DE PRESSÃO 4,5L	ALUMINIO	220.00
3163	CONJUNTO ENJOY C/ ACESSORIOS CINZA	ALUMINIO	320.00
3164	CONJUNTO ENJOY C/4 PÇS VERMELHO	ALUMINIO	135.00
3165	conjunto mantimento erca plast	Geral	50.00
3166	conjunto mantimento redondo transparente erca	Geral	35.00
3167	conjunto organizador c 3 unidades	COZINHA	10.00
3168	CONJUNTO PANELAS DE PRESSÃO	BRINQUEDOS	22.50
3169	conjunto para churasco 3 peças	COZINHA	32.00
3170	CONJUNTO PARA MANTIMENTOS TRANSPARENTE	Geral	37.00
3171	CONJUNTO STYLUS	COZINHA	40.00
3172	CONJUNTO VEGA	COZINHA	30.00
3173	CONJUNTO XICARAS DE CAFE C/6	Geral	16.00
3174	CONJUNTOS DE FACAS 3 PEÇAS  FRATELI	Geral	45.00
3175	conjuntos de somemesa vidro	Geral	65.00
3176	CONSTRUCTION CAÇAMBA	Geral	30.00
3177	CONTA DE FIADO	Geral	1.00
3178	container  multuso c t  trans  9l	UTILIDADES	18.00
3179	CONTAINER 1,6L PRIMEIROS SOCORROS	Geral	9.00
3180	container 3,6 l transparente	Geral	12.00
3181	container c trava 700 ml trasparente	Geral	4.50
3182	CONTAINER C/ RODAS 80 LTS PRETO PLASNORTON	UTILIDADES	90.00
3183	CONTAINER C/ ROSCA 2L BRANCO	UTILIDADES	8.00
3184	CONTAINER C/ TRAVA PRIME 1400ML	PLASTICOS	9.00
3185	CONTAINER C/ TRAVAS UNINJET	PLASTICOS	7.00
3186	CONTAINER C/TRAVA 400 ML	PLASTICOS	5.50
3187	CONTAINER COM RODAS CINZA  PLASNORTHON	UTILIDADES	80.00
3188	container com tanpa rosa 2 litros	PLASTICOS	8.00
3189	CONTAINER COM TRAVA 900ML TRANSPARENTE	UTILIDADES	6.00
3190	container de rosca unijet  500 ml   branco	UTILIDADES	5.00
3191	CONTAINER MULTIUSO COM TRAVA 1,4L	UTILIDADES	7.00
3192	CONTAINER MULTIUSO PRETO 35 L	Geral	47.00
3193	CONTAINER MULTIUSO TRANSPARENTE 1,6L	UTILIDADES	7.00
3194	container organizador 10 lt	UTILIDADES	20.00
3195	CONTAINER QUADRADO 5L	UTILIDADES	10.00
3196	CONTAINER REDONDO 2,5 LTS UNINJET	UTILIDADES	8.50
3197	CONTAINER REDONDO 3L	Geral	7.00
3198	CONTAINER RET 2,5L UNINJET	PLASTICOS	7.50
3199	CONTAINER RET 350 ML	UTILIDADES	2.00
3200	CONTAINER RETANGULAR 3,6L	UTILIDADES	12.00
3201	CONTAINER ROSA TRANSPARENTE REDONDO C/ ROSCA 2L	UTILIDADES	8.00
3202	CONTAINER TRANSPARENTE  REDONDO TAMPA DE ROSCA ROSA	UTILIDADES	5.00
3203	CONTAINER TRANSPARENTE RED C/ TAMPA DE ROSCA 3L	UTILIDADES	11.00
3204	CONTAINER TRANSPARENTE REDONDO TAMPA DE ROSCA 3L	UTILIDADES	11.00
3205	CONTAINER TRANSPARENTEC/ ROSCA REDONDO 3L	UTILIDADES	11.00
3206	container tras redondo c rosca    6 l   unidade	UTILIDADES	15.00
3207	CONTAINER UNINJET 320ml TRANSPARENTE C/TAMPA	PLASTICOS	3.00
3208	CONTAINER UNINJET TRANSPARENTE 700ml	PLASTICOS	4.00
3209	contaneir 2,6 ml unijet	Geral	7.00
3210	contaner quadrado uninjet colors	Geral	7.00
3211	contaner redondo uninjet colors	Geral	7.00
3212	conteiner transparente 2l redondo	Geral	8.00
3213	CONTROL REMOTO PIX	Geral	20.00
3214	CONVITE CHÁ DE BEBE	Geral	2.50
3215	CONVITE DE BEBE	Geral	2.00
3216	CONVITE DE CHA DE BEBE	Geral	2.50
3217	cookies de chocolate	Doces	15.00
3218	cookies tradicional   300 gr	Doces	15.00
3219	COOKING GAME 16 PEÇAS	BRINQUEDOS	45.00
3220	COOKING HAPPY EVERY DAY	BRINQUEDOS	20.00
3221	COPINHO	Geral	3.00
3222	COPINHO ACRILICO CORES VARIADAS	Geral	2.00
3223	COPINHO ACRILICOS ROSA	Geral	2.00
3224	COPINHO BABY-STYLO	ESCOLAR	4.00
3225	COPINHO DE PLASTICO	PLASTICOS	3.00
3226	copinho infantil  c bico	Geral	7.00
3228	COPINHO KIDS MICKEY	Geral	12.50
3229	COPINHO PLASTICO C/ALÇA  ERCA PLAST	Geral	2.00
3230	copo	Geral	25.00
3231	COPO	Geral	12.50
3232	COPO   DESC. 180 ML  BRANCO	Geral	6.00
3233	copo  300 ml mb	PLASTICOS	2.50
3234	copo  500 ml   mb	UTILIDADES	5.00
3235	copo  americano	Geral	1.80
3236	copo  com canudo arqplast	Geral	7.50
3237	copo  de café térmico	COZINHA	40.00
3238	COPO  DESCARTÁVEL VERDE	Geral	6.70
3239	COPO  DESCARTAVEL VITALFOR	Geral	7.00
3240	COPO  INFANTIL	Geral	10.00
3241	copo  medidor erca	Geral	5.00
3242	COPO 200ML BRANCO C/100 UNID	Geral	7.00
3243	COPO 550 ML TAMPA - LABEL - DIVERSOS	Geral	7.50
3244	COPO ACRILICO COM TAMPA E CANUDO	Geral	7.00
3245	COPO ACRILICO INFANTIL	Geral	3.00
3246	COPO ADULTO DIA DA MAS	Geral	10.00
3247	copo americano	Geral	1.50
3248	COPO AMERICANO	UTILIDADES	1.80
3249	COPO AMERICANO	UTILIDADES	1.80
3250	COPO AMERICANO	Geral	1.80
3251	COPO AURORA	COZINHA	15.00
3252	copo avulso	Geral	2.50
3253	copo bela   descartável rosa	Geral	8.00
3254	copo bela roxo	Geral	8.00
3255	COPO C/ ALÇA ALUMINIOS REDAR	Geral	8.00
3256	COPO CAIPIRÃO	Geral	10.00
3257	COPO CHUQUINHA 250 ML	Geral	6.00
3258	COPO COLEÇÃO AMOR CORAÇÃO DOURADO	VIDROS	12.00
3259	COPO COLEÇÃO LOVE ACREDITE NO AMOR	VIDROS	12.00
3260	copo colors bela azul descartável	Geral	8.00
3261	COPO COM ALÇA BABY  PLASDURAN	ESCOLAR	12.50
3262	COPO COM CANUDO INFANTIL UNICORNIO	UTILIDADES	8.00
3263	COPO COM T	Geral	7.00
3264	copo cõnico  600 ml	UTILIDADES	5.00
3265	COPO CÔNICO 600ml PP NEON	PLASTICOS	3.00
3266	copo de dose	UTILIDADES	3.50
3267	COPO DE MEDIDA 0,57L	Geral	5.00
3268	COPO DE VIDRO SOLTO	Geral	3.00
3269	COPO DESC. AZUL, ROSA	kit FESTA	2.50
3270	COPO DESCARTAVEL	Geral	7.50
3271	copo descartável 180 ml	Geral	7.00
3272	COPO DESCARTAVEL 200 ML	Geral	7.50
3273	COPO DESCARTÁVEL 500 ML	Geral	8.70
3274	COPO DESCARTÁVEL AZUL	Geral	7.00
3275	COPO DESCARTAVEL C 100    KEROCOPO	Geral	6.00
3276	COPO DESCARTÁVEL ROSA	Geral	6.70
3277	copo descrtavel  branco  180 ml c 10	Geral	2.50
3278	COPO DIA DAS MAES	Geral	10.00
3279	COPO EDUCATIVO MURANO	Geral	7.00
3280	COPO GRADUADO MEDIR	Geral	5.00
3281	COPO INFANTIL	Geral	4.50
3282	copo infantil	Geral	3.00
3283	COPO INFANTIL AZUL/ROSA/VERDE	UTILIDADES	12.00
3284	COPO INFANTIL GRUPO PAULI	PLASTICOS	3.00
3285	COPO INFANTIL NITRON	PLASTICOS	12.50
3286	COPO INFANTIL NITRON	PLASTICOS	6.50
3287	copo infantil plasduran	Geral	6.00
3288	COPO JARDIM DE VIDRO	Geral	15.00
3289	COPO KIDS BABY C/DOSADOR DE LEITE	UTILIDADES	15.00
3290	COPO KIDS C/ALÇA	UTILIDADES	12.00
3291	COPO LONG DRINK COLEÇÃO LOVE	VIDROS	12.00
3292	COPO LONG DRINK COLEÇÃO LOVE	VIDROS	12.00
3293	COPO MEDIDOR  CAP. 0,4L	Geral	4.50
3294	copo medidor 500 ml	PLASTICOS	6.00
3295	COPO MEDIDOR 500ML	Geral	5.00
3296	COPO MEDIDOR MULTI AZUL	UTILIDADES	6.00
3297	COPO MEDIDOR TRANSPARENTE	UTILIDADES	5.00
3298	COPO MICKEY 340 ML BABYGO	Geral	22.00
3299	COPO NATURE	COZINHA	18.00
3300	COPO ORIENTAL 500 ML	Geral	3.00
3301	copo p caipirinha 15 cm	Geral	27.00
3302	copo petit cristal  10 ml  c 30 unidades maxplastic	Geral	6.00
3303	copo pilão  sortido unipop	Geral	6.00
3304	COPO PINSEN  LINHA MAES	Geral	20.00
3305	COPO PLASTICO	UTILIDADES	10.00
3306	COPO PLÁSTICO 550ML COM TAMPA LABEL MENINA	Geral	7.50
3307	COPO PLÁSTICO C/TAMPA LABEL - MENINO	Geral	7.50
3308	COPO PLASTICO L&T	Geral	3.00
3309	COPO POEMA 300ML LUVA C/6	VIDROS	20.00
3310	COPO POP CÔNICO 400ml	PLASTICOS	2.50
3311	COPO PROSA 300ML C/6	VIDROS	20.00
3312	COPO RIO DE JANEIRO	Geral	2.50
3313	copo s alça aluminio	ALUMINIO	8.50
3314	COPO SEM ALÇA REDAR ALUMINIO	Geral	6.00
3315	COPO SHAKE C/ CANUDO 550 ML	UTILIDADES	7.00
3316	COPO SORTIDO URSINHO	Geral	3.00
3317	COPO STANLEY	Geral	25.00
3318	COPO STANLEY	Geral	40.00
3319	COPO SUL 180 ML	UTILIDADES	6.00
3320	copo termico preto	Geral	35.00
3321	COPO ULTRA PP 770 ML	Geral	9.00
3322	copo unidade	Geral	2.50
3323	COPO WHEATON	Geral	2.50
3324	COPO ZUMBA	COZINHA	15.00
3325	COPOS AMAZON	VIDROS	12.00
3326	COPOS DESCARTAVEIS 200 ML	Geral	7.80
3327	copos descartável 200 ml	Geral	7.00
3328	COPOS GINGA	VIDROS	18.00
3329	COPOS NADIR BATUQUE	VIDROS	15.00
3330	COPOS VIDROS 6 UNIDADES LIGHTS  300 ML	VIDROS	25.00
3331	COQUETELEIRA  REDAR	Geral	14.00
3332	COQUETELEIRA POLIDA N2 2,4L	ALUMINIO	13.50
3333	CORAÇÃO DE PELÚCIA	PELÚCIA	80.00
3334	CORAÇÃO DE PELÚCIA (PRESENTE DO DIA DOS NAMORADOS)	Geral	70.00
3335	coração pelucia gr	Geral	55.00
3336	CORAÇÃO PELUCIA M	Geral	45.00
3337	CORAÇÃOZINHO PELUCIA	Geral	25.00
3338	CORANTE	Geral	2.50
3339	CORANTE  AMARELO  liquido	Geral	5.00
3340	corante  liquido rosa	Geral	5.00
3341	CORANTE  MARRON	Geral	4.00
3342	corante  rosa liquida  icerberg chef	Geral	5.00
3343	corante  tupy marinho	Geral	4.00
3344	Corante Alegria Preto	Geral	5.00
3345	CORANTE AMARELO	Geral	5.00
3346	CORANTE ARCOLOR	Geral	2.50
3347	CORANTE AZUL	Geral	4.50
3348	CORANTE AZUL CLARO	Geral	4.00
3349	corante azul liquido	Geral	5.00
3350	CORANTE DE BOLO VERMELHO	UTILIDADES	3.00
3351	CORANTE EM PÓ AZUL	Geral	2.50
3352	CORANTE EM PÓ LARANJA	Geral	2.50
3353	CORANTE EM PÓ ROSA	Geral	2.50
3354	CORANTE EM PÓ VERDE	Geral	2.50
3355	CORANTE LARANJA	Geral	5.00
3356	CORANTE LARANJA	Geral	5.00
3357	CORANTE LIQUIDO  MARRON	kit FESTA	5.00
3358	CORANTE LIQUIDO AZUL	kit FESTA	5.00
3359	CORANTE LIQUIDO VERDE	Geral	5.00
3360	CORANTE PRETO C/ FIXADOR	UTILIDADES	5.00
3361	CORANTE ROSA ALEGRIA FESTAS	kit FESTA	5.00
3362	CORANTE TUPY    COR ROSA	UTILIDADES	4.50
3363	CORANTE TUPY  AZUL MÉDIO	UTILIDADES	4.00
3364	CORANTE TUPY CINZA	UTILIDADES	4.00
3365	CORANTE TUPY VERMELHO	UTILIDADES	4.00
3366	CORANTE VERDE	Geral	5.00
3367	CORANTE VERMELHO	Geral	5.00
3368	CORANTE VERMELHO ALEGRIA FESTAS	Geral	5.00
3369	CORDA DE MOTO SOLTA	Geral	5.00
3370	CORDA DE PULAR PEROLA	BRINQUEDOS	10.00
3371	CORDA DE VARAL PROLICOR	Geral	2.50
3372	CORDA P/ VARAL POLIFORT	UTILIDADES	6.00
3373	CORDA PRA VARAL 3 UNID	UTILIDADES	6.00
3374	CORDÃO DE CHAVE FINO	Geral	5.00
3375	CORDÃO DE CHAVE FINO	Geral	3.00
3376	CORDÃO DE CHAVE FINO	Geral	4.00
3377	CORDÃO DE CHAVE MARCAS	Geral	5.00
3378	CORDÃO DE CHAVE MARCAS	Geral	7.00
3379	CORDÃO DE CHAVE TIME	Geral	7.00
3380	CORDÃO DE CHAVE TIME	Geral	5.00
3381	CORDÃO DE CRACHÁ SOLTO	Geral	4.00
3382	cordao fino simples	Geral	4.00
3383	CORRENTE DE OURO	Geral	15.00
3384	CORRENTE DE OURO	Geral	30.00
3385	CORRENTE DE PRATA	Geral	20.00
3386	CORRENTE DE PRATA ACESSORIO	Geral	10.00
3387	CORRENTE P/ VASOS DE PLANTA	Geral	8.00
3388	CORRENTE P/ VASOS DE PLANTA	Geral	10.00
3389	corretivo bic	Geral	4.50
3390	CORRETIVO COLLEGE RADEX	PAPELARIA	4.50
3391	CORRETIVO DE CANETA	Geral	6.00
3392	corretivo de fita jocarofice	Geral	7.00
3393	CORRETIVO FITA	Geral	7.00
3394	CORRETIVO LIQUIDO   RADEX	ESCOLAR	4.50
3395	CORRETIVO LIQUIDO ENDA	Geral	4.50
3396	CORRETIVO LIQUIDO MERCUR 18ML	PAPELARIA	4.80
3397	CORRETIVO LIQUIDO OFFICE	Geral	5.00
3398	CORRETIVO RADEX	ESCOLAR	5.00
3399	CORTA PIZZA	UTILIDADES	5.00
3400	CORTADOR DE LEGUMES   DUPLA FACE	Geral	14.00
3401	cortador de pizza	Geral	6.00
3402	CORTADOR DE UNHA	Geral	6.00
3403	CORTADOR DE UNHA	Geral	5.00
3404	cortador de unha	Geral	5.00
3405	CORTADOR DE UNHA 0757	Geral	6.00
3406	cortador de unha g	BIJUTERIA	8.50
3407	CORTADOR DE UNHA G MUMDIAL	Geral	10.00
3408	CORTADOR DE UNHA GRANDE	Geral	8.50
3409	CORTADOR DE UNHA GRANDE BARCELONA	Geral	6.00
3410	CORTADOR DE UNHA GRANDE MUNDIAL	Geral	8.00
3411	CORTADOR DE UNHA HUI QIANG	Geral	8.00
3412	CORTADOR DE UNHA P	Geral	8.00
3413	CORTADOR DE UNHA PEQ	Geral	3.00
3414	CORTADOR DE UNHA PEQUENO	UTILIDADES	4.00
3415	cortador de unha pequeno  original	Geral	4.00
3416	CORTADOR DE UNHA PEQUENO MUNDIAL	Geral	10.00
3417	cortador de unha pequeno n	Geral	7.00
3418	CORTADOR DE UNHA PLB	Geral	12.00
3419	CORTADOR E RALADOR DE LEGUMES HM	UTILIDADES	10.00
3420	cortador grande	Geral	6.00
3421	cortador pequeno	Geral	7.00
3422	cortina  ana maria 3,00x1x80. sortida	Geral	96.00
3423	cortina  botix cozinha renda	Geral	50.00
3424	CORTINA  BOX CRISTAL PERFETTO	UTILIDADES	24.00
3425	cortina  dubai 2,80x1,80  sortida  sala ;quarto	CAMA, MESA E BANHO	125.00
3426	CORTINA  SALA QUARTO  1,80X1,30 CM	CAMA, MESA E BANHO	40.00
3427	CORTINA BANHEIRO RENDA MENDES 70X70CM	CAMA, MESA E BANHO	9.00
3428	CORTINA BOTTICELLI	Geral	42.00
3429	CORTINA BOTTICELLI	Geral	50.00
3430	CORTINA BOTTICELLI PIMENTA	Geral	42.00
3431	CORTINA BOX COM ILHOS PLAST LEO	Geral	33.00
3432	CORTINA BOX PERFEITO VISOR	Geral	30.00
3433	cortina box ref 615	Geral	9.00
3434	CORTINA BOX VISOR PLAST LEO	UTILIDADES	29.99
3435	CORTINA COM ILHOS 2,80M x 1,70M  VENEZA	Geral	125.00
3436	CORTINA COPA & COZINHA BOTTICELLI MORANGOS	UTILIDADES	50.00
3437	CORTINA CORTILESTER COPA & COZINHA 1,50 A 2,00	COZINHA	50.00
3438	CORTINA DE BOX 1,35X1,78cm	UTILIDADES	9.00
3439	CORTINA DE BOX ESTAMPADA LUXO 1,38X2,00M	UTILIDADES	14.50
3440	CORTINA DE BOX PERFETTO 1,38X2,00M	UTILIDADES	30.00
3441	CORTINA DE BOX VINIL ESTAMPADA	Geral	23.00
3442	CORTINA DE BOX VISOR	Geral	23.00
3443	CORTINA DE COZINHA BOTTICELLI	Geral	50.00
3444	CORTINA DE COZINHA DE RENDA	Geral	42.00
3445	CORTINA DE COZINHA RENDA	Geral	45.00
3446	CORTINA DE COZINHA SABI SORTIDA 2,00X1,35	UTILIDADES	40.00
3447	cortina de pia  mendes  poliester	CAMA, MESA E BANHO	16.00
3448	cortina de pia  tam. 1,35 cmx 80 cm.	CAMA, MESA E BANHO	24.99
3449	cortina de pia l	Geral	10.00
3450	CORTINA DE PIA PLASTLEO	UTILIDADES	5.00
3451	CORTINA DE PIA TECIDO 1,35X0,80m oxford	UTILIDADES	22.00
3452	CORTINA DE PORTA	Geral	45.00
3453	CORTINA DE RENDA COZINHA	CAMA, MESA E BANHO	50.00
3454	CORTINA DE RENDA COZINHA	CAMA, MESA E BANHO	50.00
3455	CORTINA DE RENDA SUAVITTÁ BAKERY	UTILIDADES	50.00
3456	CORTINA DE RENDA SUAVITTÁ CEREJAS	UTILIDADES	50.00
3457	CORTINA DE RENDA SUAVITTA PASSARINHOS 1,50X2,20	UTILIDADES	50.00
3458	CORTINA DE RENDA SUAVITTÁ PIZZAIOLOS 1,50X2,20M	UTILIDADES	50.00
3459	cortina de sala ana maria	CAMA, MESA E BANHO	96.00
3460	CORTINA DE TIRA	Geral	43.00
3461	CORTINA DE TIRAS DE PORTA   2,20X80 CM	CAMA, MESA E BANHO	45.00
3462	CORTINA ESTAMPADA BOX LUXO	CAMA, MESA E BANHO	45.00
3463	CORTINA LUXO BOX 1,38X88CM	BANHEIRO	10.00
3464	CORTINA P/ VARÃO 3,0X1,80m	CORTINAS	96.00
3465	CORTINA PARA SALA E QUARTO	CAMA, MESA E BANHO	45.00
3466	CORTINA RENDA COZINHA CORTILESTER	Geral	50.00
3467	CORTINA RENDA COZINHA JCM PENTEADO	UTILIDADES	18.00
3468	CORTINA ROMA COM ILHÓS CASA SUSI 2,80X2,30	UTILIDADES	125.00
3469	CORTINA VENEZA C/ ILHÓS SABI  4 MTS	UTILIDADES	170.00
3470	CORTINA VENEZA COM ILHÓS SABI	UTILIDADES	45.00
3471	CORTLEX COLCHA MILÃO QUEEN VERMELHO	Geral	150.00
3472	CORTLEX COLCHA MILÃO QUEN AZUL	Geral	150.00
3473	cotonete cotonela	Geral	2.00
3474	COWBOY	Geral	2.00
3475	COZINHA ENCANTADA	Geral	17.00
3476	COZINHA ENCANTADA LIQUIDIFICADOR	BRINQUEDOS	12.50
3477	COZINHA ENCANTADA SAYURI	Geral	10.00
3478	COZINHA JUDY HOME	BRINQUEDOS	30.00
3479	COZINHA PIZZA BRINQUEDO	BRINQUEDOS	24.00
3480	CRACHÁ	Geral	4.00
3481	cracha c cordão	Geral	10.00
3482	CRACHA DE RG	Geral	3.00
3483	CREPOM BRANCO	Geral	2.50
3484	CREPOM PRETO	Geral	2.50
3485	CREPOM VERDE	Geral	3.00
3486	CREPOM VERMELHO	Geral	3.00
3487	crepon	Geral	2.50
3488	CREPON	Geral	2.50
3489	CREPON  LARANJA	Geral	2.50
3490	CREPON  SORTIDOS CREP MAIS	Geral	2.50
3491	crepon azul	Geral	2.50
3492	crepon azul	Geral	2.50
3493	CREPON DIVERSOS	Geral	2.50
3494	crepon lilas claro	Geral	2.50
3495	crepon marrom	Geral	2.50
3496	CREPON ROSA	Geral	2.50
3497	CROCS ADULTO	Geral	30.00
3498	CROCS ADULTO MEIA	Geral	40.00
3499	CROCS INFANTIL	CHINELOS	30.00
3500	croks	Geral	30.00
3501	crosk infantil	Geral	30.00
3502	csacola   tnt metalizada grande	Geral	10.00
3503	CUBO DE PELUCIA	BRINQUEDOS	50.00
3504	CUBO DIDÁTICO TOY MASTER	BRINQUEDOS	20.00
3505	CUBO MAGICO	Geral	10.00
3506	cubo mágico	BRINQUEDOS	7.00
3507	CUBO MÁGICO	BRINQUEDOS	5.00
3508	CUBO MAGICO	BRINQUEDOS	7.00
3509	CUBO MAGICO FX TOYS	BRINQUEDOS	7.00
3510	CUBO MAGICO GRANDE	Geral	10.00
3511	CUBO MAGICO PEQ	Geral	7.00
3512	CUBO MAGICO PLASTICO	BRINQUEDOS	7.00
3513	CUBO MÁGICO TOYKING	BRINQUEDOS	7.00
3514	CUBO MAGICO ULTIMATE CHALLENGE	Geral	20.00
3515	CUCUZEIRO	Geral	45.00
3516	CUDDLY UNICORNS C/06	Geral	40.00
3517	CUECA MASCULINA	Geral	12.00
3518	CUECA MEN SPORT	Geral	10.00
3519	CUIA  NOBRE C PRATO PRETO	Geral	15.00
3520	cuia  preto	Geral	7.00
3521	CUMBUCA PRATO  N12 CM	FESTA	2.50
3522	CUMBUCA PRATO N 15 CM	kit FESTA	4.00
3523	CUSCUZEIRA	Geral	30.00
3524	CUSCUZEIRA * VERMELHA N 14	Geral	35.00
3525	CUSCUZEIRA ALEGRETE CINZA	Geral	40.00
3526	CUSCUZEIRA INDIVIDUAL 1,5L POLIDA	COZINHA	40.00
3527	CUSCUZEIRA N°12 ALUMINIO CAMARGO	ALUMINIO	23.50
3528	CUSCUZEIRA PRETO  14	Geral	30.50
3529	CUSCUZEIRO	Geral	24.00
3530	CUSCUZEIRO  VERMELHO N 14	Geral	20.50
3531	cuscuzeiro 14 polido paneflon	Geral	28.00
3532	CUSCUZEIRO ALUMINIO N 18 MP	ALUMINIO	30.00
3533	CUSCUZEIRO AMERICANO POLIDO   500 ML  MP	Geral	49.99
3534	CUSCUZEIRO CARQUEADO N 14	ALUMINIO	28.00
3535	CUSCUZEIRO COLOR N°18	ALUMINIO	45.00
3536	CUSCUZEIRO CRAQ. N16 2,7L PANEFLON	ALUMINIO	30.00
3537	CUSCUZEIRO CRAQ. N18 3,3L	ALUMINIO	40.00
3538	CUSCUZEIRO CRAQ. N20 4,1L	ALUMINIO	45.00
3539	CUSCUZEIRO CRAQUELADO PRETO PQ n 12	COZINHA	27.00
3540	CUSCUZEIRO GRAFITE N 18 MP	Geral	45.00
3541	CUSCUZEIRO INDIVIDUAL POLIDO  MP	Geral	35.00
3542	cuscuzeiro n 12 polido	Geral	25.00
3543	cuscuzeiro n 14 tanpa de vidro  alegrete  cinza antiaderente	ALUMINIO e antiaderente	40.00
3544	CUSCUZEIRO N 16 POLIDA	ALUMINIO	35.00
3545	CUSCUZEIRO N 16 PRETO	Geral	33.00
3546	CUSCUZEIRO N 18 ALUMINIO  REDAR	Geral	30.00
3547	CUSCUZEIRO N°14 ALUMÍNIO CAMARGO	ALUMINIO	30.00
3548	CUSCUZEIRO N°14 PRETA/VERMELHA CARQUEADA	ALUMINIO	35.00
3549	CUSCUZEIRO N°16	Geral	28.00
3550	CUSCUZEIRO N°18	ALUMINIO	40.00
3551	CUSCUZEIRO N10 600ML CRAQUEADO	ALUMINIO	23.00
3552	CUSCUZEIRO N10 POLIDO 600ML	Geral	20.00
3553	cuscuzeiro polida n 18	COZINHA	35.00
3554	CUSCUZEIRO POLIDO 12	Geral	22.00
3555	CUSCUZEIRO POLIDO 12 MP	POlido	15.00
3556	CUSCUZEIRO POLIDO N 14 MP	ALUMINIO	33.00
3557	cuscuzeiro polido n 16	Geral	30.00
3558	CUSCUZEIRO POLIDO N 16 MP	ALUMINIO	35.00
3559	cuscuzeiro pq	Geral	22.00
3560	CUSCUZEIRO VERMELHA/PRETA CARQUEADA N°16	ALUMINIO	38.00
3561	CUSCUZEIRO VERMELHO 16	ALUMINIO	24.00
3562	CUSCUZEIRO VERMELHO N 18	ALUMINIO	40.00
3563	cvesta de pascoa	Geral	85.00
3564	DAMA	Geral	15.00
3565	DAMA	Geral	15.00
3566	DAMAS EM MDF +5 ANOS COLUNA	BRINQUEDOS	23.00
3567	DECORADOR DE BOLO	UTILIDADES	14.00
3568	DEDEIRA DE COSTURAR	Geral	1.00
3569	DENTADURA COLORIDA	Geral	2.00
3570	DENTE DE VAMPIRO	Geral	2.50
3571	descansa panelas kit 3 peças madeira	Geral	8.00
3572	DESCASCADOR	Geral	13.00
3573	DESCASCADOR E BOLEADOR	UTILIDADES	5.00
3574	descascador e fatiador  gp6	UTILIDADES	7.00
3575	DESENGORDURANTE LIMPOL BOMBRIL	Geral	12.50
3576	DESENTUPIDOR DE BANHEIRO	Geral	8.00
3577	desentupidor de fogão	Geral	1.00
3578	desentupidor de pia	UTILIDADES	5.00
3579	desentupidor de pia bj plasticos	COZINHA	5.00
3580	DESENTUPIDOR DE VASO	UTILIDADES	12.00
3581	DESENTUPIDOR DE VASO C/CABO	UTILIDADES	8.00
3582	DESENTUPIDOR VASO BANHEIRO	UTILIDADES	12.00
3583	DESINFETANTE BUFALO 2L	Geral	7.50
3584	DESINFETANTE EUCALIPTO MINUANO	LIMPEZA	4.00
3585	DESINFETANTE KALIPTO 2L EUCALIPTO	LIMPEZA	8.50
3586	DESINFETANTE KALIPTO LAVANDA 2L	LIMPEZA	8.50
3587	DESINFETANTE KALYPTO BRANCO 2L	Geral	8.50
3588	DESINFETANTE YPE BAK	Geral	5.00
3589	DESINFETANTE YPE BAK	Geral	5.00
3590	DESINFETANTE YPE PINHO	Geral	5.00
3591	DESODORIZANTE SANITÁRIO	BANHEIRO	2.00
3592	DESPERTADOR	Geral	12.00
3593	DESPERTADOR	Geral	15.00
3594	despertador  de mesa	Geral	25.00
3595	DESPERTADOR ABBMIX	Geral	25.00
3596	DESPERTADOR CORUJA	Geral	20.00
3597	DESPERTADOR IMPORT	Geral	20.00
3598	DESPERTADOR LET	Geral	20.00
3599	DETERGENTE LIMPOL 500ML	Geral	2.50
3600	DETERGENTE NEUTRO CANDURA	LIMPEZA	2.00
3601	DINHEIRINHO	Geral	1.50
3602	DINHEIRINHO C/ 50 NOTAS	BRINQUEDOS	4.00
3603	DINOSSAUROS	Geral	40.00
3604	DINOSSAUROS COLORIDOS	BRINQUEDOS	20.00
3605	DISPENSER BRANCO	UTILIDADES	20.00
3606	DISPENSER P/SABONETE LIQUIDO SKY	UTILIDADES	10.00
3607	DISPENSER PRETO P/ DETERGENTE OU SABONETE LIQUIDO	UTILIDADES	20.00
3608	DISPENSER RATTAN REF.040	BANHEIRO	11.00
3609	DISPENSER VERMELHO P/ DETERGENTE E SABONETE LIQUIDO	UTILIDADES	20.00
3610	DIVER MASSA	Geral	5.00
3611	diversos	Geral	75.00
3612	DIVERSOS	Geral	0.00
3613	DIVISORIAS PLASTICAS	Geral	3.00
3614	DOMINO	Geral	30.00
3615	DOMINO 28 PEDRAS	BRINQUEDOS	6.50
3616	DOMINO ATTIC GOAL	BRINQUEDOS	30.00
3617	DOMINO BRINQUEDO	BRINQUEDOS	6.60
3618	DOMINO DE OSSO	Geral	32.00
3619	DOMINO DOUBLE SIX	Geral	30.00
3620	DOMINO DOUBLE SIX 28PÇS	Geral	30.00
3621	DOMINO DOUBLE SIX VARIAS CORES	Geral	30.00
3622	DOMINO INFANTIL	Geral	6.60
3623	domino infantil	Geral	7.50
3624	DOMINÓ LATA	Geral	40.00
3625	DOMINÓ LUATEK	BRINQUEDOS	40.00
3626	DOMINÓ LUATEK DIVERSAS CORES	BRINQUEDOS	40.00
3627	DOMINÓ LUATEK PRETO	Geral	40.00
3628	DOMINÓ NZA	Geral	40.00
3629	DOMINO SIMPLES	Geral	7.50
3630	dominoes	Geral	40.00
3631	DOUBLE SIX DOMINOES SET OF 28	BRINQUEDOS	30.00
3632	dupla face  branca	Geral	4.00
3633	dupla face verde   especial	Geral	20.00
3634	duralex   branca	Geral	20.00
3635	DUREX	Geral	2.00
3636	DUREX FINO TRANSPARENTE	Geral	4.50
3637	DUREX FINO TRANSPARENTE	Geral	4.00
3638	DUREX FIT-PEL PEQUENO	Geral	2.00
3639	durex grande	Geral	8.00
3640	DUREX GRANDE TRANSPARENTE	Geral	9.00
3641	DUREX GROSSO TRANSPARENTE	Geral	7.00
3642	durex marrom grande	Geral	8.00
3643	DUREX PEQ	Geral	1.00
3644	DUREX PEQ	Geral	1.50
3645	DUREX PEQ	Geral	3.00
3646	durex transparente	Geral	9.00
3647	durex transparente	Geral	9.00
3648	e. v. a  azul	Geral	3.00
3649	E.V.A AZUL	Geral	2.50
3650	E.V.A BRANCO	Geral	2.50
3651	e.v.a branco	Geral	3.00
3652	E.V.A LARANJA	Geral	2.50
3653	E.V.A PRETO	Geral	2.50
3654	E.V.A TODAS AS CORES	Geral	2.50
3655	E.V.A VERDE CLARO	Geral	2.50
3656	E.V.A VERDE ESCURO	Geral	2.50
3657	ECOVA DE BANHO  SPA	LIMPEZA	25.00
3658	elastico cartela	Geral	7.00
3659	elastico de cabelo	Geral	2.00
3660	ELASTICO DE CABELO GRANDE	Geral	3.00
3661	elastico de dinheiro	Geral	4.00
3662	ELASTICO DE ROUPA	Geral	2.00
3663	ELASTICO DE ROUPA	Geral	1.00
3664	ELASTICO DUDA	Geral	7.00
3665	elastico metro	Geral	2.00
3666	ELASTICO N°10 C/10M	Geral	8.00
3667	ELASTICO N10 10M	Geral	8.00
3668	ELASTICO P/ROUPA C/10MTS N°08	UTILIDADES	7.00
3669	ELÁSTICO PRENDEDOR GOAL	UTILIDADES	10.00
3670	embalagem de bolo de pote	Geral	0.80
3671	EMBALAGEM P/ SALADA	Geral	1.00
3672	EMBALAGEN	Geral	2.00
3673	EMBALAGENS DE DOCE	Geral	2.00
3674	ENVALOPE DE CURRICULO	Geral	2.00
3675	ENVELOPE	Geral	1.00
3676	envelope  pardo	Geral	2.00
3677	ENVELOPE AMARELO MEDIO	Geral	1.00
3678	envelope branco  grande	Geral	2.00
3679	ENVELOPE DE CARTA	Geral	0.50
3680	ENVELOPE DE CARTA	Geral	0.50
3681	ENVELOPE DE CARTA	Geral	1.00
3682	ENVELOPE DE CARTA PQ	Geral	0.70
3683	ENVELOPE DE CURRÍCULO	Geral	1.00
3684	envelope grande	Geral	2.00
3685	envelope pardo kraft	Geral	2.00
3686	ERCA 3 POTES REDONDOS	PLASTICOS	7.00
3687	ERCA 3 POTES RETANGULARES  LEITODO	Geral	8.50
3688	ERCA 4 POTES REGULADORES	Geral	7.00
3689	ESCADA  ALUMINIO GRANDE	Geral	350.00
3690	ESCAVADEIRA	Geral	50.00
3691	escavadeira  amarela	BRINQUEDOS	55.00
3692	ESCAVADEIRA DE BRINQUEDO	BRINQUEDOS	35.00
3693	ESCORREDOR  JAGUAR	Geral	17.00
3694	ESCORREDOR  NITRON PRETO	Geral	18.00
3695	ESCORREDOR  NITRON VERDE	Geral	18.00
3696	ESCORREDOR BRANCO	Geral	38.00
3697	escorredor branco uninjet	UTILIDADES	18.00
3698	ESCORREDOR C/ PORTA COPOS CROMADO	UTILIDADES	40.00
3699	ESCORREDOR DE 2 ANDAR ALUMINIO	ALUMINIO	50.00
3700	ESCORREDOR DE ARROZ	COZINHA	4.50
3701	ESCORREDOR DE ARROZ	Geral	5.00
3702	ESCORREDOR DE ARROZ   formplast	PLASTICOS	8.50
3703	ESCORREDOR DE ARROZ COLORIDO	UTILIDADES	5.00
3704	ESCORREDOR DE LOUÇA	UTILIDADES	12.00
3705	ESCORREDOR DE LOUÇA	Geral	12.00
3706	ESCORREDOR DE LOUÇA ARCO PARA 5 COPOS	COZINHA	50.00
3707	ESCORREDOR DE LOUÇA COLORIDO FORMPLAST	UTILIDADES	11.00
3708	ESCORREDOR DE LOUÇA COLORS PRETO/BRANCO	UTILIDADES	55.00
3709	ESCORREDOR DE LOUÇA DIVERPLAS	Geral	27.00
3710	ESCORREDOR DE LOUÇAS G PRETO	Geral	15.00
3711	ESCORREDOR DE LOUÇAS PRETO	UTILIDADES	50.00
3712	escorredor de loucas rosa	UTILIDADES	18.00
3713	ESCORREDOR DE LOUÇAS UNINJET PRETO	UTILIDADES	18.00
3714	ESCORREDOR DE MASSAS	UTILIDADES	8.50
3715	ESCORREDOR DE MASSAS com cabo	PLASTICOS	8.50
3716	ESCORREDOR DE PRATO  preto	COZINHA	13.00
3717	ESCORREDOR DE PRATO ALUMINIO PRETO	Geral	35.00
3718	ESCORREDOR DE PRATOS MASTER	UTILIDADES	25.00
3719	ESCORREDOR DE PRATOS SANTANA	UTILIDADES	10.00
3720	ESCORREDOR DE TALHER PLASMONT	UTILIDADES	7.00
3721	ESCORREDOR DE TALHER PLASTICO	UTILIDADES	5.00
3722	ESCORREDOR NITRON BRANCO	Geral	18.00
3723	ESCORREDOR PLÁSTICO DE LOUÇA ARQPLAST	UTILIDADES	13.00
3724	ESCORREDOR PLASTICO DE LOUÇA BRANCO	UTILIDADES	13.00
3725	ESCORREDOR PLÁSTICO DE LOUÇA cinza	UTILIDADES	13.00
3726	escorredor vermelho uninjet	UTILIDADES	18.00
3727	escova   sanitaria	Geral	6.00
3728	ESCOVA  CABELO OVAL	Geral	15.00
3729	escova  de cabelo	Geral	4.00
3730	ESCOVA  DE CABELO	Geral	20.00
3731	ESCOVA  SANITARIA GRANDE COLORS	Geral	15.00
3732	ESCOVA ANATÔMICA PLASTICA	UTILIDADES	6.00
3733	ESCOVA AZUL/ROSA QUADRADA	Geral	25.00
3734	ESCOVA C/ALÇA CLEAN	Geral	10.00
3735	ESCOVA C/P/ ROUPA PLASTICO	Geral	7.00
3736	escova cabelo	Geral	4.00
3737	ESCOVA DE  CABELO	Geral	4.00
3738	escova de banho	Geral	13.00
3739	ESCOVA DE BANHO 2 EM 1	Geral	25.00
3740	ESCOVA DE BANHO OVAL C/ CABO	UTILIDADES	10.00
3741	ESCOVA DE CABELO COLORIDA	Geral	5.00
3742	ESCOVA DE CABELO COMUN	Geral	4.00
3743	ESCOVA DE CABELO ISACARE	Geral	17.00
3744	ESCOVA DE CABELO JADE	Geral	14.60
3745	ESCOVA DE CABELO LUPE RF 2	UTILIDADES	4.50
3746	escova de cabelo nova	Geral	30.00
3747	escova de cabelo pra cachear	Geral	15.00
3749	ESCOVA DE CABELO ROSA	Geral	20.00
3750	escova de cabelo sortida	Geral	25.00
3751	escova de cabo rosa  mq beleza	Geral	14.00
3752	escova de dente  goal  cerdas macias adulto sortido	Geral	4.50
3753	ESCOVA DE DENTE  INFANTIL	Geral	3.00
3754	ESCOVA DE DENTE BLACK	UTILIDADES	6.50
3755	ESCOVA DE DENTE EXTRA ORAL Z	UTILIDADES	4.00
3756	ESCOVA DE DENTE INFANTIL	Geral	3.00
3757	ESCOVA DE DENTE INFANTIL	Geral	4.00
3758	ESCOVA DE DENTE KIDS ORALZ	Geral	3.50
3759	ESCOVA DE DENTE MÉDIA CERDAS POLIDORAS	UTILIDADES	4.00
3760	ESCOVA DE DENTE SLIM MÉDIA	UTILIDADES	4.00
3761	ESCOVA DE DENTES PLUS MÉDIA	UTILIDADES	4.00
3762	ESCOVA DE LAVAR ROUPA NOVO HORIZONTE	Geral	4.00
3763	ESCOVA DE MADEIRA DE ROUPA	UTILIDADES	5.00
3764	ESCOVA DE MAMADEIRA	UTILIDADES	6.00
3765	escova de roupa	Geral	4.00
3766	ESCOVA DE UNHA	Geral	3.50
3767	ESCOVA DE UNHA CLIP LIMPAMANIA	UTILIDADES	4.00
3768	ESCOVA DE VASO SANITÁRIO	UTILIDADES	6.00
3769	ESCOVA DENTAL INFANTIL ULTRA SOFT	UTILIDADES	6.50
3770	ESCOVA DENTAL USO ADULTO	UTILIDADES	4.00
3771	ESCOVA INFANTIL EXTRA MACIA	Geral	10.00
3772	ESCOVA INFANTIL KIDS	Geral	8.00
3773	ESCOVA INFANTIL MAMADEIRA 40 CM	UTILIDADES	8.00
3774	ESCOVA ISACARE MAGIC COLORS WHITE QUAD	Geral	15.00
3775	ESCOVA ISACARE SÍRIUS ABS TUBO ALUMÍNIO	Geral	24.00
3776	escova lavadeira de roupa	Geral	7.00
3777	ESCOVA LAVANDEIRIA C CABO	Geral	10.00
3778	ESCOVA LIMPA BICO	Geral	4.00
3779	ESCOVA MAGICA	UTILIDADES	10.00
3780	escova oval	Geral	3.00
3781	escova oval  pequena  masculina	Geral	3.00
3782	ESCOVA OVAL COM ALÇA	Geral	6.50
3783	ESCOVA OVAL MADEIRA	UTILIDADES	6.00
3784	ESCOVA OVAL PLAST	UTILIDADES	3.50
3785	ESCOVA P/ CABELO RAQUETE	UTILIDADES	10.00
3786	ESCOVA PARA CABELO ESCOBEL	Geral	20.00
3787	ESCOVA PARA MAMADEIRA C/2 PÇS	UTILIDADES	6.00
3788	ESCOVA PARA SAPATOS	Geral	14.50
3789	ESCOVA PEQUENA	Geral	7.00
3790	ESCOVA PEQUENA AMARELA	Geral	7.00
3791	ESCOVA PEROLA	UTILIDADES	4.50
3792	ESCOVA PLASTICA NITTA	UTILIDADES	6.00
3793	ESCOVA SANITARIA	UTILIDADES	9.60
3794	escova sanitaria  colors	Geral	8.00
3795	ESCOVA SANITÁRIA C/POTE	UTILIDADES	16.00
3796	ESCOVA SANITARIA COLORS	Geral	7.00
3797	escova sanitaria colors	Geral	6.00
3798	ESCOVA SANITARIA COLORS	Geral	8.00
3799	ESCOVA SANITÁRIA COLORS	Geral	6.00
3800	ESCOVA SANITÁRIA DE MADEIRA lavatina nylon	LIMPEZA	5.00
3801	ESCOVA SANITARIA GRANDE	Geral	15.00
3802	ESCOVA SANITARIA PLASNEW	BANHEIRO	7.00
3803	ESCOVA SANITARIA PLAST GRAN	Geral	9.60
3804	ESCOVA SANITARIA RATTAN	UTILIDADES	10.00
3805	ESCOVA SANITARIA SORTIDA IMPORTADA COM BASE - A	Geral	6.00
3806	ESCOVA SANITARIA UNINJET	UTILIDADES	16.00
3807	ESCOVA TURQUESA	Geral	4.50
3808	ESCOVA/PENTE GRANDE COLORIDO	Geral	25.00
3809	ESCOVAO PLASTICO	Geral	8.50
3810	ESCOVINHA MILA FESTAS	Geral	2.00
3811	escudo heroes	Geral	30.00
3812	ESCUMADEIRA	Geral	4.00
3813	ESCUMADEIRA CABO DE MADEIRA	Geral	4.00
3814	escumadeira de inox	UTILIDADES	9.00
3815	ESCUMADEIRA INOX POLO IMPORTS	Geral	7.00
3816	ESPADA C/BAINHA	BRINQUEDOS	10.00
3817	ESPADA COM ACESSORIOS	Geral	20.00
3818	ESPADA COM LUZ	Geral	45.00
3819	ESPADA DE PLASTICO	Geral	10.00
3820	ESPADA DE PLASTICO QUE EMITE LUZ	BRINQUEDOS	35.00
3821	ESPADA INFANTIL	Geral	16.00
3822	ESPADA TOY C/LUZ	BRINQUEDOS	25.00
3823	espalha cera	COZINHA	10.00
3824	espalha cera  brihex	UTILIDADES	9.99
3825	espalha cera de	Geral	8.50
3826	espalha cera so peça	Geral	7.00
3827	ESPANADOR	Geral	30.00
3828	ESPANADOR  DE PÓ N 3 NOMO	Geral	14.50
3829	ESPANADOR DE PÓ	Geral	28.00
3830	ESPANADOR DE PÓ	Geral	8.50
3831	ESPANADOR DE PÓ	Geral	30.00
3832	ESPANADOR DE PÓ	Geral	35.00
3833	ESPANADOR DE PÓ N 20  COLOR NOMO	Geral	12.00
3834	ESPANADOR DE PÓ N 30 colorido	UTILIDADES	25.00
3835	ESPANADOR PENAS DE AVESTRUZ	UTILIDADES	40.00
3836	ESPÁTULA  VASADA AÇO INOX	COZINHA	7.80
3837	ESPATULA DE BOLO	Geral	10.00
3838	ESPÁTULA DE BOLO ACRÍLICO	UTILIDADES	8.00
3839	ESPÁTULA DE INOX	COZINHA	10.00
3840	ESPATULA DE METAL P/ USO CULINARIO	Geral	7.00
3841	ESPATULA DE SILICONE	Geral	7.00
3842	ESPÁTULA DE SILICONE  GRANDE	Geral	7.00
3843	ESPÁTULA DE SILICONE ART HOUSE	Geral	7.00
3844	ESPÁTULA INOX  ORIGINAL PREMIUM	Geral	17.00
3845	ESPÁTULA MULTIUSO PLASTUTTI	UTILIDADES	8.00
3846	ESPATULA PARA BOLO ART HOUSE	Geral	12.00
3847	espelho  GRANDE	Geral	220.00
3848	ESPELHO  LEÃO  94X44	UTILIDADES	100.00
3849	ESPELHO  TRELISA  15X21	Geral	8.00
3850	ESPELHO 33X43 MADEIRA	UTILIDADES	50.00
3851	ESPELHO 60X160	Geral	185.00
3852	ESPELHO DE MESA 15.5CM X 14.5CM	Geral	10.00
3853	ESPELHO GIGANTE	Geral	185.00
3854	espelho gigante	Geral	220.00
3855	Espelho grande	Geral	220.00
3856	ESPELHO LARANJA N 16	Geral	6.50
3857	espelho laranja n 18	UTILIDADES	7.00
3858	ESPELHO LARANJA N°12 (12X18cm)	UTILIDADES	4.00
3859	ESPELHO LARANJA N°14 (14X20cm)	UTILIDADES	4.50
3860	ESPELHO LARANJA N°18 (18X25cm)	UTILIDADES	12.00
3861	espelho laranja n10	Geral	10.00
3862	espelho leão  44x94	Geral	120.00
3863	ESPELHO MADEIRA 37X115  TRIAX	Geral	105.00
3864	ESPELHO MOLDURA 3CM 30CMX40CM	VIDROS	40.00
3865	espelho n 20 laranja	Geral	15.00
3866	ESPELHO N°16 LARANJA (16X23cm)	UTILIDADES	10.00
3867	ESPELHO N°20 LARANJA (20X31cm)	UTILIDADES	15.00
3868	ESPELHO OVAL DE BOLSO	Geral	3.00
3869	ESPELHO TRELIÇA  20X25	Geral	11.00
3870	ESPELHO TRIAX 20X25	Geral	11.00
3871	ESPELHO TRIAX GIGANTE	Geral	185.00
3872	ESPETO CHURRASCO INOX	Geral	16.00
3873	espeto churrasco magrão m	Geral	5.00
3874	ESPETO CHURRASCO SÃO ROQUE	UTILIDADES	3.00
3875	esponja	Geral	5.00
3876	ESPONJA  PEÇA LIMPA AZULEJO	Geral	5.00
3877	esponja com rodo	Geral	10.00
3878	ESPONJA DE AÇO  SQ	COZINHA	3.00
3879	ESPONJA DE LAVAR LOUCA C/3	Geral	4.00
3880	ESPONJA MULTIUSO 80X60X15mm	UTILIDADES	1.50
3881	ESPONJA P/BANHO ADULTO COLORIDA	UTILIDADES	6.00
3882	ESPONJA VEGETAL	Geral	5.00
3883	ESPONJA VEGETAL DUPLA FACE	UTILIDADES	7.00
3884	ESPONJA VEGETAL IENDIS	Geral	5.00
3885	ESPONJINHA SOFT BANHO PEQUENA	BANHEIRO	5.00
3886	espremedor   de limão  aluminio	Geral	12.00
3887	espremedor  de frutas  pananby	Geral	7.35
3888	espremedor de  batata	Geral	15.00
3889	ESPREMEDOR DE ALHO	COZINHA	8.50
3890	ESPREMEDOR DE ALHO	Geral	5.00
3891	ESPREMEDOR DE ALHO  ALUMINO  5 UTILIDADES	COZINHA	6.00
3892	ESPREMEDOR DE BATATA ALUMINIO	ALUMINIO	12.50
3893	ESPREMEDOR DE BATATA mk utencilios	UTILIDADES	20.00
3894	espremedor de batata polido	Geral	15.50
3895	espremedor de fruta branco mondial	Geral	100.00
3896	espremedor de frutas preto mondial	Geral	100.00
3897	ESPREMEDOR DE LIMAO	Geral	7.80
3898	ESPREMEDOR DE LIMÃO	COZINHA	12.00
3899	ESPREMEDOR DE LIMÃO	Geral	8.00
3900	ESPREMEDOR DE LIMÃO ALUMINIO	UTILIDADES	9.00
3901	espremedor de limão aluminio	ALUMINIO	9.00
3902	ESPREMEDOR DE LIMÃO ALUMINIO MK	Geral	10.00
3903	espremedor de limão inox	Geral	20.00
3904	espremedor inox original	Geral	25.99
3905	espremedor mondial vermelho	Geral	100.00
3906	ESPUMA EM SPRAY DE CARNAVAL	UTILIDADES	10.00
3907	ESQUADRO 60°X21CM	Geral	6.00
3908	ESQUEIRO	Geral	4.00
3909	ESTALINHOS MULEKE	BRINQUEDOS	1.00
3910	estalo muleque	Geral	1.00
3911	ESTALOS	Geral	1.00
3912	estalos	Geral	1.00
3913	ESTALOS  REAL	Geral	1.00
3914	estalos muleque	Geral	1.00
3915	ESTANTE MULTIUSO ARQPLAST	UTILIDADES	110.00
3916	ESTELTE	Geral	4.00
3917	ESTERCO DE CURRAL	Geral	4.50
3918	esterco de curral	Geral	4.50
3919	ESTERCO DE CURRAL 1KG	JARDINAGEM	4.50
3920	ESTERCO DE GALINHA	Geral	3.00
3921	ESTILETE	Geral	4.00
3922	ESTILETE	Geral	5.00
3923	ESTILETE	Geral	5.00
3924	ESTILETE CORES SORTIDAS	Geral	5.00
3925	ESTILETE LARGO B4002	Geral	5.00
3926	estileto colors g	Geral	7.00
3927	ESTILETO GATTE	Geral	7.00
3928	estileto goal	Geral	5.00
3929	ESTILETO PEQUENO	Geral	2.50
3930	ESTOJÃO DE 1 ZÍPER	Geral	12.00
3931	estojo	Geral	10.00
3932	ESTOJO	Geral	10.00
3933	estojo	Geral	20.00
3934	estojo	Geral	10.00
3935	estojo	Geral	25.00
3936	ESTOJO   DUPLO MASC C CHAVEIRO AZUL MARINHO	Geral	25.00
3937	estojo  dental  brasami	Geral	8.00
3938	estojo  porta escova de dentes c 2	UTILIDADES	6.00
3939	ESTOJO  ROSA COM CHAVEIRO  DUPLO	Geral	25.00
3940	ESTOJO 1 ZIPER	Geral	10.00
3941	ESTOJO 1 ZIPER SIMPLES	Geral	7.00
3942	ESTOJO 3 ZÍPERS	Geral	25.00
3943	ESTOJO BATMAN 2 ZIPER	Geral	25.00
3944	estojo bob grud 24 peças	ESCOLAR	25.00
3945	ESTOJO BRILHOSO	Geral	9.00
3946	ESTOJO C 2 ZIPER	Geral	20.00
3947	ESTOJO C/24 CANETAS	Geral	38.00
3948	ESTOJO COM CANETINHAS BOB GOOD 24 UNID	Geral	48.00
3949	estojo de 1 ziper	Geral	8.00
3950	estojo de 1 ziper	Geral	14.00
3951	ESTOJO DE 1 ZIPER	Geral	15.00
3952	estojo de 1 ziper	Geral	10.00
3953	ESTOJO DE 1 ZIPER GRANDE	Geral	18.00
3954	estojo de 12	Geral	12.00
3955	estojo de 18	Geral	18.00
3956	ESTOJO DE 2 NOVOS	Geral	22.00
3957	ESTOJO DE 2 ZÍPER	Geral	20.00
3958	ESTOJO DE 2 ZIPER  PRINCESAS	Geral	25.00
3959	ESTOJO DE 3 ZIPER	Geral	30.00
3960	ESTOJO DE 3 ZIPER	Geral	25.00
3961	ESTOJO DE MAQUIAGEM DISCOTEEN	Geral	20.00
3962	ESTOJO DE MARCADOR 24PCS	Geral	48.00
3963	ESTOJO DE MARCADORES MAGIC ARTMARKER	Geral	70.00
3964	estojo do bob goog com 24	Geral	40.00
3965	ESTOJO DO HOMEM ARANHA	Geral	5.00
3966	ESTOJO DRAGON BALL 2 ZIPER	Geral	25.00
3967	estojo e 2 ziper  diversos	Geral	15.00
3968	ESTOJO ESCOLAR	Geral	10.00
3969	estojo escolar	Geral	18.00
3970	ESTOJO ESCOLAR 3 ZIPER	Geral	30.00
3971	ESTOJO ESCOLAR DE 8	Geral	8.00
3972	ESTOJO LOVE COLORIDO	Geral	30.00
3973	ESTOJO MACQUENN	Geral	25.00
3974	ESTOJO MASHA E O URSO	Geral	25.00
3975	ESTOJO PARA VIAGEM	UTILIDADES	10.00
3976	ESTOJO PÉLUCIA	Geral	8.50
3977	estojo pinguin	Geral	18.00
3978	ESTOJO PLASTICO DIVERSOS	Geral	5.00
3979	estojo preto c pom pom	Geral	30.00
3980	ESTOJO SIMPLES DE 1 ZIPER	Geral	10.00
3981	ESTOJO TRANSPARENTE	Geral	20.00
3982	estojo trasnparente	Geral	30.00
3983	ESTOJO VMP	Geral	4.00
3984	ESTOJO YIYPIANZ	MOCHILAS E BOLSAS	25.00
3985	esttojo	Geral	18.00
3986	ETIIQUETADORA LUA TEK	UTILIDADES	50.00
3987	ETIQUETA  DE PARA	Geral	2.00
3988	etiqueta  escolar	Geral	4.00
3989	ETIQUETA  PARA PRESENTE DE PARA	Geral	5.00
3990	etiqueta de para	Geral	0.50
3991	ETIQUETA DE PREÇO	Geral	4.00
3992	ETIQUETA DE PREÇO	PAPELARIA	4.00
3993	ETIQUETA DE PREÇO	Geral	4.00
3994	ETIQUETA DE PREÇO	Geral	4.00
3995	etiqueta de presente	Geral	2.00
3996	ETIQUETA ESCOLAR DE NOME	PAPELARIA	4.00
3997	ETIQUETA PICO VERMELHO	Geral	4.00
3998	ETIQUETA PREÇO	Geral	4.00
3999	etiquetadora	Geral	50.00
4000	ETIQUETADORA  WESTERN	Geral	75.00
4001	ETIQUETADORA EOS5500	Geral	60.00
4002	ETIQUETADORA M M HOUSE	Geral	50.00
4003	ETIQUETAS	Geral	5.00
4004	ETIQUETAS ADESIVAS DE NOME	Geral	5.00
4005	ETIQUETAS ADESIVAS DE PREÇO	Geral	3.00
4006	ETIQUETAS ADESIVAS MULTIUSO	Geral	5.00
4007	eva  lilas	Geral	3.00
4008	EVA AMARELO	Geral	3.00
4009	eva branco	Geral	2.50
4010	EVA MARROM	Geral	3.00
4011	EVA MARRON	Geral	2.50
4012	EVA PRETO	Geral	3.00
4013	EVA ROSA	Geral	3.00
4014	EVA ROXO	Geral	2.50
4015	EVA VERDE	Geral	2.50
4016	EVA VERDE CLARO	Geral	3.00
4017	EVA VERMELHO	Geral	2.50
4018	expresso no coador	Geral	13.00
4019	extenão  de 3 metros flp	Geral	33.00
4020	EXTENSÃO 2M PRETA	ELETRÔNICOS E ACESSÓRIOS	13.00
4021	EXTENSÃO 3 M	UTILIDADES	15.00
4022	EXTENSAO 3 METROS	Geral	17.00
4023	EXTENSÃO 3 METROS FLP	ELETRÔNICOS E ACESSÓRIOS	33.00
4024	EXTENSÃO 3 MTS BRANCA	ELETRÔNICOS E ACESSÓRIOS	25.50
4025	EXTENSÃO 3M 3 SAÍDAS	ELETRÔNICOS E ACESSÓRIOS	23.00
4026	extensaõ 5 metros  fc	Geral	35.00
4027	extensão 5 mt legrand	Geral	31.50
4028	EXTENSÃO 5 MTS 3 FURO PRETA	ELETRÔNICOS E ACESSÓRIOS	33.00
4029	extensão compolux  5 m	Geral	35.00
4030	extensão de 1,5 mt  fc	Geral	22.00
4031	EXTENSÃO DE 10 MT	Geral	30.00
4032	EXTENSÃO DE 2 MT C 3	UTILIDADES	22.00
4033	extensão de 3  mt jetcon	Geral	23.00
4034	EXTENSAO DE 3 METROS	ELETRONICOS	32.00
4035	EXTENSÃO DE 3 MT  C 2 ENT	Geral	22.00
4036	EXTENSÃO DE 3 MT C 2 ENT.	Geral	22.00
4037	EXTENSÃO DE 3 MTS C 3	UTILIDADES	30.00
4038	extensão de 3 mts c 3 pinus prismatec	Geral	30.00
4039	EXTENSÃO DE 3 MTS LIDER PLUS	ELETRÔNICOS E ACESSÓRIOS	21.50
4040	extensão de 5 mt jetcon	Geral	33.00
4041	EXTENSÃO DE 5 MTS C 3  TRIPOLAR	UTILIDADES	35.00
4042	EXTENSÃO DE 5M LIDER PLÜS	ELETRÔNICOS E ACESSÓRIOS	23.00
4043	EXTENSÃO ELÉTRICA 10M LIDERLUX	ELETRÔNICOS E ACESSÓRIOS	30.00
4044	EXTENSÃO ELETRICA 2M LIDERLUX	ELETRÔNICOS E ACESSÓRIOS	15.00
4045	EXTENSÃO ELÉTRICA 5M LIDERLUX	ELETRÔNICOS E ACESSÓRIOS	21.00
4046	EXTENSÃO ELÉTRICA BRANCA 10M LIDERLUX	Geral	30.00
4047	EXTENSÃO ELÉTRICA BRANCA 2M LIDERLUX	Geral	16.00
4048	EXTENSÃO ELÉTRICA BRANCA 3M LIDERLUX	ELETRONICOS	18.00
4049	EXTENSÃO ELÉTRICA BRANCA 5M LIDERLUX	Geral	22.00
4050	EXTENSÃO LIDERLUX 3 METROS	UTILIDADES	17.00
4051	EXTENSÃO MULTIUSO 3 TOMADAS 3 METROS	ELETRÔNICOS E ACESSÓRIOS	35.00
4052	EXTENSÃO PARALELA 10MTS	ELETRÔNICOS E ACESSÓRIOS	30.00
4053	EXTENSÃO PL 5M JETCON	Geral	20.00
4054	EXTENSAO TRIPOLAR 10 MTS C/INMETRO-C	ELETRÔNICOS E ACESSÓRIOS	55.00
4055	EXTENSÃOP DE 3 M	Geral	30.00
4056	EXTENSOR PONTA ELÁSTICA 1,5M	UTILIDADES	5.00
4057	EXTRATO DE ORQUIDEA	Geral	18.00
4058	FACA   SIMONAGIO MADEIRA	Geral	13.50
4059	FACA  AVULSA	Geral	4.00
4060	faca  de cozinha n 7 com capa	COZINHA	25.00
4061	faca  inox  n 7    original	Geral	13.00
4062	FACA  LINHA CHURRASCO STARLUX	Geral	15.80
4063	FACA  ORIGINAL PRO 10	Geral	40.00
4064	faca  para pão n 8	Geral	12.00
4065	FACA  SORTIDA	Geral	2.50
4066	FACA C 3 UNIDADES	Geral	8.00
4067	FACA DE AÇO INOX QUALITY HOUSE	Geral	4.00
4068	faca de aço pra pão abbmix	Geral	7.50
4069	faca de carne 8 corneta cutelaria	Geral	31.00
4070	FACA DE CHURRASCO EM INOX	COZINHA	5.00
4071	FACA DE CHURRASCO PRETO	UTILIDADES	11.00
4072	FACA DE COZINHA	Geral	20.00
4073	FACA DE COZINHA 7 SQ INOX	COZINHA	20.00
4074	faca de cozinha art house 8	Geral	15.80
4075	FACA DE COZINHA N°7 TRAMONTINA	COZINHA	20.00
4076	faca de cozinha sq madeira	Geral	14.00
4077	FACA DE LEGUMES	Geral	12.00
4078	faca de madeira n 8	COZINHA	13.50
4079	FACA DE MESA INOX	UTILIDADES	16.00
4080	faca de metal	Geral	4.00
4081	FACA DE SERRA + DUAS DE LAMINAS LISAS	COZINHA	17.00
4082	FACA INOX	Geral	3.00
4083	FACA INOX ORIGINAL LINE	UTILIDADES	3.80
4084	faca kit c 3  unidades	COZINHA	8.00
4085	faca laurel	Geral	20.00
4086	faca n 7 cook	Geral	13.00
4087	FACA SOLTA	Geral	4.00
4088	faca sortida	Geral	3.00
4089	FACA SQ 6	Geral	7.00
4090	faca tramontina	Geral	20.00
4091	faca tramontinan 7	Geral	30.00
4092	faca western	Geral	35.00
4093	faca,  colher garfo,avulsa simonagio	COZINHA	3.00
4094	FAIXA COM 8 LETRAS	FESTA	2.00
4095	FAQUEIRO	Geral	35.00
4096	faqueiro   12 peças	Geral	35.00
4097	FAQUEIRO  12 PEÇAS	COZINHA	46.00
4098	FAQUEIRO  C 16 PEÇAS MAIS SUPORTE	COZINHA	45.00
4099	FAQUEIRO  FRATELI 25 PEÇAS	Geral	60.00
4100	faqueiro  mrtnzo	Geral	40.00
4101	FAQUEIRO 12 PÇ LARANJA INOX	COZINHA	40.00
4102	FAQUEIRO 12 PÇS BARICHELLO INOX	Geral	40.00
4103	FAQUEIRO 24 PÇS	Geral	30.00
4104	FAQUEIRO 25 PEÇAS TUNICASA VERMELHO	COZINHA	50.00
4105	faqueiro finlandek preto	Geral	30.00
4106	faqueiro luna  16 peças	COZINHA	30.00
4107	FAQUEIRO LUNA TAUMER 16 PÇS	COZINHA	40.00
4108	faqueiro mrtnzo 24 peças com pote	Geral	40.00
4109	FAQUEIRO TRAMONTINA	Geral	80.00
4110	faqueiro tramontina	Geral	50.00
4111	FAQUEIRO TRAMONTINA 24 PCS IPANEMA	UTILIDADES	70.00
4112	FAQUEIRO TRAMONTINA BÚZIOS 24 PCS	Geral	80.00
4113	faquerito frateli  vermelho 24 peças	Geral	35.00
4114	FARINHEIRA MULTIUSO	UTILIDADES	5.00
4115	FARINHEIRA MULTIUSO UNINJET	COZINHA	5.00
4116	FARINHEIRA/AÇUCAREIRO 700ML	UTILIDADES	4.00
4117	FARINHEIRO	UTILIDADES	8.50
4118	fatiador de batata	Geral	5.00
4119	FATIADOR E DESCASCADOR DE LEGUMES	UTILIDADES	7.00
4120	FELIZ E.V.A	Geral	2.00
4121	FERRAMENTAS PEQUENO MECANICO	BRINQUEDOS	6.00
4122	FERRINHO FASHION BRINQ	Geral	20.00
4123	ferro  a vapor eletrolux	Geral	145.00
4124	ferrophilco ceramic	Geral	100.00
4125	fertilizante  cobertura	Geral	5.70
4126	FERTILIZANTE COBERTURA TERRA GARDEN	JARDINAGEM	5.70
4127	FERVEDOR ANTIADERENTE  CEREJA N12	Geral	30.00
4128	FERVEDOR ANTIADERENTE PRETO N14	Geral	37.00
4129	FERVEDOR BOJ MED 1,0L	ALUMINIO	25.00
4130	FERVEDOR C BICO CRAQUEADO	ALUMINIO	24.50
4131	FERVEDOR CEREJA N 14 MP	Geral	37.00
4132	FERVEDOR EXTRA POLIDO 12	Geral	18.00
4133	FERVEDOR EXTRA POLIDO 12	Geral	18.00
4134	FERVEDOR EXTRA POLIDO 16	Geral	25.00
4135	FERVEDOR EXTRA POLIDO N 14	Geral	20.00
4136	FERVEDOR POLIDO  1,7	ALUMINIO	21.00
4137	FERVEDORANTIADERENTE PRETOP N12	Geral	30.00
4138	fiat toro	Geral	87.00
4139	FIBRA DE COCO	JARDINAGEM	6.25
4140	FIBRA DE COCO	Geral	5.00
4141	FIBRA DE COCO	JARDINAGEM	5.00
4142	FIBRAXIM TERRA BRASIL	Geral	3.50
4143	FIGURINHA COPA DO MUNDO	BRINQUEDOS	5.00
4144	FIGURINHA DA COPA	Geral	7.00
4145	filme pvc  supratico	kit FESTA	8.50
4146	filtro  colors	Geral	120.00
4147	FILTRO ACRILICO N01 7,6L COM 1 VELA	Geral	125.00
4148	FILTRO ACRILICO N02 11,2L COM 1 VELA	Geral	140.00
4149	FILTRO ACRILICO N03 16,2L C/2 VELA	Geral	160.00
4150	FILTRO ACRILICO N03 C/1 VELA 16,4L	Geral	160.00
4151	FILTRO AQUA FRESH N 2 5 LITROS	Geral	116.00
4152	FILTRO CAFE 102 TELA	COZINHA	5.00
4153	FILTRO DE BARRO	Geral	145.00
4154	FILTRO DE BARRO	Geral	87.00
4155	filtro de barro  n 5 c 3 vela	Geral	182.00
4156	FILTRO DE BARRO N°4 8L COM 2 VELA	Geral	145.00
4157	FILTRO DE BARRO N3 6L COM 1 VELA	Geral	126.00
4158	FILTRO DE BARRO PEQUENO N°0	Geral	94.00
4159	filtro de linha  portátil	Geral	25.00
4160	FILTRO DE LINHA 5 TOMADAS	Geral	40.00
4161	FILTRO DE PAPEL	Geral	4.00
4162	FILTRO MASTER  9 L	Geral	85.00
4163	FILTRO N°01 4L COM 1 VELA	Geral	106.00
4164	FILTRO NYLON P CAFE 103  TRIÚTIL	COZINHA	6.00
4165	FILTRO PARA AGUA AJA	Geral	90.00
4166	FIRE POWER GUN	BRINQUEDOS	65.00
4167	FISHING GAME PEGA PEIXE	Geral	30.00
4168	FITA   DUPLA FACE  TRANSPARENTE  ADELBRAS  24X30	PAPELARIA	20.00
4169	FITA   trasnparente de 15	Geral	15.00
4170	fita  banana	Geral	8.00
4171	FITA  CREPE ESCOLAR	Geral	3.00
4172	fita  dupla face	Geral	7.00
4173	FITA  ETIQUETA DE PREÇO	Geral	4.00
4174	FITA  ETIQUETA DE PREÇO	Geral	4.50
4175	FITA  MARRON	Geral	8.00
4176	FITA  PREÇO	Geral	4.00
4177	FITA  TRASPARENTE LARGA	Geral	9.00
4178	fita adesiva	Geral	2.50
4179	fita adesiva adelbras	Geral	4.00
4180	FITA ADESIVA AMARELA ADELBRAS	Geral	0.50
4181	FITA ADESIVA EUROCEL	Geral	4.00
4182	FITA ADESIVA EUROCELL PP	PAPELARIA	2.00
4183	FITA ADESIVA MARROM KORETECH	Geral	7.00
4184	FITA ADESIVA PEQUENA	PAPELARIA	1.00
4185	FITA ADESIVA TRANSPARENTE	Geral	9.00
4186	FITA ADESIVA TRANSPARENTE KORETECH	Geral	8.00
4187	FITA ADESIVA TRANSPARENTE LARGA	Geral	9.00
4188	fita adesiva trasnparente fina	Geral	2.50
4189	FITA CETIN GITEX	Geral	6.00
4190	FITA COLORIDA ADESIVA	Geral	2.00
4191	fita corretiva	Geral	20.00
4192	FITA CORRETIVA CIS	Geral	9.00
4193	FITA CORRETIVA MASTERPRINT	PAPELARIA	7.00
4194	FITA CREPE	Geral	3.00
4195	FITA CREPE	PAPELARIA	5.00
4196	FITA CREPE	Geral	8.50
4197	FITA CREPE ADELBRAS 710	Geral	8.50
4198	FITA CREPE ESCOLAR ADELBRAS	ESCOLAR	4.00
4199	FITA CREPE EUROCELL	Geral	3.00
4200	FITA CREPE FIT-PEL	Geral	3.00
4201	FITA CREPE FIT-PEL	Geral	6.00
4202	fita cuidado fragil	Geral	22.50
4203	fita de preço	Geral	4.00
4204	FITA DUPLA FACE	Geral	9.00
4205	fita dupla face	Geral	4.00
4206	FITA DUPLA FACE	Geral	8.00
4207	FITA DUPLA FACE	Geral	20.00
4208	fita dupla face  REFORÇADA	Geral	20.00
4209	FITA DUPLA FACE  RIO MASTER	Geral	8.00
4210	FITA DUPLA FACE  STARLUX	Geral	7.00
4211	fita dupla face 12m	Geral	4.00
4212	FITA DUPLA FACE 12mmX10m	Geral	4.00
4213	FITA DUPLA FACE 12mmX2m ACRILICA	Geral	8.50
4214	FITA DUPLA FACE 3 MTS	Geral	5.50
4215	fita dupla face adelbras espuma	ESCRITÓRIO	13.00
4216	FITA DUPLA FACE BRANCA	Geral	8.00
4217	FITA DUPLA FACE ESPUMADA	Geral	7.00
4218	FITA DUPLA FACE EURO FITA	Geral	13.00
4219	FITA DUPLA FACE EURO FITA 12mmX2m	PAPELARIA	5.80
4220	FITA DUPLA FACE FINA	Geral	4.50
4221	FITA DUPLA FACE WESTERN PRO	PAPELARIA	10.00
4222	FITA DUPLAFACE GOAL	UTILIDADES	5.00
4223	fita durex	Geral	8.00
4224	FITA DUREX 12MM X 10M	Geral	1.50
4225	FITA DUREX EUROCEL	Geral	4.00
4226	FITA DUREX FINA	PAPELARIA	4.00
4227	fita durex fina	Geral	4.00
4228	FITA DUREX FIT-PEL	Geral	4.00
4229	FITA DUREX MARROM	Geral	6.00
4230	FITA DUREX PEQ	Geral	2.50
4231	FITA DUREX PEQ	Geral	2.50
4232	FITA DUREX PP TRANSPARENTE	Geral	0.50
4233	FITA DUREX PQ	Geral	2.50
4234	FITA DUREX TRANSPARENTE	Geral	3.00
4235	FITA DUREX TRANSPARENTE	Geral	8.00
4236	FITA DUREX TRANSPARENTE	Geral	9.00
4237	FITA DUREX TRANSPARENTE FINA	Geral	3.00
4238	FITA DUREX TRANSPARENTE GROSSA	Geral	8.50
4239	fita durx grossa	Geral	8.00
4240	FITA EUROCEL	Geral	6.00
4241	fita fina  adelbras	Geral	4.00
4242	FITA FIT-PEL	Geral	9.00
4243	FITA FIT-PEL MARROM	Geral	8.00
4244	FITA FIT-PEL TRANSPARENTE PEQUENA	Geral	4.00
4245	fita forte dupla face	Geral	8.50
4246	FITA HELLERMAN	Geral	35.00
4247	FITA ISOLANTE	Geral	2.50
4248	FITA ISOLANTE	Geral	5.00
4249	FITA ISOLANTE 3M	Geral	16.00
4250	fita isolante preta	UTILIDADES	3.00
4251	fita isolante preta	Geral	4.00
4252	fita isolate	Geral	4.00
4253	FITA LARGA MARROM	Geral	6.00
4254	FITA LARGA MARROM	Geral	8.50
4255	FITA LARGA MARROM	Geral	8.00
4256	FITA LARGA MARROM	Geral	8.00
4257	FITA MARROM EUROCELL	Geral	8.00
4258	FITA MARROM STARSCHOOL	Geral	8.00
4259	FITA MARROM STARSCHOOL	Geral	9.00
4260	fita marron	Geral	8.00
4261	FITA MASTER	Geral	12.00
4262	FITA MEDIA	Geral	4.00
4263	FITA METRICA	Geral	4.00
4264	FITA MÉTRICA COLORS	Geral	8.00
4265	FITA MÉTRICA MAIS LINHA	Geral	9.00
4266	FITA PQ	Geral	3.00
4267	FITA TEK BOND TRANSPARENTE	ESCRITÓRIO	8.00
4268	FITA TEKBOND	UTILIDADES	9.00
4269	FITA TRANSPARENTE	ESCOLAR	9.00
4270	FITA TRANSPARENTE DUREFIX	PAPELARIA	9.00
4271	FITA TRANSPARENTE FINA	Geral	4.50
4272	FITA TRANSPARENTE FINA  FIT PEL	Geral	4.00
4273	FITA TRANSPARENTE PQ   EUROCEL	PAPELARIA	1.00
4274	fita trasparente de vidro	Geral	15.00
4275	FITA VERMELHA PRETA DUPLA FACE	PAPELARIA	8.00
4276	FITAR FITA ADESIVA LARGA	Geral	8.00
4277	FITILHO	Geral	4.00
4278	fitilho   sortido  laranja	Geral	4.00
4279	FITILHO  SORTIDO	Geral	4.00
4280	FITILHO 05X50MTS VERDE ESCURO	PRESENTES	4.00
4281	FITILHO AZUL CLARO	PRESENTES	4.00
4282	FITILHO BRANCO	PRESENTES	4.00
4283	FITILHO LILAS 05mmX50M	PRESENTES	4.00
4284	FITILHO OURO	Geral	4.00
4285	FITILHO PRATA	PRESENTES	4.00
4286	FITILHO PRETO	PRESENTES	4.00
4287	FITILHO ROSA	PRESENTES	4.00
4288	FITILHO ROXO	Geral	4.00
4289	FITILHO VERDE	Geral	4.00
4290	FITILHO VERMELHO	Geral	4.00
4291	FITILHO VERMELHO	PRESENTES	4.00
4292	fixador de cor tupy	Geral	4.00
4293	FIXADOR DE TINTA TUPY	Geral	4.00
4294	FLAMULA FELIZ ANIVERSARIO	Geral	3.00
4295	FLANELA	Geral	4.00
4296	flanela	Geral	4.00
4297	flanela branca	Geral	3.00
4298	FLANELA BRANCA	Geral	4.00
4299	FLANELA BRANCA	UTILIDADES	4.00
4300	FLANELA BRANCA	Geral	4.00
4301	flanela itatex branca	Geral	4.00
4302	FLANELA LARANJA GRANDE	UTILIDADES	4.00
4303	FLANELA OURO	Geral	4.00
4304	FLANELINHA LARANJA	Geral	4.00
4305	FLAUTA DOCE (ACOMPANHA PARTITURA)	BRINQUEDOS	4.00
4306	FLIPERAMA SAMBA TOYS PINBALL	BRINQUEDOS	20.00
4307	flor  dia das maes	Geral	10.00
4308	flor  terra brasil	Geral	25.00
4309	FLOR 55 CM	Geral	10.00
4310	FLOR ARTIFICIAL NO VASO 2W	Geral	20.00
4312	FLOR CAIXA AZUL ARTIFICIAL	Geral	20.00
4313	flor com led	Geral	30.00
4314	flor com ursinho	Geral	15.00
4315	FLOR COM URSINHO  PEQUENO	Geral	10.00
4316	flor cristal terra brasil	Geral	25.00
4317	flor de madeira	Geral	30.00
4318	flor de meia fina	Geral	10.00
4319	FLOR DE PLASTICO	Geral	10.00
4320	FLOR DE PLASTICO	Geral	10.00
4321	FLOR PLASTICA	Geral	10.00
4322	FLOR PRESENTEAVEL	Geral	10.00
4323	flor ursinho dia das maes	Geral	15.00
4324	floreira  terra cota 4l	Geral	7.00
4325	floreira 4 color	JARDINAGEM	30.00
4326	floreira extra grande	Geral	28.00
4327	FLOREIRA GRANDE PRETA 9,5L	Geral	10.00
4328	FLOREIRA PEQUENA PRETA N°1 REF:6704	JARDINAGEM	5.00
4329	floreira preta  retangular  g 10 l	Geral	20.00
4330	FLORES	Geral	42.00
4331	FLORES ARRANJO COPO DE LEITE ROSA	Geral	45.00
4332	FOGÃO E CIA ROMA BRINQUEDOS	BRINQUEDOS	45.00
4333	FOGÃO MAMY COOK	BRINQUEDOS	200.00
4334	folha  de seda	Geral	1.00
4335	FOLHA ALMAÇO	Geral	0.50
4336	FOLHA DE E.V.A	Geral	2.50
4337	FOLHA DE E.V.A PRETA	Geral	2.50
4338	FOLHA DE PAPEL CANSON	Geral	1.50
4339	FOLHA DE PRESENTE	Geral	2.00
4340	FOLHA SUFITE SOLTA	PAPELARIA	0.50
4341	FOLHA SULFITE ROSA	Geral	0.50
4342	FOLHA SULFITE ROXA	Geral	0.50
4343	FOLHA SULFITE SOLTA COLORIDA	Geral	0.50
4344	FOLHA SULFITE VERDE	Geral	0.50
4345	FOLHAS P/ CADERNO ARGOLADO STILO	PAPELARIA	5.00
4346	FONE  DE OUVIDO EARPHONE S BORRACHA	Geral	10.00
4347	FONE BLUETOOTH	Geral	40.00
4348	FONE BLUETOOTH HEADSET 4.1 LC-777	ELETRÔNICOS E ACESSÓRIOS	50.00
4349	FONE BLUETOOTH LTOMEX A-287	Geral	70.00
4350	fone bluetooth newest m10	ELETRÔNICOS E ACESSÓRIOS	50.00
4351	FONE BLUETOOTH REDMI AIRDOTSPRO	Geral	45.00
4352	FONE COM FIO LEHMOX	Geral	15.00
4353	FONE DA SAMSUNG	Geral	25.00
4354	FONE DE IPHONE	FONES	30.00
4355	FONE DE iPHONE	Geral	30.00
4356	FONE DE OUVIDO	Geral	50.00
4357	FONE DE OUVIDO	Geral	10.00
4358	FONE DE OUVIDO	Geral	85.00
4359	FONE DE OUVIDO   LEHMOX S BORRACHA	Geral	20.00
4360	FONE DE OUVIDO  F070 C BORRACHA	Geral	10.00
4361	FONE DE OUVIDO  HD ESTÉREO	ELETRONICOS	30.00
4362	FONE DE OUVIDO  HEARDPHONE	Geral	50.00
4363	FONE DE OUVIDO  MUSIC EARPHONE  S BORRACHA	Geral	10.00
4364	FONE DE OUVIDO  WIRELESS HEARDPHONE	Geral	40.00
4365	FONE DE OUVIDO A'GOLD FN-A14 3.5MM	ELETRÔNICOS E ACESSÓRIOS	20.00
4366	fone de ouvido blu tuf i7	Geral	60.00
4367	FONE DE OUVIDO BLUETOOTH I7 MINI	ELETRÔNICOS E ACESSÓRIOS	50.00
4368	FONE DE OUVIDO C MICROFONE  AW3	Geral	70.00
4369	FONE DE OUVIDO COM BORRACHA  ox gold	Geral	10.00
4370	FONE DE OUVIDO HI TURBO PRETO T-677	ELETRÔNICOS E ACESSÓRIOS	15.00
4371	FONE DE OUVIDO HI-TURBO T-688	ELETRÔNICOS E ACESSÓRIOS	15.00
4372	fone de ouvido i12 blu tuf	Geral	60.00
4373	FONE DE OUVIDO INOVA FON-2178D	ELETRÔNICOS E ACESSÓRIOS	20.00
4374	fone de ouvido lelong	ELETRONICOS	20.00
4375	FONE DE OUVIDO MUSIC STEREO EARPHONE	ELETRÔNICOS E ACESSÓRIOS	10.00
4376	FONE DE OUVIDO P/ IPHONE	Geral	30.00
4377	FONE DE OUVIDO PRETO	Geral	10.00
4378	FONE DE OUVIDO SEM FIO M10 V5.3	Geral	50.00
4379	FONE DE OUVIDO STEREO M	Geral	10.00
4380	FONE GRANDE RIGE	Geral	7.00
4381	FONE HI TURBO T-616	Geral	20.00
4382	FONE I7 MINI	Geral	50.00
4383	FONE INTRA-AURICULAR F0-11	Geral	10.00
4384	FONE IOS	Geral	25.00
4385	fone lavalier  microfone	Geral	30.00
4386	fone lelong	Geral	20.00
4387	FONE LELONG ESTEREO LE-0234	Geral	15.00
4388	FONE M10 NEWST	Geral	60.00
4389	FONE RELOG'S RR ES-36	Geral	10.00
4390	FONE SEM FIO  GAMES	Geral	70.00
4391	FONE STEREO HEADPHONES VARIAS CORES	ELETRÔNICOS E ACESSÓRIOS	10.00
4392	FONES DE OUVIDO HI-TUBO BRANCO T-666	ELETRÔNICOS E ACESSÓRIOS	15.00
4393	forma   de bolo n 022  alegreto  polida	ALUMINIO	15.00
4394	FORMA  DE BOLO MP N20 REDONDA	Geral	20.00
4395	forma  de doce  n 6	Geral	2.00
4396	forma  de pudim n18  mp	Geral	17.50
4397	FORMA 01 C/12 UNIDS	Geral	4.60
4398	FORMA 02 EMPADINHA	Geral	4.60
4399	FORMA ASSA FRANGO2	Geral	22.00
4400	forma branca n 6 festa	Geral	2.00
4401	FORMA BURACO N 24	COZINHA	26.00
4402	forma c tubo  n 24 aluminio	COZINHA	26.50
4403	FORMA C TUBO C POMEL N 20	ALUMINIO	24.00
4404	FORMA C/ TUBO 22 MP	COZINHA	24.00
4405	forma c/tubo 26	ALUMINIO	27.00
4406	forma coração  numéro 1	Geral	15.00
4407	FORMA DE ALUMINIO NACIONAL	Geral	11.00
4408	forma de bolo	Geral	40.00
4409	forma de bolo	Geral	23.00
4410	forma de bolo  pudim plastico  unijet	Geral	5.00
4411	FORMA DE BOLO ALTA FUNDO FALSO	ALUMINIO	28.00
4412	forma de bolo coracao 02	Geral	22.00
4413	FORMA DE BOLO E PUDIM N°22 REDAR	ALUMINIO	27.00
4414	FORMA DE BOLO E PUDIM REDAR	ALUMINIO	13.00
4415	forma de bolo n	Geral	24.00
4416	FORMA DE BOLO N°24	ALUMINIO	30.00
4417	FORMA DE BOLO N°28	Geral	25.00
4418	FORMA DE BOLO N22 1,9L BURACO	ALUMINIO	24.00
4419	FORMA DE BOLO PISCINA  REDONDA	Geral	28.00
4420	FORMA DE BOLO PISCINA REDONDA MP	Geral	28.00
4421	FORMA DE BOLO POLIDA 1,4L N20	ALUMINIO	22.00
4422	forma de bolo redonda N22	Geral	24.00
4423	FORMA DE BRIGADEIRO N°5 C/200 UN	FESTA	2.00
4424	forma de doce  personagens	Geral	2.00
4425	FORMA DE DOCE N 6	Geral	2.00
4426	forma de doce n 6	Geral	2.00
4427	FORMA DE DOCINHO	Geral	2.00
4428	forma de docinho plastico c 5	Geral	2.00
4429	FORMA DE EMPADA MARÍLIA N°1	ALUMINIO	4.00
4430	forma de gelo	Geral	3.60
4431	FORMA DE GELO	UTILIDADES	3.00
4432	FORMA DE GELO   SORTIDO ARIPLAS	Geral	3.00
4433	FORMA DE GELO  UNINJET VERDE	Geral	3.00
4434	FORMA DE GELO C 14 CAVIDADES	UTILIDADES	10.00
4435	FORMA DE PAO GRANDE	Geral	20.00
4436	FORMA DE PÃO GRANDE	Geral	20.00
4437	FORMA DE PÃO N 1 ALUMINIO	COZINHA	15.00
4438	FORMA DE PÃO PEQUENA	ALUMINIO	16.50
4439	FORMA DE PAPELPARA EMPADA N°0	Geral	3.00
4440	FORMA DE PASTEL  GRANDE	Geral	8.50
4441	FORMA DE PIZZA N 35 - 35CM X 3CM DE ALT	Geral	24.00
4442	FORMA DE PIZZA N°40	Geral	28.00
4443	FORMA DE PUDIM  16	Geral	12.00
4444	forma de pudim hotel n 24	Geral	30.00
4445	forma de pudim n 18	Geral	13.00
4446	forma de pudim n 18 fundo	ALUMINIO	18.00
4447	FORMA DE PUDIM N°20 REDAR 1,5 LTS	ALUMINIO	25.00
4448	FORMA DE PUDIM PLASTICO INPLAST	UTILIDADES	6.50
4449	forma de tubo n 28 aluminio	COZINHA	32.00
4450	FORMA DE VIDRO MARINEX 2,4L	VIDROS	38.00
4451	FORMA DOCE	Geral	2.00
4452	FORMA EMPADA 2	Geral	4.00
4453	FORMA N° 06 AMARELO	Geral	2.00
4454	FORMA N°0 C/30	Geral	4.00
4455	FORMA N°30 POLIDA F.F 4L	ALUMINIO	35.00
4456	FORMA N°6	Geral	2.00
4457	FORMA N°6 AZUL ESCURO	Geral	2.00
4458	FORMA N°6 VERMELHO FESTA	Geral	2.00
4459	FORMA P/ BOLO N°22	Geral	17.00
4460	FORMA P/ DOCINHO C/3	Geral	2.00
4461	FORMA P/DOCINHO	Geral	2.00
4462	FORMA PARA DOCINHO CRISTAL C/3 UNID	Geral	2.00
4463	FORMA PARA DOCINHO GRANDE VERMELHA 3 UNID	FESTA	2.00
4464	FORMA PLÁSTICA PARA GELO C 18 CAVIDADES	UTILIDADES	15.00
4465	FORMA POLIDA P/ PÃO N°2	Geral	15.00
4466	FORMA PORA EMPADA	Geral	2.50
4467	FORMA PRA DOCINHO ACRILICO	Geral	2.00
4468	FORMA REDONDA  ALTA FUNDO FALSO	Geral	14.00
4469	forma redonda  bolo	Geral	17.50
4470	FORMA REDONDA  MP N 24	Geral	21.00
4471	FORMA REDONDA DE BOLO N 18 CAMARGO	COZINHA	22.00
4472	FORMA REDONDA N°2	Geral	23.00
4473	FORMA SANDUICHEIRA ALUMINIO	UTILIDADES	18.50
4474	FORMA VULCAO ALUMINIO	Geral	33.70
4475	forminha	Geral	2.00
4476	FORMINHA DE BRIGADEIRO	Geral	2.00
4477	FORRO TÁBUA DE PASSAR LEO PLAST 1,20X45CM	UTILIDADES	25.00
4478	FORRO TERMICO P/ TABUA DE PASSAR	UTILIDADES	13.00
4479	FOUET BATE CLARAS INOX 29,5 CM	UTILIDADES	10.00
4480	fouet de madeira	Geral	6.80
4481	FRANELA	Geral	4.00
4482	FRANJA PLISSADA	Geral	2.00
4483	FRANJA PLISSADA	Geral	2.00
4484	FRANJA PLISSADA	Geral	2.00
4485	FRANJA PLISSADA 1,2M PRATA	Geral	2.00
4486	FRATELLI	Geral	22.99
4487	FRIGIDEIRA	Geral	18.50
4488	FRIGIDEIRA   RAMOS 1,6	Geral	24.00
4489	frigideira  antiaderente    cereja tp vidro  n 24	COZINHA	80.00
4490	FRIGIDEIRA ALEGRETE	Geral	35.00
4491	FRIGIDEIRA ALEGRETE	Geral	30.00
4492	FRIGIDEIRA ALEGRETE TEFLON	Geral	60.00
4493	FRIGIDEIRA ANTIADERENTE	Geral	28.00
4494	FRIGIDEIRA ANTIADERENTE CEREJA C/ TAMPA N°18	ALUMINIO	49.99
4495	frigideira antiaderente cereja tp vidro n20	COZINHA	60.00
4496	FRIGIDEIRA ANTIADERENTE COM ESPÁTULA N 18	Geral	39.99
4497	FRIGIDEIRA ANTIADERENTE PRETA N°18	ALUMINIO	28.00
4498	FRIGIDEIRA C/ ACESSÓRIOS	BRINQUEDOS	39.99
4499	FRIGIDEIRA ENJOY OVO N°14 VERMELHA	ALUMINIO	15.00
4500	FRIGIDEIRA ENJOY RETA N°24 C/TAMPA DE VIDRO E ALÇA, VERMELHA	ALUMINIO	60.00
4501	FRIGIDEIRA EXTRA POLIDA	ALUMINIO	28.00
4502	FRIGIDEIRA FRANCESA N°18	ALUMINIO	36.00
4503	FRIGIDEIRA FRANCESA N°20	ALUMINIO	35.50
4504	FRIGIDEIRA FRANCESA N°22	ALUMINIO	45.00
4505	FRIGIDEIRA FRITANELLA ANTIADERENTE 1,6L	Geral	24.00
4506	FRIGIDEIRA FRITANELLA CINZA N 16	ALUMINIO	17.50
4507	FRIGIDEIRA MARCOLAR	ALUMINIO	80.00
4508	FRIGIDEIRA N16 FRITANELLA ANTIAD. GRAFITE	ALUMINIO	17.50
4509	FRIGIDEIRA N18 ANTIAD. GRAFITE	ALUMINIO	18.50
4510	FRIGIDEIRA N20 FRITANELLA ANTIAD. GRAFITE	ALUMINIO	20.50
4511	FRIGIDEIRA N20 FRITANELLA CINZA	ALUMINIO	20.50
4512	FRIGIDEIRA N22 ANTIAD. CINZA	ALUMINIO	22.00
4513	FRIGIDEIRA N22 FRITANELLA ANTIAD. GRAFITE	ALUMINIO	22.00
4514	FRIGIDEIRA PRETA N 18	Geral	39.99
4515	FRONHA DE TRAVESSEIRO	Geral	7.00
4516	FRONHA DE TRAVESSEIRO COLORIDA	Geral	7.50
4517	FRONHA P/ TRAVESSEIRO 50X70cm	CAMA, MESA E BANHO	8.50
4518	FRONHA SABI PAR C/2	CAMA, MESA E BANHO	15.00
4519	FRUTEIRA	UTILIDADES	17.00
4520	fruteira 3 cestas	Geral	45.00
4521	FRUTEIRA 3 CESTOS REDONDOS	UTILIDADES	65.00
4522	FRUTEIRA ALUMINIO C/3 CESTOS REDONDOS	Geral	65.00
4523	FRUTEIRA CESTO REDONDO C/3 PLASNEW	Geral	35.00
4524	fruteira de 4 andar	Geral	36.00
4525	FRUTEIRA DE ALUMINIO 3 CESTOS RED.	Geral	65.00
4526	FRUTEIRA DE MADEIRA	Geral	98.00
4527	FRUTEIRA DE MESA	UTILIDADES	9.00
4528	FRUTEIRA DE MESA FIRENZE STANDART	Geral	25.00
4529	FRUTEIRA DUPLA CROMO	Geral	35.00
4530	fruteira mb pret c cinza	Geral	25.00
4531	FRUTEIRA ORGANIZADORA ARQPLAST PRETA	Geral	50.00
4532	FRUTEIRA OVAL INPLAST	UTILIDADES	9.00
4533	FRUTEIRA QUADRADA 4 ANDARES	Geral	36.00
4534	fruteira redonda 4 andares	Geral	36.00
4535	FRUTEIRA TRÊS ANDAR QUADRADA BRANCA	Geral	30.00
4536	FRUTEIRA TRES ANDAR REDONDA	Geral	30.00
4537	fue  vermelho silicone	Geral	12.00
4538	FULL;1031	Geral	80.00
4539	fundo  incolor	Geral	2.00
4540	FUNDO RENDADO	Geral	2.00
4541	FUNIL	Geral	3.00
4542	FUNIL   PLASTICO G	UTILIDADES	6.00
4543	FUNIL  EXTRA	COZINHA	6.00
4544	FUNIL CONJ. P.M.G	Geral	3.00
4545	FUNIL L&T	Geral	2.00
4546	FUNIL PEQ PRETO	Geral	1.50
4547	FUNIL PLAST. MEDIO 11CM DIAM. X 15CM ALT	Geral	2.50
4548	FUNIL PLASTICO MEDIO 11X15cm ROXO/VERDE	UTILIDADES	4.00
4549	FUNNY BLOCKS CREATIVE SERIES	BRINQUEDOS	30.00
4550	FURA COCO	UTILIDADES	13.50
4551	FURADOR DE COCO LAUREL	UTILIDADES	11.70
4552	FURGÃO DE BRINQUEDO	BRINQUEDOS	8.00
4553	fusca carrinho se diverplas	Geral	9.00
4554	GACHO ADESIVO PLAST	Geral	6.50
4555	GANCHO A	Geral	9.00
4556	GANCHO A PEQUENO	Geral	6.00
4557	GANCHO A PEQUENO	Geral	7.00
4558	gancho adesivo	Geral	8.00
4559	GANCHO ADESIVO PLÁSTICO	UTILIDADES	6.50
4560	GANCHO C 3	Geral	7.00
4561	GANCHO COM3 PEÇAS	Geral	9.00
4562	GANCHO DE CORRENTES	Geral	8.00
4563	GANCHO DUPLO 2KG CLINK	Geral	11.00
4564	GANCHO SOLTO	Geral	7.50
4565	GANCHOS ADESIVOS SHOCK IMPORTS	UTILIDADES	8.00
4566	GAQRRAFA P/GELADEIRA 2L TRANSP	Geral	7.00
4567	garafa de cafe  7,50	Geral	48.00
4568	GARDA CHUVA	Geral	20.00
4569	GARFINHO DE FESTA	FESTA	2.00
4570	GARFINHO VERMELHO	Geral	2.00
4571	GARFINHO VERMELHO 12 UNID	Geral	2.00
4572	GARFO	Geral	3.00
4573	GARFO  de mesa simonagio	Geral	3.00
4574	GARFO  REFEIÇÃO C 10 TRANSPARENTE C 10	kit FESTA	4.00
4575	GARFO  REFEIÇÃO C 50 UNIDADES  MAXPLASTIC	FESTA	7.00
4576	GARFO  solto metal	Geral	4.00
4577	GARFO AMARELO	Geral	2.00
4578	GARFO AZUL	Geral	3.00
4579	GARFO AZUL C/12 UNID	FESTA	2.00
4580	GARFO BRANCO	Geral	2.00
4581	GARFO CRISTAL	kitfesta	2.00
4582	GARFO DE MESA	UTILIDADES	11.50
4583	GARFO DE MESA 6PÇS	UTILIDADES	11.50
4584	GARFO DE MESA INOX	COZINHA	5.00
4585	GARFO DE METAL	Geral	4.00
4586	GARFO DE REFEIÇÃO C/50 UNID CRISTAL	Geral	7.00
4587	garfo descartavel transp.	Geral	4.00
4588	GARFO DESCATAVEL	Geral	2.00
4589	GARFO INOX	Geral	3.00
4590	GARFO INOX ORIGINAL LINE	UTILIDADES	3.80
4591	GARFO MESA INOX ORIGINAL	Geral	4.00
4592	GARFO PRETO	Geral	3.00
4593	GARFO QUALITY HOUSE AÇO INOX	Geral	4.00
4594	GARFO REFEIÇÃO  TRANSPARENTE C 40	FESTA	8.00
4595	GARFO REFEIÇAO 10 UNID	Geral	3.00
4596	GARFO REFEIÇÃO C 20  REFORÇADO	kit FESTA	8.00
4597	GARFO REFEIÇAO FESTA	FESTA	4.00
4598	GARFO REFEIÇÃO TRANSPARENTE C/40	FESTA	7.50
4599	GARFO ROSA	Geral	2.00
4600	GARFO SOBREMESA	Geral	2.50
4601	GARFO SOLTO	Geral	2.50
4602	GARFO SOLTO	Geral	3.00
4603	GARFO SOLTO	Geral	4.00
4604	GARFO SOMEMESA C/10 CORES VARIADAS	FESTA	2.00
4605	garfo tauner c 3	Geral	8.00
4606	GARFO VERDE C/12UNID	Geral	2.00
4607	gargantilha	Geral	15.00
4608	GARRAFA	Geral	7.00
4609	GARRAFA	Geral	12.00
4610	GARRAFA   INFINITY NEON 1 L	ESCOLAR	20.00
4611	GARRAFA   PRETA COLORS 1 L	Geral	20.00
4612	garrafa   unitermi   PRESSÃO   VERONA   1L	Geral	55.00
4613	garrafa  DE CAFE  UNITERMI 1 L	Geral	46.00
4614	GARRAFA  DITOY  650  ML	Geral	10.00
4615	garrafa  minie	Geral	22.00
4616	garrafa  palmeiras	ESCOLAR	9.99
4617	garrafa  quadrada 700 ml plasútil	Geral	20.00
4619	GARRAFA 250 ML ROSA	Geral	40.00
4620	GARRAFA 250ML C/ PERSONAGENS -A	Geral	7.00
4621	GARRAFA 300ML	Geral	15.00
4622	GARRAFA 600 ML	UTILIDADES	15.00
4623	GARRAFA ACRILICO COLORS 600 ML	UTILIDADES	10.00
4624	garrafa aladim  500 ml	UTILIDADES	45.00
4625	GARRAFA ALADIM 1 LITRO	Geral	45.00
4626	garrafa aladim 1 litro colors	Geral	40.00
4627	GARRAFA ALADIN 1,0L  BRANCA	Geral	50.00
4628	GARRAFA ALADIN 750 ML VERDE	Geral	36.00
4629	GARRAFA ALADIN 750 ML VERDE	Geral	36.00
4630	GARRAFA ALADIN DE MESA  PRIMAVERA	UTILIDADES	50.00
4631	garrafa amo vc	Geral	20.00
4632	GARRAFA BATMAN 450 ML	UTILIDADES	8.00
4633	GARRAFA BICHOS	Geral	15.00
4634	GARRAFA BUTTERCUP VERDE	Geral	15.00
4635	GARRAFA COLORIDA 2L	Geral	30.00
4636	GARRAFA COLORIDA 2L AZUL/ROSA	Geral	20.00
4637	GARRAFA COLORIDA 2L CINZA/ROXO/PRETO	Geral	20.00
4638	GARRAFA COLORIDA GRANDE FRASES	Geral	25.00
4639	GARRAFA COLORIDA INFANTIL	Geral	20.00
4640	GARRAFA COLORIDA MEDIA FRASES	Geral	20.00
4641	GARRAFA COLORIDA MEDIA FRASES	Geral	15.00
4642	GARRAFA COLORIDA PEQUENA	Geral	10.00
4643	garrafa colors	Geral	25.00
4644	garrafa corinthias	ESCOLAR	10.00
4645	garrafa d café  termolar 1 litro	Geral	35.00
4646	GARRAFA D'ÁGUA 2 LITROS FRUTAS	PLASTICOS	10.00
4647	GARRAFA DE AGUA  5 L	Geral	80.00
4648	GARRAFA DE AGUA ICE	UTILIDADES	9.60
4649	GARRAFA DE AGUÁ JAGUAR 1,5	PLASTICOS	7.00
4650	GARRAFA DE AGUA JAGUAR 3,5 LTS	PLASTICOS	17.50
4651	GARRAFA DE ALUMINIO C/3 COPOS	Geral	40.00
4652	garrafa de cafe	Geral	45.00
4653	GARRAFA DE CAFÉ  MOR  1 LITRO	Geral	30.00
4654	garrafa de café  mor 1 litro	Geral	30.00
4655	GARRAFA DE CAFÉ  SOPRANO 1 LITRO SORTIDA	COZINHA	60.00
4656	garrafa de café  termolar bule	Geral	60.00
4657	GARRAFA DE CAFÉ  VISTA HOME BEJE 1 L	Geral	80.00
4658	GARRAFA DE CAFÉ 1,0L VENEZA	Geral	50.00
4659	garrafa de café 300 ml	Geral	30.00
4660	garrafa de cafe aladdin 500ml	COZINHA	45.00
4661	GARRAFA DE CAFÉ ALADIM 1 L	Geral	45.00
4662	garrafa de café com cabo	Geral	60.00
4663	garrafa de café inox  420 ml   flash keep	UTILIDADES	45.00
4664	GARRAFA DE CAFÉ MOR  1L AZUL	UTILIDADES	30.00
4665	GARRAFA DE CAFÉ MUNDIAL 1L	UTILIDADES	35.00
4666	GARRAFA DE CAFÉ PRETO  1 LITRO COM CABO	Geral	80.00
4667	GARRAFA DE CAFE SOPRANO	Geral	45.00
4668	GARRAFA DE CAFE SOPRANO  250 ML	Geral	45.00
4669	garrafa de café soprano 1 l	Geral	45.00
4670	GARRAFA DE CAFE SUPERTERMO 5L	COZINHA	60.00
4671	garrafa de café termica 1 litro preta com cabo bambu nixhouse	UTILIDADES	60.00
4672	GARRAFA DE CAFE TERMOLAR 1L	Geral	85.00
4673	garrafa de café unitermi	Geral	45.00
4674	GARRAFA DE CAFÉ UNITERMI ROMA  1,0L	Geral	46.00
4675	GARRAFA DE CAFÉ/AGUA INVICTA	Geral	45.00
4676	GARRAFA DE INOX	Geral	60.00
4677	GARRAFA DE MESA ALADDIN 500 ML	UTILIDADES	45.00
4678	GARRAFA DE MESA P/CAFE TERMOLAR 500ML	Geral	85.00
4679	GARRAFA DE MESA ROMA 1L UNITERMI	UTILIDADES	45.00
4680	GARRAFA DE MESA TERMOLAR 1L	Geral	35.00
4681	GARRAFA DE MESA UNITERMI  250 ML	Geral	35.00
4682	GARRAFA DE MESA VERSATILE 1L	UTILIDADES	40.00
4683	garrafa de personagens infantil	Geral	5.50
4684	garrafa de vidro aguá newell	Geral	20.00
4685	garrafa ditoy	Geral	16.00
4686	garrafa e café soprano  250 ml	Geral	40.00
4687	GARRAFA FROZEN 450ML SQUEEZE	UTILIDADES	7.00
4688	GARRAFA GELADEIRA 2 LT COLOUR	UTILIDADES	7.00
4689	GARRAFA HOMEFLEX 1 LITRO	Geral	35.00
4690	GARRAFA HOMEM ARANHA 450ML	UTILIDADES	8.00
4691	garrafa infantil	Geral	5.50
4692	GARRAFA INFANTIL	Geral	6.00
4693	GARRAFA INFANTIL MICKEY  TIBA	Geral	7.00
4694	GARRAFA INFANTIL NOVA	Geral	20.00
4695	garrafa infantil personagens	Geral	5.50
4696	GARRAFA INFANTIL PERSONAGENS	UTILIDADES	5.50
4697	garrafa infantil personagens  250 ML	UTILIDADES	8.50
4698	GARRAFA INFANTIL SQUESE  250 ML	Geral	5.50
4699	garrafa invicta  vermelho	UTILIDADES	20.00
4700	garrafa invicta 1 litro preta	UTILIDADES	20.00
4701	GARRAFA INVICTA 3 LITROS	Geral	68.00
4702	garrafa jaguar  1 litro	Geral	8.50
4703	GARRAFA LIGA DA JUSTIÇA 250 ML	UTILIDADES	8.50
4704	GARRAFA LIGA DA JUSTIÇA 450 ML	UTILIDADES	8.00
4705	garrafa love tiba 600 ml	Geral	8.50
4706	GARRAFA MARVEL COM TUBO DE GELO	UTILIDADES	16.50
4707	GARRAFA MICKEY MOUSE	Geral	8.00
4708	GARRAFA MOR  500 ML VERDEDE PRESSÃO	Geral	45.00
4709	GARRAFA MOR 500 ML DE PRESSÃO PRETA	Geral	45.00
4710	GARRAFA MORINGA 1,3 L	Geral	7.00
4711	garrafa na caixa vacuum flask set	Geral	40.00
4712	garrafa neon  laranja i litro	Geral	35.00
4713	GARRAFA NEON 1L HOMEFLEX PET	Geral	35.00
4714	GARRAFA P/ GELADEIRA 1,75 LTS TRANSPARENTE	PLASTICOS	7.00
4715	GARRAFA P/GELADEIRA 1,750 L	Geral	7.00
4716	GARRAFA PARA GELADEIRA 2 LTS TRANSPARENTE	PLASTICOS	7.00
4717	GARRAFA PEQUENA PRETA	Geral	10.00
4718	GARRAFA PET SQUEEZE PLASTICA 750ML	UTILIDADES	8.50
4719	GARRAFA PRETA BASIC HOMEFLEX 1L	UTILIDADES	18.90
4720	GARRAFA RIO 1 LITRO VIVA	VIDROS	25.00
4721	GARRAFA ROSA	Geral	14.00
4722	GARRAFA RUN YOUR OWN PACE	UTILIDADES	10.00
4723	GARRAFA SLEEVE 450 ML	Geral	6.00
4724	GARRAFA SLEEVE UNICORNIO 250 ML	Geral	5.50
4725	GARRAFA SLEEVE UNICORNIO 450 ML	Geral	7.00
4726	GARRAFA SOPRANO 1 LITRO	Geral	45.00
4727	GARRAFA SOPRANO 250	Geral	45.00
4728	GARRAFA SOPRANO 5 LITROS	Geral	80.00
4729	GARRAFA SPORT BOTTLE	Geral	80.00
4730	GARRAFA SQUEEZE 500 ML	UTILIDADES	8.00
4731	GARRAFA SQUEEZE ATENAS TRASNPARENTE  500 ML	Geral	20.00
4732	GARRAFA SQUEEZE PET MICKEY MOUSE	Geral	20.00
4733	GARRAFA SQUEEZE SLEEVE STITCH 250ML	UTILIDADES	8.50
4734	garrafa squeze 600 ml colors	Geral	15.00
4735	GARRAFA SQUEZEE	Geral	20.00
4736	GARRAFA SQUEZEE HYRA AZUL	Geral	10.00
4737	garrafa term de mesa	Geral	45.00
4738	GARRAFA TERMICA	Geral	40.00
4739	GARRAFA TERMICA  DE AGUA  ROSA CLARO   1 L   VACUUM BOTTLE	UTILIDADES	80.00
4740	garrafa termica 500 ml   home presentes	Geral	50.00
4741	garrafa termica 600 ml	Geral	60.00
4742	GARRAFA TERMICA ALADIN 1L	UTILIDADES	45.00
4743	GARRAFA TERMICA BULE TRAMONTINA PRETA	UTILIDADES	45.00
4744	GARRAFA TERMICA BULE VERMELHA	UTILIDADES	45.00
4745	GARRAFA TERMICA CRISTAL 1L	Geral	45.00
4746	GARRAFA TERMICA DE AGUÁ 1 L BEER PINTS PRETA	UTILIDADES	80.00
4747	garrafa termica de inox 500ml	Geral	60.00
4748	GARRAFA TERMICA DE MESA	Geral	45.00
4749	GARRAFA TERMICA DE MESA ALADDIN	Geral	45.00
4750	GARRAFA TÉRMICA DE MESA LOTUS 500ml CORES	UTILIDADES	45.00
4751	GARRAFA TÉRMICA DE MESA SATURNO MOR 1L	Geral	30.00
4752	GARRAFA TERMICA FANO KIDS	UTILIDADES	30.00
4753	GARRAFA TÉRMICA INOX C CAIXA	Geral	40.00
4754	GARRAFA TÉRMICA PORTÁTIL 250ml	UTILIDADES	45.00
4755	garrafa termica preta	Geral	80.00
4756	GARRAFA TERMICA UNITERMI 750 ML	UTILIDADES	40.00
4757	garrafa termolar  preta 1 litro	UTILIDADES	85.00
4758	GARRAFA TERMOLAR 1 LITRO	Geral	85.00
4759	GARRAFA TERMOLAR 250 ML BRANCA	Geral	39.99
4760	GARRAFA TERMOLAR 250 ML PRETA	Geral	36.00
4761	GARRAFA TERMOLAR BULE 1L	Geral	60.00
4762	garrafa termolar preta 1l	Geral	35.00
4763	GARRAFA TIBA BEBA MAIS AGUA	Geral	20.00
4764	garrafa times	Geral	9.99
4765	garrafa times santos	Geral	9.99
4766	GARRAFÃO  PRO   AZUL	Geral	50.00
4767	garrafâo  termico 3 l  invicta	Geral	60.00
4768	GARRAFÃO TERMICO 5L	UTILIDADES	60.00
4769	GARRAFINHA AZUL MICKEY	Geral	20.00
4770	GARRAFINHA INFANTIL 250ML	UTILIDADES	7.00
4771	GARRAFINHA INFANTIL STITCH	Geral	20.00
4772	GARRAFINHA NOVA COM ALÇA	Geral	20.00
4773	GARRAFINHA ROSA PRINCESAS	Geral	20.00
4774	GARRAFINHA SLEEVE MICKEY	UTILIDADES	8.50
4775	GARRAFINHA SQUEEZE SLEEVE MARRIE	Geral	10.00
4776	GARRAFINHA SQUEEZE SLEEVE PRINCESAS 250ML	UTILIDADES	8.50
4777	GARRAFINHA VERMELHA MICKEY	Geral	20.00
4778	GARRAGA ALADIN PRETA 1,0L	COZINHA	40.00
4779	GARRFA DE AGUÁ	Geral	14.00
4780	GARRFINHA INFANTIL	Geral	7.00
4781	garrrafa de cafe	Geral	30.00
4782	GATILHO DE ESGUICHO P/ MANGUEIRA	UTILIDADES	9.00
4783	GATO CHORAO	BRINQUEDOS	20.00
4784	GEL LELECA	Geral	6.00
4785	GEL LELECA BAILARINA	Geral	20.00
4786	GELADEIRINHA CASINHA DOS SONHOS	BRINQUEDOS	12.00
4787	GILETE  PRESTOBARBAS AZUL PAR	Geral	8.00
4788	GILETE LORD	Geral	3.00
4789	GILETE MASTER BARBA	Geral	3.00
4790	gilete wilson	Geral	4.00
4791	GIRLS DOCTOR SET ROSA	Geral	15.00
4792	GIRLS JEANS NOVA COLECAO	BRINQUEDOS	98.00
4793	GIRO-HELICE	Geral	2.00
4794	GIZ AVULSO	Geral	0.50
4795	giz de cera 12	Geral	7.00
4796	GIZ DE CERA 12UNID ABELHINHAS	PAPELARIA	5.00
4797	giz de cera acrilex c 12 un	Geral	8.00
4798	giz de cera pequeno	Geral	5.00
4799	giz de cera pequeno	Geral	2.00
4800	GIZ DE LOUSA SOLTO	Geral	0.50
4801	GIZ ESCOLAR BRANCO CAIXA	ESCOLAR	6.00
4802	GIZ ESCOLAR BRANCO SOLTO	Geral	0.50
4803	GIZ MARACANÃ CAIXA FECHADA C/50 UNID	Geral	7.00
4804	GIZAO DE CERA	Geral	8.00
4805	GIZÃO DE CERA STARSCHOOL	PAPELARIA	7.00
4806	gliter	Geral	2.00
4807	gliter novo acrilico d unha	Geral	4.00
4808	gliter roxo	Geral	4.00
4809	gliter sortidos	Geral	2.00
4810	GLITTER	Geral	2.00
4811	GLITTER ACQUARELA	Geral	1.00
4812	GLITTER ACQUARELA	Geral	2.00
4813	GLITTER AZUL CLARO	PAPELARIA	1.00
4814	GLITTER AZUL ESCURO	PAPELARIA	2.00
4815	GLITTER BRANCO	Geral	1.00
4816	GLITTER BRANCO	Geral	4.00
4817	GLITTER BRONZE 3g	PAPELARIA	1.00
4818	GLITTER LARANJA 3g	PAPELARIA	1.00
4819	GLITTER OURO 3g	PAPELARIA	1.00
4820	GLITTER PRATA 3g	PAPELARIA	1.00
4821	GLITTER PRATA GRANDE	Geral	4.00
4822	GLITTER PRETO	Geral	1.00
4823	GLITTER PRETO 3g	PAPELARIA	1.00
4824	GLITTER ROSA 3g	Geral	2.00
4825	GLITTER ROSA 3g	PAPELARIA	2.00
4826	GLITTER ROSA CLARO	Geral	1.00
4827	GLITTER ROSA CLARO 3g	PAPELARIA	1.00
4828	GLITTER ROSE	Geral	1.00
4829	GLITTER ROXO	Geral	1.00
4830	GLITTER VERDE	Geral	2.00
4831	GLITTER VERDE 3g	PAPELARIA	1.00
4832	GLITTER VERMELHO	PAPELARIA	1.00
4833	GONGONZELA	Geral	15.00
4834	GRAFITE	Geral	3.00
4835	grafite 0,5	Geral	2.00
4836	grafite 0,7	Geral	2.00
4837	grafite 0,7	Geral	3.00
4838	GRAFITE 0.5 SEKICH	Geral	2.00
4839	GRAFITE 0.7 CLASSE HB	Geral	2.00
4840	GRAFITE 0.7 GATTE	Geral	2.00
4841	grafite 2.0	Geral	2.00
4842	GRAFITE DE LAPIZEIRA 0.7 MAPED	PAPELARIA	6.00
4843	GRAFITE GATTE 0.7	Geral	2.00
4844	GRAFITE GOLLER 0.5	Geral	2.00
4845	grafite0,7import	Geral	3.00
4846	GRAMPEADOR CLASSE	Geral	7.00
4847	GRAMPEADOR GOLLER METAL 26/6	Geral	28.00
4848	GRAMPEADOR IT BLUE	ESCRITÓRIO	25.00
4849	GRAMPEADOR PEQ CIS OFFICE	PAPELARIA	20.00
4850	GRAMPO DE CABELO LA LUPE	Geral	8.00
4851	GRAMPOS 26/6 OFFICE CIS	Geral	15.00
4852	GRAMPOS BACCHI	ESCRITÓRIO	6.00
4853	grampos bacchi 1000 uni	Geral	4.00
4854	grampos bacchi 5000 uni	Geral	15.00
4855	GRAMPOS DE CABELO	Geral	4.00
4856	GRAMPOS TOT PEQUENOS C/1000 UNID	PAPELARIA	4.00
4857	granpeador    goller	Geral	25.00
4858	GRANPEADOR   G E 10 36	ESCRITÓRIO	33.00
4859	GRANPEADOR   G E GRAN LINE 1035	ESCRITÓRIO	25.00
4860	GRANPEADOR  CLASSE	Geral	15.00
4861	GRANPEADOR  G E 1037	ESCRITÓRIO	25.00
4862	granpeador  goller	Geral	20.00
4863	GRANPEADOR  SIS	ESCRITÓRIO	21.00
4864	GRANPEADOR COLORS  STAPLER	PAPELARIA	30.00
4865	granpeador fer son	Geral	21.00
4866	GRANPEADOR G E  1044 PEQUENO	ESCRITÓRIO	15.00
4867	GRANPO  GALVANIZADOS	Geral	20.00
4868	granpo pra granpeador 26/6	Geral	15.00
4869	granpos cobreados 26,6 jocar	Geral	16.00
4870	GRANPOS GALVANIZADOS 26,6	ESCRITÓRIO	10.00
4871	grapiado	Geral	30.00
4872	grapo 6,50	Geral	20.00
4873	GRELHA DE PEIXE	Geral	57.00
4874	GUAANAPO COLORS	Geral	4.00
4875	GUACHE  BEL 6 UNIDADES  tempera	Geral	9.00
4876	GUACHE ESCOLAR  SORTIDA	ESCOLAR	8.00
4877	GUACHE SOLTO	Geral	2.00
4878	guadanapo	Geral	4.00
4879	GUARDA CHUVA	Geral	20.00
4880	GUARDA CHUVA BARRACÃO	UTILIDADES	27.00
4881	guarda chuva barração preto	UTILIDADES	30.00
4882	GUARDA CHUVA COLORIDO C/ BOLINHAS	Geral	35.00
4883	GUARDA CHUVA COM CABO ETONE	UTILIDADES	35.00
4884	GUARDA CHUVA com cabo masculino	Geral	30.00
4885	GUARDA CHUVA FEMININO	Geral	30.00
4886	GUARDA CHUVA HAIFUDA	Geral	20.00
4887	GUARDA CHUVA INFANTIL	Geral	25.00
4888	guarda chuva infantil	Geral	25.00
4889	GUARDA CHUVA PRETO	Geral	35.00
4890	GUARDA CHUVA XADRES	UTILIDADES	38.00
4891	GUARDA-CHUVA	UTILIDADES	25.00
4892	GUARDA-CHUVA	UTILIDADES	25.00
4893	GUARDA-CHUVA PORTARIA	Geral	35.00
4894	GUARDANAPO AMARELO	Geral	4.00
4895	GUARDANAPO AZUL CLARO	Geral	4.00
4896	GUARDANAPO BRAMCO  PÉROLA C 100 UNID.	Geral	3.00
4897	Guardanapo Colorido	Geral	4.00
4898	GUARDANAPO PRETO C/48UNID	Geral	4.00
4899	GUARDANAPO ROSA	Geral	4.00
4900	GUARDANAPO VERDE	Geral	4.00
4901	GUARDANAPO VERMELHO	Geral	4.00
4902	GUARDANAPOS DE PAPEL ANEPEL	Geral	2.00
4903	GUINDASTE PC KID	BRINQUEDOS	40.00
4904	GUITARRA INFANTIL DUTATI	BRINQUEDOS	12.00
4905	guitarra infantil musical	Geral	20.00
4906	GUITARRA MUSICAL	BRINQUEDOS	25.00
4907	HAIR SOFT BONECA	BRINQUEDOS	40.00
4908	HANIKI MINI KITCHEN	Geral	40.00
4909	HAPPY HOUSE - JOGO DE PANELAS	BRINQUEDOS	40.00
4910	HAPPY RABBIT TOYS com pilha	Geral	40.00
4911	HARPA	Geral	20.00
4912	HASTES FLEXIVEIS USE IT	UTILIDADES	2.50
4913	havaiana fem	Geral	25.00
4914	HAVAIANAS  BOB MARLEY	Geral	25.00
4915	havaianas  MINI INFANTIL	Geral	20.00
4916	havaianas adulto fem	Geral	17.00
4917	havaianas avulsas	Geral	20.00
4918	HAVAIANAS BRANCA MASCULINOC BANDEIRA	Geral	25.00
4919	havaianas brancas com amarelo feminina	Geral	20.00
4920	HAVAIANAS COM BRILHO FEM.	Geral	25.00
4921	havaianas infantil	Geral	17.00
4922	HAVAIANAS MASCULINO AZUL	Geral	20.00
4923	havaianas masculino preta	Geral	25.00
4924	havaianas nova	Geral	25.00
4925	havaianas preta adulto	Geral	25.00
4926	HAVAIANAS TRADICIONAL	Geral	18.00
4927	haveiro ursinho	Geral	10.00
4928	HAVIANAS MASCULINO	Geral	30.00
4929	HEADFONE BLUETOOTH LEHMOX PRETO	Geral	40.00
4930	HEADPHONE LTOMEX C/FIO A-567	ELETRÔNICOS E ACESSÓRIOS	35.00
4931	HEADSET BLUETOOTH JBL JB950	Geral	85.00
4932	HEARD FONE	Geral	20.00
4933	hearphone	Geral	40.00
4934	helicopetero	Geral	12.00
4935	HELICÓPTERO ORANGE SUPER RESGATE	BRINQUEDOS	25.00
4936	HELICOPTERO POLICIA	BRINQUEDOS	20.00
4937	HELICÓPTERO QUE DESMONTA	BRINQUEDOS	23.50
4938	hinelo boxing	Geral	30.00
4939	HOMEM ARANHA CLASSIC COM SOM	BRINQUEDOS	90.00
4940	HORA DA COZINHA	BRINQUEDOS	20.00
4941	HORTIFRUTI	BRINQUEDOS	12.00
4942	HOT DOGUEIRA	BRINQUEDOS	26.00
4943	HUMUS DE MINHOCA	Geral	4.50
4944	HUMUS DE MINHOCA	JARDINAGEM	4.50
4945	HUMUS DE MINHOCA	JARDINAGEM	4.50
4946	HUMUS DE MINHOCAS	Geral	4.50
4947	I	Geral	20.00
4948	inflador  sanfonado	BANHEIRa infantil	20.00
4949	INSETOS 6PCS ARK TOYS	Geral	35.00
4950	ipanema	Geral	17.00
4951	ipanema	Geral	35.00
4952	ipanema azul infantil	Geral	15.00
4953	ipanema clássica preta 33/34	Geral	15.00
4954	ipanema temas	Geral	25.00
4955	ISACARE	Geral	15.00
4956	isqueiro	Geral	4.00
4957	isqueiro   hiper colors	Geral	3.00
4958	isqueiro  bic grande	Geral	8.00
4959	ISQUEIRO BIC PEQ]	Geral	6.00
4960	ISQUEIRO CARRO	Geral	2.00
4961	isqueiro grande  colors	Geral	8.00
4962	ISQUEIRO GUITARRA	Geral	4.00
4963	ISQUEIRO HIPER	Geral	2.00
4964	ISQUEIRO HIPER	Geral	4.00
4965	ISQUEIRO HIPER	Geral	4.00
4966	ISQUEIRO HIPER	Geral	4.00
4967	ISQUEIRO TOYO BY BLADE	Geral	2.00
4968	ITENS DE COZINHA MY KITCHEN	BRINQUEDOS	52.00
4969	IVECO DAILY	BRINQUEDOS	56.00
4970	j	Geral	40.00
4971	JARA DE SUCO  2 L CABO FECHADO  SHINE	COZINHA	15.00
4972	JARDINEIRA   EXTRA GRANDE PRETA	JARDINAGEM	30.00
4973	JARDINEIRA  35 CM  CERAMICA	Geral	15.00
4974	JARDINEIRA 35 CM MARRON	JARDINAGEM	15.00
4975	jardineira color 4	Geral	30.00
4976	JARDINEIRA GG PRETA INJEPLASTEC	JARDINAGEM	24.00
4977	JARDINEIRA GRANDE	Geral	13.00
4978	JARDINEIRA GRANDE PRETA	JARDINAGEM	14.00
4979	JARDINEIRA GRANDE TERRACOTA	JARDINAGEM	18.00
4980	JARDINEIRA MEDIA PRETA	JARDINAGEM	6.50
4981	JARDINEIRA MEDIA TERRACOTA	JARDINAGEM	8.00
4982	JARRA  DE 1,5 L QUADRADA  TRASNPARENTE	Geral	7.00
4983	jarra  de suco 4 l redonda c tanpa chef	COZINHA	25.00
4984	jarra  graduada com espremedor   900 ml	PLASTICOS	5.50
4985	JARRA 1,5L QUADRADA	Geral	7.00
4986	JARRA 2L JAGUAR UTILIDADES	UTILIDADES	8.00
4987	JARRA 3,8L TRANSPARENTE	Geral	16.00
4988	JARRA BOJUDA COM TANPA POLIDA MP N 1	Geral	27.00
4989	jarra bojuda polida n 1  sem tanpa	Geral	21.00
4990	JARRA C/ TAMPA ERCA 1,8L	UTILIDADES	8.00
4991	JARRA C/ESPREMEDOR 1,5L REDONDA	UTILIDADES	7.00
4992	JARRA CANELADA C/ TAMPA	UTILIDADES	9.50
4993	jarra canelada com tampa  3,8 lts	COZINHA	20.00
4994	JARRA COM ESPREMEDOR 1,8L	UTILIDADES	9.00
4995	JARRA COM SUPORTE CÁFE POLIDA	Geral	35.00
4996	JARRA COM TAMPA 1,7L	UTILIDADES	8.60
4997	JARRA CRISTAL 2L COLOR	UTILIDADES	21.00
4998	JARRA CRISTAL COLOR 2L	PLASTICOS	21.00
4999	JARRA D AGUÁ 1,75L   SANTANA	PLASTICOS	8.50
5000	JARRA DE PLASTICO 2,7L JOANINHA	UTILIDADES	20.00
5001	JARRA DE SUCO 2,75L	PLASTICOS	13.00
5002	JARRA DE SUCO DE 3,8LITROS INPLAST	PLASTICOS	16.00
5003	jarra de suco plastico 2,75 ml erca	Geral	13.00
5004	JARRA DE SUCO QUADRADA 2 LITROS MB	PLASTICOS	8.00
5005	JARRA DE SUCO UNINJET 4 LITROS	PLASTICOS	20.00
5006	JARRA DE SUCO VIDRO	Geral	25.00
5007	jarra de vidro	Geral	40.00
5008	JARRA DE VIDRO	Geral	30.00
5009	JARRA DE VIDRO NADIR  1 L 5	VIDROS	25.00
5010	JARRA DE VIDRO STAR	Geral	40.00
5011	JARRA DE VIDRO TRANSPARENTE STAR	Geral	40.00
5012	JARRA MORINGA 1,4L CRISTAL	PLASTICOS	7.00
5013	JARRA MORINGA COLORIDA	PLASTICOS	6.50
5014	jarra quadrada mb	Geral	8.00
5015	JARRA RATTAN 1,6LTS	PLASTICOS	15.00
5016	JARRA RED 3L C/T	UTILIDADES	8.50
5017	JARRA REDONDA 1,2L C/ESPREMEDOR	UTILIDADES	6.00
5018	JARRA REDONDA 1,2L C/TAMPA	UTILIDADES	6.00
5019	JARRA REDONDA 2L GIPLÁS	Geral	10.00
5020	JARRA REDONDA C ESPREMEDOR 1,2ML	Geral	5.00
5021	JARRA REDONDA C/T 1,8L	UTILIDADES	6.50
5022	jarra suco 4 l plasnew	Geral	15.00
5023	JARRA SUCO 4 LITROS	PLASTICOS	17.00
5024	jarra suco 600 ml	Geral	3.00
5025	jarra suco c espremedor	Geral	8.00
5026	JARRA SUCO COLOREX	VIDROS	25.00
5027	jarra suco vidro  invicta tendenza	Geral	30.00
5028	jarra suco vidro  zumba	Geral	35.00
5029	jarra suco vidro colorex	Geral	39.99
5030	JARRA TRANSPARENTE  QUADRADA 2 LT	COZINHA	12.00
5031	JARRINHA 1,2 ALUMINIO	ALUMINIO	23.50
5032	JATINHO EXECUTIVO	BRINQUEDOS	16.00
5033	JESSIE COLLECTION PLAY KITCHEN	BRINQUEDOS	25.00
5034	JOELHEIRA	UTILIDADES	10.00
5035	jogo  de tapetes banheiro cromos	CAMA, MESA E BANHO	85.00
5036	jogo  de xicaras c 5 pçs vidro	Geral	25.00
5037	jogo  infantil prato	Geral	14.00
5038	JOGO 24 PÇS C/POTE CABO PRETO	Geral	40.00
5039	JOGO COLONIAL COM 3 PEÇAS COZINHA	CAMA, MESA E BANHO	45.00
5040	JOGO COPO AMAZON	Geral	12.00
5041	jogo d panela polida	Geral	166.00
5042	JOGO DA MEMORIA ANIMAIS DIVERTIDOS	Geral	20.00
5043	JOGO DE  CAÇAROLAS 5 PEÇAS PRETA	COZINHA	170.00
5044	jogo de  copos  oca	VIDROS	25.00
5045	JOGO DE  COZINHA 3 PEÇAS	Geral	55.00
5046	jogo de  panelas  alegrete  10 peças	Geral	320.00
5047	jogo de  xicaras  c 5 vidros	Geral	25.00
5048	JOGO DE 24 PÇS BARICHELLO INOX	Geral	40.00
5049	JOGO DE APARELHOS DE JANTAR DURALEX 12 PÇS	VIDROS	60.00
5050	jogo de assadeira 2 peças sempre	Geral	65.00
5051	JOGO DE BANHEIRO  PIAUI	Geral	28.00
5052	jogo de banheiro 3 peças	CAMA, MESA E BANHO	35.00
5053	JOGO DE BANHEIRO TRADIÇAO 3 PEÇAS	Geral	30.00
5054	JOGO DE BANHEIRO3 PEÇAS  CROMOS	BANHEIRO	106.00
5055	JOGO DE BILHAR	BRINQUEDOS	20.00
5056	JOGO DE CAÇAROLAS CAMARGO 5 PEÇAS ALUMINIO	COZINHA	160.00
5057	JOGO DE CAMA QUEN 4 PEÇAS	CAMA, MESA E BANHO	120.00
5058	JOGO DE CARTAS GOAL BARALHO	Geral	20.00
5059	JOGO DE CHAVES HEXAGONAIS	Geral	5.00
5060	JOGO DE COLCHOAS	Geral	47.00
5061	JOGO DE COPO BELLAGIO TRANSPARENTE	VIDROS	60.00
5062	JOGO DE COPO WHEATON	Geral	20.00
5063	JOGO DE COPOS	Geral	7.00
5064	jogo de copos  marrocos	Geral	38.00
5065	JOGO DE COPOS AMAZON	Geral	12.00
5066	JOGO DE COPOS ARUBA C/6	Geral	70.00
5067	JOGO DE COPOS CAIRO	VIDROS	38.00
5068	JOGO DE COPOS GREEN APPLE VERMELHO	Geral	60.00
5069	JOGO DE COPOS LEHAVI	VIDROS	18.00
5070	JOGO DE COPOS LEHAVI	VIDROS	18.00
5071	JOGO DE COPOS LEHAVI	VIDROS	18.00
5072	JOGO DE COPOS LEHAVI	VIDROS	18.00
5073	JOGO DE COPOS NADIR LAGUNA	VIDROS	18.00
5074	JOGO DE COPOS NADIR MARACATU	VIDROS	18.00
5075	jogo de copos promoção dia das mães	Geral	12.00
5076	JOGO DE COPOS SM ARUBA	VIDROS	60.00
5077	JOGO DE CORDA P/ VARAL 10M	Geral	4.50
5078	JOGO DE COZINHA AZUL	Geral	45.00
5079	jogo de cozinha sayuri	Geral	12.00
5080	JOGO DE COZINHA SAYURI	BRINQUEDOS	12.50
5081	JOGO DE COZINHA SAYURI	BRINQUEDOS	12.50
5082	JOGO DE DAMAS	BRINQUEDOS	10.00
5083	jogo de damas	Geral	10.00
5084	JOGO DE DOMINÓ	BRINQUEDOS	7.50
5085	JOGO DE DOMINO C/ESTOJO	Geral	30.00
5086	JOGO DE FACAS  6 PEÇAS DVCRETIRH	Geral	50.00
5087	JOGO DE FRONHAS  2 UND	Geral	15.00
5088	JOGO DE MANTIMENTO REDONDO INJETEMP 5 PEÇAS	Geral	50.00
5089	JOGO DE MANTIMENTOS 5 PEÇAS	Geral	50.00
5090	jogo de panelas	Geral	240.00
5091	jogo de panelas 5 pçs vermelho	COZINHA	150.00
5092	JOGO DE PANELAS ALEGRETE 6 PEÇAS C PANELA DE PRESSÃO	Geral	275.00
5093	JOGO DE PANELAS DE 250	Geral	250.00
5094	JOGO DE PANELAS ROSA	Geral	180.00
5095	JOGO DE PRATOS DIAMANTE DURALEX	Geral	36.00
5096	JOGO DE PRATOS DURALEX 6 PÇS	UTILIDADES	45.00
5097	jogo de pratos emotions 6 unidades	Geral	48.00
5098	JOGO DE PRATOS FUNDO DURALEX 6 PÇS DIAMANTE	UTILIDADES	45.00
5099	jogo de quarto tapetes   3 peças  apolo	Geral	115.00
5100	jogo de sobremesa c 12 pçs inox	UTILIDADES	40.00
5101	JOGO DE SOBREMESA C/7 PÇS VIDRO APPLE	VIDROS	60.00
5102	JOGO DE TAÇAS DOLCE HOME	Geral	70.00
5103	JOGO DE TALHERES  FACA PRETO	Geral	15.00
5104	JOGO DE TALHERES  GARFO  6 PEÇAS	Geral	15.00
5105	JOGO DE TALHERES COLHER 6 PEÇAS	Geral	15.00
5106	JOGO DE TALHERES PRETO C 24 UNIDADESC POTE	COZINHA	40.00
5107	JOGO DE TAPETE 3 PEÇAS  STEP ONTO LUXURY	CAMA, MESA E BANHO	60.00
5108	JOGO DE TAPETE DE COZINHA	Geral	55.00
5109	jogo de tapetes  3 peças banheiro pratatêxtil	Geral	90.00
5110	JOGO DE TAPETES 3 UND. COZINHA   ESTILO	Geral	98.00
5111	jogo de tapetes banheiro  piauí 3 peças	COZINHA	30.00
5112	JOGO DE TAPETES BANHEIRO 3 UNID.	Geral	106.00
5113	JOGO DE TAPETES BANHEIRO C 3 PEÇAS	Geral	60.00
5114	jogo de tapetes cozinha 3 peças	CAMA, MESA E BANHO	95.00
5115	jogo de tapetes cozinha 3 peças hervan	Geral	40.00
5116	JOGO DE TAPÉTES DE BANHEIRO PIAUI	Geral	28.00
5117	JOGO DE TAPETES DE COZINHA  3 PEÇAS	Geral	60.00
5118	JOGO DE TAPETES LUEVI	Geral	50.00
5119	TAPETE NOMAD 40X65CM	Geral	12.00
5120	JOGO DE TAPETES P/ BANHEIRO 3 PÇS CRONOS	Geral	85.00
5121	JOGO DE TEMPEROS LANNA	UTILIDADES	14.00
5122	JOGO DE TIGELAS C/6 SUNFLOWER	Geral	33.00
5123	JOGO DE XADREZ	BRINQUEDOS	15.00
5124	JOGO DE XICARA GRAFFIATO HAUSKRAFT	VIDROS	70.00
5125	JOGO DE XICARAS   DE CAFÉ 6 PEÇAS	VIDROS	20.00
5126	JOGO DE XICARAS  C 6  AMBAR	VIDROS	30.00
5127	JOGO DE XICARAS COM PIRES 12 PCS PORCELANAS BRANCO	CERAMICAS, PORCELANATO	130.00
5128	JOGO DE XICARAS DE VIDRO AMBAR	Geral	30.00
5129	JOGO DO MICO 27 CARTAS	BRINQUEDOS	10.00
5130	JOGO EDUCATIVO GIRAMILLE	BRINQUEDOS	45.00
5131	jogo frigideira e caneca	Geral	45.00
5132	jogo maracatu 5 peças jarra	Geral	50.00
5133	JOGO TAPETE BANHEIRO  CRONOS 3 PEÇAS	Geral	106.00
5134	JOGO UNO	BRINQUEDOS	10.00
5135	JUDY HOME   COLEÇAO	BRINQUEDOS	55.00
5136	JUROS DE CREDITO	Geral	1.00
5137	K	Geral	10.00
5138	KARAOKÉ SOUND COM 2 MICROFONES	UTILIDADES	85.00
5139	KENER	Geral	30.00
5140	kenner	Geral	30.00
5141	KIDS COOKING	BRINQUEDOS	46.00
5142	KIMELECA SMILE COM GLITER	Geral	15.00
5143	kit    carregador   le  785micro   lehmox	ELETRONICOS	30.00
5144	kit   de cabides c 5 unidades PRETOS  REFORÇADOS	PLASTICOS	8.00
5145	KIT  AVCNGENS HEROIS	Geral	120.00
5146	KIT BELEZA INFANTIL	BRINQUEDOS	15.00
5147	kit  bule sayuri	Geral	10.00
5148	kit  cesta	Geral	50.00
5149	kit  coração mais caneca dia das mães	Geral	40.00
5150	kit  cozinha	Geral	10.00
5151	KIT  COZINHA PANELINHA	Geral	12.00
5152	kit  de espada e flecha    arqueiro medieval	BRINQUEDOS	30.00
5153	kit  de marca texto  colors	Geral	25.00
5154	kit  de meia p	Geral	10.00
5155	KIT  DE MEIAS C 3 MASC CANO  CURTO	Geral	20.00
5156	KIT  DE VARÃO 3 MT IMBUIA	UTILIDADES	35.00
5157	KIT  ESCOLAR  GAMES	Geral	30.00
5158	KIT  FOLIA RACER 3 PEÇAS	BRINQUEDOS	20.00
5159	KIT  INFANTIL  QUARTINO	Geral	30.00
5160	KIT  INFANTIL ROSA	Geral	12.00
5161	kit  saco de presentes 35x45 natal	kit FESTA	4.00
5162	KIT  SECADOR ONFANTIL	Geral	13.00
5163	KIT  SUPORTE  GROSSO	Geral	6.00
5164	kit  temperos	Geral	14.00
5165	kit  wild  animal	Geral	16.00
5166	kit 2 facas de 3,5 e 5	Geral	15.00
5167	KIT 2 POTE QUADRADO GRANDE LEITOSO	PLASTICOS	8.50
5168	KIT 2 UTENSÍLIOS	COZINHA	10.00
5169	kit 3 toalhas de banho  tijuca	Geral	99.00
5170	KIT 4 PÇS DE FACA	UTILIDADES	43.00
5171	KIT ACESSÓRIOS PRA BANHEIRO  5 PEÇAS	Geral	30.00
5172	KIT AGULHA	Geral	3.00
5173	kit agulha	Geral	2.50
5174	KIT AGULHA CESTINHA	UTILIDADES	2.00
5175	KIT AGULHAS	UTILIDADES	3.00
5176	KIT AGULHEIRO	UTILIDADES	3.00
5177	KIT ALUMIKIT BRANCO	UTILIDADES	6.00
5178	KIT APARELHO DE JANTAR BIONA GIARDINO 20 PÇS	Geral	230.00
5179	KIT ARCO 46CM E FLECHAS 26CM 2 ALVOS	BRINQUEDOS	20.00
5180	kit batedeira sayuri	Geral	12.00
5181	kit beleza  infantil	Geral	15.00
5182	kit beleza infantil	Geral	15.00
5183	KIT BELEZA MAQUIAGEM	Geral	15.00
5184	KIT BELEZA MIÇANGA	BRINQUEDOS	25.00
5185	KIT BLOCO DE MONTAR 24 PÇS	BRINQUEDOS	6.00
5186	KIT BODY PIERCING	Geral	6.00
5187	kit bolo	Geral	20.00
5188	KIT BOWL 5 PEÇAS	Geral	45.00
5189	KIT BOWL 5 PEÇAS REDONDO C TANPA	COZINHA	45.00
5190	kit brinco	Geral	7.00
5191	KIT BRINQUEDO FESTA	Geral	2.00
5192	kit c 2 xicaras  vidro	Geral	20.00
5193	KIT C 3 PAPEL PRESENTE	Geral	15.00
5194	KIT C/ 12 LAPIS + 1 LAPIS DE ESCREVER, BORRACHA E APONTADOR	PAPELARIA	15.00
5195	KIT C/ 12 LAPIS DE COR, 2 LAPIS DE ESCREVER, BORRACHA E APONTADO	PAPELARIA	25.00
5196	KIT C/ 3 TALHERES DE BAMBU E SUPORTE 26X5CM	Geral	20.00
5197	KIT C/ ESPADA, ESCUDO E MASCARA	Geral	30.00
5198	KIT C/2 POTE REDONDO GRANDE LEITOSO	PLASTICOS	8.50
5199	KIT C/2 POTES RETANGULARES GRANDES	PLASTICOS	8.50
5200	KIT C/2 POTES RETANGULARES LEITOSO	PLASTICOS	8.00
5201	KIT C/27 AGULHAS DE MAO E 1 PASSADOR DE LINHA	UTILIDADES	3.00
5202	KIT C/3 GARRAFAS COLORIDAS	Geral	45.00
5203	KIT C/3 POTES GRANDE	UTILIDADES	63.00
5204	KIT C/5 SEREIAS DRESSING	Geral	60.00
5205	KIT C/50PÇS DE FORMAS REDONDAS P/AIR FRYER	UTILIDADES	25.00
5206	KIT CABIDE INFANTIL AZUL/ROSA	UTILIDADES	4.00
5207	KIT CABIDES ADULTO REFORÇADOS	UTILIDADES	4.00
5208	KIT CABIDES COM 5 PEÇAS UNIJET	Geral	7.00
5209	KIT CANECA C COLHER NA CAIXA VERMELHA	Geral	35.00
5210	kit caneca coração e ursinho	Geral	40.00
5211	KIT CANECAS 6 UNIDADES	UTILIDADES	10.00
5212	KIT CANETA GEL COLORS	PAPELARIA	16.00
5213	KIT CANETAS C/4 CORES JETLUX	PAPELARIA	10.00
5214	KIT CANETINHA LEO LEO 6 UNIDADES	PAPELARIA	4.00
5215	KIT CARREGADOR LEHMOX	ELETRONICOS	30.00
5216	KIT CARRINHOS  PATRULHA CANINA	Geral	65.00
5217	KIT CARRINHOS 3 PEÇAS	BRINQUEDOS	15.00
5218	KIT CARRINHOS 3 UNIDADES	Geral	36.00
5219	kit carrinhos contrução	Geral	40.00
5220	KIT CARRINHOS FRICÇÃO	BRINQUEDOS	40.00
5221	KIT CARRO MAIS AVIAÕ POWER	Geral	19.99
5222	KIT CARROS C 4 SUPER CARROS	Geral	20.00
5223	kit chapinha	Geral	10.00
5224	KIT CHAZINHO LEGAL	BRINQUEDOS	45.00
5225	KIT COAMIL SUPORTE COADOR P/ CAFÉ	UTILIDADES	6.50
5226	KIT COBRE LEITO QUEEN 03 PEÇAS	Geral	150.00
5227	KIT COLAR E BRINCO	Geral	10.00
5228	kit coleçao judy veterinaria	BRINQUEDOS	30.00
5229	KIT COLHER 3 PEÇAS LUNA	COZINHA	8.00
5230	KIT COLHER C 6  FRATELI PRETO	COZINHA	12.00
5231	kit colher de mesa inox home more 6 peças	Geral	22.00
5232	kit colher de silicone	Geral	70.00
5233	kit colher de silicone	Geral	70.00
5234	KIT COLHER ESPATULA PINCEL SILICONE C/3 PÇS	UTILIDADES	20.00
5235	KIT COLHER LUNA	Geral	8.00
5236	kit colher matinazo home	Geral	5.00
5237	kit colher rosa c 3	Geral	8.00
5238	KIT COLHER, ESCUMADEIRA E GARFO	PLASTICOS	4.00
5239	KIT COM 3 POTES C TAMPA  VIDRO	Geral	25.00
5240	KIT COM 3 TESOURAS  9,5  7, , 5,5	Geral	30.00
5241	KIT COMPLETO PIA, CESTO, PORTA DETERGENTE, LIXEIRA 12L	UTILIDADES	35.00
5242	KIT COPO	Geral	20.00
5243	KIT COZINHA	Geral	20.00
5244	KIT COZINHA   CHÁ	BRINQUEDOS	12.00
5245	KIT COZINHA   FOLIA	BRINQUEDOS	25.00
5246	KIT COZINHA  BATEDEIRA	Geral	12.00
5247	KIT COZINHA  BRISTER	Geral	30.00
5248	KIT COZINHA 4PÇS PRETO ANTIADERENTE	UTILIDADES	8.00
5249	KIT COZINHA BLISTER ALTIMIX	BRINQUEDOS	20.00
5250	KIT COZINHA C/4 PRETO	UTILIDADES	8.00
5251	KIT COZINHA COLONIAL 3 PEÇAS	Geral	60.00
5252	KIT COZINHA COM 2 TABUAS + FACA	PLASTICOS	20.00
5253	KIT COZINHA INFANTIL SAYURI	BRINQUEDOS	12.50
5254	kit cozinha preto 4 pçs	Geral	8.00
5255	kit d meia infantil	Geral	12.00
5256	kit d potes c tanpa plastica top mix	UTILIDADES	25.00
5257	kit de  pia 3 peças	Geral	12.00
5258	kit de  talheres c 12 de silicone grd.	Geral	60.00
5259	KIT DE 5 POTES VARIADOS TAMANHOS	Geral	45.00
5260	KIT DE 6 CARRINHOS MCQUEEN	Geral	50.00
5261	KIT DE ACESSORIOS PARA BANHEIRO 5 PEÇAS	Geral	30.00
5262	KIT DE AGULHA	Geral	3.00
5263	KIT DE AGULHA	Geral	2.00
5264	kit de agulha	Geral	2.50
5265	kit de agulhas   barcelona	Geral	3.00
5266	KIT DE AGULHAS AGULHEIRO	Geral	3.00
5267	kit de agulhas art house	Geral	2.00
5268	KIT DE ALFINETES	Geral	4.00
5269	KIT DE BANHEIRO 3 PEÇAS  ANTIDERARANTE	BANHEIRO	35.00
5270	kit de brincos c 3	Geral	2.00
5271	kit de cabides   6 unidades	Geral	11.00
5272	KIT DE CABIDES C 3	UTILIDADES	6.00
5273	kit de cabides pretos	UTILIDADES	6.50
5274	kit de café  850 ml	Geral	8.80
5275	KIT DE CARRINHO POLICIAC 4	BRINQUEDOS	50.00
5276	kit de carrinhos 4 peças  super car	Geral	20.00
5277	KIT DE CARRINHOS C 3	Geral	35.00
5278	KIT DE CASINHA SAYURI	BRINQUEDOS	10.00
5279	KIT DE CAVALINHOS	Geral	40.00
5280	kit de churasco  com  2 peças	Geral	25.00
5281	KIT DE COLHER AZUL TAUMER	Geral	8.00
5282	KIT DE COLHERERS DE SUCO	UTILIDADES	6.00
5283	kit de copos amazon	Geral	12.00
5284	KIT DE COPOS M	Geral	10.00
5285	KIT DE CORRETIVO C 3   IMPORTADO	Geral	20.00
5286	kit de cozinha  industrial 3 peças	CAMA, MESA E BANHO	50.00
5287	KIT DE COZINHA C/ PANELINHAS E FOGÃOZINHO	BRINQUEDOS	50.00
5288	KIT DE COZINHA DE SILICONE 12PÇS	Geral	70.00
5289	KIT DE DIA DAS MAES	Geral	50.00
5290	KIT DE DIA DOS PAIS	Geral	80.00
5291	KIT DE FACAS	Geral	8.00
5292	KIT DE FACAS 6 PEÇAS FRATELI	Geral	15.00
5293	KIT DE FACAS C 3	Geral	8.00
5294	KIT DE FACAS C 6 FRATELI PRETO	Geral	15.00
5295	KIT DE FACAS C/3	UTILIDADES	30.00
5296	KIT DE FACAS FRATELLI 4 PEÇAS	Geral	35.00
5297	KIT DE FACAS TRAMONTINA	Geral	55.00
5298	KIT DE FAZER BOLO	BRINQUEDOS	20.00
5299	kit de garfo inox original	Geral	8.50
5300	KIT DE LIMPEZA BRANCO DECORADO R.A.E	Geral	12.00
5301	kit de livro bob good dinosauro	Geral	40.00
5302	KIT DE MAQUIAGEM INFANTIL	Geral	20.00
5303	KIT DE MARCA TEXTO  COLORIDO	Geral	25.00
5304	kit de meia	Geral	15.00
5305	KIT DE MEIA ADULTO	Geral	10.00
5306	kit de meia adulto masc	Geral	15.00
5307	KIT DE MEIA C 3 CANO CURTO FEM	Geral	20.00
5308	kit de meia cano longo masculino	Geral	20.00
5309	kit de meia fem	Geral	15.00
5310	KIT DE MEIA INFANTIL	Geral	12.00
5311	kit de meia infantil	Geral	10.00
5312	KIT DE MEIA MASC. SOQUETE C 3	Geral	15.00
5313	KIT DE MEIA MASCULINO G	Geral	20.00
5314	kit de meia promoção	Geral	10.00
5315	KIT DE MEIA SOQUETE FEM. C 3	Geral	15.00
5316	KIT DE MEIAS ADULTO C/3 JOY INTIME	Geral	20.00
5317	KIT DE MEIAS ADULTO CURTA	Geral	16.00
5318	kit de meias infantil 3 par	Geral	12.00
5319	KIT DE MEIAS INFANTIL MASCULINO	Geral	15.00
5320	KIT DE MEIAS MASCULINO	Geral	15.00
5321	kit de meias promoçao	Geral	10.00
5322	KIT DE MERENDA  3 PEÇAS INFANTIL	Geral	10.00
5323	KIT DE MIEIS MASC. LONGA C 3	Geral	20.00
5324	KIT DE MOCHILAS 3 PEÇAS	Geral	150.00
5325	kit de oculos e presilhas infantil	Geral	20.00
5326	kit de peneiras 3	Geral	8.00
5327	KIT DE PENEIRAS 3 PCS	UTILIDADES	7.80
5328	KIT DE PENEIRAS MAEE 3 UNID	UTILIDADES	8.50
5329	kit de pente c 2	Geral	4.00
5330	kit de pentes c 2	Geral	4.50
5331	kit de pia  c tampa aluminio c 3	Geral	25.00
5332	KIT DE PIA  PIA  LISO PRETO	Geral	8.50
5333	KIT DE PIA 3 PEÇAS	Geral	12.00
5334	KIT DE PIA C/3 PÇS	Geral	14.00
5335	kit de pia liso 3 peças	PLASTICOS	8.80
5336	KIT DE PIA LIXADO REDAR ALUMINIOS	Geral	45.00
5337	kIT DE PIA PRETO	Geral	12.00
5338	KIT DE PINTAR	ESCOLAR	6.00
5339	kit de pintar    desenho	PAPELARIA	4.00
5340	KIT DE PÓTE 3 UNIDADES	Geral	8.50
5341	kit de potes  quadrados	Geral	7.00
5342	kit de potes 4	Geral	7.50
5343	KIT DE POTES QUADRADOS C/3 PÇS	PLASTICOS	8.50
5344	kit de potes redondo c 2 trasparente	Geral	8.50
5345	KIT DE POTES REDONDOS 3PÇS	PLASTICOS	8.50
5346	KIT DE PRAIA PLASMARC  ROSA, AZUL	BRINQUEDOS	7.00
5347	KIT DE PRESENTE COM UMA XICARA E UM URSINHO	Geral	30.00
5348	KIT DE PULSEIRA VOGUE TOYS	Geral	10.00
5349	KIT DE RÉGUA NORMÓGRAFO	Geral	5.00
5350	KIT DE TALHER INFANTIL 2 UND.	Geral	9.00
5351	KIT DE TALHER PRETO	Geral	8.00
5352	kit de tapetes	Geral	20.00
5353	KIT DE TEMPEROS 3 PEÇAS	Geral	25.00
5354	kit de tesouras	Geral	25.00
5355	KIT DE TINTURA DE CABELO  YSFASHUA	Geral	8.00
5356	kit de utecilios madeira grande	Geral	23.00
5357	KIT DE UTENSILIOS	Geral	30.00
5358	KIT DE UTENSILIOS GRANDE 12 PEÇAS SILICONE	Geral	70.00
5359	KIT DE VALVULA DE SEGURANÇA P/ PANELA	UTILIDADES	2.50
5360	KIT DIA DAS  MAES C XICARA	Geral	55.00
5361	kit dia das maes	Geral	30.00
5362	KIT DIA DAS MAES C	Geral	90.00
5363	KIT DIA DAS MAES X	Geral	55.00
5364	kit dia dos pais  cinto mais relógio	Geral	80.00
5365	KIT DINOS 3PÇS	BRINQUEDOS	25.00
5366	KIT DINOSAUROS	Geral	40.00
5367	KIT DINOSAUROS	BRINQUEDOS	18.00
5368	KIT DOCE	Geral	2.00
5369	KIT DOCES MINI KITCHEN	BRINQUEDOS	40.00
5370	kit ecologico de 1 m	Geral	12.00
5371	KIT ECOLOGICO DE VARAO DE CORTINA 1,5MT IMBUIA	Geral	20.00
5372	KIT ECOLOGICO MARFIM	Geral	25.00
5373	KIT ECOLOGICO VARÃO 2 MT 29MM TITANIO	Geral	25.00
5374	KIT ECOLOGICO VARÃO DE 2 MT 29MM BRANCO	Geral	25.00
5375	KIT ENJOY FRIGIDEIRA N°22/ CANECA N°14 VERMELHO	ALUMINIO	45.00
5376	KIT ESCOLAR  FUTURO 12 CORES	Geral	30.00
5377	KIT ESCORREDOR  infantil	BRINQUEDOS	40.00
5378	kit escova	Geral	8.00
5379	kit escova pra mamadeira abbmix	Geral	6.00
5380	KIT ESCUDO E ESPADA TOP HEROES	BRINQUEDOS	20.00
5381	KIT ESCUDO E ESPADA TOP HEROES	Geral	30.00
5383	kit euro varão 1 m. 5 branco  decore lar	Geral	15.00
5384	KIT FACAS DE MESA 3PÇS	UTILIDADES	5.00
5385	kit facas tauner	Geral	8.00
5386	kit farm set bois	Geral	16.00
5387	KIT FAZENDINHA	BRINQUEDOS	10.00
5388	KIT FERRAMENTAS	BRINQUEDOS	5.00
5389	KIT FERRAMENTAS TOOL SET	BRINQUEDOS	40.00
5390	kit festa	Geral	2.00
5391	kit festa pião	Geral	2.00
5392	KIT FUNIL 3 PÇS PLASDURAN	UTILIDADES	5.00
5393	KIT GARFO 3 PÇS HOME	UTILIDADES	5.00
5394	kit garfo luna 3 peças	COZINHA	8.00
5395	kit garfo preto luna c 3 peças	Geral	8.00
5396	kit garfo rosa luna c 3 peças	COZINHA	8.00
5397	kit garfos 3 unidades	COZINHA	8.00
5398	KIT GARFOS DE MESA INOX HOME MORE 6 PÇS	UTILIDADES	22.00
5399	KIT HAIR ESCOVA III	Geral	8.00
5400	KIT HEROIAZUL	BRINQUEDOS	29.00
5401	kit herois  capitão america	Geral	30.00
5402	kit herois hulk  espada e escudo	BRINQUEDOS	30.00
5403	KIT HORA DO CAFE	Geral	20.00
5404	kit infantil  oculos mais presilha de ursinho	Geral	20.00
5405	kit infantil cozinha	Geral	15.00
5406	kit infantil cozinha 4 peças	Geral	15.00
5407	KIT INFANTIL DIELU	BRINQUEDOS	17.00
5408	kit infantil oculos	Geral	20.00
5409	KIT INFANTIL PÁ E RODO	Geral	15.60
5410	kit infantil prato	Geral	10.00
5411	KIT INFANTIL PRATO E COPO	Geral	10.00
5412	KIT JARRINHA	Geral	12.50
5413	KIT JARRINHA SAYURI	BRINQUEDOS	11.00
5414	KIT LANCHE KOZI PLAST	Geral	10.00
5415	KIT LAPISEIRA C/ BORRACHA SANTOS	PAPELARIA	6.00
5416	kit legal gancho	Geral	4.50
5417	KIT LEGUMES MINI KITCHEN	BRINQUEDOS	40.00
5418	KIT LEGUMES TOY MASTER	BRINQUEDOS	8.00
5419	KIT LIMPESA PIA 3 PEÇAS DECORADO	COZINHA	12.00
5420	KIT LIMPEZA LEVE C/2 40X25cm	UTILIDADES	2.00
5421	kit liquidificador sayuri	Geral	12.00
5422	KIT MALHA MEXICANO	Geral	40.00
5423	KIT MEDICO DOCTOR SET	BRINQUEDOS	20.00
5424	KIT MEDICO LITTLE DOCTOR	BRINQUEDOS	11.00
5425	KIT MÉDICO PICA PAU	BRINQUEDOS	15.00
5426	kit meia promoçao	Geral	10.00
5427	kit merenda infantil	Geral	10.00
5428	kit merheje basic 4 peças	Geral	30.00
5429	kit mexicano normade 3 peças cozinha	Geral	55.00
5430	KIT MINHA CASINHA	BRINQUEDOS	10.00
5431	KIT MISTO TALHERES	COZINHA	8.00
5432	kit mochila ,lacheira,estojo  stich azul	Geral	150.00
5433	KIT MOCHILA MINIE LANCHEIRA,ESTOJO	Geral	150.00
5434	KIT MOTO C 3	Geral	27.00
5435	KIT MOVEIS	BRINQUEDOS	20.00
5436	KIT NOSSO CHAZINHO 13 PCS	BRINQUEDOS	40.00
5437	KIT OCULOS E PRESILHA INF	Geral	20.00
5438	KIT PANO LIMPEZA MICROFIBRA	Geral	11.00
5439	kit passadeira 3 unidades cozinha	Geral	50.00
5440	KIT PATRULHA CANINA	BRINQUEDOS	85.00
5441	KIT PENEIRA PMG 3 UNID	Geral	7.50
5442	kit peneiras	Geral	8.00
5443	KIT PENTE PROFICIONAL 2 UNID.	Geral	4.50
5444	KIT PENTES 2 PEÇAS	Geral	4.50
5445	KIT PENTES 3 PEÇAS	Geral	14.80
5446	KIT PEQUENO MECÂNICO	BRINQUEDOS	6.00
5447	KIT PESCARIA TOY MASTER	BRINQUEDOS	20.00
5448	KIT PIA	Geral	25.00
5449	KIT PIA 3 PÇS DECORADO A MÃO ALUMINIO	Geral	50.00
5450	KIT PIA CESTO P/LIXO	PLASTICOS	12.00
5451	KIT PIA COLORIDO RAE	UTILIDADES	10.50
5452	kit pia de 14	Geral	14.00
5453	KIT PIA DECORADO-B	Geral	12.00
5454	KIT PINCEL PINTURA	PAPELARIA	5.00
5455	KIT POTE	Geral	50.00
5456	kit pote 3 peças  quadrado erca leitoso	Geral	8.50
5457	kit pote 3 peças redondo erca	Geral	8.50
5458	KIT POTE COM 2 UNIDADES ERCAPLAST	Geral	8.50
5459	KIT POTE QUADRADO ERCA	PLASTICOS	8.50
5460	KIT POTE TAPOWER	Geral	40.00
5461	KIT POTES PMG TRANSPARENTE	PLASTICOS	8.50
5462	KIT POTES QUADRADOS C/4 PÇS	PLASTICOS	7.50
5463	KIT PRAIA AMAR E	BRINQUEDOS	13.00
5464	kit praia balde sortido  castelão	BRINQUEDOS	25.00
5465	KIT PRATINHO COPO E COLHER	Geral	7.00
5466	KIT QUARTO MINHA CASINHA	BRINQUEDOS	10.00
5467	KIT REFEIÇÃO INFANTIL	Geral	12.00
5468	KIT REFEICAO MELAMINA 4 PECAS INFANTIL (PRATO,TIGELA,COLHER E GA	Geral	14.00
5469	KIT RELOGIO INFANTIL	Geral	25.00
5470	kit saco de presente 45x57	kit FESTA	6.00
5471	KIT SECADOR	Geral	13.00
5472	kit secador beleza	Geral	10.00
5473	kit silicone rosa 3 peças	Geral	15.00
5474	KIT SIMPLES  1,5 VARÃO  IMBUIA	Geral	16.00
5475	KIT SIMPLES MEDIO 1,0M BRANCO	UTILIDADES	12.50
5476	KIT SIMPLES MEDIO 1,5M CEREJEIRA	UTILIDADES	16.00
5477	KIT SIMPLES MEDIO 3,0M MARFIM	UTILIDADES	35.00
5478	KIT SUPER HEROIS 7 PCS	BRINQUEDOS	120.00
5479	KIT SUPORTE COAMIL	UTILIDADES	10.00
5480	KIT SUPORTE DE VARÃO DE CORTINA BRANCO	UTILIDADES	5.00
5481	KIT SUPORTE DE VARÃO DE CORTINA CINZA	UTILIDADES	5.00
5482	KIT SUPORTE DE VARÃO DE CORTINA IMBUIA	UTILIDADES	5.00
5483	KIT SUPORTE DE VARÃO DE CORTINA MARFIM	UTILIDADES	5.00
5484	KIT SUPORTE DE VARÃO DE CORTINA MOGNO	UTILIDADES	5.00
5485	KIT SUPORTE DE VARÃO DE CORTINA ROSA	UTILIDADES	5.00
5486	KIT SUPORTE MEDIO CEREJEIRA	UTILIDADES	6.00
5487	KIT SUPORTE SIMPLES IMBUIA	UTILIDADES	6.00
5488	KIT SUPORTE VARÃO DE CORTINA AZUL	UTILIDADES	5.00
5489	KIT SUPORTE VARÃO DE CORTINA CEREJEIRA	UTILIDADES	5.00
5490	kit tapete 3 peças	Geral	60.00
5491	KIT TAPETE BANHEIRO MULTICOLOR	Geral	40.00
5492	KIT TAPETES COZINHA MULTICOLOR	BANHEIRO	40.00
5493	kit tigela mais pincel cabelo bonitinho	Geral	10.80
5494	KIT TOALHA GELADEIRA PERFETTO	UTILIDADES	6.00
5495	KIT TOUCA DE BANHO DE PLASTICO C/3 PÇS	UTILIDADES	6.00
5496	KIT UTENSILIOS BAMBU	Geral	20.00
5497	KIT VARAL SANSHIN 24 PRENDEDORES	Geral	36.00
5498	KIT VARAL SANSHIN C/16 PRENDEDORES	UTILIDADES	15.00
5499	KIT VARÃO  MOGNO 3 MT	UTILIDADES	35.00
5500	KIT VARÃO 29 MM MOGNO GROSSO 2 M	Geral	30.00
5501	KIT VARÃO 3 MT BRANCO	UTILIDADES	35.00
5502	KIT VARÃO DE 1 MT E MEIO GROSSO MARFIM	Geral	20.00
5503	KIT VASSOURA E RODO INFANTIL	BRINQUEDOS	16.00
5504	KIT XUXINHA	Geral	5.00
5505	KITCHEN 17 PEÇAS ALUMINIO	BRINQUEDOS	40.00
5506	KITCHEN INFANTIL	Geral	20.00
5507	KITCHEN KIT DE COZINHA	Geral	20.00
5508	KITCHEN SET	Geral	25.00
5509	KITCHEN SET	BRINQUEDOS	25.00
5510	KITCHEN SET	Geral	25.00
5511	KITCHEN UTENSILIOS	BRINQUEDOS	22.00
5512	KITCHEN UTENSILS	BRINQUEDOS	22.00
5513	KOMBI MINIATURA	Geral	30.00
5514	LAÇA DADOS SUPERAIRSOFT	BRINQUEDOS	25.00
5515	LACINHO GIGANTE	Geral	3.00
5516	LACINHO GIGANTE	Geral	2.50
5517	LACINHO GIGANTE	Geral	4.00
5518	LACINHO GRANDE	Geral	2.00
5519	LACINHO GRANDE	Geral	1.50
5520	lacinho novo	Geral	5.00
5521	LACINHO PEQUENO	Geral	0.50
5522	LACINHO VARIAS CORES	Geral	1.00
5523	LACINHO VARIAS CORES	Geral	2.00
5524	LACINHOS PARA CABELO	Geral	5.00
5525	LACINHOS PARA CABELO	Geral	3.00
5526	LAÇO	Geral	5.00
5527	LAÇO	Geral	5.00
5528	laço	Geral	5.00
5529	laço azul par	Geral	5.00
5530	laço de fita	Geral	2.00
5531	LAÇO DE FITA DE1	Geral	1.00
5532	laço grande	Geral	4.00
5533	laço grande	Geral	3.00
5534	LAÇO GRANDE   PRATEADO	Geral	3.00
5535	laço grande dourado	Geral	5.00
5536	laço grande dourado	Geral	4.50
5537	laço grande rosa	Geral	3.00
5538	laço grande vermelho	Geral	3.00
5539	laço grandre	Geral	3.00
5540	LAÇO GRANDRE	Geral	4.00
5541	laço infantil avulso c presilha	Geral	5.00
5542	laço papai noel	Geral	1.50
5543	laço pequeno	Geral	2.00
5544	LAÇO PEQUENO	Geral	2.00
5545	laço pequeno	Geral	2.00
5546	LAÇO PEQUENO	Geral	1.50
5547	LACO PEQUENO	Geral	0.50
5548	laço pra cabelo	Geral	3.00
5549	laço pra presente	Geral	2.50
5550	laço pra presente	Geral	2.50
5551	LAÇO PRATEADO	Geral	3.00
5552	laço presente	Geral	2.00
5553	laço presente	Geral	4.00
5554	laço rosa	Geral	5.00
5555	LAMBRETA GARAGE SUMMER	BRINQUEDOS	15.00
5556	LAMINA BARBEA	Geral	10.00
5557	LAMINA DE BARBEAR INOX LORD	UTILIDADES	3.00
5558	LAMINA WILKINSON	Geral	3.00
5559	LAMINA WILKINSON	UTILIDADES	4.00
5560	LÂMPADA 30 W BULBO T LED T80	ELETRÔNICOS E ACESSÓRIOS	30.00
5561	lampada 9w	Geral	6.00
5562	LÂMPADA 9W BIVOLT 803 LUMENS	ELETRÔNICOS E ACESSÓRIOS	9.00
5563	LAMPADA 9W FIAT LUX ILUMINA LED+	Geral	8.50
5564	LAMPADA AVANTE	Geral	9.00
5565	LAMPADA BLACK DECKER 9W	Geral	7.00
5566	LÂMPADA BULBO A LED ASUS	ELETRÔNICOS E ACESSÓRIOS	9.00
5567	LAMPADA ELGIN 9W	Geral	8.00
5568	LAMPADA LED	Geral	10.00
5569	LAMPADA OURO LUX 9W	Geral	6.00
5570	lança água toy master	Geral	20.00
5571	LANCHEIRA  PERSONAGENS  3D	Geral	45.00
5572	LANCHEIRA AZUL SANDWICH	UTILIDADES	25.00
5573	LANCHEIRA PRETA NARUTO	Geral	20.00
5574	LANCHEIRA ROSA LABEL SANDWICH	UTILIDADES	25.00
5575	LANCHEIRA SPIDER MAN	Geral	20.00
5576	lantejolas	Geral	2.00
5577	LANTEJOULA VERDE 2g ARCO IRIS	Geral	1.00
5578	LANTERNA   FOCUS PQ	Geral	10.00
5579	LANTERNA ALFACEL	Geral	27.00
5580	LANTERNA CAERUS 800mAh 3W 1 LED CRS-3222	UTILIDADES	40.00
5581	LANTERNA COLORIDA	Geral	6.00
5582	lanterna infantil colorida	Geral	5.00
5583	lanterna led lua tek	Geral	30.00
5584	LANTERNA PEQ COLORIDA	Geral	8.00
5585	lanterna recarregável dp. led light	Geral	20.00
5586	LANTERNA REGARRÉGAVEL	Geral	25.00
5587	lapi c borracha	Geral	2.00
5588	LAPIS	Geral	2.00
5589	LAPIS	Geral	1.00
5590	lapis  bazze	Geral	3.00
5591	lapis  bic 24	Geral	25.00
5592	lápis  de cor winner 24 cores	ESCOLAR	20.00
5593	LAPIS  MARRON	Geral	5.00
5594	LAPIS 2B	Geral	7.00
5595	LAPIS BIC ESCREVER VERDE	Geral	3.00
5596	LAPIS COM BORRACHA	Geral	2.00
5597	Lapis da faber Casrtell	Geral	7.00
5598	lapis de cor  24 und. leo leo	Geral	20.00
5599	LAPIS DE COR  MULTI COLOR 12	Geral	10.00
5600	LAPIS DE COR 12 CORES LEO & LEO	Geral	8.00
5601	lapis de cor 12 mais 2 lapis  preto multi colors	ESCOLAR	17.00
5602	LAPIS DE COR 24 CORES STARSCHOOL	PAPELARIA	22.00
5603	lapis de cor bic c 12 cores mais 4 lapis comum	Geral	18.00
5604	LAPIS DE COR BIC KIDS 24 CORES 12 LAPIS	Geral	17.00
5605	LAPIS DE COR FABER CASTELL CARAS E CORES	Geral	30.00
5606	lapis de cor fernandinho	Geral	5.00
5607	lapis de cor leo leo com 24	Geral	20.00
5608	lapis de cor pequeno 12 cores	Geral	4.00
5609	LAPIS DE COR STARSCHOOL 12 UNID	PAPELARIA	8.00
5610	LAPIS DE COR WINNER	ESCOLAR	15.00
5611	lapis de cpr leo leo	Geral	8.50
5612	LAPIS DE ESCREVER	Geral	2.00
5613	lapis de escrever  tabuada	Geral	2.00
5614	lapis de escrever bic	Geral	3.00
5615	LAPIS DE ESCREVER BIC EVOLUTION	Geral	3.00
5616	LAPIS DE ESCREVER BIC EVOLUTION	Geral	2.00
5617	LAPIS DE ESCREVER COLORIDO	Geral	1.00
5618	LAPIS DE ESCREVER COLORIDO	Geral	1.00
5619	LAPIS DE ESCREVER COLORIDO LEO LEO	Geral	1.00
5620	LAPIS DE ESCREVER COM BORRACHA COLORIDO	Geral	2.00
5621	lapis de escrever com tabuada	Geral	1.00
5622	LAPIS DE ESCREVER FABER CASTEL	Geral	2.00
5623	lapis de escrever faber castel c 14	ESCOLAR	20.00
5624	lapis de escrever faber castel solto	Geral	3.00
5625	LAPIS DE ESCREVER FABER CASTELL	Geral	3.00
5626	LAPIS DE ESCREVER HB N2	Geral	1.00
5627	LAPIS DE ESCREVER LABRA	Geral	1.00
5628	LAPIS DE ESCREVER LEO&LEO N°2/HB	Geral	2.00
5629	LAPIS DE OLHO	Geral	5.00
5630	lapis de olho	Geral	10.00
5631	LAPIS DE OLHO	Geral	5.00
5632	LAPIS DE OLHO BRANCO	Geral	5.00
5633	LAPIS DE OLHO MARROM	Geral	5.00
5634	LAPIS DE OLHO MARROM	Geral	5.00
5635	LAPIS DE OLHO MARRON	Geral	5.00
5636	lapis de olho preto	Geral	5.00
5637	LAPIS DE OLHO PRETO C/APONTADOR	Geral	5.00
5638	lapis de olho preto novo	Geral	10.00
5639	LAPIS ESTAMPADO GATTE	Geral	2.00
5640	lapis faber castel   24 cores	Geral	40.00
5641	LAPIS LEO&LEO COLORIDO	Geral	1.00
5642	LAPIS LEO&LEO DE ESCREVER HB1	Geral	1.00
5643	LAPIS LEO&LEO N°2 HB	Geral	1.00
5644	lapis marron de olho	Geral	5.00
5645	lapis preto	Geral	2.00
5646	lapis preto leo leo	Geral	2.00
5647	LAPIS STARSCHOOL HB	Geral	1.00
5648	LAPIS VERDE	Geral	2.00
5649	lapiseira 0,5  bic	Geral	7.00
5650	LAPISEIRA 0,7	Geral	7.00
5651	lapiseira 0,7  sortida	Geral	5.00
5652	lapiseira 0,7 sortida goller	Geral	5.00
5653	LAPISEIRA 0.5	Geral	5.00
5654	LAPISEIRA 0.7	Geral	5.00
5655	LAPISEIRA 0.7	Geral	5.00
5656	LAPISEIRA 0.7	Geral	5.00
5657	LAPISEIRA 0.7	Geral	7.00
5658	LAPISEIRA 0.7 CLASSE	Geral	5.00
5659	LAPISEIRA 0.7 POLY TEEN FABER CASTELL	PAPELARIA	5.00
5660	LAPISEIRA BIC 0,7 COLORS	Geral	5.00
5661	LAPISEIRA FABER-CASTELL	Geral	5.00
5662	LAPISEIRA FABER-CASTELL 0.5	PAPELARIA	5.00
5663	lapiseira goller 0.7	Geral	7.00
5664	LAPISEIRA GOLLER NEON	Geral	5.00
5665	LAPISEIRA INFINITA	Geral	10.00
5666	lapiseira infinita 0,7	Geral	10.00
5667	LAPISEIRA MY MELODY	Geral	5.00
5668	LAPISEIRA PONTA GROSSA	Geral	5.00
5669	LAPIZ DE ESCREVER	Geral	2.00
5670	lasanheira 2,9L marinex	VIDROS	65.00
5671	lasanheira com tanpa 4 litros sempre marinex	VIDROS	85.00
5672	LASER COLORIDO	Geral	7.00
5673	LASER COLORIDO 3 EM 1	BRINQUEDOS	7.50
5674	LASER NEW	Geral	8.00
5675	lastex	Geral	4.00
5676	LASTEX 10M	Geral	2.50
5677	LATA COFRE PEQUENO	BRINQUEDOS	3.00
5678	LATA CORAÇAO C PELUCIA PRESENTE	Geral	30.00
5679	latex	Geral	2.00
5680	LAVA ARROZ 24X21X10cm	UTILIDADES	6.00
5681	LAVA ARROZ COLOR	PLASTICOS	6.00
5682	lava arroz plassútil	Geral	10.00
5683	LAVA ARROZ UNINJET	Geral	8.00
5684	LAVA ARROZ UNINJET GRANDE	Geral	8.00
5685	lava azulejo	Geral	10.00
5686	LAVA FRUTAS	Geral	5.00
5687	LAVA LEGUMES PLASMARC	UTILIDADES	5.00
5688	LAVA ROUPAS TIXAN YPÊ	Geral	12.00
5689	LAVA SANITARIO PLASTICA C/SUPORTE COLORIDA	UTILIDADES	6.00
5690	LAVA TUDO	UTILIDADES	4.00
5691	lava tudo	Geral	6.20
5692	LAVA TUDO POP	Geral	4.00
5693	LAVA TUDO VERMELHO UNINJET	PLASTICOS	4.00
5694	LAVADOR DE ARROZ	UTILIDADES	6.50
5695	LAVATINA CABO INOX	BANHEIRO	11.00
5696	LAVA-TUDO COLOR	Geral	6.00
5697	LEGO HEROES ASSEMBLE	BRINQUEDOS	30.00
5698	LEGO MINECRAFT MY WOLRD	BRINQUEDOS	30.00
5699	LEGUMEIRA QUARQUEADA  N 20	COZINHA	50.00
5700	LEGUMERA N18 POLIDA 3,3L	Geral	45.00
5701	LEITEIRA  POLIDA N 12  C TAMPA	ALUMINIO	22.00
5702	LEITEIRA ALUMINIO C TANPA N 14	ALUMINIO	24.00
5703	LEITEIRA C/T N 14 ALUMINIO-C	Geral	26.00
5704	LEITEIRA VERMELHA ALEGRETE	Geral	30.00
5705	LENÇOL  DE SOLTEIRO  DE ELASTICO	CAMA, MESA E BANHO	33.00
5706	LENÇOL  SOLTEIRO BRANCO ELASTICO	Geral	30.00
5707	lençol branco solteiro	Geral	20.00
5708	LENÇOL DE CASAL C/ELASTICO	CAMA, MESA E BANHO	35.00
5709	LENÇOL DE CASAL ELASTICO	Geral	35.00
5710	lençol de solteiro	Geral	25.00
5711	LENÇOL DE SOLTEIRO  TECIDO	Geral	33.00
5712	LENÇOL DE SOLTEIRO BRANCO	Geral	30.00
5713	LENÇOL SOLTEIRO MICROFIBRA	Geral	25.00
5714	LENÇOS FEMININOS PRINCE	UTILIDADES	4.00
5715	LENÇOS MASCULINOS C/3 VITÓRIA	UTILIDADES	9.00
5716	LEQUE	Geral	5.00
5717	LEQUE	Geral	7.00
5718	LETREIRO CHA DE BEBE	Geral	2.00
5719	LICHA DE UNHA	Geral	0.50
5720	lift  credeal	Geral	8.50
5721	LIGINHA	Geral	3.00
5722	LIGUINHA C BOLSINHA	Geral	6.00
5723	LIGUINHA COLORIDA	Geral	2.00
5724	LIGUINHA COLORIDA DE 3	Geral	3.00
5725	LIGUINHA DE CABELO	Geral	2.00
5726	LIGUINHA DE CABELO	Geral	3.00
5727	LIGUINHA DE CABELO DE 4	Geral	4.00
5728	LIGUINHA NOVA C BOLSINHA	Geral	7.00
5729	LIGUINHA PRETA DE 3	Geral	3.00
5730	LIGUINHA STEADY COLOR	Geral	8.00
5731	LIGUINHA STEADY COLOR	Geral	5.00
5732	LIMPA  AZULEJO   EXTRA G 40 CM	Geral	15.00
5733	LIMPA AZULEJO	Geral	10.00
5734	LIMPA AZULEJO	Geral	8.50
5735	LIMPA AZULEJO M 240X70X20mm	UTILIDADES	8.50
5736	LIMPA AZULEJO 24X7X2,5cm	UTILIDADES	8.50
5737	LIMPA AZULEJO 25 CM	UTILIDADES	12.00
5738	LIMPA AZULEJO 25CM	Geral	10.00
5739	LIMPA AZULEJO 29X7X2,5	UTILIDADES	10.00
5740	LIMPA AZULEJO BIG	UTILIDADES	14.00
5741	LIMPA AZULEJO BRILHEX PEQUENO	UTILIDADES	11.50
5742	LIMPA AZULEJO SEM CABO	Geral	5.50
5743	limpa azulezo	Geral	10.00
5744	limpa cera	Geral	8.50
5745	LIMPA GARRAFA	Geral	5.00
5746	LIMPA PORCELANATO	UTILIDADES	9.00
5747	LIMPA VIDROS LIMPOL	Geral	10.00
5748	LIMPA VIDROS LUAR	Geral	4.00
5749	LIMPADOR UAU MULTIUSO	Geral	5.50
5750	LINGINHA	Geral	5.00
5751	LINGUA DE SOGRA	FESTA	2.00
5752	linguinha grande	Geral	6.00
5753	linguinha pacotepequeno	Geral	2.00
5754	LINHA AMARELA	Geral	2.00
5755	linha azul claro	Geral	2.00
5756	LINHA AZUL ESCURO	Geral	2.00
5757	LINHA AZUL MARINHO	Geral	2.00
5758	LINHA BEGE	Geral	2.00
5759	LINHA BORDA	Geral	4.00
5760	linha branca	Geral	2.00
5761	LINHA BRANCA	Geral	2.00
5762	LINHA CINZA	Geral	2.00
5763	LINHA COR GRAFITE	Geral	2.00
5764	LINHA DE COSTURA SORTIDA	Geral	2.00
5765	linha laranja	Geral	2.00
5766	LINHA MAGNA RETROS PLUS COR: VERMELHO	Geral	2.00
5767	LINHA MARROM ESCURO	Geral	2.00
5768	LINHA PRETA	Geral	2.00
5769	linha rosa	Geral	2.00
5770	LINHA ROXA	Geral	2.00
5771	linha verde claro	Geral	2.00
5772	LINHA VERDE ESCURA	Geral	2.00
5773	LINHA VERMELHA	Geral	2.00
5774	LINHA VINHO	Geral	2.00
5775	LINHAS CORES DIVERSAS	Geral	2.00
5776	LIQUIDIFICADOR  MONDIAL PRETO	Geral	130.00
5777	LIQUIDIFICADOR BRITANIA DIAMANTE 900W	Geral	150.00
5778	liquidificador mondial branco	Geral	130.00
5779	LIQUIDIFICADOR MONDIAL BRANCO C CINZA	ELETRODOMESTICOS	130.00
5780	LIQUIDIFICADOR MONDIAL PRETO	Geral	170.00
5781	liquidificador mondial vermelho	Geral	180.00
5782	litte bee unicornio	Geral	45.00
5783	LITTE DOLLS	Geral	110.00
5784	LITTLE CUTE HOUSE	Geral	20.00
5785	LITTLE DOCTORS	Geral	24.00
5786	LITTLE MERMAID AND SCEPTER	BRINQUEDOS	20.00
5787	LIVRÃO COLORIR CARROS	BRINQUEDOS	8.00
5788	LIVRÃO MICKEY DE LER E COLORIR	BRINQUEDOS	8.00
5789	LIVRÃO SPIDERMAN DE LER E COLORIR	BRINQUEDOS	8.00
5790	LIVRINHO BABY SHARK LER E COLORIR NICKELODEON	BRINQUEDOS	6.00
5791	LIVRINHO BOBEGODE	Geral	50.00
5792	livrinho colorir	Geral	5.00
5793	LIVRINHO DE COLORIR	Geral	5.00
5794	LIVRINHO GALINHA PINTADINHA LER E COLORIR	BRINQUEDOS	6.00
5795	LIVRINHO PRINCESAS	BRINQUEDOS	6.00
5796	LIVRINHO TURMA DA MONICA	BRINQUEDOS	6.00
5797	LIVRO BOB GOOD	Geral	30.00
5798	LIVRO BOBGOOD	Geral	50.00
5799	LIVRO CAIXA	Geral	22.00
5800	livro de colori	Geral	5.00
5801	livro pra pintar	Geral	5.00
5802	LIXA DE PÉ CLEIA	Geral	8.00
5803	LIXA DE UNHA	Geral	1.00
5804	LIXA DE UNHA	Geral	1.00
5805	LIXA DE UNHA	Geral	0.50
5806	LIXA P/ OS PES	Geral	4.00
5807	LIXA P/OS PES	Geral	4.00
5808	lixeira	Geral	25.00
5809	lixeira   109 litrosc alça  tampa preta	UTILIDADES	90.00
5810	LIXEIRA  13 LITROS  RETANGULAR	COZINHA	30.00
5811	lixeira  61 litros	UTILIDADES	45.00
5812	lixeira  clik 4,5 l preta	Geral	18.00
5813	lixeira  pedal7.5	Geral	20.00
5814	lixeira  preta c pedal	Geral	35.00
5815	lixeira  reta preta 2,5 l	Geral	17.00
5816	lixeira  smart 15 l mb cinza c pedal	COZINHA	40.00
5817	LIXEIRA 10 L PRETA	Geral	16.00
5818	LIXEIRA 7 LITROS INPLAST COLORS	UTILIDADES	21.00
5819	LIXEIRA 7 LITROS PRETA	UTILIDADES	18.00
5820	LIXEIRA 7 LITROS RATTAN ARQPLAST	Geral	25.00
5821	LIXEIRA 9 LTS CLICK ROSE	UTILIDADES	30.00
5822	lixeira 97 litros c rodinha	Geral	90.00
5823	lixeira basculante	Geral	14.00
5824	lixeira basculante  7,2 litros black	Geral	25.00
5825	LIXEIRA BASCULANTE 13L REDONDA	UTILIDADES	24.00
5826	LIXEIRA BASCULANTE 3,2L	UTILIDADES	10.00
5827	LIXEIRA BASCULANTE 3,6 LTS	Geral	10.00
5828	LIXEIRA BASCULANTE 42L	Geral	43.00
5829	LIXEIRA BASCULANTE 7L QUAD	UTILIDADES	14.00
5830	LIXEIRA BASCULANTE ECO NATURE 5,5 LTS	Geral	16.00
5831	LIXEIRA BASIC GIPLAS 10 LITROS	Geral	29.99
5832	lixeira c pedal 15 l branca mb	COZINHA	40.00
5833	LIXEIRA C/ PEDAL 14L COLORIDA	UTILIDADES	30.00
5834	LIXEIRA C/ PEDAL 21 LITROS	UTILIDADES	62.00
5835	LIXEIRA C/ PEDAL 21L	Geral	40.00
5836	LIXEIRA C/ PEDAL 7 LTS	UTILIDADES	18.25
5837	LIXEIRA C/ TAMPA 10 LTS ARQPLAST	UTILIDADES	10.00
5838	LIXEIRA CLIC  PÓA	Geral	25.00
5839	LIXEIRA CLICK - BRANCA	UTILIDADES	13.50
5840	LIXEIRA CLICK 4,5L	UTILIDADES	18.00
5841	LIXEIRA CLICK 9 LTS INOX	UTILIDADES	30.00
5842	LIXEIRA CLICK 9 LTS VERMELHA	UTILIDADES	30.00
5843	LIXEIRA CLICK ARQPLAST 9 LTS	PLASTICOS	25.00
5844	lixeira com pedal 20l preta	UTILIDADES	50.00
5845	lixeira com pedal 7 l e meio  inplast	Geral	21.00
5846	lixeira com pedal label inox	UTILIDADES	50.00
5847	lixeira com tampa 30 litros  verde	COZINHA	30.00
5848	LIXEIRA COM TAMPA E RODAS 100L PRETA	UTILIDADES	95.00
5849	LIXEIRA COM TANP BASCULANTE 3,6 L	Geral	10.00
5850	lixeira de 100 litros	Geral	85.00
5851	LIXEIRA DE PIA 3,5L ERCAPLAST BASCULANTE	UTILIDADES	10.00
5852	LIXEIRA DECORADA 13 LTS	Geral	25.00
5853	LIXEIRA ECO NATURE BASCULANTE  12 LTS	Geral	25.00
5854	LIXEIRA ELEGANCE C OM PEDAL 7,5 LTS	UTILIDADES	15.00
5855	LIXEIRA ESCRITÓRIO CLIK REDONDA   10 l	UTILIDADES	30.00
5856	LIXEIRA JAGUAR	Geral	32.00
5857	LIXEIRA JAGUAR 40 LT  C, PEDAL PRETA	Geral	82.00
5858	LIXEIRA LABEL 10L METALIZADA	UTILIDADES	30.00
5859	LIXEIRA N°8 C/TAMPA PLASMARC	UTILIDADES	8.00
5860	LIXEIRA PEDAL 13 LITROS QUADRADA	Geral	28.00
5861	lixeira pedal 14 litros	Geral	30.00
5862	LIXEIRA PEDAL 7,5 LTS AQUARELA	UTILIDADES	21.00
5863	LIXEIRA PEDAL REDONDA PRETA 12L	COZINHA	30.00
5864	lixeira pia abre preta 35 l arqplat	COZINHA	75.00
5865	LIXEIRA PLUS 15L PRETA COM PEDAL - SILVERBLACK	UTILIDADES	30.00
5866	LIXEIRA POP 10L	Geral	20.00
5867	LIXEIRA POP 30L - SILVERBLACK	UTILIDADES	35.00
5868	LIXEIRA POP C/ TAMPA 30 L	Geral	30.00
5869	LIXEIRA POP C/TAMPA 30L	Geral	40.00
5870	LIXEIRA PRETA C/ PEDAL 13L QUADRADA	UTILIDADES	25.00
5871	LIXEIRA PRETA C/PEDAL 7,5L	UTILIDADES	25.00
5872	lixeira preta de pia  5 litros ratan	COZINHA	15.00
5873	LIXEIRA PRETA RETANGULAR BLACK 7 LITROS	COZINHA	20.00
5874	LIXEIRA QUADRADA C/ PEDAL 14 LTS	UTILIDADES	30.00
5875	LIXEIRA QUADRADA C/ PEDAL 7,5 LTS ECO	JARDINAGEM	23.00
5876	LIXEIRA QUADRADA INPLAST 14 LTS	UTILIDADES	30.00
5877	LIXEIRA QUADRADA PRETA BASCULANTE 7L	Geral	20.00
5878	LIXEIRA RATAN 7 LITROS RETANGULAR PRETA	UTILIDADES	30.00
5879	LIXEIRA RATAN CINZA PEDAL 7 LITROS	UTILIDADES	30.00
5880	LIXEIRA RATTAN C/ TAMPA CLICK 10L PRETA	JARDINAGEM	24.00
5881	LIXEIRA REDONDA  UNINJET	Geral	15.00
5882	LIXEIRA REDONDA 12 LITROS LISA	UTILIDADES	22.00
5883	LIXEIRA REDONDA 15 POA	Geral	28.00
5884	LIXEIRA REDONDA LISA BLACK	Geral	25.00
5885	LIXEIRA REDONDA PRATA	Geral	25.00
5886	LIXEIRA REDONDA PRETA  7 L	COZINHA	20.00
5887	LIXEIRA RET. CLICK 7,5L	Geral	25.00
5888	LIXEIRA RET.CLICK 7,5L - SOULECO	UTILIDADES	17.50
5889	lixeira reta 2,5 lmetalizada	Geral	17.00
5890	LIXEIRA TELADA 10L ECO	PLASTICOS	6.00
5891	LIXEIRA TELADO PRETO QUAD 7L	UTILIDADES	8.50
5892	lixeira vermelha  uninjet 6 litros	Geral	9.00
5893	LIXEIRINHA DE MESA 2 LITROS	COZINHA	8.00
5894	LOL SURPRISE C/6 + BOLA	BRINQUEDOS	105.00
5895	lousa  mágica pica pau	Geral	30.00
5896	lousa 40x50	ESCOLAR	27.00
5897	LOUSA GRANDE	BRINQUEDOS	18.00
5898	LOUSA GRANDE INFANTIL	BRINQUEDOS	23.00
5899	LOUSA INFANTIL ESPECIAL	BRINQUEDOS	12.00
5900	LOUSA LCD 8,5	BRINQUEDOS	16.00
5901	LOUSA MAGICA	BRINQUEDOS	30.00
5902	LOUSA MAGICA 16CM ELEFANTE TOYS	BRINQUEDOS	10.00
5903	LOUSA MAGICA GRANDE	BRINQUEDOS	30.00
5904	LOUSA MAGICA GRANDE 33X23 ESCRITA PRETA	Geral	24.00
5905	LOUSA MÁGICA GRANDE SORTIDA  ESCRITA COLORIDA	BRINQUEDOS	25.00
5906	LOUSA MÁGICA PEQUENA	BRINQUEDOS	15.80
5907	lousa mágica pequena	Geral	15.00
5908	lousa mágica pequena azul	Geral	8.00
5909	LOUSA MAGICA RISQUE RABISQUE	Geral	20.00
5910	LOUSA PEQUENA 25X39	BRINQUEDOS	8.50
5911	lousinha infatil	Geral	10.00
5912	LR 44 BATERIA  ELGIN	Geral	3.00
5913	LUMINARIA NOTURNA QUADRADA	Geral	10.00
5914	LUPA GRANDE	Geral	7.00
5915	LUVA	Geral	8.50
5916	luva  adulto	Geral	25.00
5917	luva  adulto	Geral	25.00
5918	luva  latex m  danny	Geral	6.70
5919	LUVA ADULTO	Geral	20.00
5920	LUVA DE BORRACHA DANNY	Geral	6.70
5921	LUVA DE PANO	Geral	20.00
5922	LUVA ELASTICA	Geral	20.00
5923	luva fem.	Geral	25.00
5924	luva infantil	Geral	15.00
5925	LUVA INFANTIL	Geral	10.00
5926	LUVA INFANTIL COLORS	Geral	12.00
5927	luva infantitl	Geral	15.00
5928	LUVA LATEX  G	UTILIDADES	6.70
5929	LUVA LATEX  LIGHT TAM P,M,G	UTILIDADES	6.70
5930	LUVA LATEX AMARELA T G	Geral	6.70
5931	LUVA LÁTEX DANNY	UTILIDADES	6.70
5932	LUVA LATEX LIGHT  TAM P	UTILIDADES	6.70
5933	LUVA LATEX M	UTILIDADES	6.70
5934	LUVA MAGIC STRETCH	Geral	8.50
5935	luva metalizada curta util	Geral	15.00
5936	LUVA PLASTICA 100 UND.	Geral	5.00
5937	LUVA PRA BEBÊ	Geral	12.00
5938	LUVA PRA BEBÊ	Geral	10.00
5939	LUVA PRETA	Geral	10.00
5940	LUVA PRETA	Geral	20.00
5941	LUVA TERMICA 33X18cm	UTILIDADES	13.00
5942	LUVA TÉRMICA METALIZADA LEO PLAST	UTILIDADES	14.00
5943	LUVA TRICOTADA PRETA KALIPSO	Geral	20.00
5944	LUVAS INFANTIL	Geral	12.00
5945	LUVAS MULTIUSO LÁTEX LIGHT 8/M	UTILIDADES	6.70
5946	LUVINHA INFANTIL	Geral	10.00
5947	luvinha infantil	Geral	15.00
5948	LUVINHA INFANTIL CAMILA	Geral	12.00
5949	LUZ  BRANCA  12 W  OURO LUX	Geral	8.50
5950	LUZ NOTURNA FIX	Geral	15.00
5951	MALETA DE PRIMEIROS SOCORROS	Geral	40.00
5952	MALETA FEMININA ARQPLAST	Geral	40.00
5953	MALETA FOGÃO & CIA	BRINQUEDOS	50.00
5954	MALETA MEDIA DE MEDICO	BRINQUEDOS	28.50
5955	MAMADEIRA AZUL . ROSA GRANDE	UTILIDADES	7.00
5956	MAMADEIRA AZUL BABY LOO	Geral	7.00
5957	mamadeira infantil mágica baby princess	Geral	7.00
5958	MAMADEIRA INFANTIL P/MENINA 240ml	Geral	7.00
5959	MAMADEIRA JUDY	Geral	15.00
5960	MAMADEIRA MAGICA SUCO BABY PRINCESS	BRINQUEDOS	7.00
5961	MAMADEIRA MAMEKA	Geral	8.00
5962	MAMADEIRA MAMEKA AZUL 320 ML	Geral	8.00
5963	MAMADEIRA MÉDIA ROSA. AZUL	UTILIDADES	6.00
5964	MAMADEIRA ROSA	Geral	7.00
5965	MAMADEIRA ROSA/AZUL   mamita	UTILIDADES	10.00
5966	MAMADEIRINHA BABY PRINCESS LEITE	BRINQUEDOS	7.00
5967	MAMADEIRINHA SUCO BABY PRINCESS	BRINQUEDOS	7.00
5968	MANCEBO	Geral	75.00
5969	MANGUEIRA 15 METROS AZUL	Geral	45.00
5970	mangueira 15 mts  sunflex	Geral	44.00
5971	MANGUEIRA 15M BARIFLEX	UTILIDADES	55.00
5972	mangueira 20 mts celus plast mar	Geral	70.00
5973	mangueira de 10 mts bariflex	JARDINAGEM	40.00
5974	mangueira de 15 mts poliflex	JARDINAGEM	52.00
5975	MANGUEIRA DE 25 MTS TRANCADA - D	Geral	74.00
5976	mangueira de gas	Geral	12.00
5977	MANGUEIRA DE JARDIM C/ESGUICHO	Geral	53.00
5978	MANGUEIRA DE PVC 20 MTS C/BICO E UNIAO C/REDUÇÃO P/TORNEIRA 3/4,	UTILIDADES	56.00
5979	MANGUEIRA GARDEN HOSE 12MM 50FT	Geral	69.90
5980	MANGUEIRA GAS GLP 0,80CM	Geral	12.00
5981	MANGUEIRA GAS GLP 1,25M	Geral	16.00
5982	MANGUEIRA PRATICA TRANÇADA 25 METROS	UTILIDADES	70.00
5983	mangueira sunflex 10 mts	Geral	36.00
5984	MANTA   SORTIDAS	Geral	55.00
5985	MANTEIGA DE CACAU	PERFUMARIA	3.80
5986	MANTEIGA DE CACAU	Geral	4.00
5987	MANTEIGUEIRA	Geral	10.00
5988	MAO DE OBRA DE FAZER PRESENTE	Geral	2.00
5989	MAQUIAGEM	Geral	15.00
5990	maquiagem	Geral	15.00
5991	MAQUIAGEM  GD	Geral	15.00
5992	MAQUIAGEM  INFANTIL	BRINQUEDOS	11.00
5993	MAQUIAGEM DE BONECA	Geral	8.00
5994	MAQUIAGEM DISCO TEEN	Geral	15.00
5995	MAQUIAGEM DISCOTEEN BRINQUEDO	Geral	20.00
5996	MAQUIAGEM GOLFINHO	BRINQUEDOS	20.00
5997	MAQUIAGEM GRANDE	Geral	16.00
5998	maquiagem infantil	Geral	25.00
5999	MAQUIAGEM INFANTIL   DISCO TEEN	Geral	20.00
6000	maquiagem infantil disco teen	Geral	20.00
6001	MAQUIAGEM INFANTIL DISCO TEEN	Geral	15.00
6002	MAQUIAGEM LITTLE BEAULTY	BRINQUEDOS	20.00
6003	MAQUIAGEM PEQUENA	Geral	12.00
6004	MAQUIAGEM PQ	Geral	10.00
6005	marca texto	Geral	7.00
6006	MARCA TEXTO	Geral	5.00
6007	MARCA TEXTO  CIS	Geral	7.00
6008	MARCA TEXTO 2 COR	Geral	4.00
6009	MARCA TEXTO 2 PONTAS	Geral	7.00
6010	MARCA TEXTO AMARELO NEWPEN	ESCOLAR	5.00
6011	MARCA TEXTO AZUL	Geral	4.00
6012	MARCA TEXTO CIS SORTIDO	Geral	7.00
6013	MARCA TEXTO COLOR SPOTLINNER	PAPELARIA	8.00
6014	marca texto colors hihlighter	ESCOLAR	5.00
6015	MARCA TEXTO EM GEL	Geral	8.00
6016	MARCA TEXTO FLUORESCENTE AZUL	PAPELARIA	4.00
6017	MARCA TEXTO HIGHLIGHTER	Geral	7.00
6018	MARCA TEXTO HIGHLIGHTER OFFICE	Geral	5.00
6019	marca texto neon 8 cores	Geral	20.00
6020	marca texto neopen	Geral	5.00
6021	MARCA TEXTO NEW PEN LARANJA	ESCOLAR	5.00
6022	MARCA TEXTO ROSA	Geral	5.00
6023	marca texto rosa cis	Geral	5.00
6024	MARCA TEXTO ROSA GOLLER	Geral	4.00
6025	marca texto roxo cis	Geral	5.00
6026	MARCA TEXTO VERDE NEWPEN	ESCOLAR	5.00
6027	MARCADOR BRASFORT	Geral	5.00
6028	MARCADOR PERMANENTE	Geral	7.00
6029	MARCADOR PERMANENTE GÖLLER SYMBOL	PAPELARIA	5.00
6030	MARCADOR PERMANENTE PRETO	PAPELARIA	5.00
6031	MARCADOR VERMELHO	Geral	6.00
6032	MARINEX   SALADEIRA PEQUENA	Geral	16.00
6033	MARINEX 1,6L VIDRO TEMPERADO	Geral	30.00
6034	MARINEX 1,8 L	Geral	22.00
6035	MARINEX COM TAMPA 2 L	VIDROS	30.00
6036	marinex com tanpa  3,7 l decorada	VIDROS	75.00
6037	marinex com tanpa 5 l	COZINHA	85.00
6038	MARINEX MARMITA C/ TAMPA 1L	VIDROS	25.00
6039	MARINEX MARMITA C/TAMPA	VIDROS	17.00
6040	marinex sem tanpa 3,5l	Geral	52.00
6041	marmita   polida n 16  redonda	COZINHA	21.50
6042	MARMITA  TERMICA   REDONDA   GIGANTE	Geral	45.00
6043	MARMITA 1L USUAL EMPILHAVEL	Geral	14.00
6044	MARMITA COM PORTA TALHER	Geral	16.00
6045	marmita com trava erca	COZINHA	10.50
6046	MARMITA ERCA 3 EM 1	PLASTICOS	10.00
6047	MARMITA N.14	ALUMINIO	23.00
6048	MARMITA N.16 ALUMINIO	ALUMINIO	25.00
6049	MARMITA N°12 600ML	ALUMINIO	15.50
6050	MARMITA N°14, 800ML	ALUMINIO	17.50
6051	MARMITA N°16 1L	ALUMINIO	25.00
6052	marmita polida  600 ml	COZINHA	17.50
6053	MARMITA POLIDA N 14 MP	ALUMINIO	15.00
6054	marmita polida redonda n 14	Geral	20.00
6055	MARMITA POLIDA REDONDA N 16	Geral	20.00
6056	MARMITA REDONDA 18	ALUMINIO	22.50
6057	MARMITA REDONDA N 10	ALUMINIO	12.00
6058	MARMITA REDONDA N 12 POLIDA MP	ALUMINIO	14.00
6059	MARMITA ROSA	PLASTICOS	23.50
6060	MARMITA SOLTA C/TAMPA	Geral	0.50
6061	MARMITA TÉRMICA  RETANGULAR	COZINHA	40.00
6062	MARMITA TERMICA BOCA QUENTE	Geral	33.00
6063	MARMITA TERMICA REDONDA PEQUENA N°14	UTILIDADES	25.00
6064	MARMITA TERMICA redonsa	ALUMINIO	40.00
6065	MARMITA TERMICA RETANGULAR	UTILIDADES	30.00
6066	marmita vidro	Geral	16.10
6067	MARMITEX BM102	Geral	36.00
6068	MARMITEX BOM APETITE - EPS	DESCARTÁVEIS	36.00
6069	MARMITEX BOM APETITE BM-550Q	DESCARTÁVEIS	36.00
6070	MARMITEX SPUMA PAC	DESCARTÁVEIS	40.00
6071	MARTELO CHAPOLIN	BRINQUEDOS	16.00
6072	martelo de carne	Geral	10.00
6073	martelo de carne madeira	UTILIDADES	6.80
6074	MARTELO DE CARNE MADEIRA	COZINHA	6.80
6075	MÁSCARA CAPITÃO AMÉRICA	BRINQUEDOS	10.00
6076	MASCARA DE PANO	Geral	1.00
6077	MASCARA DESCARTAVEL SOLTA	Geral	1.00
6078	MASCARA DO HOMEN ARANHA	Geral	10.00
6079	MASCARA E ESPADA	BRINQUEDOS	28.00
6080	mascára homem aranha	Geral	13.00
6081	MASCARA HOMEM-ARANHA	Geral	20.00
6082	MASCARA HULK	BRINQUEDOS	10.00
6083	MASCARA INFANTIL	Geral	5.00
6084	MASCARA MEDI COMPANY  BRANCA	UTILIDADES	20.00
6085	MASCARA TEIA PRETA	BRINQUEDOS	7.00
6086	MASCARA UZY PRETA	UTILIDADES	25.00
6087	MASCARAS SUPER-HEROIS	Geral	20.00
6088	MASSA DE MODELAR STARSCHOOL	BRINQUEDOS	3.00
6089	MASSINHA	BRINQUEDOS	7.00
6090	MASSINHA DE MODELAR ALCALEX	BRINQUEDOS	5.00
6091	MASSINHA DE MODELAR C/12 CORES	BRINQUEDOS	7.00
6092	MAXI DUCHA ULTRA LORENZETTI	Geral	78.00
6093	MAXX TRUCK	BRINQUEDOS	55.00
6094	MB BONECO PELADO C/5	Geral	3.00
6095	MECHA TRANSFORMERS KOMBI	BRINQUEDOS	70.00
6096	medical center	BRINQUEDOS	55.00
6097	MEGA JUNIOR  BEACH	Geral	15.00
6098	MEIA	Geral	10.00
6099	MEIA   TRIFIL EG  PRETA	Geral	16.00
6100	meia adulto femenino	Geral	15.00
6101	MEIA CALÇA DE FRIO	Geral	30.00
6102	MEIA CALÇA G NATURAL	Geral	16.00
6103	MEIA CALÇA PRETA SEM PÉ	Geral	30.00
6104	MEIA CALÇA TRIFIL COR FUMÊ	UTILIDADES	14.00
6105	MEIA CALÇA TRIFIL TABACO UNICO	UTILIDADES	14.00
6106	meia de 12 sapatilha	Geral	12.00
6107	MEIA FINA	Geral	14.00
6108	MEIA FINA ADHERENCE	Geral	14.00
6109	MEIA FINA TRI FIL EG  CLÁSSICA	Geral	14.00
6110	MEIA HR	Geral	7.00
6111	MEIA INFANTIL	Geral	10.00
6112	meia infatil	Geral	12.00
6113	MEIA P/ BEBÊ	Geral	20.00
6114	meia tri fil cacau g	Geral	14.00
6115	MEIA TRIFIL EG CACAU	Geral	16.00
6116	MEIA TRIFIL EG NATURAL	Geral	16.00
6117	meia trifil g preta	Geral	13.00
6118	MEIA TRIFIL PÓ DE ARROZ	Geral	14.00
6119	MEIA TRIFIL PRETA  G	Geral	16.00
6120	MEIA TRIFIL PRETA UNICO	Geral	16.00
6121	MEIA TRIFIL TAM UNICO NATURAL	Geral	16.00
6122	MEIAS INFANTIS C/3	Geral	10.00
6123	MEIAS MASCULINAS	Geral	12.00
6124	MEIO VASO  CERAMICA MÉDIO	Geral	12.00
6125	meio vaso 2 color verde	JARDINAGEM	12.00
6126	MEIO VASO PRETO	Geral	7.50
6127	meio vaso preto	Geral	12.00
6128	MERMAID SEREIA	Geral	40.00
6129	MESA  INFANTIL  AZUL	Geral	40.00
6130	MESA AZUL	BRINQUEDOS	55.00
6131	MESA INFANTIL  ROSA  ARQUAPLAST	Geral	85.00
6132	MESA INFANTIL ARQUAPLAST	Geral	85.00
6133	MESA INFANTIL AZUL	Geral	55.00
6134	MESA INFANTIL AZUL	Geral	60.00
6135	MESA INFANTIL OFERTA	Geral	20.00
6136	MESA INFANTIL ROSA	Geral	40.00
6137	MESA ROSA	BRINQUEDOS	55.00
6138	METRO DE ELASTICO	Geral	2.00
6139	METRO DE TNT	PAPELARIA	5.00
6140	METRO DE TNT AMARELO	Geral	4.00
6141	METRO DE TNT BRANCO	Geral	4.00
6142	METRO DE TNT CINZA	Geral	5.00
6143	METRO DE TNT LILAS	Geral	5.00
6144	METRO DE TNT MARROM	Geral	4.00
6145	METRO DE TNT ROSA	UTILIDADES	5.00
6146	METRO DE TNT ROSA	Geral	4.50
6147	METRO DE TNT VERDE	Geral	4.00
6148	METRO DE TNT VERDE	Geral	4.50
6149	METRO DE TNT VERDE	Geral	5.00
6150	METRO DE TNT VERMELHO	Geral	4.50
6151	MIÇANGAS CRYSTAL GEMS METALLIC JEWELRY	BRINQUEDOS	20.00
6152	michila  mini	Geral	30.00
6153	MICROFONE MUSICAL MUSIC MIKE	BRINQUEDOS	25.00
6154	MICROFONE MUSICAL MUSIC MIKE	Geral	30.00
6155	microndas infantil erca	Geral	12.00
6156	milk baby s  banho faz xixi	BRINQUEDOS	65.00
6157	MINECRAFT	Geral	100.00
6158	mini   brinquedos carrinho	Geral	2.50
6159	mini  boiadeiro diverplas	Geral	15.00
6160	MINI  BRIN. DENTADURA	Geral	2.50
6161	MINI ALMOFADA	Geral	10.00
6162	mini basculante	Geral	9.00
6163	MINI BATEDEIRA DIVERPLAS	BRINQUEDOS	25.00
6164	MINI BONECA C/ CARRINHO	Geral	40.00
6165	MINI BONECO	Geral	2.00
6166	MINI BRINQ LINGUA DE SOGRA C/6	FESTA	2.00
6167	MINI BRINQ. ARANHA	kit FESTA	3.00
6168	MINI BRINQ. FORMA DE MOLDAR	Geral	2.50
6169	MINI BRINQ. NARIZ DE PALHAÇO	Geral	2.00
6170	MINI BRINQUEDO  IOIO	kit FESTA	2.50
6171	MINI BRINQUEDO  JATO	kit FESTA	2.50
6172	MINI BRINQUEDO  SKATE	kit FESTA	2.50
6173	MINI BRINQUEDO APITO	kit FESTA	2.50
6174	MINI BRINQUEDO CARRINHO DE ROLEMÃ	kit FESTA	2.50
6175	MINI BRINQUEDO CORNETAS	kit FESTA	2.50
6176	MINI BRINQUEDO PIÃO	kit FESTA	2.50
6177	MINI BRINQUEDO SOLDADINHOS	kit FESTA	2.50
6178	MINI CAMINHÕES DE BOMBEIRO CITY VEHICLE	BRINQUEDOS	8.00
6179	MINI CEGONHEIRO	BRINQUEDOS	22.00
6180	mini colher festa acrilico	Geral	2.00
6181	mini colher rosa festa	Geral	2.00
6182	MINI COZINHA COLEÇÃO PRINCESA	BRINQUEDOS	19.00
6183	MINI CUSCUZEIRO REDAR ALUMINIOS	Geral	40.00
6184	MINI DINHEIRINHO	Geral	3.00
6185	mini floreira cinza terra cota  verde preta	JARDINAGEM	6.00
6186	mini floreira preta	Geral	6.00
6187	MINI GUINCHO S.O.S	BRINQUEDOS	15.00
6188	MINI LUMINÁRIA LIVON LED/BIVOLT	ELETRONICOS	10.00
6189	MINI MALETA  PRATA	Geral	6.00
6190	MINI MALETA LADY  BOX ROSA	UTILIDADES	6.00
6191	MINI MOCHILA UP4YOU	Geral	10.00
6192	MINI MOTO	kit FESTA	2.50
6193	MINI PARQUE DE DIVERSOES	BRINQUEDOS	20.00
6194	MINI PASTA RG	Geral	4.00
6195	MINI PASTA TRANSP. MULTIUSO CNH	UTILIDADES	4.50
6196	mini potes c 4	Geral	7.50
6197	MINI PROCESSADOR DE ALIMENTOS	COZINHA	20.00
6198	MINI PROCESSADOR DE ALIMENTOS 170ML	UTILIDADES	22.00
6199	mini processador de alimentos manual	UTILIDADES	20.00
6200	MINI PROCESSADOR MANUAL	Geral	15.00
6201	MINI PROCESSADOR MANUAL	UTILIDADES	33.00
6202	MINI SACO HAMBURGUER C 20	Geral	3.00
6203	MINI TRITURADOR MANUAL UNINJET	UTILIDADES	15.00
6204	MINI VASO  PRETO	JARDINAGEM	3.00
6205	MINI VASO PRETO	Geral	2.00
6206	MINI VASO PRETO	JARDINAGEM	3.00
6207	mini vaso redondo	Geral	3.00
6208	mini vaso redondo branco	Geral	2.50
6209	MINI ZOOLÓGICO	Geral	2.50
6210	MISTER MASSAS	BRINQUEDOS	80.00
6211	MIXER DE ALIMENTOS GOURMET	Geral	70.00
6212	MOBILE INFANTIL	BRINQUEDOS	18.50
6213	mobile phone	Geral	10.00
6214	MOCHILA	Geral	98.00
6215	mochila	Geral	100.00
6216	mochila   boxuezx	Geral	65.00
6217	mochila   CAPIVARA INFANTIL ROSA	Geral	80.00
6218	mochila   nike	Geral	85.00
6219	mochila   nike  preta	Geral	80.00
6220	MOCHILA   novas	Geral	100.00
6221	mochila   preta	Geral	60.00
6222	mochila  3 d masc inf.	Geral	40.00
6223	mochila  3d	Geral	80.00
6224	MOCHILA  3D GRANDE	Geral	100.00
6225	mochila  3e	Geral	120.00
6226	MOCHILA  ADULTO SPORT	ESCOLAR	70.00
6227	MOCHILA  ADULTO VERMELHA	Geral	80.00
6228	MOCHILA  BICHOS	Geral	50.00
6229	mochila  cabo de aço	Geral	80.00
6230	MOCHILA  CHL   NIKE AMARELO	Geral	80.00
6231	MOCHILA  COLORS	Geral	120.00
6232	MOCHILA  COURO	Geral	80.00
6233	MOCHILA  DE CORAÇÃO	Geral	70.00
6234	mochila  fashion	Geral	95.00
6235	MOCHILA  FEM SORTIDA HAO YADUOLI	Geral	90.00
6236	MOCHILA  INFANTIL  CARRY CHIC PERSONAGENS	Geral	55.00
6237	mochila  infantil FEG	Geral	60.00
6238	mochila  infantil personagens	Geral	40.00
6239	mochila  lacoste	Geral	60.00
6240	MOCHILA  MARRON NIKE	Geral	90.00
6241	mochila  média personagens 3d	Geral	80.00
6242	mochila  preta cabo de aço	Geral	90.00
6243	MOCHILA  ROXA	Geral	60.00
6244	MOCHILA  sijiniao rosa	Geral	130.00
6245	MOCHILA  SPORT CINZA MASC.	Geral	120.00
6246	mochila  vivasol	Geral	120.00
6247	MOCHILA  YIYPIANZ	Geral	90.00
6248	MOCHILA 3 D  MENINO PERSONAGENS	Geral	100.00
6249	MOCHILA 3 D  SONIC	Geral	90.00
6250	mochila 3 d fem personagens	Geral	80.00
6251	mochila 3 d pequena presonage ns	Geral	60.00
6252	MOCHILA 3D	Geral	80.00
6253	MOCHILA 3D DE CARROS	Geral	80.00
6254	MOCHILA ADIDAS	Geral	90.00
6255	mochila adulto  ve verde c alça amarelo	Geral	120.00
6256	mochila adulto fem	Geral	60.00
6257	MOCHILA ADULTO MASC.	Geral	60.00
6258	MOCHILA AFRICANEAGLE LW-C157	MOCHILAS E BOLSAS	98.00
6259	mochila azul	Geral	90.00
6260	MOCHILA AZUL CLARO LACOSTE C/ESTOJO	Geral	60.00
6261	MOCHILA AZUL FIVELAS	Geral	70.00
6262	MOCHILA AZUL SPORT	Geral	85.00
6263	MOCHILA BATMAN/STARWARS	Geral	100.00
6264	MOCHILA BEBE MINI BICHOS	Geral	25.00
6265	MOCHILA BLINDAGE	Geral	80.00
6266	MOCHILA BLINDAGE	Geral	90.00
6267	MOCHILA BOTONG	Geral	60.00
6268	MOCHILA BOTONGKIDS ROSA/AZUL	Geral	70.00
6269	MOCHILA BOXUEZX AZUL ESCURO	Geral	70.00
6270	MOCHILA BOXUEZX AZUL ESCURO	Geral	60.00
6271	MOCHILA BOXUEZX CINZA	Geral	70.00
6272	MOCHILA BOXUEZX GENESIS ROSA	Geral	70.00
6273	MOCHILA BOXUEZX GENESIS ROSA	Geral	60.00
6274	MOCHILA BOXUEZX PEQ AZUL ESCURO	Geral	50.00
6275	mochila brindagem  preta	Geral	100.00
6276	MOCHILA C ESTOJO	Geral	80.00
6277	MOCHILA CCB	Geral	98.00
6278	MOCHILA CHENS ROXA	Geral	85.00
6279	mochila china	Geral	60.00
6280	mochila chl   fashion bag	Geral	80.00
6281	MOCHILA CHL LACOSTE	Geral	85.00
6282	MOCHILA CHL NIKE BACKPACK	Geral	80.00
6283	MOCHILA CHL OAKLEY	Geral	80.00
6284	mochila chundaichu	Geral	55.00
6285	MOCHILA CHUNJIDAISHU	Geral	50.00
6286	MOCHILA COLORIDA COMIC BACKGROUND	MOCHILAS E BOLSAS	45.00
6287	MOCHILA DENLEX LOLLIE CANDY	Geral	75.00
6288	MOCHILA DINOSSAURO	Geral	80.00
6289	MOCHILA DINOSSAURO	Geral	95.00
6290	mochila esportiva fashion bag	Geral	85.00
6291	mochila fashion bag cinza	Geral	120.00
6292	MOCHILA FEMININA	Geral	80.00
6293	mochila feminina   nike pequena	Geral	80.00
6294	MOCHILA FEMININA DE CORAÇÃO ROSA	Geral	85.00
6295	MOCHILA FEMININA WINTH TEEN	Geral	70.00
6296	MOCHILA FLORES	Geral	80.00
6297	MOCHILA GOLDEN J	Geral	80.00
6298	mochila infantil	Geral	80.00
6299	mochila infantil	Geral	80.00
6300	mochila infantil	Geral	80.00
6301	MOCHILA INFANTIL	Geral	70.00
6302	mochila infantil  hwj	Geral	60.00
6303	mochila infantil  yepp	Geral	70.00
6304	MOCHILA INFANTIL BEST FRIEND SUPRETEE	MOCHILAS E BOLSAS	40.00
6305	MOCHILA INFANTIL BEST PUPS FEM/MASC 3D	Geral	88.00
6306	mochila infantil borboleta média	Geral	85.00
6307	MOCHILA INFANTIL MENINO/MENINA BOXUEZX	MOCHILAS E BOLSAS	70.00
6308	MOCHILA INFANTIL MICKEY MOUSE	Geral	120.00
6309	MOCHILA INFANTIL PEQUENA LW-C021	ESCOLAR	40.00
6310	mochila infantil personagens	Geral	85.00
6311	MOCHILA INFANTIL PERSONAGENS	Geral	90.00
6312	MOCHILA INFANTIL ROSA	Geral	40.00
6313	mochila infantil rosa  borboleta	Geral	60.00
6314	mochila jimgpix	Geral	60.00
6315	MOCHILA JINGPIN LW-C534	Geral	60.00
6316	MOCHILA JINGPIN ROSA	Geral	100.00
6317	mochila kids	Geral	40.00
6318	MOCHILA KIMTINO	Geral	150.00
6319	MOCHILA KIMTINO 2015-1#	Geral	120.00
6320	MOCHILA KIT HOMEM ARANHA	Geral	150.00
6321	MOCHILA KIT HOMEM DE FERRO	Geral	150.00
6322	MOCHILA KL	Geral	85.00
6323	MOCHILA LADY BUG	Geral	100.00
6324	MOCHILA LILO STITCH	MOCHILAS E BOLSAS	90.00
6325	MOCHILA LILO STITCH COLORIDA	Geral	70.00
6326	MOCHILA LW-C451 COLORS	MOCHILAS E BOLSAS	80.00
6327	MOCHILA MACHA E O URSO PEQUENA	Geral	35.00
6328	MOCHILA MAIDENG	Geral	80.00
6329	MOCHILA MARROM SPORT	Geral	98.00
6330	MOCHILA MARRON	Geral	90.00
6331	mochila marron masculino	Geral	70.00
6332	MOCHILA MASCULINA INFANTIL	Geral	85.00
6333	MOCHILA MINNIE	Geral	40.00
6334	MOCHILA MY LITTLE PONEY	Geral	70.00
6335	MOCHILA NARUTO	Geral	80.00
6336	mochila nike	Geral	60.00
6337	MOCHILA NIKE	Geral	90.00
6338	mochila nike	Geral	80.00
6339	MOCHILA NIKE	Geral	100.00
6340	MOCHILA NIKE	Geral	85.00
6341	MOCHILA NIKE AZUL	Geral	80.00
6342	MOCHILA NIKE ROSA	Geral	80.00
6343	mochila nova sport	Geral	70.00
6344	mochila personagens menino	Geral	80.00
6345	MOCHILA PRETA	Geral	80.00
6346	MOCHILA PRETA  BLINDAGEM	ESCOLAR	90.00
6347	mochila preta  kl	Geral	85.00
6348	MOCHILA PRETA ADULTO	Geral	98.00
6349	MOCHILA PRETA BLINDAGE	Geral	100.00
6350	MOCHILA PRETA COM CABO DE AÇO	Geral	90.00
6351	MOCHILA PRETA COM CABO DE AÇO	Geral	90.00
6352	MOCHILA PRETA COM FIVELAS	Geral	70.00
6353	mochila preta fashion com cabo de aço	UTILIDADES	120.00
6354	MOCHILA PRETA LILO STITCH	Geral	70.00
6355	MOCHILA PRETA NIKE	Geral	80.00
6356	MOCHILA PRETA NIKE	Geral	80.00
6357	mochila preta nova	Geral	65.00
6358	MOCHILA PRETA RUIGESHI	Geral	80.00
6359	MOCHILA PRETA SHENG BORUIM	Geral	60.00
6360	MOCHILA PRINCESAS ROSA	Geral	85.00
6361	MOCHILA PUMA	Geral	100.00
6362	MOCHILA ROSA	Geral	80.00
6363	MOCHILA ROSA  NIKE	Geral	90.00
6364	MOCHILA ROSA 3D	Geral	80.00
6365	MOCHILA ROSA C/ ESTOJO	Geral	70.00
6366	MOCHILA ROSA C/ POMPOM E FIVELA	Geral	70.00
6367	MOCHILA ROSA CHL	Geral	85.00
6368	MOCHILA ROSA CHL  FASHION BAG	Geral	120.00
6369	MOCHILA ROSA COM AZUL CLARO FEM.	Geral	90.00
6370	MOCHILA ROSA COM FIVELAS	Geral	70.00
6371	MOCHILA ROSA COM VERDE CLARO FEM.	Geral	90.00
6372	MOCHILA ROSE SPORT  FEM SALMAO	Geral	98.00
6373	MOCHILA ROXA DE SORVETE	Geral	60.00
6374	MOCHILA RUBYS	Geral	50.00
6375	MOCHILA RUIGESHI AZUL ESCURO	Geral	80.00
6376	mochila salmão fem. sport nike	Geral	80.00
6377	MOCHILA SEREIA	Geral	95.00
6378	MOCHILA SNOOPY COLORIDA	Geral	70.00
6379	MOCHILA SONIC	Geral	40.00
6380	MOCHILA SONIC	Geral	100.00
6381	MOCHILA SPORT	Geral	60.00
6382	MOCHILA SPORT	Geral	70.00
6383	MOCHILA SPORT CINZA	Geral	60.00
6384	MOCHILA SPORT FASHION	Geral	120.00
6385	MOCHILA SPORT MARROM	Geral	85.00
6386	MOCHILA SPORT PRETA	Geral	60.00
6387	MOCHILA SPORT PRETA	Geral	85.00
6388	mochila sport rosa	Geral	98.00
6389	MOCHILA SPORT VERDE	Geral	85.00
6390	MOCHILA STIK C ESTOJO	Geral	70.00
6391	MOCHILA STITCH GRANDE	Geral	100.00
6392	MOCHILA TONG TOUY FEM COELHO	UTILIDADES	70.00
6393	MOCHILA UNICORNIO	Geral	120.00
6394	MOCHILA UP4YOU	Geral	15.00
6395	MOCHILA URSO BEBE	Geral	50.00
6396	mochila urso love cloud	Geral	80.00
6397	MOCHILA VALENTINO CARROS	Geral	80.00
6398	MOCHILA VERMELHA XINRUIQI	Geral	85.00
6399	MOCHILA WEBOSTE  COM ESTOJO DE LÁPIS	ESCOLAR	80.00
6400	MOCHILA XINRUIQ	Geral	80.00
6401	MOCHILA XINRUIQ COURO PRETA	Geral	80.00
6402	MOCHILA XINRUIQI CABO DE AÇO	MOCHILAS E BOLSAS	85.00
6403	MOCHILA XINRUIQI YT-R-3506	MOCHILAS E BOLSAS	60.00
6404	mochila xinruqi	Geral	75.00
6405	MOCHILA YEPP KIDS ROBLOX POP-IT	Geral	120.00
6406	MOCHILA YIDA Y4304	MOCHILAS E BOLSAS	85.00
6407	MOCHILA YILISE CORES	Geral	80.00
6408	MOCHILA YILISE PRETA	Geral	80.00
6409	MOCHILA YILISE VERDE	Geral	80.00
6410	MOCHILA YT OAKLEY FIVELAS CINZA	Geral	60.00
6411	MOCHILA YWPJAE	Geral	75.00
6412	mochilaa	Geral	120.00
6413	MODERDOR DE PÉ	Geral	10.00
6414	MODERDOR DE PÉ	Geral	10.00
6415	MODERDOR PEZINHO	Geral	10.00
6416	MOEBA	Geral	10.00
6417	MOLA BRINQUEDO	Geral	10.00
6418	MOLA INFANTIL	Geral	6.00
6419	MOLA INFANTIL	BRINQUEDOS	6.00
6420	MONTE A CASA   KIT	BRINQUEDOS	20.00
6421	MOP ABRASIVO	BRILHEX	10.00
6422	MOP GIRATÓRIO ALKLIN	UTILIDADES	120.00
6423	MOP VIDROS	CAsa	15.00
6424	mordedor  baby bee	Geral	10.00
6425	MORDEDOR  PEIXE	Geral	20.00
6426	MORDEDOR BABY BEE	Geral	10.00
6427	MORDEDOR BEBÊ BABY BEE	BRINQUEDOS	40.00
6428	MORDEDOR DE PE	Geral	10.00
6429	MORDEDOR MASSAGEADOR	UTILIDADES	4.00
6430	MORINGA PLASTICA	Geral	5.00
6431	MORINGA PLASTICA 1L	UTILIDADES	5.00
6432	MOTO 1000	BRINQUEDOS	13.00
6433	MOTO AVENTURA BIGTRAIL	Geral	40.00
6434	MOTO CHOPPER	BRINQUEDOS	26.00
6435	moto custon 66	BRINQUEDOS	12.00
6436	MOTO NAKED	BRINQUEDOS	30.00
6437	MOTO NEW CROSS	BRINQUEDOS	10.00
6438	MOTO RACER SPEED  FRICÇÃO	BRINQUEDOS	20.00
6439	MOTO SAMBA TOYS	Geral	20.00
6440	MOTO SNAKE	BRINQUEDOS	65.00
6441	MOTO SPEED PLASTICA COLORIDA	BRINQUEDOS	10.00
6442	MOTO SUPER SPEED KIT	BRINQUEDOS	16.50
6443	MOTO SUPER X	BRINQUEDOS	10.00
6444	MOTO TRILHA BS TOYS	BRINQUEDOS	22.00
6445	MOTONIVELADORA	Geral	20.00
6446	MOTONIVELADORA PEQUENA	BRINQUEDOS	15.00
6447	MOUSE	Geral	20.00
6448	MOUSE ÓPTICO INOVA	Geral	30.00
6449	MOUSE PAD ESTAMPAS DIVERSAS	UTILIDADES	4.00
6450	MOUSE PAD MAXPRINT	ELETRÔNICOS E ACESSÓRIOS	4.00
6451	MULTI PROCESSADOR  500 ML	Geral	20.00
6452	MULTIFORMAS DE ENCAIXE	Geral	40.00
6453	MUNHEQUEIRA	Geral	10.00
6454	musgo	Geral	2.50
6455	MUSGO 20G	Geral	3.00
6456	MUSGO NATURAL	Geral	2.50
6457	MY BEAUTY KIT	BRINQUEDOS	35.00
6458	MY KIT PLAY SET  9 PEÇAS	BRINQUEDOS	25.00
6459	MY KITCHEN PLAYSET   9 PEÇAS	Geral	20.00
6460	my little   banho  ducha e patinho	BRINQUEDOS	90.00
6461	my little  baby love	BRINQUEDOS	40.00
6462	my little unicornio	Geral	90.00
6463	NAFTALINA SAMPA CLEAN	BANHEIRO	3.00
6464	NAVALHA SEKICH	Geral	10.00
6465	NAVALHETE ORIGINAL PREMIUM	Geral	10.00
6466	NÉCESSAIRE	Geral	25.00
6467	NECESSAIRE E ESTOJINHO	Geral	18.00
6468	NECESSAIRE MEDIA	Geral	17.00
6469	necessaire sortida	Geral	25.00
6470	NECESSAIRES COLORIDAS	Geral	7.00
6471	NECESSARIE   FEMININA	Geral	20.00
6472	NECESSARIE  MASCULINA	Geral	20.00
6473	NESCESSEIRE	Geral	15.00
6474	nescesserie	Geral	25.00
6475	NEW MOTO 1000	BRINQUEDOS	20.00
6476	nhoqueira	Geral	7.50
6477	NOTA NEUTRA GRANDE COM 2 VIAS	PAPELARIA	5.00
6478	nota neutra pequena	Geral	3.50
6479	NOTA NEUTRA SEM COPIA	Geral	4.00
6480	nota prossória	Geral	6.00
6481	NOVA BIBLIA  VIVA FEM  FLORES	Geral	45.00
6482	oculos  de natação infantil	Geral	10.00
6483	OCULOS DE NATAÇÃO	Geral	25.00
6484	oculos de sol infantil	Geral	15.00
6485	OCULOS INFANTIL C/PRESILHAS SUMMER	Geral	20.00
6486	OFICINA JUNIOR	BRINQUEDOS	12.00
6487	OMBRINHA INFANTIL ROSA/AZUL/VERDE	Geral	25.00
6488	onibus  bus	Geral	30.00
6489	ONIBUS BS TOYS	BRINQUEDOS	45.00
6490	ONIBUS ESCOLAR DIVERPLAS	BRINQUEDOS	20.00
6491	ONIBUS ROMA BUS EXECUTIVE	BRINQUEDOS	45.00
6492	OPALINE REDONDO	Geral	26.00
6493	ORG.RET.WAVE C/TRAVA 3L - PRIME	UTILIDADES	8.50
6494	orgaizador para condimentos c 4 base branco  gioto	UTILIDADES	22.00
6495	ORGANIZADOR	Geral	20.00
6496	organizador  de talher  rosa	UTILIDADES	18.00
6497	organizador  redondo 3,5 l	Geral	20.00
6498	ORGANIZADOR 3 ANDARES MB	UTILIDADES	36.00
6499	ORGANIZADOR BRANCO COMPRIDO UNINJET	COZINHA	8.50
6500	organizador c trava wave 920 ml	COZINHA	9.00
6501	organizador de 1,500 ml gourmert	Geral	10.00
6502	organizador de talher  branco	UTILIDADES	18.00
6503	organizador de talher preto	UTILIDADES	18.00
6504	organizador de talher vermelho	Geral	18.00
6505	organizador multiuso pra talher nitron	Geral	15.00
6506	ORGANIZADOR MULTIUSO RETANG. G 12X20.5X27	Geral	12.00
6507	ORGANIZADOR N 6	PLASTICOS	8.00
6508	ORGANIZADOR PARA TALHERES	UTILIDADES	18.00
6509	organizador para talheres preto REF 1009	Geral	18.00
6510	organizador preto c 4 gioto	UTILIDADES	22.00
6511	ORGANIZADOR PRETO QUADRADO ALTO PEQUENO 11X10.5X10.5	UTILIDADES	6.00
6512	ORGANIZADOR QUADRADO  ALTO UNINJET	Geral	9.99
6513	ORGANIZADOR RATTAN MULTIUSO	Geral	15.00
6514	ORGANIZADOR REDONDO 5,7L	Geral	13.50
6515	organizador redondo com trava 3,5 litro	Geral	20.00
6516	ORGANIZADOR RETANGULAR C 3 MARRON	Geral	36.00
6517	organizador triplo branco	Geral	36.00
6518	ORGANIZADOR VERTICAL QUADRUPLO  preto	COZINHA	40.00
6519	ORGANIZADOR VERTICAL QUADRUPLO branco, preto	COZINHA	40.00
6520	ORGANIZADORA  RETANGULAR 4 L COLORS	UTILIDADES	9.00
6521	ORMA DE GELO	Geral	3.00
6522	orquidea	Geral	6.00
6523	p	Geral	9.00
6524	P. RETANGULAR PMG	Geral	8.50
6525	PÁ	Geral	7.00
6526	PÁ  INFANTIL	BRINQUEDOS	7.50
6527	pá com cabo	Geral	8.00
6528	PÁ DE CABO LONGO PLASTICO	UTILIDADES	8.00
6529	pa de ferro	Geral	15.00
6530	pa de ferro galvanizado	Geral	15.00
6531	PA DE LIXO CABO LONGO	Geral	8.00
6532	PA DE LIXO CABO LONGO PLASTICO 22X22	Geral	8.00
6533	PÁ DE LIXO CHAPA	UTILIDADES	10.00
6534	PA DE LIXO CHAPA GALVANIZADA	Geral	15.00
6535	pa de lixo metal	Geral	8.00
6536	pá doméstica pequena	UTILIDADES	5.50
6537	PA E RASTELO MATRIX C/5 FORMAS	BRINQUEDOS	15.00
6538	PÁ LONGA PLÁSTICA	UTILIDADES	6.00
6539	pa metal	Geral	10.00
6540	pa metal	Geral	10.00
6541	PA PLASTICA CABO CURTO	Geral	3.00
6542	PÁ PLASTICA QUADRADA	Geral	6.00
6543	pa sem cabo	Geral	4.00
6544	PACOTE  DE COLHER C/3 TAUMER	Geral	8.00
6545	PACOTE ALMAÇO	Geral	1.50
6546	PACOTE AZUL SULFITE 500 FOLHAS REPORT	PAPELARIA	30.00
6547	pacote cavalos	Geral	16.00
6548	PACOTE COM DOIS PENTES	Geral	4.00
6549	PACOTE COM DOIS PENTES	Geral	4.50
6550	PACOTE DE ALGODÃO BRANCO 20g USEIT	UTILIDADES	4.00
6551	PACOTE DE BEXIGA AZUL 20UNID 6.5	Geral	5.00
6552	PACOTE DE BEXIGAS PRETA C/30 7	Geral	8.00
6553	PACOTE DE BUXA DE LAVAR LOUÇA	Geral	3.00
6554	PACOTE DE CANETAS MARCADORES TCWU C/24PCS	Geral	42.00
6555	PACOTE DE COLHER	Geral	4.00
6556	PACOTE DE DINOSSAUROS	Geral	40.00
6557	PACOTE DE FITA HELLERMAN	Geral	35.00
6558	PACOTE DE FOLHA SULFITE	Geral	10.00
6559	PACOTE DE FOLHA SULFITE CHAMEX 300FLS	Geral	30.00
6560	PACOTE DE LACINHOS P/ PRESENTE VERMELHOS	PRESENTES	5.00
6561	PACOTE DE LACINHOS PEQ	Geral	15.00
6562	pacote de liguinha	Geral	2.00
6563	PACOTE DE MARMITEX SPUMA PAC	Geral	33.00
6564	PACOTE DE MEIAS INFANTIS C/3 PARES	Geral	12.00
6565	PACOTE DE PAPEL DE HIGIENICO  noble 16 und.	LIMPEZA	16.00
6566	PACOTE DE PAPEL P/ FICHARIO C/15 FLS	Geral	2.00
6567	PACOTE DE PILHA AA - 1,5V	ELETRÔNICOS E ACESSÓRIOS	8.00
6568	PACOTE DE PILHA AAA PALITO	Geral	6.00
6569	PACOTE DE PILHA PALITO	Geral	8.00
6570	PACOTE DE PILHA PHILLIPS AAA	Geral	10.00
6571	PACOTE DE PILHAS AA  C 2  DURACELL	Geral	20.00
6572	PACOTE DE PILHAS PHILLIPS	Geral	10.00
6573	PACOTE DE PIRANHA COLORIDA	Geral	3.00
6574	PACOTE DE PRESENTE C/ URSINHO E XICARA	Geral	64.00
6575	PACOTE DE PRESENTE C/ XÍCARA E CARTEIRA	Geral	55.00
6576	PACOTE DE PRESILHAS	Geral	3.00
6577	PACOTE DE PRESILHAS	Geral	4.00
6578	pacote de xuxa	Geral	3.00
6579	PACOTE DE XUXINHAS	UTILIDADES	2.00
6580	PACOTE DE XUXINHAS	Geral	3.00
6581	PACOTE DE XUXINHAS GRANDE	Geral	7.00
6582	PACOTE DE XUXINHAS GRANDE	Geral	6.00
6583	pacote xuxina	Geral	3.00
6584	PAINEL FELIZ ANIVERSÁRIO E.V.A	FESTA	6.00
6585	PAINEL PARABENS E.V.A C/1 UNID	FESTA	6.00
6586	PALETA DE SOMBRAS E BATOM TEEN CORAÇÃO	Geral	20.00
6587	PALETA DE SOMBRAS E BATOM TEEN DOUBLE LOVER	BRINQUEDOS	20.00
6588	PALETA DE SOMBRAS E BATOM TEEN RETANGULAR	Geral	20.00
6589	PALETA DE SOMBRAS E BATOM TEEN SWEET CANDY	BRINQUEDOS	20.00
6590	PALETA DE SOMBRAS E BATOM TEEN SWEET DREAM	BRINQUEDOS	20.00
6591	PALETA DE SOMBRAS E BATOM TEEN SWEET HEART	BRINQUEDOS	20.00
6592	PALETA DE SOMBRAS TEEN	Geral	20.00
6593	PALHA DE AÇO BOMBRIL	Geral	3.00
6594	palha de cesta 30g	Geral	15.00
6595	PALHA DECORATIVA	Geral	8.00
6596	PALITEIRO DE MESA	Geral	2.50
6597	PALITEIRO DE MESA HENRIPLAST	Geral	4.00
6598	paliteiro delta	Geral	2.20
6599	PALITO DE CHOCOLATE	Geral	10.00
6600	PALITO DE SORVETE	Geral	2.00
6601	PALITO DE SORVETE	Geral	2.50
6602	PALITO DE SORVETE   50	kit FESTA	4.00
6604	palito de unha	Geral	0.50
6605	PALITO DE UNHA	Geral	0.50
6606	PALITOS DE DENTE FIATLUX 100 UNID	Geral	2.00
6607	PANDEIRÃO AMAR É	BRINQUEDOS	8.50
6608	PANDEIRO	Geral	5.00
6609	PANDEIRO	BRINQUEDOS	6.50
6610	PANDEIRO  PEQ FACILITA  PLAST	BRINQUEDOS	8.00
6611	PANDEIRO ESTRELA	Geral	6.00
6612	PANDEIRO PEQUENO	Geral	6.00
6613	PANELA  ALUMINIO CAMARGO n 16	ALUMINIO	33.50
6614	panela  de pressão teflon  3 litros  alegrete	Geral	85.00
6615	panela  mp antiaderente	Geral	66.00
6616	PANELA ALEGRETE CINZA DE CABO	Geral	45.00
6617	panela antiaderente	Geral	80.00
6618	panela de pressão   ramos polida  4,5 l	Geral	190.00
6619	panela de pressão  4,5  antiaderente alegreto   cinza	ALUMINIO e antiaderente	160.00
6620	panela de pressão  alegrete  3 litros polida	Geral	80.00
6621	panela de pressão 10 litros alegrete   polida	ALUMINIO	150.00
6622	PANELA DE PRESSÃO 10L POLIDA	Geral	210.00
6623	PANELA DE PRESSÃO 10L RAMOS PRETA	Geral	224.00
6624	PANELA DE PRESSÃO 3L CINZA ALEGRETE	Geral	85.00
6625	panela de pressao 3L vermelha alegrete	Geral	88.00
6626	panela de pressao 3L vermelha alegrete	Geral	85.00
6627	panela de pressão 4 ,5 polida  eirilar	Geral	75.00
6628	PANELA DE PRESSÃO 4,5 ANTIADERENTE PRETA	ALUMINIO e antiaderente	100.00
6629	PANELA DE PRESSÃO 4,5 ANTIADERENTE VERMELHA	Geral	100.00
6630	PANELA DE PRESSÃO 4,5L MARCOLAR	Geral	98.00
6631	PANELA DE PRESSÃO 4,5L RAMOS POLIDA	Geral	105.00
6632	PANELA DE PRESSÃO 4,5L RAMOS PRETA	Geral	126.00
6633	PANELA DE PRESSÃO 4,5L RAMOS VERMELHA	Geral	126.00
6634	PANELA DE PRESSAO 4,5LTS PANELUX	Geral	85.00
6635	PANELA DE PRESSAO 4,5LTS POLIDA-C	ALUMINIO	68.71
6636	panela de pressão 6 l conecta  ramos	Geral	220.00
6637	PANELA DE PRESSÃO 7 LITROS MARCOLAR PRETA	Geral	150.00
6638	PANELA DE PRESSÃO 7L RAMOS POLIDA	Geral	154.00
6639	PANELA DE PRESSÃO 7L RAMOS PRETA	Geral	168.00
6640	PANELA DE PRESSÃO ALEGRETE 4,5L CINZA	Geral	100.00
6641	PANELA DE PRESSÃO ALEGRETE 4,5L VERMELHA	Geral	100.00
6642	PANELA DE PRESSÃO ALEGRETE ALUMINE 4,5L	ALUMINIO	85.00
6643	PANELA DE PRESSÃO ALEGRETE CINZA 3L	Geral	85.00
6644	PANELA DE PRESSÃO ALEGRETE VERMELHA 3L	Geral	85.00
6645	panela de pressão antiaderente 4,5 vermelha  alegrete	Geral	160.00
6646	PANELA DE PRESSÃO ASJ	Geral	75.00
6647	PANELA DE PRESSÃO MARCOLAR	Geral	140.00
6648	PANELA DE PRESSÃO MARCOLAR 4,5L	Geral	165.00
6649	PANELA DE PRESSAO PANELUX 4,5L	Geral	198.00
6650	PANELA DE PRESSAO RAMOS 7L	Geral	138.00
6651	PANELA ELÉTRICA MULTIFUNCIONAL ROUGE	Geral	200.00
6652	PANELA MP VERMELHA N 18	COZINHA	46.00
6653	PANELA N°14 ALUMÍNIO CAMARGO	ALUMINIO	25.00
6654	panela pressão  panelux 4,5 polida	ALUMINIO	85.00
6655	PANELA VERMELHA	Geral	40.00
6656	PANELA VERMELHA C/TAMPA DE VIDRO	Geral	58.00
6657	PANELAS + OVO	BRINQUEDOS	8.00
6658	PANELINHA DE PRESSÃO	BRINQUEDOS	8.00
6659	PANELINHA DE PRESSÃO SAYURI	BRINQUEDOS	8.00
6660	PANELINHAS	BRINQUEDOS	9.50
6661	PANELINHAS E PIA	BRINQUEDOS	9.50
6662	PANELINHAS PLAY COOKER	BRINQUEDOS	8.00
6663	pano  de chão branco	Geral	5.00
6664	pano  de chão xadrez	Geral	4.50
6665	PANO  DE PRATO  PATCHWORK	Geral	16.00
6666	PANO  MICROFIBRA MÉDIO	CAMA, MESA E BANHO	7.00
6667	pano  multiuso	Geral	2.00
6668	PANO BRANCO	Geral	4.00
6669	pano de  chao	Geral	4.50
6670	pano de chão  gari branco	Geral	3.00
6671	PANO DE CHAO BRANCO	Geral	5.00
6672	PANO DE CHÃO BRANCO	Geral	4.50
6673	PANO DE CHÃO BRANCO	Geral	5.00
6674	PANO DE CHÃO BRANCO   63X43	Geral	5.00
6675	PANO DE CHÃO BRANCO DIAMANTE NOVA ERA	UTILIDADES	4.50
6676	PANO DE CHAO BRANCO HGNTEX	Geral	4.50
6677	PANO DE CHÃO BRANCO KIM	CAMA, MESA E BANHO	4.50
6678	pano de chão colors	UTILIDADES	4.00
6679	PANO DE CHAO NOVA ERA	Geral	4.50
6680	PANO DE CHÃO TIPO 3 40X60CM	Geral	4.00
6681	PANO DE CHAO XADREZ	Geral	15.00
6682	pano de chão xadrez	Geral	5.00
6683	PANO DE CHÃO XADREZ	Geral	4.50
6684	PANO DE CHÃO XADREZ 40X65	Geral	4.50
6685	PANO DE CHAO XADREZ AZUL	Geral	4.50
6686	PANO DE CHÃO XADREZ AZUL	Geral	4.50
6687	PANO DE CHÃO XADREZ KIN	UTILIDADES	5.00
6688	PANO DE COPA G	Geral	17.00
6689	pano de micro fibra sortido	CAMA, MESA E BANHO	6.00
6690	PANO DE MICROFIBRAS 29X29cm	UTILIDADES	5.00
6691	pano de patro	Geral	5.00
6692	PANO DE PRATO	Geral	5.00
6693	PANO DE PRATO	Geral	5.00
6694	PANO DE PRATO	Geral	5.00
6695	PANO DE PRATO	UTILIDADES	6.00
6696	PANO DE PRATO	Geral	5.00
6697	PANO DE PRATO	UTILIDADES	5.00
6698	PANO DE PRATO  ALVEJADO A	Geral	6.50
6699	PANO DE PRATO  TAIS PINTADO	Geral	16.00
6700	PANO DE PRATO  TAIS PINTADO	COZINHA	15.00
6701	PANO DE PRATO 3 POR 10	Geral	10.00
6702	PANO DE PRATO ALVEJADO	Geral	5.00
6703	PANO DE PRATO APARECIDA	Geral	4.50
6704	pano de prato bainha	COZINHA	4.50
6705	PANO DE PRATO BAINHA  COLORIDO EST.	UTILIDADES	6.00
6706	PANO DE PRATO BAINHA RAMA ESTAMPADO	Geral	4.00
6707	PANO DE PRATO C/ BARRADO	Geral	7.00
6708	PANO DE PRATO C/ LAISE	Geral	7.00
6709	PANO DE PRATO DECORADO	Geral	16.00
6710	PANO DE PRATO DECORADO	Geral	15.00
6711	PANO DE PRATO NA TEXTIL	Geral	4.00
6712	PANO DE ROSTO	Geral	10.00
6713	PANO DE ROSTO	Geral	6.00
6714	PANO ESFREGÃO	Geral	4.00
6715	PANO MICROFIBRA P/ PIA 20X25cm C/2	COZINHA	4.00
6716	PANO MICROFIBRA SORTIDO	COZINHA	7.00
6717	pano multiso colors	Geral	6.00
6718	PANO MULTIUSO 25X35cm	UTILIDADES	2.00
6719	PANO P/ PIA ESTAMPADO 25X25cm	UTILIDADES	5.00
6720	pano xadrex	Geral	5.00
6721	PANOS DE LIMPESA MICROFIBRA C 3	Geral	10.00
6722	panotek	Geral	10.00
6723	PÃO DE MEL	Geral	10.00
6724	PAPA BOLINHA NICOBEM	UTILIDADES	12.50
6725	PAPA LIXO GGBPLAST	Geral	50.00
6726	PAPEIRO POLIDO	Geral	27.00
6727	papel  crepom  preto	Geral	3.00
6728	PAPEL  PRA BALAS FESTA	Geral	2.00
6729	PAPEL ALUMINIO	Geral	5.00
6730	papel aluminio bricoflex	Geral	3.00
6731	PAPEL ALUMÍNIO WYDA 7,5M	Geral	7.50
6732	PAPEL CHANSON	Geral	15.00
6733	PAPEL CREPOM	Geral	2.50
6734	papel crepom  laranja	Geral	3.00
6735	PAPEL CREPOM AMARELO	Geral	2.50
6736	PAPEL CREPOM AZUL	Geral	2.50
6737	papel crepom azul claro	Geral	3.00
6738	PAPEL CREPOM AZUL ESCURO	Geral	2.50
6739	papel crepom branco	Geral	3.00
6740	papel crepom rosa	Geral	3.00
6741	PAPEL CREPOM ROSA	Geral	3.00
6742	papel crepom vermelho	Geral	3.00
6743	papel crepon	Geral	3.00
6744	papel crepon pink	Geral	2.50
6745	PAPEL DE ´PRESENTE C 2	Geral	4.50
6746	papel de aluminio 4 m  30 cm supratico	kit FESTA	5.00
6747	papel de bala	Geral	2.00
6748	PAPEL DE BALA   SORTIDOS	Geral	3.00
6749	PAPEL DE BALA PRETO	Geral	2.00
6750	PAPEL DE BALA VERMELHO	Geral	2.00
6751	papel de presente	Geral	3.00
6752	PAPEL DE PRESENTE	Geral	4.50
6753	papel de presente	Geral	8.00
6754	PAPEL DE PRESENTE	Geral	4.50
6755	PAPEL DE PRESENTE	Geral	1.50
6756	PAPEL DE PRESENTE 50X60 COUCHE FOLHAS	Geral	2.50
6757	papel de presente azul c 3	Geral	13.50
6758	PAPEL DE PRESENTE DE 5	Geral	5.00
6759	PAPEL DE PRESENTE VERMELHO ESTRELAS	Geral	4.50
6760	PAPEL DE SEDA	Geral	1.00
6761	PAPEL DE TRANSPARENTE GIGANTE	Geral	4.00
6762	PAPEL HIGIÊNICO FOFINHO 30M 16UNID	Geral	18.00
6763	papel higienico stylus 20 mt c 12 unid.	Geral	10.00
6764	PAPEL HIGIÊNICO SUBLIME 30M 12UNID	Geral	14.00
6765	papel manteiga	Geral	5.00
6766	PAPEL PARA BALA	Geral	2.00
6767	PAPEL PARA BALA AMARELO	Geral	2.00
6768	PAPEL PARA BALA BRANCO	Geral	2.00
6769	PAPEL PRESENTE SORTIDO	Geral	6.00
6770	PAPEL SEDA	Geral	1.00
6771	PAPEL SELOFONE	Geral	6.00
6772	PAPEL SELOFONE	Geral	10.00
6773	PAPEL SUFITE SOLTO	Geral	0.30
6774	PAPEL SULFITE  C 100 UNID.	Geral	10.00
6775	PAPEL SULFITE 500 FOLHAS COPIMAX	PAPELARIA	30.00
6776	PAPEL TOALHA SCALA PLUS	Geral	7.50
6777	papel toalha stylus	Geral	4.00
6778	papl crepom roxo	Geral	3.00
6779	paqnela de pressão de 3 litros polida alegrete	ALUMINIO	80.00
6780	PAR D MEIA	Geral	15.00
6781	PAR DE BRINCO LORENZETI	ACESSÓRIOS (MODA)	5.00
6782	PAR DE BRINCO METAL VERONA FOLHEADOS	BIJUTERIA	5.00
6783	par de brinco novo brinhante	Geral	10.00
6784	par de brinco novo brinhante	Geral	8.00
6785	PAR DE BRINCOS BRILHANTES POR 3	Geral	3.00
6786	PAR DE BRINCOS BRILHANTES POR 5	Geral	5.00
6787	PAR DE BRINCOS BRILHANTES QUADRADOS POR 4	Geral	4.00
6788	PAR DE BRINCOS DOURADOS POR 4	Geral	4.00
6789	PAR DE BRINCOS PEROLA	Geral	5.00
6790	PAR DE BRINCOS PEROLA POR 3	Geral	3.00
6791	PAR DE BRINCOS PEROLA POR 4	Geral	4.00
6792	PAR DE CADARÇOS	Geral	3.00
6793	PAR DE GILETE	Geral	8.00
6794	PAR DE LACINHO 4.99	Geral	5.00
6795	PAR DE LACINHOS C/ POMPOM	Geral	4.00
6796	PAR DE LACINHOS DECORADOS	Geral	4.00
6797	PAR DE LACINHOS PRESILHA	Geral	4.00
6798	PAR DE LACINHOS PRESILHA	Geral	3.00
6799	par de luva	Geral	15.00
6800	PAR DE MEIA	Geral	15.00
6801	PAR DE MEIA	Geral	10.00
6802	PAR DE PIRANHAS DE CABELO DECORADAS	Geral	3.00
6803	PAR DE PIRANHAS DE CABELO PEQUENINÍSSIMAS (PRETAS)	Geral	3.00
6804	PAR DE PIRANHAS DE CABELO PQ	Geral	2.00
6805	PAR DE PIRANHAS DE CABELO PQ	Geral	1.00
6806	PAR DE PIRANHAS DE METAL	Geral	5.00
6807	PAR DE PRESILHAS DE CABELO	Geral	5.00
6808	PAR DE PRESILHAS DE CABELO PQ	Geral	1.00
6809	PAR DE TIC TAC	Geral	1.00
6810	PAR DE XUXINHAS COLORIDAS	Geral	5.00
6811	PAR DE XUXINHAS DE BORBOLETA	Geral	3.00
6812	PAR MEDIO DE PIRANHAS DE CABELO	Geral	1.50
6813	PARA COLORIR DE BICHINHOS	Geral	5.00
6814	PARABENS E.V.A	Geral	2.00
6815	PARAFUSADEIRA	Geral	120.00
6816	PARES DE LUVA	Geral	20.00
6817	pares de meia infantil	Geral	12.00
6818	pares de meias	Geral	15.00
6819	PARS DE LUVA	Geral	15.00
6820	PASSA CERA	Geral	8.50
6821	passadeira  pelo verde	Geral	23.00
6822	PASSADEIRA DE NYLON ESTAMPADA	CAMA, MESA E BANHO	22.50
6823	PASSADEIRA DECORADA	COZINHA	13.00
6824	passadeira emborrachada	Geral	7.00
6825	PASSADEIRA TRANÇADA	Geral	25.00
6826	PASSADEIRA TRANÇADA	TAPETES	15.00
6827	PASSADEIRA TRANCADA-C (*)	Geral	12.00
6828	PASSADEIRA VERDE   GRAMA	Geral	23.00
6829	PASTA AMARELA 245mmx183mm	Geral	4.00
6830	pasta amarela transparente acp	Geral	4.50
6831	PASTA AZUL 245mmX183mm	Geral	4.00
6832	pasta azul grande	PAPELARIA	5.00
6833	pasta azul transparente acp	Geral	4.50
6834	PASTA COMPACTA	Geral	3.00
6835	PASTA DE DOCUMENTO VMP	Geral	3.00
6836	PASTA DE DOCUMENTOS PRETA ACP	Geral	4.50
6837	PASTA MINI AZUL	PAPELARIA	3.00
6838	PASTA MINI COM FUME	PAPELARIA	3.00
6839	PASTA PEQUENA	Geral	3.00
6840	PASTA PEQUENA	PAPELARIA	3.00
6841	pasta preta	Geral	4.50
6842	PASTA PRETA	Geral	4.50
6843	PASTA PRETA 332mmX232mm	PAPELARIA	5.00
6844	PASTA ROSA	Geral	5.00
6845	PASTA ROSA 245mmX183mm	Geral	4.00
6846	pasta transparente grande	Geral	5.00
6847	PASTA TRASPARENTE  AZUL	ESCOLAR	4.70
6848	PASTA VERDE 245mmX183mm	Geral	4.00
6849	PASTA VERDE 245mmX183mm	Geral	4.00
6850	pasta verde grande	Geral	5.00
6851	pasta verde transparente acp	Geral	4.50
6852	pasta vermelho	Geral	5.00
6853	PATO DE BORRACHA	Geral	7.50
6854	PATRULHA CANINA 5 PÇS	BRINQUEDOS	90.00
6855	PCT C/2 POTES REDONDOS	PLASTICOS	8.50
6856	PCT C/3 POTES RETANGULARES MEDIOS	PLASTICOS	7.00
6857	PCT C/4 POTES REDONDOS PEQUENOS	PLASTICOS	7.00
6858	PCT CABIDES C/3	Geral	4.00
6859	PCT COLHERZINHAS C/2O UNID	Geral	3.00
6860	PCT DE BEXIGA N°7	Geral	7.50
6861	PCT DE BEXIGA VERMELHA N°7	FESTA	7.50
6862	PCT DE CABIDES C/5	Geral	7.00
6863	PCT DE CARRINHOS C/5	Geral	50.00
6864	PCT DE COPOS 200 ML	Geral	5.50
6865	PCT DE PILHA PALITO PANASONIC	Geral	8.00
6866	PCT DE PILHA PALITO RAYOVAC	Geral	6.00
6867	PCT DE PILHA RAYOVAC AA	Geral	8.00
6868	PCT DE SACO TRANSP. C/100 UNID	Geral	15.00
6869	PCT DE XUXINHAS	Geral	2.00
6870	PCT DE XUXINHAS NICOLLE	Geral	2.00
6871	PCT FECHADO C/100 TRANSP C/ BOLINHAS	Geral	10.00
6872	PCT PILHA RAYOVAC	Geral	6.00
6873	PCT PILHAS PANASONIC	Geral	8.00
6874	PCT XUXINHA	FESTA	2.50
6875	PÉ DE GELADEIRA PRATIC	Geral	13.60
6876	PÉ DE GELADEIRA/FOGÃO	Geral	14.00
6877	PEÇA DO LAVA AZULEJO	Geral	5.00
6878	pedido  grande	Geral	5.00
6879	PEDIDO 3 VIAS	Geral	4.00
6880	PEDIDO COM COPIA	Geral	3.00
6881	PEDIDO COM CÓPIA  2 VIAS	Geral	4.00
6882	PEDIDO COM COPIA 2 VIAS	PAPELARIA	4.80
6883	pedido comercial staroffice 1,50mmx200mm	PAPELARIA	4.50
6884	PEDIDO DE 3 VIAS	Geral	4.50
6885	PEDIDO SEM COPIA  1 VIA  MARCE	Geral	5.00
6886	pedido sem cópia 1 via	Geral	6.00
6887	pedra  coloridas  terra brasil pq	Geral	4.00
6888	pedra  seixos branca GRANDE E PEQUENA	Geral	5.00
6889	pedra afiar  brasfort	Geral	10.00
6890	PEDRA AFIAR FACA CANOA	Geral	8.00
6891	PEDRA BRANCA	Geral	3.50
6892	PEDRA DE AMOLAR FACA	UTILIDADES	7.00
6893	pedra de unhas	Geral	15.00
6894	PEDRA POME	Geral	3.00
6895	PEDRAS DECORATIVAS BRANCAS PEDRARGIL	Geral	4.00
6896	pedras decorativas coloridas	UTILIDADES	4.00
6897	pedras seixos grande  2 kl	Geral	5.00
6898	PEDRICO SEIXOS BRANCO 1 KL	Geral	5.00
6899	PEDRINHA DE UNHA KING	Geral	2.50
6900	PEDRINHAS DE BRILHO	Geral	2.00
6901	PEDRINHAS DE DECORAÇÃO P/ UNHA	COSMÉTICOS	10.00
6902	PEDRINHAS DE UNHA BEAUTY SKY	Geral	10.00
6903	PEDRINHAS DE UNHA BEAUTY SKY	Geral	10.00
6904	pedrinhas de unha cx	Geral	15.00
6905	PEDRINHAS KING	Geral	2.50
6906	PEDRISCO BRANCO	Geral	3.50
6907	pedrisco branco 1 kg	JARDINAGEM	4.00
6908	PEGA PEIXE	Geral	20.00
6909	PEGA PEIXE FISHING  HOOK	Geral	11.00
6910	PEGA VARETA	UTILIDADES	4.00
6911	PEGA VARETA C/ 21 VARETAS	BRINQUEDOS	3.50
6912	PEGA VARETAS ALGAZARRA	BRINQUEDOS	7.00
6913	PEGADOR DE GARRAFÃO DE ÁGUA	UTILIDADES	18.00
6914	pegador de massa 12,5 cm  original	Geral	5.00
6915	pegador de massa 29cm original	ALUMINIO	20.00
6916	pegador de massa cb longo 29cm moniz	ALUMINIO	25.00
6917	PEGADOR DE MASSA INOX	COZINHA	12.00
6918	pegador de massa inox  viel	Geral	12.00
6919	pegador universal inox 29 cm  original	Geral	16.00
6920	pegados de massa  inox original 20 cm	ALUMINIO	15.00
6921	PEGUA VARETA	Geral	4.00
6922	pelucia coração	Geral	24.00
6923	PELUCIA CORAÇÃO	BRINQUEDOS	25.00
6924	PELUCIA CORAÇÃO COM BRAÇOS MÉDIO	Geral	40.00
6925	PELUCIA DE CORAÇÃO	Geral	25.00
6926	PELÚCIA URSO	PELÚCIA	80.00
6927	PENEIRA  INOX 23 CM	Geral	7.00
6928	PENEIRA  MÉDIA  BRANCA	Geral	8.00
6929	PENEIRA 10 CM INOX	Geral	7.00
6930	PENEIRA 11 CM	Geral	3.00
6931	PENEIRA 12CM	Geral	7.50
6932	PENEIRA 14 CM	COZINHA	4.00
6933	peneira 20 cm cromado original	Geral	16.50
6934	PENEIRA ALUMINIO	Geral	10.50
6935	peneira cromado frateli	Geral	20.00
6936	peneira grande	Geral	10.00
6937	PENEIRA GRANDE 19cm	UTILIDADES	6.00
6938	peneira inox	Geral	25.00
6939	peneira inox art house29 cm	Geral	10.50
6940	peneira mãe	Geral	2.50
6941	PENEIRA MAIOR	Geral	10.00
6942	PENEIRA MENOR	Geral	7.50
6943	PENEIRA N 12 AÇO INOX	Geral	8.00
6944	peneira n 14cm branco	Geral	8.00
6945	peneira n16 cm	Geral	9.00
6946	peneira pequena	Geral	2.00
6947	PENEIRA PEQUENA SL	UTILIDADES	3.00
6948	PENEIRA UNIPOP GRANDE	UTILIDADES	5.00
6949	PENICO ADULTO	UTILIDADES	6.00
6950	PENTE	Geral	10.00
6951	pente	Geral	4.00
6952	PENTE	Geral	4.00
6953	PENTE	Geral	3.00
6954	pente	Geral	4.00
6955	pente	Geral	4.00
6956	pente	Geral	4.00
6957	PENTE	Geral	3.00
6958	pente	Geral	3.00
6959	pente	Geral	3.50
6960	pente  sortido	Geral	4.50
6961	PENTE AFRO	Geral	7.00
6962	PENTE AMARELO	Geral	3.00
6963	PENTE AOLISI COMB	Geral	2.00
6964	PENTE AZUL	Geral	4.50
6965	PENTE AZUL	Geral	4.00
6966	PENTE AZUL	Geral	3.00
6967	PENTE BONITÃO	Geral	4.00
6968	PENTE BRANCO	Geral	4.00
6969	PENTE COLORIDO	Geral	4.00
6970	PENTE DIELU 588	Geral	3.50
6971	PENTE ESCOVA TRI	Geral	4.00
6972	PENTE FINO	Geral	2.00
6973	PENTE FINO	Geral	3.00
6974	PENTE FINO	Geral	3.00
6975	PENTE FINO  C 2   MIMUCHE	Geral	3.50
6976	PENTE FINO  C CABO DUDA ENCARTELADOS	Geral	3.00
6977	PENTE FINO C/ CABO	UTILIDADES	3.00
6978	PENTE FINO C/CABO AMBAR	UTILIDADES	3.00
6979	PENTE FINO S/CABO	Geral	3.00
6980	PENTE FINO SOLTO	Geral	2.00
6981	pente infantil	Geral	7.00
6982	pente mara	Geral	4.00
6983	PENTE MARILU PROFISSION	UTILIDADES	3.50
6984	PENTE OVAL MASCULINO	Geral	3.00
6985	PENTE P/CABELO OVAL	Geral	4.00
6986	PENTE P/CABELO RETA	Geral	4.00
6987	PENTE PATA-PATA	Geral	3.00
6988	pente plastico sortido	Geral	3.00
6989	PENTE PRETO	Geral	4.00
6990	PENTE PRETO	Geral	5.00
6991	PENTE PROFESSIONAL	Geral	3.00
6992	PENTE REDONDO MASCULINO	Geral	3.00
6993	PENTE ROSA	Geral	3.50
6994	PENTE ROSA	Geral	3.00
6995	Pente rosa	Geral	3.00
6996	PENTE ROSA	Geral	4.00
6997	PENTE ROSA	Geral	5.00
6998	PENTE ROXO	Geral	3.00
6999	PENTE ROXO	Geral	4.00
7000	PENTE ROXO GRANDE	Geral	15.00
7001	PENTE TRANÇADO	Geral	5.00
7002	PENTE VERDE	Geral	3.00
7003	PENTE VERDE	Geral	4.00
7004	PENTE VERMELHO	Geral	4.00
7005	PENTE VERMELHO	Geral	3.00
7006	PENTINHO  PRETO SOCIAL 2 UNID.	Geral	3.00
7007	PEQUENA DOUTORA	BRINQUEDOS	25.00
7008	PEQUENA DOUTORA	BRINQUEDOS	25.00
7009	PEQUENO DOUTOR	Geral	25.00
7010	PERFUME	Geral	40.00
7011	PESO DE PORTA	Geral	12.00
7012	peso de porta	Geral	7.00
7013	PESO P/ PORTA COBRA	Geral	6.00
7014	PESO PARA PORTA JOANINHA	Geral	6.00
7015	PESO PARA PORTA SORTIDO	UTILIDADES	7.00
7016	PIANO BRANCO VAQUINHA	BRINQUEDOS	65.00
7017	PIANO DINOSSAURO/UNICORNIO	Geral	45.00
7018	PIANO ROSA MUSICAL	BRINQUEDOS	65.00
7019	piano strawberry	Geral	65.00
7020	PIC UP RACER	Geral	15.00
7021	picing de trago	Geral	5.00
7022	picing de umbingo novo	Geral	7.00
7023	PICK UP  FIREBLADE	Geral	40.00
7024	PICK UP FORCE	BRINQUEDOS	100.00
7025	PICKUP COLORIDA	BRINQUEDOS	10.00
7026	PICKUP POLICIA	BRINQUEDOS	23.00
7027	PICK-UP POLICIA	BRINQUEDOS	17.00
7028	PICK-UP SUPER SURF	BRINQUEDOS	27.00
7029	PICKUP SURF PK7	BRINQUEDOS	17.00
7030	PICOLE SWEET MISSY	Geral	30.00
7031	PIERCING	Geral	4.00
7032	PIERCING BOCA	Geral	2.00
7033	PIERCING DE ARGOLA	Geral	2.00
7034	PIERCING DE ARGOLA C/PEDRINHA	Geral	2.00
7035	PIERCING DE ARGOLA DOURADO	Geral	2.00
7036	PIERCING DE ARGOLA MEDIO	Geral	5.00
7037	PIERCING DE ARGOLA PRETA	Geral	2.00
7038	PIERCING DE LINGUA	Geral	5.00
7039	PIERCING DE NARIZ RETO	Geral	2.00
7040	PIERCING DE NARIZ TORTO	Geral	2.00
7041	PIERCING DE SEPTO	Geral	5.00
7042	PIERCING DE TRAGO	Geral	2.00
7043	PIERCING DE TRAGO GRANDE	Geral	5.00
7044	PIERCING DE UMBIGO	Geral	10.00
7045	PIERCING DE UMBIGO	Geral	4.00
7046	PIERCING DE UMBIGO	Geral	5.00
7047	PIERCING DE UMBIGO	Geral	7.00
7048	PIERCING SMILE/BOCA	Geral	5.00
7049	PIERCING TRANSVERSAL	Geral	5.00
7050	PIERCINGS	Geral	3.00
7051	PIERCINGS	Geral	2.00
7052	piha solta	Geral	2.00
7053	pilao  grande	Geral	50.00
7054	PILÃO C SOCADOR   10X7CM  MADEIRA	COZINHA	17.00
7055	pilão c socador 12x7,5 madeira	COZINHA	20.00
7056	pilao de madeira	Geral	50.00
7057	PILÃO DE MADEIRA	Geral	40.00
7058	PILÃO DE MADEIRA	Geral	30.00
7059	pilão madeira com socador alves	Geral	12.50
7060	pilão plastico engiplast	Geral	6.00
7061	PILÃO STOLF	Geral	16.80
7062	PILHA	Geral	4.00
7063	pilha	Geral	8.00
7064	pilha  fbg 2 aa c 4 unidades	Geral	7.00
7065	PILHA  INOVA  AA	Geral	8.00
7066	pilha  inova palito	Geral	8.00
7067	PILHA 1 UNIDADE	Geral	2.00
7068	PILHA 12V 27A ALKALINE	Geral	10.00
7069	PILHA 2 UNIDADE	Geral	4.00
7070	PILHA 2016	Geral	3.00
7071	pilha 23 a levmox	Geral	10.00
7072	PILHA 23A	Geral	10.00
7073	PILHA 32 A	Geral	5.00
7074	pilha avulsa aa	Geral	2.00
7075	pilha duracel  aaa  fina	Geral	20.00
7076	PILHA DURACEL AA	Geral	20.00
7077	PILHA DURACELL 2 UNID AA	ELETRONICOS	15.00
7078	PILHA DURACELL PEQUENA	Geral	20.00
7079	pilha n 44 de laser	Geral	1.00
7080	PILHA PACOTE	Geral	8.00
7081	PILHA PALITO   FBG	Geral	7.00
7082	pilha palito 2 unidade	Geral	4.00
7083	PILHA PALITO pc  c 4	Geral	8.00
7084	PILHA PALITO SOLTA	Geral	1.50
7085	PILHA PALITO SOLTA	Geral	2.00
7086	pilha panasonic	Geral	8.00
7087	pilha pequena rayovac	Geral	8.00
7088	pilha phillpis solta	Geral	2.50
7089	pilha rayovac solto	Geral	2.50
7090	PILHA SEGMA	Geral	8.00
7091	PILHA SOLTA	Geral	2.00
7092	pilha solta philips	Geral	2.50
7093	PILOTO PRETO	ESCRITÓRIO	8.50
7094	PINÇA	Geral	2.50
7095	pinça	Geral	3.00
7096	pinça	Geral	2.00
7097	PINÇA	Geral	3.00
7098	PINÇA CRUX DE OURO	Geral	2.00
7099	PINÇA DE SOBRANCELHA	ACESSÓRIOS (MODA)	3.00
7100	PINÇA DE SOBRANCELHA LAMAR	Geral	2.00
7101	PINÇA DE SOBRANCELHA MERHEJE	Geral	3.00
7102	PINÇA DE SOMBRANCELHA	Geral	5.00
7103	PINÇA DECORADA MERHEJE	Geral	3.00
7104	PINÇA NAPOLES BEAUTY	UTILIDADES	3.00
7105	PINÇA POLILIKE	Geral	5.00
7106	PINÇA SOMBRANCELHA LAMAR	Geral	3.00
7107	PINCE	Geral	5.00
7108	pince	Geral	5.00
7109	pince de lingua	Geral	5.00
7110	pince de lingua	Geral	3.00
7111	PINCE DE NARIZ	Geral	2.00
7112	PINCE DE UMBIGO	Geral	5.00
7113	PINCEL	Geral	8.00
7114	PINCEL	Geral	3.50
7115	PINCEL	Geral	7.00
7116	PINCEL  CULINÁRIO SILICONE	Geral	7.00
7117	pincel  escolar	Geral	5.00
7118	pincel amarelo	Geral	5.00
7119	pincel chato	Geral	3.50
7120	PINCEL CONDOR	Geral	5.00
7121	pincel condor	Geral	8.00
7122	pincel condor	Geral	7.00
7123	pincel condor	Geral	6.00
7124	PINCEL CONDOR	Geral	7.00
7125	PINCEL DE BARBEAR  ORIGINAL	Geral	15.00
7126	pincel de pimtura e pente art bela	Geral	4.80
7127	pincel de tintura dielu	ACESSÓRIOS (MODA)	10.00
7128	PINCEL ESCOLAR	ESCOLAR	5.50
7129	pincel escolar	Geral	5.50
7130	PINCEL ESCOLAR	ESCOLAR	5.00
7131	pincel escolar	Geral	5.00
7132	PINCEL ESCOLAR	Geral	8.00
7133	PINCEL ESCOLAR  CONDOR	Geral	5.00
7134	PINCEL ESCOLAR  CONDOR	ESCOLAR	8.00
7135	PINCEL ESCOLAR CONDOR	Geral	6.00
7136	PINCEL ESCOLAR CONDOR	Geral	8.00
7137	PINCEL ESCOLAR CONDOR	Geral	8.00
7138	PINCEL ESCOLAR CONDOR	Geral	5.00
7139	PINCEL ESCOLAR CONDOR GRANDE	Geral	8.00
7140	PINCEL ETILUX	Geral	2.00
7141	PINCEL GROSSO	Geral	6.00
7142	PINCEL N 10	Geral	6.00
7143	PINCEL PARA UNTAR	Geral	6.00
7144	pincel silicone	Geral	6.00
7145	PINCEL TINTURA G	UTILIDADES	10.00
7146	PINCEL, ESPATULA E COLHER DE SILICONE	Geral	20.00
7147	pincing de boca	Geral	5.00
7148	pincing de boca	Geral	3.00
7149	PINCING DE LINGUA	Geral	4.00
7150	pincing de lingua c	Geral	5.00
7151	pincing de nariz	Geral	2.00
7152	PINCING DE ORELHA	Geral	4.00
7153	pincing de trago	Geral	3.00
7154	pincing de umbingo	Geral	5.00
7155	pincing de umbingo com  pimgente	Geral	7.00
7156	pincing trasversal	Geral	3.00
7157	PINICO ADULTO	UTILIDADES	9.00
7158	PINICO ADULTO	Geral	4.00
7159	PINICO CARRO	Geral	17.60
7160	PINICO INFANTIL CALHAMBEQUE	Geral	23.00
7161	PINICO TARTARUGA	Geral	15.50
7162	pino  de panela de pressao	Geral	8.00
7163	PINO DE PANELA DE PRESSÃO	Geral	8.00
7164	PINO P/ PANELA DE PRESSÃO	Geral	5.00
7165	PINO P/ PANELA DE PRESSÃO DE ALUMINIO	Geral	7.00
7166	PINO P/ PANELA DE PRESSÃO DE ALUMINIO	Geral	8.00
7167	PIPOQUEIRA PREMIUM	ALUMINIO	45.00
7168	PIRAINHA PRETA DE FERRO	Geral	0.50
7169	PIRAMIDE DE BALA DE COCO	Geral	5.00
7170	piramnha de cabelo	Geral	1.00
7171	PIRANHA	Geral	1.50
7172	PIRANHA	Geral	1.00
7173	PIRANHA DE  CABELO PQ	Geral	0.50
7174	piranha de cabelo	Geral	1.50
7175	PIRANHA DE CABELO DE FERRO, COLORIDA	Geral	2.00
7176	PIRANHA DE CABELO FLOR	Geral	7.00
7177	PIRANHA DE CABELO FLOR	Geral	4.00
7178	PIRANHA DE CABELO GRANDE	Geral	2.00
7179	PIRANHA DE CABELO LONGA	Geral	2.00
7180	PIRANHA DE CABELO MEDIA	Geral	1.00
7181	PIRANHA DE CABELO PQ	Geral	0.50
7182	PIRANHA DE CABELO PRETA GRANDE	Geral	3.00
7183	PIRANHA DE CABELO PRETA PEQ PCT	Geral	3.00
7184	PIRANHA DE CABELO ROSA GRANDE	Geral	3.00
7185	PIRANHA DE CABELO TRANSPARENTE GRANDE	Geral	3.00
7186	piranha grande	Geral	2.00
7187	pirnce de nariz argola	Geral	2.00
7188	PISCA-PISCA DE NATAL	Geral	15.00
7189	PISO GEOMÉTRICO	Geral	15.00
7190	PISO GEOMÉTRICO TAPETE	Geral	15.00
7191	PISTOLA   DE COLA QUENTE 40 W	Geral	30.00
7192	pistola cola  grande	Geral	30.00
7193	PISTOLA COLA QUENTE	Geral	20.00
7194	pistola cola quente pequena	Geral	20.00
7195	pistola cola quente pq	Geral	22.00
7196	PISTOLA D'AGUA	BRINQUEDOS	25.00
7197	PISTOLA D'ÁGUA GRANDE MOD FUN	BRINQUEDOS	65.00
7198	PISTOLA DE AGUA	Geral	10.00
7199	PISTOLA DE AGUÁ	BRINQUEDOS	25.00
7200	pistola de aguá aqua fan	Geral	10.50
7201	PISTOLA DE AGUA PEQUENA	BRINQUEDOS	8.00
7202	PISTOLA DE AGUA PLASTICA	BRINQUEDOS	18.00
7203	PISTOLA DE BRINQUEDO C/ LUZ E SOM	Geral	35.00
7204	PISTOLA DE COLA QUENTE	UTILIDADES	30.00
7205	pistola de cola quente g	Geral	40.00
7206	PISTOLA DE COLA QUENTE GRANDE	Geral	30.00
7207	PISTOLA DE COLA QUENTE PE.	Geral	18.00
7208	pistola de cola quente pequena	Geral	20.00
7209	PISTOLA DE DADOS	Geral	30.00
7210	PISTOLA DE DARDOS	BRINQUEDOS	45.00
7211	PISTOLA DE DARDOS COM CAPACETE	BRINQUEDOS	30.00
7212	pistola de quente pequena	Geral	30.00
7213	PISTOLA LANÇA BOLAS COM ALVO	BRINQUEDOS	15.00
7214	PISTOLA P/ APLICAR COLA	UTILIDADES	25.00
7215	pistola pequena	Geral	16.00
7216	pistola quente pequena	Geral	20.00
7217	PISTOLINHA COLA QUENTE	UTILIDADES	25.00
7218	placa  alugo tratar aqui plastico	Geral	4.00
7219	PLACA  ENTRADA PROIBIDA	Geral	3.00
7220	placa aluga se	Geral	4.00
7221	PLACA DE   VENDE SE PAPEL	Geral	3.00
7222	placa de aluga se	Geral	4.00
7223	PLACA DE PROIBIDO FUMAR	Geral	3.00
7224	PLACA DE VENDE-SE	Geral	2.00
7225	PLACA DECORATIVA	Geral	20.00
7226	placa nao estacione	Geral	5.00
7227	placa proibido estacionar	Geral	5.00
7228	PLACA PROIBIDO ESTACIONAR	UTILIDADES	5.00
7229	placa vende se  c 2 und.	Geral	4.00
7230	placa vende unidade	Geral	3.00
7231	play kitchen	BRINQUEDOS	7.00
7232	PLUG 3 SAIDA 10A/250W	Geral	7.50
7233	PLUGUE 3 SAÍDA	Geral	10.00
7234	po de coco	Geral	4.00
7235	PÓ DE COCO	JARDINAGEM	6.50
7236	PÓ DE COCO	Geral	4.50
7237	PÓ DE COCO	Geral	4.00
7238	POCHETE ESPORTIVA	Geral	50.00
7239	POCHETE FINA	Geral	25.00
7240	POCHETE SPORT	Geral	25.00
7241	POLICE PLAY SET	Geral	25.00
7242	POLTRONA AZUL BABY	Geral	25.50
7243	POLTRONA INFANTIL ESTOFADA	Geral	98.00
7244	POLTRONINHA INFANTIL ROSA	UTILIDADES	30.00
7245	POMPOM	Geral	5.00
7246	pon pon colors	Geral	4.00
7247	POP IT COLORIDO	BRINQUEDOS	25.00
7248	poprta escova de dentes c tanpa essenzia	Geral	20.00
7249	PORCÃO GRANDE	BRINQUEDOS	6.50
7250	PORIFIASADOR	Geral	40.00
7251	porta  chaves frases	Geral	20.00
7252	porta  comprimidos semaninha	Geral	9.00
7253	PORTA  CONDIMENTOS  NAPOLITANO	Geral	30.00
7254	PORTA  jóia MAMAE	UTILIDADES	20.00
7255	PORTA  QUEIJO	Geral	15.00
7256	porta  rg simples	Geral	3.00
7257	PORTA  SABÃO EM PÓ	Geral	11.00
7258	porta  sabonete liquida 600 ml	Geral	15.00
7259	porta acuçar	Geral	12.00
7260	PORTA BILHETE U´NICO	Geral	5.00
7261	PORTA BOLO GOLD ERCA PLAST	Geral	20.00
7262	porta botijão	Geral	4.00
7263	porta cafe	Geral	12.00
7264	PORTA CARTÃO DE ONIBUS	Geral	4.00
7265	porta carteira de motorista	Geral	4.50
7266	porta chaves  moldura	Geral	7.00
7267	porta chaves com mensagem	Geral	20.00
7268	porta comprimidos	Geral	3.00
7269	PORTA CONDIMENTOS	Geral	8.50
7270	PORTA CONDIMENTOS DE MADEIRA	Geral	130.00
7271	porta condimentos lanna	Geral	15.00
7272	PORTA COPOS DE 20 LUGARES CROMO	Geral	23.00
7273	PORTA CORTINA DE BOX SECALUX	Geral	20.00
7274	PORTA CORTINA UNIVERSAL FERRO 1,15X2,15m	Geral	45.00
7275	PORTA CRACHÁ	Geral	10.00
7276	PORTA CRACHÁ	Geral	4.00
7277	porta crachá de indentificação	Geral	10.00
7278	porta detergente	Geral	20.00
7279	PORTA DETERGENTE	COZINHA	4.00
7280	PORTA DETERGENTE  SBRISSA	Geral	5.50
7281	PORTA DETERGENTE BRANCO	UTILIDADES	8.00
7282	PORTA DETERGENTE BRANCO	Geral	4.00
7283	PORTA DETERGENTE COLOR	LIMPEZA	6.00
7284	porta detergente e esponja	Geral	22.00
7285	PORTA DETERGENTE E ESPONJA PRETO	UTILIDADES	15.00
7286	porta detergente esponja e sabão	UTILIDADES	10.00
7287	PORTA DETERGENTE LIZ ACRILICO	UTILIDADES	22.00
7288	porta detergente mb	Geral	15.00
7289	PORTA DETERGENTE PRETO	UTILIDADES	8.00
7290	porta detergente unijet branco	Geral	4.00
7291	porta detergente unijet preto	Geral	4.00
7292	porta detergente unijet vermelho	Geral	4.00
7293	PORTA DIPLOMA 20X30	UTILIDADES	25.00
7294	porta diploma  20x30	Geral	40.00
7295	PORTA DIPLOMA  PINTADO 20X30 MUGMAR	UTILIDADES	40.00
7296	porta diploma glass	Geral	25.00
7297	PORTA DIPLOMA GLASS 20X30 MOLDURA LARGA	Geral	25.00
7298	PORTA DIPLOMA IMAGE GLASS 20x30 A4	UTILIDADES	20.00
7299	PORTA DOCINHO	Geral	2.00
7300	PORTA DOCUMENTO CARRO	Geral	4.50
7301	PORTA DOCUMENTOS	Geral	7.50
7302	porta embalagem p	Geral	0.50
7303	porta escova  COM tampa mb	Geral	20.00
7304	PORTA ESCOVA ACRILICO C TANPA   PROTECTA	Geral	20.00
7305	PORTA ESCOVA BRANCO   RATAN	UTILIDADES	7.00
7306	PORTA ESCOVA BRASAMI C/TAMPA	UTILIDADES	15.00
7307	PORTA ESCOVA C/ TAMPA NITRON	UTILIDADES	12.50
7308	PORTA ESCOVA C/TAMPA	Geral	15.00
7309	PORTA ESCOVA COM TAMPA FUME	BANHEIRO	16.00
7310	PORTA ESCOVA COM TAMPA RAINHA	UTILIDADES	15.00
7311	PORTA ESCOVA COM TAMPA TRANSPARENTE	BANHEIRO	17.00
7312	PORTA ESCOVA DE  DENTE  ACRILICO	Geral	20.00
7313	PORTA ESCOVA DE DENTE	Geral	4.00
7314	PORTA ESCOVA DE DENTE C TAMPA DECORADO	Geral	8.50
7315	PORTA ESCOVA DE DENTE DELTA COM TAMPA	Geral	15.00
7316	PORTA ESCOVA DE DENTE VIAGEM	Geral	3.50
7317	porta escova de dentes	UTILIDADES	10.00
7318	PORTA ESCOVA VIAGEN	Geral	3.00
7319	PORTA ESCOVAS	Geral	8.50
7320	PORTA ESCOVAS DE BANHEIRO	Geral	17.00
7321	PORTA ESCOVAS DE DENTE ACRILICO SORTIDO 217X7cm	UTILIDADES	10.00
7322	PORTA FILTRO P/ CAFE	Geral	4.00
7323	PORTA FRIOS  GOLD	Geral	14.00
7324	PORTA FRIOS 2 PÇS	PLASTICOS	7.50
7325	PORTA FRIOS C/2 DIVISÕES	UTILIDADES	8.50
7326	PORTA FRIOS PLASMONT	Geral	8.60
7327	porta gelo branco maribel plast1	Geral	4.00
7328	PORTA GUARDANAPO	Geral	11.00
7329	PORTA GUARDANAPO	UTILIDADES	4.00
7330	porta joia  mini  c estojo e espelho	Geral	20.00
7331	porta joia nuvem porcelana	Geral	20.00
7332	PORTA LEITE C/ TAMPA GIRATÓRIA MEUBABY	UTILIDADES	10.00
7333	PORTA MACARRÃO PLASDURAN	Geral	9.00
7334	porta mantimentos c 4 rosca	COZINHA	28.00
7335	PORTA OBJETO PRENDEDOR	UTILIDADES	3.50
7336	PORTA OLÉO	UTILIDADES	7.00
7337	PORTA OLÉO   PLASTICO	UTILIDADES	4.50
7338	PORTA OLEO PLASTICOS MB	Geral	6.50
7339	PORTA PAPEL HIGIÊNICO	Geral	8.00
7340	PORTA PAPEL HIGIENICO NAPA	Geral	8.50
7341	PORTA PAPEL NITRON	Geral	15.50
7342	PORTA PAPEL TOALHA	Geral	10.50
7343	PORTA PRESUNTO C/TELA 460ML NITRON	UTILIDADES	15.00
7344	PORTA RET.15X21 MOLD.MADEIRA-D	Geral	14.00
7345	PORTA RETRATO	UTILIDADES	12.50
7346	porta retrato	Geral	25.00
7347	PORTA RETRATO	UTILIDADES	8.50
7348	PORTA RETRATO   10X15  LIVON	Geral	10.00
7349	PORTA RETRATO  15X20	Geral	13.00
7350	PORTA RETRATO  20X25	Geral	12.00
7351	PORTA RETRATO 10X15	Geral	10.00
7352	PORTA RETRATO 10X15	UTILIDADES	7.50
7353	PORTA RETRATO 10X15 PLASTICO ONYX	UTILIDADES	10.00
7354	PORTA RETRATO 10X15 TRELIÇA	UTILIDADES	7.50
7355	PORTA RETRATO 10X15cm	UTILIDADES	8.00
7356	PORTA RETRATO 10X15cm	UTILIDADES	8.00
7357	PORTA RETRATO 10X15CM	Geral	16.00
7358	PORTA RETRATO 10X15CM ONYX PLASTICO	UTILIDADES	10.00
7359	PORTA RETRATO 10X15CM TRIAX	UTILIDADES	12.00
7360	PORTA RETRATO 10X20	UTILIDADES	8.00
7361	PORTA RETRATO 10X20 ROSE	UTILIDADES	8.00
7362	PORTA RETRATO 13X18	Geral	8.00
7363	PORTA RETRATO 13X8CM	UTILIDADES	14.00
7364	PORTA RETRATO 15X20CM	Geral	13.00
7365	PORTA RETRATO 15X21 MADEIRA	UTILIDADES	15.00
7366	porta retrato 15x21 mugmar	Geral	20.00
7367	porta retrato 19x15	Geral	12.00
7368	porta retrato 20cm x25cm	Geral	20.00
7369	PORTA RETRATO 20X30	Geral	12.00
7370	PORTA RETRATO 20X30cm	UTILIDADES	18.00
7371	porta retrato abacaxi	Geral	8.00
7372	PORTA RETRATO CORAÇÃO	UTILIDADES	12.50
7373	PORTA RETRATO EM PLASTICO MÃE	UTILIDADES	12.00
7374	PORTA RETRATO EM PLASTICO MÃE	Geral	10.00
7375	PORTA RETRATO EXTRA LUXO	UTILIDADES	10.00
7376	PORTA RETRATO MÃE	UTILIDADES	10.00
7377	PORTA RETRATO PLASTICO MAE	Geral	10.00
7378	PORTA RETRATO PLÁSTICO MASC. PRÍNCIPE	Geral	12.00
7379	PORTA RETRATO QUADRADO	UTILIDADES	12.50
7380	PORTA RG	Geral	3.00
7381	PORTA RG	UTILIDADES	4.50
7382	PORTA ROLO TRIPLO	Geral	36.00
7383	PORTA SABÃO	COZINHA	5.00
7384	porta sabão e dertergente  megaplast	Geral	4.00
7385	porta sabão em pó 1 kg	Geral	15.00
7386	porta sabão em pó erca	PLASTICOS	10.00
7387	porta sabão sky	Geral	10.00
7388	porta sabbonete liquido	Geral	7.50
7389	PORTA SABONETE LIQUIDO VIDRO	Geral	15.00
7390	PORTA SHAMPOO	Geral	6.00
7391	PORTA SHAMPOO  LOTUS	PLASTICOS	11.00
7392	porta shampoo prateleira preto	BANHEIRO	12.00
7393	porta shanpoo prateleira branco	BANHEIRO	12.00
7394	PORTA TALHER ARIPLAS BRANCO	UTILIDADES	15.00
7395	porta talher com tanpa	UTILIDADES	15.00
7396	PORTA TALHER PEQ 3UD	UTILIDADES	10.00
7397	porta talher rainha  c 6 divisórias	Geral	37.00
7398	porta talher s tanpa	COZINHA	8.00
7399	porta talher unijet	Geral	18.00
7400	porta tempero	Geral	80.00
7401	porta tempero	Geral	85.00
7402	PORTA TEMPERO	Geral	8.50
7403	porta vassouras	Geral	19.00
7404	porta vassouras	Geral	14.00
7405	PORTA VASSOURAS C/4 ENCAIXES PRETO	Geral	14.00
7406	PORTA VASSOURAS PARAMOUNT	Geral	14.00
7407	porta vretrato 10x15	Geral	10.00
7408	PORTA-RETRATOS 20X30 CERTIFICADO A4	UTILIDADES	15.00
7409	POSTER DE FESTA	Geral	5.00
7410	POSTIT  PEQUENO STICK	Geral	5.00
7411	POST-IT AMARELO	Geral	7.00
7412	POST-IT AZUL	Geral	7.00
7413	POST-IT LARANJA	Geral	7.00
7414	POST-IT ROSA	Geral	7.00
7415	POST-IT STICK NOTE	PAPELARIA	7.00
7416	POST-IT VERDE	Geral	7.00
7417	postite  pequeno	Geral	5.00
7418	POSTITE COLORS	Geral	7.00
7419	postite grande	Geral	7.00
7420	POTE	Geral	12.00
7421	POTE  DE 4	Geral	4.00
7422	pote  de trufas  cacau d ouro	Doces	12.99
7423	POTE  DE VIDRO 1040 ML C TAMPA	Geral	30.00
7424	POTE  DECORADO  FLORES 1,7 L	UTILIDADES	15.50
7425	POTE  METALIZADO 3,6  PANANBY	Geral	18.60
7426	POTE  QUADRADO 500 ML TRASP. NEW LIFE	PLASTICOS	7.00
7427	POTE 1L COM TRAVA E VEDAÇÃO	PLASTICOS	15.00
7428	POTE ABACAXI 3,6L	UTILIDADES	23.50
7429	POTE ACUÇAR 2   LITROS	Geral	10.00
7430	POTE BOLD 1,4 L TRANDPARENTE REDONDO	COZINHA	12.00
7431	POTE BOLD 1,4L	PLASTICOS	12.00
7432	POTE BOROSILICATO 320ML C/TAMPA	VIDROS	13.50
7433	POTE BOROSILICATO 800ML	VIDROS	19.00
7434	POTE BOROSILICATO C/TAMPA 520ML	VIDROS	16.00
7435	POTE BOROSILICATO RETANGULAR 1050ML	VIDROS	23.00
7436	POTE BOROSILICATO RETANGULAR 1520ML	VIDROS	30.00
7437	POTE BOROSILICATO RETANGULAR C/TAMPA 640 ML	VIDROS	22.00
7438	POTE BOROSILICATO RETNGULAR 370ML	VIDROS	15.00
7439	pote c 3 unidades quadrados	PLASTICOS	8.50
7440	POTE C/ ROSCA DE CAFÉ	UTILIDADES	12.00
7441	POTE C/ ROSCA P/ AÇÚCAR	UTILIDADES	12.00
7442	POTE C/ TRAVA 1,5 LTS RETANGULAR TRANSPARENTE	Geral	8.00
7443	POTE C/2 QUAD. GRANDE LEITOSO-B	PLASTICOS	8.50
7444	POTE C/TAMPA 500ML	Geral	7.00
7445	POTE CAFÉ 2 LITROS	Geral	10.00
7446	POTE COLMEIA  880 ML	Geral	15.00
7447	pote colmeia 1.600 ml	Geral	20.00
7448	POTE COLMEIA DE VIDRO 1,2L	VIDROS	17.00
7449	pote com 3 unidades	Geral	8.50
7450	pote com ralador erca	Geral	7.50
7451	pote de  biscoito	Geral	10.00
7452	POTE DE 2,7L AZULEJO PORTUGUES	Geral	18.00
7453	POTE DE CAFÉ SOLTO	Geral	4.00
7454	POTE DE DOCE	Geral	10.00
7455	pote de rosca     500ml preto	UTILIDADES	5.00
7456	pote de trufas	Geral	13.00
7457	pote de vidro	Geral	15.00
7458	POTE DE VIDRO  1,600 ML	Geral	20.00
7459	POTE DE VIDRO  1.600 ML	Geral	20.00
7460	POTE DE VIDRO  640  ML	Geral	25.00
7461	POTE DE VIDRO  640 ML	Geral	25.00
7462	pote de vidro 13,99	Geral	14.00
7463	POTE DE VIDRO 370 ML COM TRAVA   KFJ	VIDROS	20.00
7464	pote deccartavel	Geral	0.50
7465	POTE DECORADO 1,7 L DITOY	UTILIDADES	15.50
7466	POTE DECORADO 1,7L	PLASTICOS	14.00
7467	POTE DECORADO 3,6 JOANINHA	UTILIDADES	23.50
7468	POTE DECORADO NUVENS 1,7L	UTILIDADES	15.50
7469	POTE DECORADO OSSINHOS 1,7L	UTILIDADES	15.50
7470	pote descartavel	Geral	0.50
7471	POTE DIAMANTE 1200ML	Geral	17.00
7472	POTE DIAMANTE 880ML	Geral	15.00
7473	pote embalagem	Geral	0.80
7474	POTE ERCA PLAST PMG	Geral	8.50
7475	POTE FREEZER PLEION 9,5L	Geral	18.00
7476	POTE HERMÉTICO VIDRO  640 ML	Geral	30.00
7477	POTE LISO  METALIZADO PANANBY 3,6 LT	Geral	20.00
7478	POTE LISO CRISTAL 3,6L PANAMBY	PLASTICOS	20.00
7479	POTE LISO PANANBY 1,8 L	Geral	13.00
7480	pote liso redondo 880 ml	Geral	15.00
7481	POTE MARGARIDA 3,6L DECORADO	UTILIDADES	23.50
7482	POTE MULTIUSO C/24PÇS MARTINAZZO	UTILIDADES	30.00
7483	pote multiuso colors 1,2 l	PLASTICOS	5.00
7484	POTE PEQUENO	Geral	2.50
7485	POTE PMG QUAD. LEITOSO-B	PLASTICOS	8.50
7486	pote pra café	Geral	3.50
7487	pote pra café   bj plastico sortido	Geral	3.50
7488	POTE PRA FREEZER/MICROONDAS	Geral	11.00
7489	POTE QUADRADO  TRANSPARENTE 1 L PLASMONT	PLASTICOS	8.50
7490	POTE REDONDO ABACAXI	UTILIDADES	18.00
7491	POTE RETANGULAR TRANSPARENTE	Geral	8.50
7492	POTE ROSCA 300 ML	UTILIDADES	5.00
7493	POTE TRANSPARENTE 2,2L NEW LIFE	PLASTICOS	12.00
7494	pote transparente melancia	Geral	20.00
7495	POTE VASO COLORS	Geral	5.00
7496	POTE VIDRO MARINEX 500 ML	Geral	17.00
7497	POTE VIDRO MARINEX 620  ML TANPA  REDONDO	Geral	25.80
7498	pote vidro redondo liso	Geral	17.00
7499	potes  quadrados 3  peças	PLASTICOS	7.00
7500	POTES C/3 LEITOSO REDONDOS	PLASTICOS	7.00
7501	POTES MINI DECORADO C/4 PÇS	PLASTICOS	7.50
7502	POTES REDONDOS MINI C/4	PLASTICOS	7.50
7503	POTES RETANGULAR ERCA PLAST C/3	Geral	8.50
7504	POTES RETANGULARES C/3	PLASTICOS	7.00
7505	POTICHE DE VIDRO	VIDROS	20.00
7506	POTINHO PEQUENO DE PLANTA COLORIDO	JARDINAGEM	2.00
7507	ppp prato	Geral	3.00
7508	PRANCHETA	Geral	8.50
7509	PRANCHETA GRANDE  MADEIRA	PAPELARIA	10.00
7510	PRANCHETA MADEIRA PQ SOUZA	Geral	4.00
7511	pratinho	Geral	2.50
7512	PRATINHO  QUAD. PEQ	Geral	4.00
7513	PRATINHO COLORIDO	Geral	3.00
7514	PRATINHO DE FESTA VERDE	Geral	2.50
7515	PRATINHO DE PLÁSTICO COLORIDO	PLASTICOS	3.00
7516	PRATINHO DESCARTAVEL BRANCO	FESTA	2.50
7517	PRATINHO DESCARTAVEL FUNDO	Geral	3.00
7518	pratinho festa fundo	Geral	4.00
7519	PRATINHO ROSA	Geral	2.50
7520	PRATINHO ROSA	FESTA	2.50
7521	PRATINHO VERMELHO	Geral	2.50
7522	PRATINHOS DESCARTAVEIS TRIK TRIK	Geral	3.00
7523	PRATINHOS ROSA FORFET C/10	Geral	2.50
7524	PRATO	Geral	3.00
7525	PRATO	Geral	5.00
7526	prato	Geral	2.50
7527	PRATO   REDONDO PRETO 24 CM	JARDINAGEM	4.00
7528	PRATO  DESCARTÁVEL  FESTA 15 CM	Geral	3.00
7529	prato  fundode salgados 12 cm  branco	Geral	3.00
7530	prato  jardineira  terra cota 35	JARDINAGEM	8.00
7531	PRATO  PEIXE BRANCO	Geral	5.00
7532	PRATO ACQUA	VIDROS	7.00
7533	PRATO ALIMENTAÇAO	Geral	6.00
7534	PRATO AMARELO	FESTA	2.50
7535	PRATO AMARELO	Geral	2.50
7536	prato avulso	Geral	4.00
7537	PRATO AZUL CLARO	FESTA	2.50
7538	PRATO AZUL FUNDO DURALEX	Geral	7.00
7539	PRATO AZUL FUNDO DURALEX	Geral	4.00
7540	PRATO AZUL RASO DURALEX	Geral	10.00
7541	PRATO BRANCO VITALFORM	FESTA	2.50
7542	prato c; colher  bebê plastibaby	Geral	7.80
7543	PRATO DE ANIVERSARIO AZUL	Geral	2.50
7544	prato de festa 15 cm preto	Geral	2.50
7545	prato de festa 15 cm vermelho	Geral	2.50
7546	prato de festa amarelo 15 cm	Geral	2.50
7547	prato de festa branco 15 cm	Geral	2.50
7548	PRATO DE FESTA BRANCO 15CM	Geral	5.00
7549	PRATO DE FESTA GRANDE	Geral	4.00
7550	PRATO DE FESTA GRANDE RASO	FESTA	5.00
7551	prato de jardim	Geral	8.00
7552	PRATO DE PLANTA QUADRADO P/VASOS	Geral	4.00
7553	PRATO DE PLANTA REDONDO	Geral	2.50
7554	PRATO DE PLANTA REDONDO P/VASOS 24CM 24X24X3	JARDINAGEM	4.00
7555	PRATO DE REFEIÇAÕ	Geral	7.50
7556	PRATO DE VIDRO AZUL RISCADO	Geral	7.50
7557	prato de vidro raso branco	Geral	5.00
7558	prato de vidros	Geral	7.00
7559	PRATO DESCARTAVEL	Geral	2.50
7560	PRATO DESCARTAVEL	Geral	2.50
7561	prato descartavel	Geral	6.00
7562	PRATO DESCARTAVEL  21 CM  REFEIÇÃO	kit FESTA	5.00
7563	prato duralex   LISO TRANSPARENTE	Geral	7.00
7564	PRATO DURALEX FUNDO  TRANSPARENTE   DIAMANTE	VIDROS	7.00
7565	PRATO DURALEX OPALINE  FUNDO	COZINHA	13.00
7566	prato duralex opaline branco  RASO	COZINHA	13.00
7567	PRATO FESTA	Geral	4.00
7568	prato festa 15 cm azul	Geral	2.50
7569	prato festa 15 cm rosa	Geral	2.50
7570	PRATO FESTA DECARTÁVEL 15 CM IBRAS	kit FESTA	2.50
7571	PRATO FUNDO	Geral	5.00
7572	PRATO FUNDO	Geral	5.00
7573	PRATO FUNDO AZUL STAR	Geral	7.00
7574	prato fundo duralex  PRIMAVERA	COZINHA	7.00
7575	PRATO FUNDO ESTRELA	VIDROS	7.00
7576	PRATO FUNDO MIGI TRANSPARENTE	Geral	7.00
7577	PRATO FUNDO PLASTICO CRIANÇA	Geral	3.00
7578	PRATO INFANTIL AZUL	UTILIDADES	4.00
7579	PRATO INFANTIL ROSA	UTILIDADES	4.00
7580	prato jardineira  35  marron	JARDINAGEM	8.00
7581	PRATO KEROCOPO	Geral	2.00
7582	PRATO LAMINADO  25 CM REDONDO	Geral	2.00
7583	PRATO LAMINADO  O47	Geral	6.00
7584	PRATO LAMINADO 047	FESTA	8.60
7585	PRATO LAMINADO 08 30CM PRATA	Geral	3.50
7586	PRATO LAMINADO 10	FESTA	3.50
7587	PRATO LAMINADO 12	FESTA	6.50
7588	PRATO LAMINADO 14	FESTA	6.00
7589	PRATO LAMINADO 33CM	Geral	2.50
7590	PRATO LAMINADO 37CM	Geral	4.50
7591	PRATO LAMINADO REDONDO  08	kit FESTA	3.50
7592	PRATO LILAS	FESTA	2.50
7593	PRATO MED N°2	Geral	5.00
7594	PRATO N°28 PRETO	Geral	8.00
7595	PRATO P/ VASO RED PEQUENO PRETO 21 CM	Geral	3.00
7596	PRATO P/ VASO REDONDO PRETO N°2 26,5 CM	JARDINAGEM	4.50
7597	prato para vaso p11cm	JARDINAGEM	2.50
7598	prato para vaso p14cm	JARDINAGEM	3.00
7599	prato para vaso p20cm	JARDINAGEM	3.50
7600	prato para vaso p22cm	JARDINAGEM	4.00
7601	PRATO PLASTICO FUNDO	Geral	4.00
7602	PRATO PLASTICO REFEIÇAO 21CM	FESTA	7.00
7603	PRATO PRA PLANTA	JARDINAGEM	4.00
7604	PRATO PRETO	Geral	2.50
7605	PRATO PRETO	FESTA	2.50
7606	PRATO PRETO REDONDO 21 CM	Geral	3.00
7607	PRATO QUADRADO 15,5CM    PRETO	JARDINAGEM	2.00
7608	PRATO QUADRADO BJ PLASTICOS	UTILIDADES	3.00
7609	PRATO QUADRADO PEQUENO	Geral	4.00
7610	PRATO RASO	Geral	5.00
7611	PRATO RASO ATUAL VERMELHO	Geral	12.00
7612	PRATO REDONDO  N 37 PRETO	JARDINAGEM	12.00
7613	PRATO REDONDO  PRETO  N 33	JARDINAGEM	9.00
7614	PRATO REDONDO MINI INJEPLASTEC	Geral	3.00
7615	PRATO REDONDO PLANTA PQ.	Geral	2.00
7616	prato refeição	Geral	5.00
7617	prato refeição fundo c 10	kitfesta	7.50
7618	PRATO REFEIÇÃO FUNDO N 20	kit FESTA	7.50
7619	PRATO TRANSP	Geral	5.00
7620	PRATO VERDE	Geral	2.50
7621	PRATO VERDE	Geral	2.50
7622	PRATO VERDE ESCURO	FESTA	2.50
7623	PRATO VERMELHO	Geral	2.50
7624	PRATOS   RASO DESCARTÁVEL   21 CM	Geral	7.00
7625	PRATOS  DECARTÁVEL  21 CM  CHURRASCO  FUNDO  IBRAS	kit FESTA	7.00
7626	pratos de  vidros	Geral	7.00
7627	PRATOS DE PLASTICO AZUIS	Geral	2.50
7628	PRATOS DESCARTAVEIS 12 CM	FESTA	2.50
7629	PRATOS DESCARTÁVEIS ZETTAPACK C/1O UNID	Geral	2.50
7630	PRATOS PLASTICOS DE 21 CM	Geral	6.00
7631	PRATOS PLÁSTICOS VERMELHO	FESTA	2.50
7632	predrinhas de unha	Geral	10.00
7633	PREENDEDORES P/ ROUPAS C/24	Geral	6.00
7634	PREILHA	Geral	2.00
7635	PRENDEDOR	Geral	3.50
7636	PRENDEDOR 12  PRIMAVERA	UTILIDADES	3.00
7637	PRENDEDOR 36 UNIDADES PRENDE BEM	UTILIDADES	6.80
7638	PRENDEDOR DE  PLASTICO C 12 COLOR	Geral	4.00
7639	PRENDEDOR DE CABELO PRETA	Geral	4.00
7640	PRENDEDOR DE CHUPETA	Geral	5.00
7641	PRENDEDOR DE CHUPETA	Geral	4.00
7642	PRENDEDOR DE MADEIRA  16 UNIDADES	UTILIDADES	4.00
7643	PRENDEDOR DE MADEIRA 12 UNID	UTILIDADES	4.50
7644	PRENDEDOR DE MADEIRA 12 UNID QUATRO ESTAÇÕES	UTILIDADES	3.00
7645	prendedor de roupa	Geral	4.00
7646	PRENDEDOR DE ROUPA PLASTICO PREMIUM C/12 UNID	UTILIDADES	12.00
7647	PRENDEDOR DE ROUPS PLASTICO C 12 GRD.	Geral	4.50
7648	PRENDEDOR GS UTIL PLASTICO	UTILIDADES	4.50
7649	PRENDEDOR JANAINA 12 UNID PLASTICO	Geral	3.00
7650	PRENDEDOR MADEIRA 36 UNID	Geral	9.00
7651	PRENDEDOR P/ ROUPA C/ 24 PÇS	Geral	7.50
7652	prendedor primavera c 36	Geral	9.00
7653	PRENDEDOR SUPER DE MADEIRA	Geral	4.00
7654	PRESENTE DE PASCOA	Geral	35.00
7655	PRESENTE DIA DAS MÃES	Geral	55.00
7656	PRESENTE DIA DAS MÃES	Geral	70.00
7657	presente dia dos pais	Geral	50.00
7658	presente dia dos pais	Geral	50.00
7659	presente dia dos pais	Geral	50.00
7660	presente dia dos pais	Geral	50.00
7661	PRESENTE DO DIA DAS MÃES	Geral	125.00
7662	PRESENTE DO DIA DAS MÃES	Geral	85.00
7663	PRESENTE DO DIA DAS MÃES	Geral	140.00
7664	PRESENTE DO DIA DAS MÃES	Geral	80.00
7665	PRESENTE DO DIA DOS NAMORADOS	Geral	50.00
7666	PRESENTE DO DIA DOS NAMORADOS	Geral	60.00
7667	PRESENTE DO DIA DOS NAMORADOS	Geral	40.00
7668	PRESENTE SAQUINHO	Geral	1.50
7669	presente ursinho sortido	PRESENTES	18.00
7670	presilha	Geral	2.50
7671	presilha	Geral	2.00
7672	presilha	Geral	1.00
7673	presilha	Geral	1.50
7674	presilha	Geral	1.00
7675	presilha  BORBOLETA	Geral	2.50
7676	presilha  de flor pq.	Geral	4.00
7677	presilha  media nova	Geral	1.50
7678	presilha  sortida	Geral	1.50
7679	PRESILHA BICO DE PATO	Geral	2.00
7680	PRESILHA BICO DE PATO DE LACINHO	Geral	3.00
7681	PRESILHA C BRILHO	Geral	8.00
7682	presilha c laço xuxinha  pár	Geral	5.00
7683	presilha chapeu festa junina	Geral	5.00
7684	PRESILHA COM REDINHA PRETA	Geral	5.00
7685	PRESILHA COOK KAKE	Geral	5.00
7686	PRESILHA DE FOLHAS	Geral	0.50
7687	PRESILHA DE LACINHO	Geral	3.00
7688	PRESILHA DE PEDRAS HAND MADE	Geral	5.00
7689	presilha flor grande	Geral	7.00
7690	presilha flor pequena	Geral	3.00
7691	PRESILHA GRANDE PRETA	Geral	4.00
7692	PRESILHA GRD. COLORIDA	Geral	7.00
7693	PRESILHA GRD. PRETA	Geral	5.00
7694	presilha infantil	Geral	3.00
7695	presilha infantil ursinho	Geral	4.00
7696	presilha laço	Geral	4.00
7697	presilha media	Geral	1.50
7698	PRESILHA PRETA	Geral	0.50
7699	PRESILHAS	Geral	0.50
7700	PRESILHAS COLORIDAS	Geral	0.50
7701	PRESILHAS COLORIDAS	Geral	1.00
7702	PRESILHAS COM LACINHO	Geral	2.00
7703	PRESILHAS COM LACINHO	Geral	3.00
7704	PRESTOBARBA ULTRAGRIP	Geral	10.00
7705	PRIMAVERA LENÇOS FEMININOS C/3	UTILIDADES	10.00
7706	PROCESADOR DE ALIMENTOS IMIX LAR	COZINHA	30.00
7707	PROCESSADOR   MANUAL  500 ML	Geral	30.00
7708	PROCESSADOR  DE ALIMENTOS MANUAL	Geral	20.00
7709	PROCESSADOR 500ML MANUAL DE ALIMENTOS	Geral	25.00
7710	PROCESSADOR DE ALIMENTOS MANUAL	UTILIDADES	25.00
7711	PROCESSADOR DE ALIMENTOS MANUAL	Geral	38.00
7712	PROCESSADOR DE ALIMENTOS MANUAL CLINK	UTILIDADES	25.00
7713	PROCESSADOR DE ALIMENTOS MINI	COZINHA	20.00
7714	processador de alimentos sq	Geral	38.00
7715	PROCESSADOR MANUAL 500ML SHOCK IMPORTS	UTILIDADES	30.00
7716	processador original line	COZINHA	38.00
7717	PROCESSADOR SEMIAUTOMÁTICO ORIGINAL	COZINHA	30.00
7718	PROTETOR DE CARTÃO RFID	Geral	3.00
7719	PROTETOR DE DEDO PRA COSTURA	Geral	2.00
7720	PROTETOR DE JOELHO	UTILIDADES	10.00
7721	PROTETOR DE NOTEBOOK	Geral	11.00
7722	protetor de porta  nomands	Geral	15.00
7723	PROTETOR DE PORTA NORMANDS	UTILIDADES	14.00
7724	PROTETOR DE PULSO	UTILIDADES	12.00
7725	PSITOLA DE COLA QUENTE PEQUENA	UTILIDADES	30.00
7726	puf bau	Geral	40.00
7727	puf promocão	Geral	20.00
7728	puf suede	Geral	25.00
7729	PUFF	Geral	30.00
7730	PUFF SUEDE GRANDE	Geral	35.00
7731	PUFF SUEDE GRANDE	Geral	40.00
7732	PUFF SUEDE GRANDE	Geral	50.00
7733	PUFS	Geral	50.00
7734	PUFS COMUN	Geral	30.00
7735	pufs promoção	Geral	25.00
7736	PULA CORDA	BRINQUEDOS	4.50
7737	PULF	Geral	25.00
7738	PULSEIRA DE 10	Geral	10.00
7739	PULSEIRA DE PEDRAS	Geral	5.00
7740	PULSEIRA FINA MILA	Geral	2.00
7741	PULSEIRINHA BEAULTIFUL CRUZ	Geral	15.00
7742	PULVERIZADOR   1,5 L  CATUAI	UTILIDADES	40.00
7743	PULVERIZADOR  500 ML	Geral	8.50
7744	pulverizador  bola 500 ml tiba	Geral	8.50
7745	PULVERIZADOR  BOLINHA	Geral	7.50
7746	pulverizador  veronez	UTILIDADES	9.00
7747	PULVERIZADOR 5OO ML  GIRAFA	Geral	8.50
7748	PULVERIZADOR BOLINHA	UTILIDADES	8.80
7749	pulverizador bolinha  sortido	Geral	7.50
7750	PULVERIZADOR BOLINHA 340ML	UTILIDADES	7.50
7751	PULVERIZADOR BOLINHA 500 ML	Geral	9.00
7752	PULVERIZADOR COMPRESSÃO MAFEMA	UTILIDADES	45.00
7753	pulverizador garrafão sortido	Geral	8.00
7754	PULVERIZADOR GUARANY	Geral	20.00
7755	PULVERIZADOR PLASDURAN	UTILIDADES	8.00
7756	PULVERIZADOR UNILUK 500ml	Geral	8.00
7757	PULVERIZADOR VERONEZ	UTILIDADES	9.00
7759	PURPURINA	Geral	1.00
7760	puverizador  500 ml	Geral	8.50
7761	PUVERIZADOR BRANCO	Geral	8.50
7762	PUXA PUXA SLIME	ESCOLAR	4.50
7763	PUXA SACO EM RENDA  CAPA DE LIQUIDIFICADOR	UTILIDADES	8.00
7764	puxa saco pano	Geral	8.00
7765	PUXA SACO RENDA MENDES  EM TECIDO	UTILIDADES	8.00
7766	PUXA SACO TECIDO	Geral	8.00
7767	PUXA SACO TECIDO	UTILIDADES	8.00
7768	PUZZLE DINOSSAURO	Geral	9.00
7769	QUADRICICLO	BRINQUEDOS	12.00
7770	QUADRO 10X15	Geral	10.00
7771	quadro certificado  a4	Geral	25.00
7772	QUADRO DE ANOTAÇÕES DIGITAL 10,5	BRINQUEDOS	25.00
7773	quadro lavore 10x15	Geral	14.00
7774	QUADRO MÁGICO LOUSA	BRINQUEDOS	20.00
7775	quadro te amo	Geral	15.00
7776	QUADRO VERDE  30X40	Geral	16.50
7777	QUEBRA CABEÇA	Geral	8.00
7778	QUEBRA CABEÇA	BRINQUEDOS	8.00
7779	quebra cabeça  infantil	Geral	8.00
7780	QUEBRA CABEÇA 70 PÇS	Geral	8.00
7781	QUEBRA CABEÇA ANIMAIS 9 PÇS	BRINQUEDOS	12.00
7782	QUEBRA CABEÇA CIRCO  24 PÇAS	BRINQUEDOS	10.00
7783	quebra cabeça dinosauros   24	Geral	22.00
7784	QUEBRA CABEÇA PRINCESA	BRINQUEDOS	30.00
7785	QUEBRA-CABEÇA ARCA DE NOÉ	Geral	14.00
7786	QUEBRA-CABEÇA DINOSSAUROS C/30 PÇS	BRINQUEDOS	35.00
7787	RALADOR 4 FACES BRANCO	PLASTICOS	8.50
7788	RALADOR 4 FACES DE PLASTICO-C	Geral	8.00
7789	RALADOR 4 FACES SQ	COZINHA	20.00
7790	RALADOR C/ POTE PLASTICO	PLASTICOS	10.00
7791	RALADOR COM PEGADOR CLINK	ALUMINIO	20.00
7792	RALADOR CORES DIVERSAS	Geral	6.00
7793	RALADOR DE METAL DUDA ENCARTELADOS	Geral	6.00
7794	RALADOR FUCA 4 FACES	UTILIDADES	14.00
7795	RALADOR MULTIUSO 5EM1	Geral	32.00
7796	RALADOR PRATICO NITRON	Geral	5.00
7797	RALINHO DE PIA	UTILIDADES	3.00
7798	RALINHO JAPONES AÇO INOX	UTILIDADES	2.00
7799	RALO AMERICANO CROMADO	UTILIDADES	3.00
7800	ralo de legumes	Geral	3.00
7801	RALO DE PIA	Geral	3.00
7802	ralo de pia	Geral	4.50
7803	ralo de pia 7cm inox	Geral	8.80
7804	RALO DE PIA CROMADO	Geral	3.00
7805	ralo de pia cromado	Geral	4.00
7806	ralo de pia grande inox	Geral	5.00
7807	ralo de pia inox  9cm	Geral	10.00
7808	ralo de pia japones	Geral	4.00
7809	RALO DE PIA PEQUENO ESPECIAL 1	UTILIDADES	2.60
7810	RALO DE PIA UTILIMIX	UTILIDADES	3.00
7811	RALO JAPONÊS	Geral	3.00
7812	RALO JAPONES G	Geral	4.00
7813	RALO P/ PIA PEQUENO	UTILIDADES	2.00
7814	ralo pqueno pia brics	Geral	2.00
7815	RAQUETE  MATA MOSQUITO	Geral	30.00
7816	RAQUETE DE MATAR MOSQUITO	Geral	30.00
7817	RAQUETE DE MATAR PERNILONGO	Geral	32.00
7818	RAQUETE DE PERNILONGO	Geral	30.00
7819	RAQUETE DE TENIS AMAR E	BRINQUEDOS	15.00
7820	RAQUETE ELETRICA	Geral	27.00
7821	RAQUETE MATA MOSQUITO	ELETRONICOS	30.00
7822	recibo  comercial  COM CANHOTO	Geral	6.50
7823	RECIBO  DE ALUGUEL G	Geral	6.00
7824	recibo comercial	Geral	6.50
7825	RECIBO DE ALUGUEL	PAPELARIA	4.00
7826	RECIBO DE ALUGUEL C CANHOTO 50 F.	Geral	4.00
7827	RECIBO DE ALUGUEL C/ CANHOTO	Geral	6.50
7828	RECIBO DE PAGAMENTO	Geral	5.00
7829	RECIPIENTE P/ AGUA 2L	UTILIDADES	8.50
7830	REDE DE FAZER COQUE	Geral	2.50
7831	refil cola quente  fina	Geral	2.00
7832	refil cola quente grossa	Geral	2.50
7833	REFIL DE LAPISEIRA 0.7	Geral	2.00
7834	REFILL DE LAPISEIRA	Geral	2.00
7835	REFILL DE TINTA RADEX	Geral	4.00
7836	REGADOR AZUL	UTILIDADES	24.00
7837	regador colors	UTILIDADES	13.00
7838	regador extra	Geral	35.00
7839	regador grande	Geral	35.00
7840	regador grande arqplast	Geral	35.00
7841	REGADOR PEQUENO AP ARQPLAST REF: 25156	UTILIDADES	20.00
7842	REGADOR VERDE GRANDE	Geral	22.00
7843	REGADOR VERDE PEQUENO	Geral	12.00
7844	REGUÁ	Geral	4.00
7845	reguá  30 cm	Geral	4.00
7846	reguá 30 cm colors	Geral	4.00
7847	REGUA ACRINIL 30CM	Geral	4.00
7848	REGUA DE 30 CM ACRINIL	Geral	3.50
7849	reguá de plastico	Geral	3.50
7850	REGUÁ ESCOLAR 30 CM	Geral	2.00
7851	REGUA PEQUENA	Geral	2.00
7852	regua transferidor	Geral	2.00
7853	REGULADOR DE GÁS COMPLETO	Geral	45.00
7854	REGULADOR DE GÁS GLP 1G/HR	UTILIDADES	30.00
7855	REGULADOR DE GAS IMAR 1 KG	Geral	50.00
7856	regulador de gás mais mangueira	Geral	45.00
7857	REGULADOR DE PRESSÃO C REGISTRO	Geral	18.59
7858	REGULADOR DE PRESSÃO P/ GÁS GLP C/MANGUEIRA	UTILIDADES	50.00
7859	REGULADOR PARA GAS	Geral	59.99
7860	relógio  de parede   ambiente	Geral	27.50
7861	RELÓGIO ANALÓGICO DESPERTADOR	UTILIDADES	20.00
7862	RELOGIO CASIO	Geral	35.00
7863	RELOGIO DE BRINQUEDO INFANTIL	Geral	18.00
7864	relogio de cx	Geral	50.00
7865	RELOGIO DE PAREDE	Geral	23.00
7866	relogio de parede	Geral	25.00
7867	RElogio de parede	Geral	25.00
7868	RELÓGIO DE PAREDE	Geral	25.00
7869	Relogio de parede	Geral	25.00
7870	RELÓGIO DE PAREDE  NATIVO	Geral	32.00
7871	RELÓGIO DE PAREDE  PLASFORT FRUTAS	Geral	25.00
7872	relógio de parede  sr santa rita	Geral	22.00
7873	RELOGIO DE PAREDE DECOR & ARTE	Geral	25.00
7874	RELOGIO DE PAREDE FRUTA MISTO	Geral	20.00
7875	RELOGIO DE PAREDE GAMA	Geral	32.00
7876	RELOGIO DE PAREDE MAXTIME	Geral	25.00
7877	RELOGIO DE PAREDE MAXTIME REDONDO	Geral	25.00
7878	RELOGIO DE PAREDE MAXTIME REDONDO	Geral	32.00
7879	relógio de parede nativo	Geral	25.00
7880	RELOGIO DE PAREDE NATIVO P/COZINHA	Geral	25.00
7881	RELOGIO DE PAREDE PLASFORT	Geral	25.00
7882	relógio de parede plasfort	Geral	23.00
7883	relógio de parede plasfort	Geral	25.00
7884	RELOGIO DE PAREDE PLASFORT PRETO E BRANCO	PLASTICOS	25.00
7885	RELÓGIO DE PAREDE PRETO	Geral	25.00
7886	RELOGIO DE PAREDE QUAD COZINHA NATIVO	Geral	25.00
7887	RELOGIO DE PAREDE SIEG	UTILIDADES	25.00
7888	RELÓGIO DE PULSO FEMININO	Geral	45.00
7889	RELÓGIO DE PULSO FEMININO	Geral	35.00
7890	RELÓGIO DE PULSO MASCULINO	Geral	60.00
7891	relogio despertador	Geral	20.00
7892	RELOGIO DESPERTADOR CLOCK	Geral	25.00
7893	RELÓGIO DESPERTADOR ECOODA	Geral	18.00
7894	relógio feminino	Geral	40.00
7895	RELOGIO GALO	Geral	30.00
7896	RELÓGIO INFANTIL MY LITTLE PONEY	BRINQUEDOS	20.00
7897	relogio infantil speed racing	Geral	25.00
7898	RELOGIO MASCULINO	Geral	35.00
7899	RELOGIO MASCULINO	Geral	45.00
7900	RELOGIO MASCULINO	Geral	40.00
7901	RELOGIO MASCULINO  NA CAIXA	Geral	60.00
7902	RELOGIO MASCULINO CASIO	Geral	35.00
7903	RELÓGIO OCEANIA	Geral	50.00
7904	RELOGIO PLASFORT	Geral	25.00
7905	RELOGIO SPEED RACING	Geral	25.00
7906	RELOGIO XUFENG	Geral	50.00
7907	RELOGIOS INFANTIS	BRINQUEDOS	25.00
7908	RESGATE BLAZER LANCHA	BRINQUEDOS	30.00
7909	REVISTA GRANDE PINTAR	BRINQUEDOS	5.00
7910	REVISTA PARA COLORIR BATMAN	Geral	5.00
7911	rider  masculino	Geral	30.00
7912	RIDER  PRETO	Geral	25.00
7913	rider masculino	Geral	25.50
7914	RIDER MASCULINO	Geral	30.00
7915	RIDER MASCULINO	Geral	25.00
7916	RIDER VERMELHA	Geral	25.00
7917	rifa	Geral	2.00
7918	rifa	Geral	2.00
7919	rifa  100 nomes	Geral	2.00
7920	RIFA COM 50, 100, 200 NOMES	Geral	2.00
7921	RIFA DE 50 NOMES	Geral	2.00
7922	RIFA DE ANIMAIS	Geral	2.00
7923	RIFA DE ANIMAIS PEQUENA	Geral	1.00
7924	RIFA DE NUMERO C/100	Geral	2.00
7925	RIFA DE NUMERO C/50	Geral	2.00
7926	risque rabisque  menino	BRINQUEDOS	20.00
7927	ROBÕ  EARTH  WARRIOR	BRINQUEDOS	25.00
7928	ROBO 2 EM 1 MCQUEEN	BRINQUEDOS	70.00
7929	ROBO MUSICAL DANCE GIRL	Geral	85.00
7930	ROBO MUSICAL STUNT HEAD DUCK	Geral	65.00
7931	ROBOT CAIXA	BRINQUEDOS	35.00
7932	ROBOT DEFORM	Geral	50.00
7933	RODINHO DE PIA	Geral	3.00
7934	RODINHO DE PIA	Geral	5.00
7935	RODINHO DE PIA	Geral	2.50
7936	RODINHO DE PIA ALUMINIO	Geral	5.00
7937	RODINHO DE PIA PG BRANCO	Geral	4.50
7938	RODINHO INFANTIL	Geral	7.50
7939	RODÍZIOS P/ FOGÕES E GELADEIRAS	Geral	45.00
7940	RODO	Geral	11.00
7941	rodo	Geral	8.50
7942	rodo	Geral	9.00
7943	RODO   de madeira grande	Geral	13.00
7944	RODO  INFANTIL	Geral	7.50
7945	RODO  MASTER 40 CM	Geral	10.00
7946	RODO  PLÁSTICO 50 CM  PREMIUM	Geral	10.70
7947	RODO 30 CM	Geral	6.00
7948	RODO 30 CM	Geral	7.50
7949	RODO 30CM	Geral	9.50
7950	rodo 40 cm	Geral	9.00
7951	RODO 40 CM BORBOLETA	UTILIDADES	15.00
7952	RODO 40 CM PRETO	Geral	11.00
7953	rodo alklim	Geral	10.00
7954	RODO BRILHEX 30 CM	Geral	8.50
7955	RODO DE 30	Geral	5.50
7956	RODO DE 30CM	UTILIDADES	7.50
7957	rodo de 40 cm	Geral	9.00
7958	RODO DE MADEIRA GRANDE	Geral	9.00
7959	RODO DE MADEIRA GRANDE	Geral	9.00
7960	RODO DE PIA ARQPLAST	Geral	5.00
7961	RODO DE PIA DUPLO	COZINHA	3.00
7962	RODO DE PIA PLASDURAN	UTILIDADES	5.00
7963	RODO DE PIA UNIJET PRETO	COZINHA	4.50
7964	RODO INFANTIL NOVO HORIZONTE	Geral	8.00
7965	RODO INFANTIL NOVO HORIZONTE	BRINQUEDOS	7.50
7966	RODO JACARÉ 40 CM	Geral	8.50
7967	RODO LIMPA AZULEJO	Geral	10.00
7968	rodo limpa cera	UTILIDADES	12.00
7969	RODO MEDIO	Geral	7.50
7970	RODO METAL SECA RÁPIDO	Geral	9.00
7971	RODO P.P 40 CM	UTILIDADES	9.00
7972	RODO PARA PIA DE PLASTICO	UTILIDADES	6.00
7973	rodo peça  30 cm	Geral	5.00
7974	rodo peça 40 cm	Geral	6.00
7975	rodo pequeno	Geral	7.50
7976	RODO PINOS 40 CM	Geral	8.50
7977	RODO PLASTICO	UTILIDADES	8.50
7978	RODO PLASTICO 30 CM	Geral	7.50
7979	RODO PLASTICO 40CM	UTILIDADES	7.00
7980	RODO PLASTICO 40CM NEW	UTILIDADES	8.00
7981	RODO PLASTICO PINOS 30CM	Geral	7.70
7982	RODO PS 60CM	Geral	15.00
7983	RODO SEM O CABO	Geral	4.00
7984	rodo so a peça médio	Geral	7.00
7985	RODO SOLTO	Geral	4.00
7986	RODO SOLTO DE 40CM CINZA	Geral	4.50
7987	rodoextra 60   borboleta	Geral	15.00
7988	ROLINHO DE CREPON	Geral	2.00
7989	ROLO ADESIVO DE TIRAR PELO	UTILIDADES	8.00
7990	ROLO ADESIVO KIT	UTILIDADES	12.00
7991	ROLO ADESIVO TIRA PELOS	UTILIDADES	7.00
7992	ROLO ADESIVO TIRA PELOS 20 FOLHAS	Geral	6.00
7993	ROLO C/ 25 PANOS PICOTADOS	UTILIDADES	7.50
7994	ROLO C/ 50 PANOS PICOTADOS PANOTEK	UTILIDADES	12.00
7995	ROLO DE ETIQUETA DE PREÇO	Geral	4.00
7996	ROLO DE ETIQUETA DE PREÇO	UTILIDADES	4.00
7997	ROLO DE MADEIRA 43CM	Geral	16.00
7998	ROLO DE MADEIRA P/ MASSA 43cm	COZINHA	16.00
7999	ROLO DE MASSA	Geral	16.00
8000	ROLO DE MASSA CSD	Geral	16.00
8001	ROLO DE MASSA DE PLASTICO	Geral	15.50
8002	rolo de massa madeira  18x6	Geral	20.00
8003	rolo de massa madeira 23x6	Geral	25.00
8004	rolo de tira pêlo	Geral	8.00
8005	ROLO DE TIRAR PELO	UTILIDADES	5.00
8006	ROLO MOVEL P/MASSA 37,5CM INOX	Geral	25.00
8007	ROLO TIRA PELO	Geral	6.00
8008	rolo tira pelõ	Geral	8.00
8009	rolo tira pelo	UTILIDADES	8.00
8010	rolo tira pelo colors	Geral	8.50
8011	ROMA BUS EXECUTIVE	BRINQUEDOS	60.00
8012	ROTULADORA DE PREÇOS  KAPBOM	ESCRITÓRIO	50.00
8013	rralo de pia	Geral	3.00
8014	SABÃO EM BARRA YPÊ	Geral	3.00
8015	sabão em pó assim bicarbonato 800 ml	Geral	10.00
8016	SABÃO EM PÓ BRILHANTE	LIMPEZA	12.00
8017	sabão em pó tixan    800 gr	LIMPEZA	12.00
8018	SABÃO OMO	Geral	16.00
8019	sabão omo em pó lavagem perfeita  , lavanda 800 g	LIMPEZA	16.00
8020	SABONETEIRA	Geral	3.50
8021	saboneteira	Geral	3.00
8022	SABONETEIRA  MARILU	Geral	5.00
8023	SABONETEIRA ACRILICA	Geral	5.00
8024	SABONETEIRA ARQPLAST AZUL	BANHEIRO	3.00
8025	SABONETEIRA ARQPLAST PRETA	BANHEIRO	3.00
8026	SABONETEIRA BOLA 300ML	UTILIDADES	8.00
8027	SABONETEIRA BRANCA TULIPA	BANHEIRO	3.00
8028	SABONETEIRA C/TELA NITRON	BANHEIRO	4.00
8029	SABONETEIRA DE GATINHO AZUL	BANHEIRO	4.50
8030	SABONETEIRA DE VIDRO 450ML PRETA/BRANCA	Geral	22.00
8031	saboneteira erca transparente	Geral	2.00
8032	SABONETEIRA FITNESS	BANHEIRO	3.00
8033	saboneteira gatinho plastibaby	BANHEIRO	4.50
8034	SABONETEIRA JABONERA TULIPA	BANHEIRO	3.00
8035	SABONETEIRA LIQUIDA	Geral	7.00
8036	SABONETEIRA LIQUIDA	Geral	15.00
8037	SABONETEIRA OVAL COM TELINHA	UTILIDADES	4.50
8038	SABONETEIRA PARA LIQUIDO	UTILIDADES	7.50
8039	saboneteira rosa uninjet	Geral	2.00
8040	SABONETEIRA TRANSPARENTE	BANHEIRO	2.50
8041	SACA ROLHA	Geral	6.00
8042	saca rolhas plastico utilimix	Geral	3.00
8043	SACO	Geral	3.00
8044	SACO	Geral	2.00
8045	saco  de p	Geral	5.00
8046	SACO  HOT DOG C 20	kit FESTA	3.00
8047	saco  transparente  mini	Geral	0.20
8048	saco  transparente de cesta g	Geral	10.00
8049	saco 60 litro  1 kilo	Geral	15.00
8050	SACO 60X90	Geral	6.00
8051	saco de 200 litros	Geral	5.00
8052	saco de cesta	Geral	8.00
8053	SACO DE CONFEITAR C/5 BICOS	UTILIDADES	4.00
8054	SACO DE GELADAO 5X23CM C/100	Geral	3.50
8055	SACO DE GELINHO  6CMX23CM	Geral	4.00
8056	saco de lixo	Geral	4.00
8057	SACO DE LIXO	Geral	3.00
8058	SACO DE LIXO  200 litros	Geral	2.50
8059	SACO DE LIXO  200 litros  3 por 10	Geral	10.00
8060	SACO DE LIXO  50 L PRETO	Geral	18.00
8061	saco de lixo  pacote	Geral	8.00
8062	SACO DE LIXO 100L MACEDO 5 UNID RESISTENTE	LIMPEZA	8.00
8063	SACO DE LIXO 100L MAGOPLAS	PLASTICOS	3.00
8064	SACO DE LIXO 15 LITROS FORTALEZA	Geral	3.00
8065	SACO DE LIXO 20 UNID DE 30L	Geral	9.00
8066	SACO DE LIXO 200L REFORÇADO	Geral	4.00
8067	SACO DE LIXO 50 L  com 10 unidades	LIMPEZA	7.00
8068	saco de lixo 50 litros	Geral	15.00
8069	SACO DE LIXO 60 LITROS  MACEDO   com 10 unidades	Geral	9.00
8070	saco de lixo avulso	Geral	4.00
8071	SACO DE LIXO C/10 UNID 100L	Geral	10.00
8072	SACO DE LIXO C/20 UNID 50L	Geral	9.50
8073	SACO DE LIXO C/40 UNID 15L	Geral	8.50
8074	SACO DE LIXO C/50 UNID 10L	Geral	10.00
8075	SACO DE LIXO DE 100 LITROS    super forte  com 5 unidades	Geral	11.00
8076	saco de lixo de 200 litros	Geral	5.00
8077	SACO DE LIXO DE 30 L PRETO	Geral	16.00
8078	SACO DE LIXO DE 60 L 1 KL	Geral	15.00
8079	SACO DE LIXO GIGANTE SOLTO	Geral	4.00
8080	saco de lixo grosso	Geral	3.00
8081	saco de lixo macedo 100 litros  EXTRA  REFORÇADO COM 6 UNIDADES	LIMPEZA	12.00
8082	saco de lixo macedo 15 litros  MACEDO	Geral	6.00
8083	saco de lixo macedo 30 litros  resistente	Geral	6.50
8084	saco de lixo macedo 40 litros extra reforçado 12 unidades	Geral	8.50
8085	SACO DE LIXO MAGO-PLAS 15L	UTILIDADES	3.00
8086	SACO DE LIXO MAGOPLAS 50L	UTILIDADES	3.00
8087	SACO DE LIXO ROLO 120  L PRETO	Geral	18.00
8088	SACO DE P HULK	Geral	5.00
8089	saco de pp	Geral	0.80
8090	saco de preente 20x30	Geral	4.00
8091	SACO DE PRESENTE	Geral	4.00
8092	saco de presente	Geral	3.00
8093	saco de presente	Geral	8.00
8094	saco de presente	Geral	8.00
8095	saco de presente	Geral	5.00
8096	SACO DE PRESENTE	Geral	2.00
8097	SACO DE PRESENTE  DE CESTA	Geral	10.00
8098	SACO DE PRESENTE  TRANSPARENTE	Geral	0.40
8099	SACO DE PRESENTE  TRANSPARENTE	Geral	0.50
8100	SACO DE PRESENTE 15X44cm	PRESENTES	3.00
8101	SACO DE PRESENTE 20X29cm	PRESENTES	2.50
8102	SACO DE PRESENTE 30X44cm	PAPELARIA	3.00
8103	saco de presente 35x45 cm	Geral	4.00
8104	SACO DE PRESENTE 35X54	Geral	4.00
8105	SACO DE PRESENTE 35X54	Geral	4.00
8106	SACO DE PRESENTE 50X70	Geral	5.00
8107	saco de presente 60x90	Geral	6.00
8108	SACO DE PRESENTE DE 0,5	Geral	0.50
8109	SACO DE PRESENTE DE 0,80	Geral	0.80
8110	SACO DE PRESENTE DE 1	Geral	1.00
8111	SACO DE PRESENTE DE 1,5	Geral	1.50
8112	SACO DE PRESENTE DE 2	Geral	2.00
8113	SACO DE PRESENTE DE 5	Geral	5.00
8114	saco de presente de unicornio	Geral	5.00
8115	saco de presente do papai noel	Geral	5.00
8116	SACO DE PRESENTE DOURADO	Geral	4.00
8117	SACO DE PRESENTE ENORME	Geral	8.00
8118	SACO DE PRESENTE ENORME  TRANSPARENTE	Geral	10.00
8119	SACO DE PRESENTE GIGANTE	Geral	6.00
8120	saco de presente grand	Geral	5.00
8121	SACO DE PRESENTE GRANDE	Geral	4.00
8122	saco de presente grande	Geral	8.00
8123	SACO DE PRESENTE M2 CROMUS	Geral	1.50
8124	SACO DE PRESENTE MAIOR DE TODOS	Geral	12.00
8125	SACO DE PRESENTE MEDIO	Geral	3.00
8126	SACO DE PRESENTE MEDIO PEQUENO	Geral	1.50
8127	SACO DE PRESENTE MULHER MARAVILHA M4	Geral	2.00
8128	saco de presente papai noel	Geral	5.00
8129	SACO DE PRESENTE PEQ	Geral	0.50
8130	saco de presente pra cesta transparente	Geral	10.00
8131	SACO DE PRESENTE TRANSPARENTE	Geral	1.50
8132	SACO DE PRESENTE TRANSPARENTE de cesta	Geral	8.00
8133	SACO DE PRESENTE TRANSPARENTE FLORIDO	Geral	1.50
8134	SACO DE PRESENTE TRANSPARENTE GIGANTE	Geral	3.00
8135	SACO DE PRESENTE TRANSPARENTE GIGANTE	Geral	8.00
8136	SACO DE PRESENTE TRANSPARENTE GIGANTE DE 4	Geral	4.00
8137	SACO DE PRESENTE TRANSPARENTE GRANDE	Geral	3.00
8138	SACO DE PRESENTE TRANSPARENTE GRANDE	Geral	2.00
8139	saco de presente transparente médio	Geral	0.80
8140	SACO DE PRESENTE TRANSPARENTE PEQ/MEDIO	Geral	1.80
8141	SACO DE PRESENTE TRANSPARENTE PEQ/MEDIO	Geral	1.00
8142	SACO DE PRESENTE TRANSPARENTE PEQUENO	Geral	0.50
8143	SACO DE PRESENTE TRANSPARENTE POLI 11 X 19,5	Geral	1.00
8144	SACO DE PRESENTE TRASNSPARENTE	Geral	1.00
8145	saco de presente trasparente medio	Geral	4.00
8146	SACO DE TRANSPARENTE DE CESTA	Geral	10.00
8147	saco gelinho 4x24 c 100	Geral	3.00
8148	SACO GRANDE PRETO	Geral	2.00
8149	SACO MINI LANCHE C/20	Geral	3.00
8150	SACO P/ HAMBURGUER	Geral	3.00
8151	SACO P/ HOTDOG	Geral	3.00
8152	SACO P/ MINI LANCHE	Geral	2.00
8153	SACO P/ PIPOCA 20 UNID	Geral	3.00
8154	SACO PARA GELINHO N°6 C/100	FESTA	3.60
8155	SACO PARA LAVAR ROUPA	UTILIDADES	9.53
8156	SACO PARA LAVAR ROUPAS 40X50CM	UTILIDADES	7.00
8157	SACO PARA LIXO DE 100L	Geral	4.00
8158	SACO PIPOCA C 20	Geral	3.00
8159	SACO POLI TRANSPARENTE	Geral	2.00
8160	saco pra gelinho n4  mila festa	Geral	2.00
8161	saco prateado	Geral	4.00
8162	SACO PRESENTE	Geral	2.50
8163	SACO PRESENTE	Geral	4.00
8164	SACO PRESENTE  25X37	PAPELARIA	3.00
8165	SACO PRESENTE  GABIVIVI 89X120	Geral	10.00
8166	SACO PRESENTE 30X44	Geral	4.00
8167	SACO PRESENTE 45X 59	Geral	4.00
8168	saco presente tnt	Geral	2.25
8169	SACO SELOFONE GRANDE	Geral	10.00
8170	SACO SELOFONE GRANDE	Geral	8.00
8171	SACO SUPRESA FESTA	Geral	2.00
8172	SACO TRANPARENTE GRANDE DE CESTA	Geral	10.00
8173	SACO TRANSPARENTE	Geral	5.00
8174	saco transparente	Geral	8.00
8175	saco transparente médio	Geral	3.00
8176	SACO TRANSPARENTE PEQUENO	Geral	0.50
8177	SACO TRASPARENTE	Geral	0.50
8178	SACO TRASPARENTE 20x30	Geral	0.80
8179	saco trasparente 60x80	Geral	8.00
8180	saco trasparente de 0,40	Geral	0.40
8181	SACO TRASPARENTE DE CESTA	Geral	10.00
8182	SACO TRASPARENTE MEDIO	Geral	3.00
8183	saco trasparente pp	Geral	0.40
8184	SACO TRASPARENTE PRA PRESENTE	Geral	5.00
8185	SACO XADREZ  AZUL	Geral	4.00
8186	sacola	Geral	12.00
8187	sacola	Geral	12.00
8188	SACOLA	Geral	12.00
8189	SACOLA   LAMINADA COLORS	SACOLA	10.00
8190	sacola   luxo g	Geral	15.00
8191	SACOLA   UNIDADE	Geral	1.00
8192	sacola  de p	Geral	12.00
8193	SACOLA  HIPER	Geral	6.00
8194	sacola  luxo média azul	Geral	10.00
8195	SACOLA  MÉDIA	Geral	8.00
8196	sacola  meu 15 anos	Geral	10.00
8197	SACOLA  MINI	Geral	2.00
8198	sacola  preta	Geral	15.00
8199	SACOLA  ROXA	Geral	5.00
8200	SACOLA BRANCA	Geral	0.30
8201	sacola cordao pequena	PAPELARIA	6.00
8202	sacola de papel cromus	Geral	4.00
8203	SACOLA DE PAPEL PRESENTE COLORIDA	Geral	10.00
8204	SACOLA DE PLASTICO  GRANDE	Geral	1.00
8205	SACOLA DE PRESENTE	Geral	3.00
8206	sacola de presente	Geral	7.00
8207	SACOLA DE PRESENTE	Geral	10.00
8208	SACOLA DE PRESENTE	PRESENTES	6.00
8209	SACOLA DE PRESENTE	Geral	7.00
8210	SACOLA DE PRESENTE	Geral	7.00
8211	SACOLA DE PRESENTE	Geral	7.00
8212	SACOLA DE PRESENTE	Geral	10.00
8213	SACOLA DE PRESENTE  VERDE	Geral	3.00
8214	SACOLA DE PRESENTE 18X10X23cm DOURADA C/ PRETO	PRESENTES	6.00
8215	SACOLA DE PRESENTE DE PAPEL	Geral	5.00
8216	SACOLA DE PRESENTE Grande	Geral	15.00
8217	SACOLA DE PRESENTE GRANDE	PRESENTES	10.00
8218	SACOLA DE PRESENTE GRANDE	PRESENTES	10.00
8219	SACOLA DE PRESENTE GRANDE PRETA	Geral	7.00
8220	SACOLA DE PRESENTE HIPER	Geral	6.00
8221	SACOLA DE PRESENTE JAPÃO	Geral	7.00
8222	SACOLA DE PRESENTE PEQUENA	Geral	5.00
8223	SACOLA DE PRESENTE PEQUENA	Geral	7.00
8224	SACOLA DE PRESENTE PRETA CORAÇÃO	Geral	4.00
8225	SACOLA DE PRESENTE ROSE	Geral	10.00
8226	SACOLA DE PRESENTE ROXA COM LISTRAS	Geral	5.00
8227	SACOLA DE PRESENTE VARIAS CORES	PRESENTES	10.00
8228	sacola de urso	Geral	10.00
8229	SACOLA DE VINHO	Geral	10.00
8230	sacola dia das mães	Geral	10.00
8231	sacola dourada grande	Geral	15.00
8232	SACOLA DUPLEX PALAVRAS	Geral	10.00
8233	SACOLA FITA PEQUENA BALÃO	PRESENTES	6.00
8234	SACOLA GABIVIVI NEVE	Geral	10.00
8235	SACOLA GRANDE 90X1	Geral	1.00
8236	SACOLA HIPPER	Geral	6.00
8237	sacola luxo	Geral	10.00
8238	sacola luxo brilho	Geral	10.00
8239	sacola luxo g	Geral	15.00
8240	sacola luxo grande	Geral	15.00
8241	SACOLA MEDIA LAMINADA	Geral	10.00
8242	SACOLA MÉDIA PAPEL	Geral	3.00
8243	sacola meu 15 anos	Geral	12.00
8244	SACOLA MEUS 15 ANOS	Geral	10.00
8245	SACOLA MINI MISTA CORAÇÕES	Geral	2.00
8246	sacola papel felicidades	Geral	9.00
8247	sacola papel pq.	Geral	2.00
8248	SACOLA PEQUENA AZUL	Geral	7.00
8249	sacola pequena pra presente	Geral	7.00
8250	SACOLA PEQUENA PRATEADA	Geral	7.00
8251	sacola pequena presente	Geral	7.00
8252	sacola pequena vermelha	Geral	7.00
8253	sacola pra presente	Geral	12.00
8254	SACOLA PRATEADA Medio	Geral	12.00
8255	SACOLA PRESENTE	PRESENTES	7.00
8256	sacola presente	Geral	15.00
8257	SACOLA PRESENTE	Geral	7.00
8258	sacola presente media	Geral	10.00
8259	SACOLA PRESENTE MEDIA NOVA	Geral	15.00
8260	sacola presente Medio	Geral	12.00
8261	SACOLA PRESENTE medio	Geral	12.00
8262	SACOLA PRESENTE medio	Geral	12.00
8263	SACOLA PRESENTE Medio	Geral	12.00
8264	SACOLA SURPRESA	Geral	2.00
8265	sacola ursinho  coração ursinho	Geral	7.00
8266	sacola verde 42x53   500x1 pct	PLASTICOS	78.00
8267	sacola verde 48x58 500x1	PLASTICOS	85.00
8268	SACOLAO	Geral	2.00
8269	SACOLAS AVULSA	Geral	1.00
8270	SACOLAS DA LOJA G	Geral	2.00
8271	SACOLAS GRANDES BRANCA	Geral	1.00
8272	SACOLETE	Geral	20.00
8273	SACOS GIGANTES SOLTO	Geral	2.00
8274	SACOS PARA LIXO MAGOPLAS 30L 5 UNID	UTILIDADES	3.00
8275	sado de p	Geral	5.00
8276	SAIA DE MESA FROZEN	Geral	15.00
8277	SALADEIRA ACRILICA	Geral	4.50
8278	saladeira acrilico delta  util	Geral	40.00
8279	saladeira ensaladera	Geral	13.00
8280	SALADEIRA GOURMET ACRILIC	UTILIDADES	37.00
8281	SALADEIRA MARINEX REDONDA	VIDROS	23.00
8282	saladeira redonda c tanpa	Geral	10.00
8283	SALEIRO   DE MESA	Geral	2.00
8284	saleiro  plastico richioto	Geral	5.00
8285	SALEIRO 500ML	COZINHA	9.00
8286	SALEIRO DE MESA	Geral	2.50
8287	SALEIRO DE MESA ALTO PRETO	Geral	4.00
8288	SALEIRO DE PAREDE ERCA PLAST	UTILIDADES	6.00
8289	SALEIRO DE PAREDE ERCA PLAST	COZINHA	10.00
8290	saleiro de plastico liso	Geral	5.00
8291	SALEIRO VERMELHO 1KG BPA FREE	PLASTICOS	4.00
8292	SALEIROO TRANSPARENTE PLASDURAN	Geral	7.50
8293	SALINHA JUDY HOME	BRINQUEDOS	30.00
8294	SALIRO REF.6627  INPLAST	PLASTICOS	5.00
8295	sanalia femnina	Geral	20.00
8296	sandalia	Geral	30.00
8297	sandalia	Geral	25.00
8298	sandalia femenina	Geral	20.00
8299	sandalia femenina branca	Geral	20.00
8300	SANDALIA FEMENINA DO URSO	Geral	20.00
8301	sandalia femenina havaianas	Geral	25.00
8302	sandalia feminina	Geral	25.00
8303	sandalia grenda preta	Geral	35.00
8304	sandalia havaianas femenina	Geral	25.00
8305	sandalia infantil	Geral	20.00
8306	sandalia ipanema	Geral	35.00
8307	SANDALIA MACULINA	Geral	30.00
8308	sandalia maculina	Geral	40.00
8309	sandalia maculina infantil	Geral	20.00
8310	sandalia masculina	Geral	30.00
8311	sandalia masculina	Geral	40.00
8312	sandalia masculina	Geral	25.00
8313	sandalia masculina	Geral	20.00
8314	sandalia masculina	Geral	40.00
8315	sandalia promoçao	Geral	12.00
8316	SANDALIA PVC BOXING	Geral	30.00
8317	SANDALIA RIDER STREET OLE PTO/BCO/LARANJA (24577) 37/38$	Geral	30.00
8318	SANDALIA RIDER STREET OLE PTO/BCO/LARANJA (24577) 39/40$	Geral	30.00
8319	SANDALIA RIDER STREET OLE PTO/BCO/LARANJA (24577) 41/42$	Geral	30.00
8320	SANDALIA RIDER STREET OLE PTO/BCO/LARANJA (24577) 43/44$	Geral	30.00
8321	SANDALIA RIDER STREET OLE PTO/PTO/VERMELHO (2696) 37/38$	Geral	30.00
8322	SANDALIA RIDER STREET OLE PTO/PTO/VERMELHO (2696) 39/40$	Geral	30.00
8323	SANDALIA RIDER STREET OLE PTO/PTO/VERMELHO (2696) 41/42$	Geral	30.00
8324	SANDALIA RIDER STREET OLE PTO/PTO/VERMELHO (2696) 43/44$	Geral	30.00
8325	SANDALIA STITCH	Geral	20.00
8326	SANDALIA STITCH	Geral	25.00
8327	SANDUICHEIRA	Geral	145.00
8328	SANDUICHEIRA  MULTLASER	Geral	130.00
8329	SANDUICHEIRA AMVOX	Geral	120.00
8330	SANDUICHEIRA CADENCE ANTIADERENTE   750  W	Geral	100.00
8331	SANITARIA COM POTE BRANCA	Geral	7.50
8332	santa lola	CHINELOS	15.00
8333	SAPATEIRA  DE PAREDE	Geral	25.00
8334	sapateira  pequena nova	Geral	75.00
8335	SAPATEIRA MAIOR  SORTIDA	Geral	90.00
8336	SAPATEIRA MAIOR  SORTIDA	UTILIDADES	80.00
8337	SAPATEIRA PEQUENA	Geral	60.00
8338	sapateria  nova	Geral	80.00
8339	sapatilha	Geral	12.00
8340	sapequinha  boneca	Geral	55.00
8341	saquinho	Geral	1.50
8342	SAQUINHO	Geral	0.50
8343	saquinho	Geral	3.00
8344	saquinho	Geral	1.00
8345	SAQUINHO	Geral	3.00
8346	saquinho	Geral	0.50
8347	saquinho	Geral	3.00
8348	saquinho	Geral	4.00
8349	saquinho	Geral	1.50
8350	saquinho	Geral	4.00
8351	saquinho	Geral	4.00
8352	saquinho	Geral	3.00
8353	SAQUINHO	Geral	4.00
8354	SAQUINHO	Geral	2.50
8355	SAQUINHO	Geral	2.00
8356	SAQUINHO	Geral	2.00
8357	SAQUINHO	Geral	0.50
8358	saquinho	Geral	2.00
8359	saquinho	Geral	10.00
8360	saquinho	Geral	0.50
8361	SAQUINHO	Geral	2.00
8362	SAQUINHO	Geral	2.00
8363	SAQUINHO	Geral	1.00
8364	SAQUINHO	Geral	2.00
8365	SAQUINHO	Geral	6.00
8366	SAQUINHO	Geral	6.00
8367	SAQUINHO	Geral	2.00
8368	SAQUINHO	Geral	6.00
8369	SAQUINHO	Geral	2.00
8370	SAQUINHO	Geral	6.00
8371	SAQUINHO	Geral	2.00
8372	SAQUINHO	Geral	2.00
8373	SAQUINHO	Geral	1.50
8374	SAQUINHO	Geral	2.00
8375	SAQUINHO	Geral	0.50
8376	SAQUINHO	Geral	2.00
8377	SAQUINHO	Geral	2.00
8378	saquinho	Geral	2.00
8379	saquinho	Geral	2.00
8380	saquinho	Geral	2.00
8381	saquinho	Geral	2.00
8382	saquinho	Geral	2.00
8383	SAQUINHO	Geral	2.00
8384	saquinho d presente	PRESENTES	1.50
8385	SAQUINHO DE GELINHO	Geral	4.00
8386	SAQUINHO DE GELINHO 4CMX23	kitfesta	3.00
8387	saquinho de presente	Geral	4.00
8388	saquinho de presente	Geral	2.00
8389	saquinho de presente  grande	Geral	5.00
8390	SAQUINHO DE PRESENTE 10X14cm	PRESENTES	0.50
8391	saquinho geladinho	Geral	4.00
8392	SAQUINHO GELINHO 5CMX23	kitfesta	4.00
8393	saquinho grande	Geral	5.00
8394	SAQUINHO PARA PRESENTE 15cm x 22cm	PRESENTES	2.50
8395	saquinho pequeno aleatorio	Geral	1.00
8396	SAQUINHO PESENTE	Geral	3.00
8397	SAQUINHO PRA PRESENTE	Geral	4.00
8398	SAQUINHO PRA PRESENTE,	Geral	3.00
8399	SAQUINHO PRESENTE	Geral	5.00
8400	saquinho presente	Geral	3.00
8401	SAQUINHO PRESENTE	Geral	2.00
8402	saquinho presente	Geral	4.00
8403	SAQUINHO TRANSPARENTE	Geral	0.80
8404	SAQUINHO TRANSPARENTE	Geral	0.50
8405	SAQUINHO TRANSPARENTE	Geral	5.00
8406	SAQUINHO TRANSPARENTE 12X12	Geral	0.30
8407	saquinho transparente medio	Geral	3.00
8408	SAQUINHO XUXINHA	Geral	3.00
8409	SECA SALADA 4,5L SORTIDO	UTILIDADES	50.00
8410	SECA TALHER NITRON COLORS	Geral	10.00
8411	SECA TALHERES NITRON BRANCO	UTILIDADES	10.00
8412	SECA TALHERES NITRON PRETO	UTILIDADES	10.00
8413	SECADOR DE CABELOS 127V MONDIAL	Geral	150.00
8414	secador malory	Geral	50.00
8415	SEIXOS PEDRA BRANCA TERRA GARDEN	Geral	5.00
8416	separa ovo daivak	Geral	5.00
8417	SHOULDER BAG GRANDE	MOCHILAS E BOLSAS	50.00
8418	SKATE DE DEDO	BRINQUEDOS	10.00
8419	SKATE DE DEDO	Geral	2.00
8420	SKATE DE DEDO	Geral	15.00
8421	SKATE DE DEDO PERSONAGENS	BRINQUEDOS	10.00
8422	SKATE DE DEDO SOLTO	Geral	10.00
8423	skate samba	Geral	15.00
8424	SLIME CRYSTAL MUD	Geral	20.00
8425	SLIME DRAGON BALL	Geral	16.00
8426	SLIME DRAGON BALL	Geral	15.00
8427	SLIME MARIO	Geral	18.00
8428	slime patrulhas canina	Geral	15.00
8429	SLIME POKEMON	Geral	18.00
8430	SLIME PUXA PUXA GLITTER	BRINQUEDOS	10.00
8431	SMART MULTIUSO	Geral	7.50
8432	SMILE	Geral	15.00
8433	SMILE  UNICORNIO	Geral	10.00
8434	smile boneca	Geral	20.00
8435	SMILE TIME  PATRULHA CANINA	BRINQUEDOS	18.00
8436	sombinha póa	Geral	35.00
8437	sombinhas preta	Geral	35.00
8438	SOMBRINHA	Geral	35.00
8439	SOMBRINHA  INFANTIL	Geral	25.00
8440	SOMBRINHA  PRETA	Geral	40.00
8441	sombrinha adulto fem	Geral	20.00
8442	SOMBRINHA BOLINHA	Geral	40.00
8443	sombrinha bolinha  poá	Geral	35.00
8444	SOMBRINHA BOLINHAS	Geral	35.00
8445	SOMBRINHA COLORIDA	Geral	40.00
8446	SOMBRINHA COLORIDA DE BOLINHAS	Geral	35.00
8447	SOMBRINHA COLORIDA PEQ	Geral	30.00
8448	SOMBRINHA COLORIDA TEXTURA	Geral	40.00
8449	sombrinha de 20	Geral	20.00
8450	SOMBRINHA DE BOLINHAS	Geral	35.00
8451	SOMBRINHA DE BOLINHAS	Geral	40.00
8452	SOMBRINHA DE BOLINHAS AZUL	Geral	35.00
8453	SOMBRINHA DE BOLINHAS ET-ONE	UTILIDADES	40.00
8454	SOMBRINHA DE BOLINHAS PRETA	Geral	35.00
8455	SOMBRINHA ESTAMPA	Geral	40.00
8456	SOMBRINHA FEMININA	Geral	40.00
8457	SOMBRINHA GRANDE COLORIDA	Geral	40.00
8458	SOMBRINHA GRANDE COLORIDA BOLINHAS	Geral	40.00
8459	SOMBRINHA GRANDE PRETA	Geral	40.00
8460	SOMBRINHA HAIFUDA 1071T	Geral	40.00
8461	sombrinha infantil	Geral	25.00
8462	sombrinha infantil	Geral	25.00
8463	sombrinha infantil	Geral	25.00
8464	sombrinha infantil masculino azul,verde,preto	Geral	25.00
8465	sombrinha infantil rosa	Geral	25.00
8466	SOMBRINHA INFANTIL ROSA	Geral	25.00
8467	SOMBRINHA LISTRADA GRANDE	Geral	40.00
8468	sombrinha nova	Geral	20.00
8469	SOMBRINHA PEQUENA SORTIDA	Geral	17.00
8470	SOMBRINHA PETRIN	UTILIDADES	17.50
8471	sombrinha poa	Geral	35.00
8472	SOMBRINHA PRETA	Geral	38.00
8473	SOMBRINHA PRETA	Geral	35.00
8474	SOMBRINHA PRETA	Geral	35.00
8475	SOMBRINHA PRETA	Geral	35.00
8476	SOMBRINHA PRETA	Geral	35.00
8477	SOMBRINHA PRETA	Geral	35.00
8478	sombrinha preta	Geral	35.00
8479	SOMBRINHA PRETA	Geral	35.00
8480	sombrinha preta  blindage	Geral	35.00
8481	sombrinha preta blindage	Geral	35.00
8482	SOMBRINHA PRETA ET-ONE	UTILIDADES	40.00
8483	SOMBRINHA PRETA PEQUENA	Geral	17.00
8484	SOMBRINHA ROSAS	Geral	40.00
8485	SOMBRINHA TERMICA	Geral	20.00
8486	SPEED BUS	BRINQUEDOS	30.00
8487	SPORTS CAR MCCQUEEN	Geral	50.00
8488	SPORTS CAR RELÂMPAGO MCQUEEN	BRINQUEDOS	50.00
8489	SPORTS CARS   RELAMPAGO MAQUEW	Geral	50.00
8490	SPRAY DE CABELO AZUL	Geral	15.00
8491	SPRAY DE TINTA AMARELA	UTILIDADES	15.00
8492	SPRAY DE TINTA BRANCA P/ CABELO	FESTA	15.00
8493	SPRAY DE TINTA DOURADA	UTILIDADES	15.00
8494	SPRAY DE TINTA P/ CABELO COR: PRATA	FESTA	15.00
8495	SPRAY DE TINTA P/ CABELO PRETO TINTA DA ALEGRIA	FESTA	15.00
8496	SPRAY LARANJA	Geral	15.00
8497	SPRAY TINTA COLORIDA MY PARTY AMARELA	UTILIDADES	15.00
8498	SPRAY TINTA COLORIDA MY PARTY VERDE	UTILIDADES	20.00
8499	SPRAY TINTA PARA CABELO LARANJA	Geral	15.00
8500	SPRAY VERMELHO	Geral	10.00
8501	SQUATE	Geral	10.00
8502	SQUEESE DINOSAUROS 450 ML	Geral	7.00
8503	squeeze   de 2 litros colors	UTILIDADES	20.00
8504	squeeze  costelaçao  700 ml	Geral	20.00
8505	squeeze  pet force 680 ml	Geral	15.00
8506	SQUEEZE 800ML	UTILIDADES	20.00
8507	SQUEEZE AUTOMATICO 700 ML CORINTHIANS	UTILIDADES	15.00
8508	SQUEEZE AUTOMATICO 700ML PALMEIRAS	UTILIDADES	15.00
8509	SQUEEZE AUTOMATICO 700ML SÃO PAULO	UTILIDADES	15.00
8510	SQUEEZE COLOR 1L	UTILIDADES	25.00
8511	squeeze costelaçao 750 ml	Geral	15.00
8512	SQUEEZE DECORADA PLASDURAN 700 ML	Geral	14.00
8513	SQUEEZE DISNEY PLASDURAN 700 ML	Geral	20.00
8514	SQUEEZE DROOPS COR TRANSL 750ML TAMPA C/ALCA	Geral	20.00
8515	SQUEEZE FRASES PET 700ML	Geral	20.00
8516	SQUEEZE INF 350ML - FABULAS	Geral	10.00
8517	SQUEEZE ISLAND COR TRANSL.1L TAMPA C/ALÇA	COZINHA	20.00
8518	SQUEEZE MOOVE CLEAR PLASTICO 800ML	UTILIDADES	20.00
8519	SQUEEZE NEON HOMEFLEX 600ML	UTILIDADES	12.00
8520	SQUEEZE PET	Geral	19.99
8521	SQUEEZE PET ANIMAIS 700ML	Geral	20.00
8522	SQUEEZE PET BATMAN 700ML	Geral	20.00
8523	SQUEEZE PET CONCEPT 700ML	Geral	20.00
8524	SQUEEZE PET MINNIE MOUSE 700ML	Geral	20.00
8525	SQUEEZE PET PAISES 700ML	Geral	20.00
8526	SQUEEZE PET ROCCI 700 ML	PLASTICOS	12.00
8527	SQUEEZE PET SLEEVE	UTILIDADES	16.50
8528	SQUEEZE PET SPIDERMAN 700ML	Geral	20.00
8529	SQUEEZE PET SUNNY FECHADA 900ML	Geral	8.00
8530	SQUEEZE PET SUNNY FUME 900ML	Geral	8.00
8531	SQUEEZE PET SUNNY TRANSLUCIDA 900ML	Geral	8.00
8532	SQUEEZE PET SUNNY TRANSLUCIDO 900ML	Geral	8.00
8533	SQUEEZE PET UNICORNIO 700ML	Geral	20.00
8534	squeeze plasduran 600 ml	Geral	8.50
8535	SQUEEZE PRINCESAS PT 700ML	Geral	20.00
8536	SQUEEZE SLEEVE BATMAN 250ML	UTILIDADES	8.50
8537	SQUEEZE SLEEVE CIRCO 450 ML	UTILIDADES	7.00
8538	SQUEEZE SLEEVE FROZEN 250 ML	UTILIDADES	8.50
8539	SQUEEZE SLEEVE MARVEL COMICS	UTILIDADES	7.00
8540	SQUEEZE SLEEVE MINNIE MOUSE 450ML	UTILIDADES	8.00
8541	SQUEEZE SLEEVE PRINCESAS 450ML	Geral	10.00
8542	SQUEEZE SLEEVE SPIDERMAN 250 ML	UTILIDADES	8.50
8543	SQUEEZE SLIM 1L MB	Geral	20.00
8544	SQUEEZE SPORT AZUL ESCURO	Geral	14.00
8545	SQUEEZE SPORT BOB CARAS	UTILIDADES	20.00
8546	SQUEEZE SPORT GARRY WORRY	UTILIDADES	20.00
8547	SQUEEZE SPORT PATRICK DAY 500ML	UTILIDADES	15.00
8548	SQUEEZE SPORT TIFANI 750 ML	UTILIDADES	14.00
8549	squeeze stite 550 ml acrilico	ESCOLAR	20.00
8550	SQUESE VERDE NEON  600 ML	Geral	6.00
8551	SQUEZE AMARELO  NEON 600 ML	Geral	6.00
8552	squeze colors 600 ml	ESCOLAR	15.00
8553	squezze colors  600 ml	Geral	15.00
8554	STAROFFICE GRAMPEADOR METAL (A945) 20F 11,5CMREF5585$	ESCOLAR	20.00
8555	STARSCHOOL CADERNO 1/4 CD ESP. 80F GAME 5X1 R3198$	Geral	10.90
8556	STARSCHOOL CADERNO 1/4 CD ESP. 80F GRADIENTE 5X1 REF= 3194$	Geral	10.90
8557	STARSCHOOL CADERNO 1/4 CDESP. 80F DREAMS 5X1 REF=1508$	Geral	10.90
8558	STARSCHOOL CADERNO 1/4 ESP. FROZEN CD 80FLS 5X1 R218$	Geral	10.90
8559	stick note  pequeno	Geral	5.00
8560	STICK NOTE POST-IT COLOR GRANDE	PAPELARIA	8.00
8561	STRASS  DE UNHA	Geral	15.00
8562	SUB EXTRATO PARA ORQUÍDEA	JARDINAGEM	16.00
8563	SUBSTRATO P/ CACTUS E SUCULENTAS	JARDINAGEM	6.00
8564	substrato para cactos e suculentas	Geral	16.00
8565	SUBSTRATO PARA ROSA DO DESERTO	JARDINAGEM	15.00
8566	SULFITE  100 FOLHAS   ULTRA PAPER	Geral	10.00
8567	SULFITE CHAMEQUINHO 100 FOLHAS	PAPELARIA	10.00
8568	SULFITE SOLTA	Geral	0.50
8569	SUP. P/ BOTIJAO DE GAS *PLASTICO-C	Geral	3.00
8570	SUP.P/BOTIJAO DE METAL.	UTILIDADES	13.00
8571	SUPER  CAMARO	Geral	50.00
8572	SUPER  FROTINHA	BRINQUEDOS	20.00
8573	SUPER ARREGADOR HI-TURBO T-925 3.8A	ELETRÔNICOS E ACESSÓRIOS	15.00
8574	SUPER BUBBLE 50ML	BRINQUEDOS	3.50
8575	SUPER DINOSAURS GODZILLA	BRINQUEDOS	50.00
8576	SUPER FOÃO GRD SAYURI	BRINQUEDOS	15.00
8577	SUPER FROTA BOIADEIRO	Geral	45.00
8578	SUPER FROTA BOMBEIRO	Geral	50.00
8579	SUPER KIT COZINHA - GELADEIRA	Geral	17.00
8580	SUPER PÁ ALKLIN	UTILIDADES	12.00
8581	SUPER TRITURADOR DE ALHO	UTILIDADES	5.00
8582	suporte  a	Geral	7.00
8583	suporte  a reforçado  2 d	JARDINAGEM	9.00
8584	suporte  a reforçado 3d	JARDINAGEM	12.00
8585	SUPORTE  CHILICADO CAFÉ MP	Geral	19.99
8586	SUPORTE  PARA AUTOMÓVEIS	Geral	30.00
8587	SUPORTE  UNIVERSAL   DE CELULAR  IN 12535	Geral	30.00
8588	SUPORTE  UNIVERSAL  PARA CELULART  LE  013	Geral	30.00
8589	SUPORTE  VEICULAR	Geral	30.00
8590	suporte a  reforçado  1 d	Geral	7.00
8591	suporte a g	Geral	9.00
8592	SUPORTE BASE DE FILTRO	Geral	28.00
8593	SUPORTE BRANCO BOTIJÃO	Geral	8.50
8594	SUPORTE CANTONEIRA DE BANHEIRO	UTILIDADES	17.00
8595	SUPORTE DE AGUA SIMPLES PLASTICO	UTILIDADES	30.00
8596	SUPORTE DE BOTIJÃO	UTILIDADES	4.00
8597	SUPORTE DE BOTIJÃO PRETO	UTILIDADES	4.00
8598	suporte de café	Geral	4.00
8599	SUPORTE DE CELULAR P/MOTO	Geral	30.00
8600	suporte de tv	Geral	14.00
8601	suporte de varão	Geral	5.00
8602	SUPORTE DE VARÃO MÉDIO MARFIM	UTILIDADES	6.00
8603	suporte de vaso	Geral	4.00
8604	SUPORTE FIXO PARA TV E MONITORES UTILIMIX	Geral	20.00
8605	SUPORTE GALÃO D'ÁGUA	Geral	30.00
8606	SUPORTE GROSSO MOGNO	Geral	6.00
8607	SUPORTE MASTER DE AGUA C/CUBA DE BARRO; BRANCO, PRETO.	UTILIDADES	42.00
8608	suporte p carro	Geral	30.00
8609	SUPORTE P/ BOTIJÃO COLORIDO	Geral	7.00
8610	SUPORTE P/ BOTIJÃO DE GÁS	UTILIDADES	4.00
8611	SUPORTE P/ GALÃO DE AGUA	UTILIDADES	24.00
8612	SUPORTE P/ GALÃO DE AGUA LARANJA	Geral	30.00
8613	suporte p/ varao branco	Geral	5.00
8614	SUPORTE P/AUTOMOVEIS	Geral	30.00
8615	SUPORTE PRA BALÃO	Geral	2.00
8616	suporte pra tv	Geral	35.00
8617	SUPORTE SIMPLES MEDIO MOGNO	UTILIDADES	6.00
8618	SUPORTE UNIVERSAL P/ CELULAR IT-BLUE LE-039	UTILIDADES	40.00
8619	SUPORTE UNIVERSAL P/ MOTO E BICICLETA	UTILIDADES	40.00
8620	SUPORTE VEICULAR SPC61	Geral	15.00
8621	SUQUEIRA ROSA FLORES	Geral	30.00
8622	suqueira sortida	UTILIDADES	25.00
8623	SWEET MISSY MORANGUINHO MAQUIAGEM	Geral	29.99
8624	SWEET MISSY SORVETE	Geral	29.99
8625	SWEEZE COLORS	Geral	20.00
8626	TÁBUA  AFIADOR  VAPT VUPT	Geral	25.00
8627	TÁBUA  DE CARNE CHURASCO	Geral	80.00
8628	tabua bamboo	CAsa	38.00
8629	TÁBUA BAMBU CHURRASCO	UTILIDADES	20.00
8630	tabua c canaleta 32x20 cm	COZINHA	21.00
8631	TABUA CARNE	Geral	21.00
8632	TABUA COLORIDA FRUTAS VERDE	UTILIDADES	30.00
8633	tabua d passar	Geral	60.00
8634	tabua de  carne	Geral	55.00
8635	TABUA DE CARNE	Geral	25.00
8636	tábua de carne	COZINHA	30.00
8637	TÁBUA DE CARNE	Geral	25.00
8638	tabua de carne 30 x 14,5 pino madeira	Geral	16.00
8639	tábua de carne 30x19cm	COZINHA	21.00
8640	tabua de carne 37 x 19 madeira	Geral	23.00
8641	TABUA DE CARNE C/ ALÇA PLASTICA 30X30CM	UTILIDADES	20.00
8642	TABUA DE CARNE CORTE GOLD	UTILIDADES	15.00
8643	TABUA DE CARNE DE CORTE DECORADA	UTILIDADES	25.00
8644	TABUA DE CARNE DE MADEIRA 19X40	COZINHA	21.00
8645	tabua de carne madeira	Geral	20.00
8646	TÁBUA DE CARNE MADEIRA  ALVES  19X40	Geral	26.80
8647	TABUA DE CARNE MADEIRA 34X14,5	Geral	22.00
8648	TABUA DE CARNE PEQ. FLEXIVEL ALVES	Geral	10.00
8649	TABUA DE CARNE PLASTICA AMARELA	UTILIDADES	24.00
8650	TÁBUA DE CARNE PLASTUTTI	COZINHA	16.00
8651	tábua de corte  carne	COZINHA	15.00
8652	TABUA DE CORTE MADEIRA	Geral	25.00
8653	TABUA DE CORTE MAXIMO	UTILIDADES	21.00
8654	TÁBUA DE CORTE PLÁSTICA	PLASTICOS	15.00
8655	TÁBUA DE CORTES DE CARNE ARQPLAST	COZINHA	20.00
8656	TABUA DE CORTES PLASTICA RETANGULAR 36,5X23CM	UTILIDADES	25.00
8657	tabua de madeira	Geral	65.00
8658	TABUA DE MADEIRA  CARNE EDAL  30X19	COZINHA	23.00
8659	TÁBUA DE MADEIRA CARNE	Geral	7.50
8660	TABUA DE PASSAR	UTILIDADES	70.00
8661	TABUA DE PASSAR ELISA	UTILIDADES	65.00
8662	TABUA DE PASSAR FERRO	UTILIDADES	55.00
8663	tabua de passar roupa	Geral	60.00
8664	TABUA E PASSAR	Geral	55.00
8665	TABUA MULTIUSO GRANDE	UTILIDADES	15.00
8666	TABUA P/ CARNE	UTILIDADES	18.00
8667	TABUA P/ CORTE	Geral	15.00
8668	TABUA P/ CORTE 23X37CM	COZINHA	25.00
8669	TABUA PARA  CORTE	Geral	15.00
8670	TABUA PARA CARNE TRINDADE	Geral	15.00
8671	TABUA PARA FRIOS	Geral	7.00
8672	TABÚA PLASTICA ALVES	Geral	23.00
8673	tabua redonda com canaleta 25 cm madeira	Geral	20.00
8674	TABUA SLIM POP PQ	Geral	18.00
8675	TABUADA DO ESTUDANTE	PAPELARIA	2.00
8676	tabue de carne madeira	Geral	30.00
8677	TAÇA	Geral	30.00
8678	TAÇA	Geral	30.00
8679	TAÇA  ACRILICO	Geral	10.00
8680	taça  do palmeiras	Geral	35.00
8681	TAÇA  GALANT 250 ML	VIDROS	15.00
8682	TAÇA BARONE STEMWARE COPA	VIDROS	16.00
8683	TAÇA CHAMPANHE	Geral	5.00
8684	TAÇA DE ACRILICO DE SOBREMESA	Geral	8.00
8685	TAÇA DE VIDRO 180 ML	Geral	8.00
8686	taça de vidro nadir	Geral	12.00
8687	taça de vidro nardir figueredo	Geral	15.00
8688	TAÇA DO SÃO PAULO	VIDROS	35.00
8689	TAÇA ESPUMANTE	Geral	6.00
8690	TAÇA FLORIPA AMOR DE MÃE - CX PRESENTE	VIDROS	25.00
8691	TAÇA IMPERATRIZ STEMWARE COPA	VIDROS	16.00
8692	TAÇA P/ SOBREMESA	Geral	5.00
8693	TAÇA ROYAL GRAN VINHO AMOR 615ML	VIDROS	18.00
8694	taça vidro nadir figueredo grande	Geral	18.00
8695	TACHO 9 LITROS UNINJET	PLASTICOS	5.00
8696	tacho de parede terra cota	JARDINAGEM	7.00
8697	TACHO FRISADO SEM ALÇA 15 LTS ARQPLAST	UTILIDADES	10.00
8698	TACHO MEIA   MARRON	Geral	5.00
8699	TACHO PRETO 3,3L	JARDINAGEM	7.00
8700	TACHO REDONDO 82 LITROS COM ALÇA	Geral	80.00
8701	TACHO RETANGULAR (JARDINEIRA)	JARDINAGEM	10.00
8702	TACINHA DOCE ACRILICO	Geral	2.50
8703	TACINHA P/ DOCES	Geral	2.00
8704	TACINHA PARA DOCES AZUL C/3 UNID	Geral	2.00
8705	TACINHA PARA DOCES VERMELHA	Geral	2.00
8706	talão de anotação timbomdom	Geral	7.00
8707	talão de pedido	Geral	4.80
8708	TALHER  DE MESA 3 UNIDADES MISTO	COZINHA	8.00
8709	TALHER  SOLTA	Geral	3.00
8710	TALHER LUNA TAUMER	Geral	7.00
8711	talheres soltos	Geral	3.00
8712	TAMBORZINHO	BRINQUEDOS	15.00
8713	TAMPA DE VASO	Geral	30.00
8714	TAMPA P/ MICROONDAS	UTILIDADES	5.00
8715	TANPA  MAIS POTE TRANSPARENTE DESCARTÁVEL ULTRA PP	Geral	9.60
8716	TAPETE	Geral	25.00
8717	TAPETE	Geral	15.00
8718	tapete	Geral	55.00
8719	tapete	Geral	15.00
8720	tapete	Geral	15.00
8721	tapete	Geral	25.00
8722	tapete	Geral	28.00
8723	TAPETE   bem vindo	Geral	20.00
8724	TAPETE  ALASCA	Geral	24.00
8725	TAPETE  BOX BANHEIRO	Geral	20.00
8726	TAPETE  COLORIDO C FRANJAS	Geral	10.00
8727	tapete  com litras de porta	Geral	15.00
8728	tapete  passadeira	Geral	20.00
8729	TAPETE APOLO	Geral	40.00
8730	TAPETE APOLO	Geral	50.00
8731	TAPETE APOLO	CAMA, MESA E BANHO	25.00
8732	TAPETE APOLO AZUL	Geral	27.00
8733	TAPETE APOLO VERMELHO	Geral	27.00
8734	TAPETE ARTESANAL LISO KN TAPETES	CAMA, MESA E BANHO	11.00
8735	TAPETE AVULSO STAR	Geral	7.00
8736	TAPETE AZUL  1M  1.50 M	Geral	150.00
8737	tapete banheiro	Geral	17.00
8738	TAPETE BEM VINDO	Geral	7.00
8739	tapete bem vindo	Geral	27.00
8740	TAPETE BEM VINDO	CAMA, MESA E BANHO	30.00
8741	TAPETE BEM VINDO	Geral	28.00
8742	tapete bem vindo de 10	Geral	10.00
8743	tapete borrachado	Geral	15.00
8744	tapete box  123 util	UTILIDADES	17.00
8745	TAPETE BOX  PVC	BANHEIRO	17.00
8746	TAPETE BOX COAL	UTILIDADES	19.99
8747	TAPETE CAPACHO  BEM VINDO CASY	Geral	27.00
8748	TAPETE CARPETE PÉ	Geral	22.00
8749	TAPETE COLEÇÃO APOLO VERMELHO	Geral	40.00
8750	TAPETE COLONIAL  SORTIDO	COZINHA	15.00
8751	tapete colors listrado	Geral	32.00
8752	TAPETE COM FRASES	Geral	20.00
8753	tapete de 8	Geral	8.00
8754	TAPETE DE BOX	Geral	14.00
8755	TAPETE DE BOX NICOBEM	NICOBEM	14.00
8756	tapete de porta sortido	Geral	12.00
8757	TAPETE DE SALA 1,40X 2,00 MT  MOSCOU	CAMA, MESA E BANHO	150.00
8758	TAPETE DE SALA DE 180	Geral	180.00
8759	TAPETE DE SISAL  SORTIDO	Geral	28.00
8760	TAPETE DECORADO PQ	Geral	6.50
8761	tapete emborrachado	Geral	12.00
8762	tapete fe	Geral	10.00
8763	TAPETE LISTRADO CINZA/PRETO	Geral	10.00
8764	TAPETE MACARRÃO NICOBEM	BANHEIRO	34.00
8765	tapete malha mexicano	Geral	15.00
8766	TAPETE MEIA LUA	Geral	24.00
8767	TAPETE MULTICOLOR ANTI DERRAPANTE  PJPRATAPETES	Geral	13.00
8768	TAPETE NICOBEM	Geral	27.00
8769	TAPETE NORMADS   40CMX65 CM	Geral	15.00
8770	TAPETE NYLON  ESTAMPADO   PÉ	CAMA, MESA E BANHO	12.00
8771	tapete para banheiro	Geral	17.00
8772	TAPETE PARA BANHEIRO	BANHEIRO	20.00
8773	TAPETE PARA BANHEIRO BOX	CAMA, MESA E BANHO	14.00
8774	TAPETE PARA BOX MAXXIMO	UTILIDADES	15.00
8775	TAPETE PARA COLORIR DINO COLORS	BRINQUEDOS	60.00
8776	TAPETE PARA COLORIR SEREIA	BRINQUEDOS	60.00
8777	TAPETE PARA COLORIR UNIKA	BRINQUEDOS	60.00
8778	tapete passadeira mexicano 40cm x 1,42cm	Geral	15.00
8779	tapete piso c franja	Geral	10.00
8780	TAPETE PVC SQ SÓ QUALIDADE	UTILIDADES	15.50
8781	TAPETE SISAL	Geral	25.00
8782	TAPETE SUSI	Geral	12.00
8783	TAPETE TIRAS JCM PENTEADO ME	TAPETES	6.00
8784	TAPETE TRANÇADO MEXICANO	TAPETES	15.00
8785	TAPETE VERDE	Geral	14.00
8786	TAPETE VERMELHO  1 M 1,50  APOLO	Geral	130.00
8787	tapetes de 20	Geral	20.00
8788	TAPETES DE SALA  TOPMAX	Geral	180.00
8789	TAPETES NOMADES SORTIDOS	Geral	11.00
8790	teclado eletronico	Geral	65.00
8791	TECLADO LTOMEX	Geral	45.00
8792	tekbond	Geral	4.00
8793	TEKBOND COLA INSTANTÂNEA 2g	UTILIDADES	4.00
8794	TELEFONE AZUL URSO	BRINQUEDOS	16.00
8795	telefone infantil musical shock	Geral	35.00
8796	telefone musical infantil shock	Geral	35.00
8797	TÊMPERA GUACHE COM 6 UNIDADES 15ml CADA	PAPELARIA	9.00
8798	TERMÔMETRO DIGITAL LUATEK	ELETRÔNICOS E ACESSÓRIOS	15.00
8799	terra  3	Geral	4.00
8800	TERRA 10 KG	JARDINAGEM	8.00
8801	TERRA 3 KILO	Geral	4.00
8802	TERRA 5 KG ANTIGA	JARDINAGEM	7.00
8803	TERRA DE 3  KILO	Geral	4.00
8804	TERRA DE 3KG	Geral	4.00
8805	TERRA DE 5 KILOS	Geral	7.00
8806	TERRA PRETA 5 KG TERRA BRASIL NOVA	JARDINAGEM	5.00
8807	terra rosa do deserto 1 k	Geral	6.25
8808	TESOURA   3 E MEIO PRA UNHA  AÇO INOX	Geral	10.00
8809	tesoura  7 e meio	Geral	9.00
8810	TESOURA  BASIC 5 E MEIO	Geral	6.00
8811	TESOURA  BLACK E RED  8,5 21 CM CASA  TEM	Geral	10.00
8812	TESOURA  ESCOLAR	Geral	5.00
8813	TESOURA  MONDIAL   LARANJA  8 ,5	Geral	30.00
8814	TESOURA  MULTIUSO MEDIA	Geral	15.00
8815	TESOURA  MUNDIAL 7,5   EASY CUT	Geral	20.00
8816	Tesoura  Napoles	Geral	25.00
8817	tesoura  original n 8 basic	Geral	10.00
8818	tesoura  uso  9,5  sekich	Geral	18.00
8819	TESOURA 7 1/2 LINHA COLOR	UTILIDADES	12.00
8820	TESOURA 7 1/2 ORIGINAL LINE	UTILIDADES	9.00
8821	tesoura articulada	UTILIDADES	7.00
8822	TESOURA BARBEIRO 7	UTILIDADES	6.99
8823	TESOURA BEBE BJ	UTILIDADES	7.00
8824	TESOURA CABELEIREIRO 7	Geral	8.00
8825	TESOURA CAERUS VERMELHA	Geral	6.00
8826	TESOURA CURVA	Geral	10.00
8827	TESOURA DE FERRO PEQUENA	Geral	5.00
8828	TESOURA DOBRAVEL	Geral	5.00
8829	TESOURA ESCOLAR	PAPELARIA	7.00
8830	TESOURA ESCOLAR	Geral	7.00
8831	TESOURA ESCOLAR	Geral	6.00
8832	TESOURA ESCOLAR	ESCOLAR	7.00
8833	TESOURA ESCOLAR  LEO LEO SORTIDA	Geral	6.00
8834	tesoura escolar colors	ESCOLAR	6.00
8835	tesoura escolar golller	ESCOLAR	7.00
8836	tesoura escolar mundial	Geral	7.00
8837	tesoura escolar sortida	Geral	7.00
8838	TESOURA GALANTE HUA LI	Geral	5.00
8839	TESOURA GOLLER	Geral	7.00
8840	TESOURA GRANDE	Geral	8.50
8841	TESOURA HUA LI	Geral	7.00
8842	TESOURA IT-BLUE	Geral	10.00
8843	TESOURA MEDIA VARIAS CORES	Geral	7.50
8844	TESOURA METAL 7.1/2 - A	UTILIDADES	15.00
8845	TESOURA METAL 8	UTILIDADES	8.50
8846	TESOURA METAL 9.1/2 - A	UTILIDADES	11.50
8847	TESOURA N9	Geral	10.00
8848	TESOURA NAIL CLIPPERS SCISSORS	Geral	7.00
8849	TESOURA P/ BEBE ORIGINAL	UTILIDADES	7.00
8850	TESOURA PEQUENA CLASSIC	UTILIDADES	7.00
8851	tesoura pra sombracelhas ponta reta	Geral	8.00
8852	TESOURA PROFISSIONAL P/ MANICURE	Geral	10.00
8853	TESOURA RETA 3 1/2 SAFIRA	UTILIDADES	10.00
8854	TESOURA RETA RB	UTILIDADES	10.00
8855	TESOURA SEKICH DOBRAVEL	Geral	10.00
8856	tesoura solto	Geral	10.00
8857	TESOURA WOHOO	PAPELARIA	7.00
8858	TIARA ADULTO	Geral	7.00
8859	TIARA BRANCA SIMPLES	Geral	3.00
8860	TIARA CINZA SIMPLES	Geral	3.00
8861	TIARA INFANTIL	Geral	7.00
8862	TIARA PRETA SIMPLES	Geral	5.00
8863	TIARA PRETA SIMPLES	Geral	3.00
8864	TIARA ROSA CLARO SIMPLES	Geral	3.00
8865	TIARA SIMPLES	Geral	3.00
8866	TIARA SIMPLES	Geral	4.50
8867	TIARA SIMPLES	Geral	3.50
8868	TIARA VERMELHA SIMPLES	Geral	3.00
8869	TIC TAC	Geral	1.00
8870	TIC TAC G	Geral	2.00
8871	TIC TAC PAR	Geral	1.00
8872	TIGELA BELLA GRANDE 3,1L	VIDROS	30.00
8873	TIGELA BELLA PEQUENA 1L	VIDROS	16.00
8874	TIGELA BRANCA	CERAMICAS, PORCELANATO	12.00
8875	TIGELA C/ TAMPA UNINJET	UTILIDADES	5.00
8876	TIGELA CHINESA VRL	Geral	12.00
8877	TIGELA DE VIDRO LYOR DIAMOND STAR	Geral	20.00
8878	TIGELA DE VIDRO ROSAS	Geral	6.00
8879	TIGELA FRISADA P 178 ML	Geral	6.00
8880	TIGELAS DE VIDRO DE SOBREMESA SOLTA	Geral	6.00
8881	tinta  spray   amarela	Geral	10.00
8882	TINTA CORANTE TUPY PRETA	UTILIDADES	4.50
8883	TINTA CORANTY AZUL	Geral	4.00
8884	tinta de cabelo	Geral	10.00
8885	TINTA DE ROUPA VERMELHO	Geral	4.00
8886	TINTA EM PO PRA ROUPA	Geral	4.50
8887	TINTA GUACHE	UTILIDADES	9.00
8888	tinta guache	Geral	6.00
8889	TINTA GUACHE 6 CORES	Geral	9.00
8890	TINTA GUACHE SOLTA	Geral	1.00
8891	TINTA GUACHE SOLTA	Geral	1.50
8892	TINTA GUACHE SOLTA	Geral	2.00
8893	TINTA GUACHE SOLTA PRETA	Geral	1.50
8894	TINTA GUACHE SOLTA VERDE	Geral	1.50
8895	TINTA GUACHE SOLTA VERMELHA	Geral	1.50
8896	TINTA GUACHE STARSCHOLL	PAPELARIA	9.00
8897	TINTA SPRAY	Geral	15.00
8898	tinta spray  amarelo  make loko   70 gr	Geral	15.00
8899	tinta spray amarela	Geral	10.00
8900	TINTA SPRAY AZUL	Geral	10.00
8901	tinta spray azul party	Geral	10.00
8902	tinta spray laranja axe brasil	Geral	10.00
8903	tinta spray rosa axe brasil	Geral	10.00
8904	TINTA SPRAY ROSA DE CABELO	Geral	15.00
8905	tinta spray rosa make loko	kit FESTA	15.00
8906	TINTA SPRAY ROXA	Geral	15.00
8907	tinta spray roxa	Geral	15.00
8908	tinta spray roxa make loko	Geral	15.00
8909	tinta spray roxa party	Geral	10.00
8910	tinta spray roxo	Geral	10.00
8911	tinta spray sortida	Geral	17.00
8912	tinta spray verde make loko	kit FESTA	15.00
8913	TINTA SPRAY VERMELHA	Geral	15.00
8914	tinta spray vermelha  axe brasil	Geral	10.00
8915	tinta vermelha	Geral	10.00
8916	tinta vermelho spray  make loko	Geral	15.00
8917	TINTOL CORANTE TUPY MARINHO	ESCOLAR	4.00
8918	tintol PRETO TUPY	Geral	4.00
8919	TIRA PELO	Geral	25.00
8920	tira pelo	Geral	8.00
8921	TIRA PELO	Geral	8.00
8922	tnt	Geral	2.50
8923	tnt 2 mt	Geral	8.00
8924	tnt 5 metros	Geral	25.00
8925	TNT AZUL	Geral	5.00
8926	TNT BEGE	Geral	5.00
8927	TNT DE 1 MT	Geral	5.00
8928	tnt meio metro	Geral	2.50
8929	TNT VERDE	Geral	5.00
8930	TNTN BEGE	Geral	4.50
8931	TOALHA	Geral	6.00
8932	TOALHA  BANHO PRETA TUNISA	Geral	50.00
8933	toalha  de centro	Geral	10.00
8934	TOALHA  DE MESA FLANELADA 2 MT	Geral	40.00
8935	toalha  de mesa quadriculada	Geral	25.00
8936	toalha  de rosto	Geral	6.00
8937	toalha  lavabo	Geral	5.00
8938	TOALHA  LAVABO	Geral	6.00
8939	toalha  lavabo	Geral	5.00
8940	toalha  rosto  póp lisa	Geral	15.00
8941	toalha  social	Geral	4.00
8942	TOALHA  SOCIAL  INFANTIL	Geral	5.50
8943	toalha  termica   de 4 cadeiras	Geral	40.00
8944	TOALHA 4 MESA  TERMICA	Geral	30.00
8945	TOALHA BANHO AMARELA CHARME	Geral	50.00
8946	TOALHA BANHO AZUL TUNISA	Geral	50.00
8947	toalha banho lepper	Geral	36.00
8948	TOALHA CHARME BRANCA	Geral	15.00
8949	toalha d mesa redonda tecido	Geral	30.00
8950	TOALHA DE  MESA FLANELADA	Geral	35.00
8951	TOALHA DE  mesa flanelada de 6	Geral	40.00
8952	TOALHA DE  MESA NOVA COMANDA  4 CADEIRAS  1X40X140	CAMA, MESA E BANHO	24.00
8953	TOALHA DE  MICROFIBRA	Geral	7.00
8954	toalha de academia	Geral	7.00
8955	TOALHA DE BANHO	Geral	50.00
8956	toalha de banho	Geral	39.00
8957	toalha de banho	Geral	45.00
8958	TOALHA DE BANHO	Geral	40.00
8959	TOALHA DE BANHO	Geral	40.00
8960	TOALHA DE BANHO   LM PETER	Geral	40.00
8961	toalha de banho   siena	Geral	45.00
8962	toalha de banho  charme	CAMA, MESA E BANHO	50.00
8963	toalha de banho  itamine	CAMA, MESA E BANHO	25.00
8964	TOALHA DE BANHO  POP LISA	Geral	22.00
8965	toalha de banho  transfer perola	CAMA, MESA E BANHO	30.00
8966	TOALHA DE BANHO  TUNISA 69X1,40CM   BRANCA	CAMA, MESA E BANHO	50.00
8967	TOALHA DE BANHO  VALE DAS T	Geral	30.00
8968	TOALHA DE BANHO 65X1,35M  CORTEX HOME DESIGNI	CAMA, MESA E BANHO	36.00
8969	TOALHA DE BANHO 65X120cm	CAMA, MESA E BANHO	20.00
8970	toalha de banho alice	BANHEIRO	35.00
8971	TOALHA DE BANHO BOLA SORTIDA	Geral	45.00
8972	TOALHA DE BANHO CARICINHA 60X1,30CM	Geral	25.00
8973	TOALHA DE BANHO CLASSIC LISA	Geral	23.00
8974	TOALHA DE BANHO DENVER	CAMA, MESA E BANHO	45.00
8975	TOALHA DE BANHO GOLDEN	Geral	40.00
8976	TOALHA DE BANHO GOLDEN	UTILIDADES	50.00
8977	TOALHA DE BANHO KENIA	Geral	30.00
8978	toalha de banho kenia sortida	CAMA, MESA E BANHO	30.00
8979	TOALHA DE BANHO KENIA UVA	Geral	30.00
8980	toalha de banho lm peter  TRICOT	CAMA, MESA E BANHO	50.00
8981	TOALHA DE BANHO NAPOLES	CAMA, MESA E BANHO	50.00
8982	TOALHA DE BANHO POP LISA	Geral	22.00
8983	TOALHA DE BANHO PÓP LISA	Geral	2.50
8984	TOALHA DE BANHO SIENA	Geral	45.00
8985	toalha de banho suprema	BANHEIRa infantil	50.00
8986	TOALHA DE BANHO TIMES	CAMA, MESA E BANHO	35.00
8987	TOALHA DE BANHO TUNISIA VERDE	Geral	50.00
8988	toalha de banho vale das toalhas	Geral	40.00
8989	TOALHA DE BANHO VENEZA	Geral	25.00
8990	TOALHA DE BANHO VERMELHA TUNISA	Geral	50.00
8991	toalha de banho verona	Geral	45.00
8992	toalha de boca	Geral	2.50
8993	toalha de boca	Geral	2.50
8994	toalha de boca	Geral	2.50
8995	toalha de boca	Geral	2.50
8996	TOALHA DE BOCA	Geral	2.50
8997	toalha de boca	Geral	3.00
8998	toalha de boca	Geral	4.00
8999	TOALHA DE BOCA	Geral	4.00
9000	toalha de boca  sortida	Geral	2.50
9001	TOALHA DE CHÁ 65X85CM TECIDO	CAMA, MESA E BANHO	10.00
9002	TOALHA DE CHÁ RENDA	CAMA, MESA E BANHO	8.00
9003	toalha de cozinha renda	Geral	42.00
9004	TOALHA DE GELADEIRA	Geral	5.00
9005	toalha de lavabo	Geral	5.00
9006	toalha de mesa	Geral	35.00
9007	TOALHA DE MESA	Geral	25.00
9008	TOALHA DE MESA   FLANELADA	Geral	40.00
9009	TOALHA DE MESA 1,35X1,35M	UTILIDADES	7.00
9010	TOALHA DE MESA 1,40 X 2,00	Geral	30.00
9011	TOALHA DE MESA 1,40X1,40 NOVA COMANDA TEXTIL	Geral	24.00
9012	TOALHA DE MESA 1,40X1,40 NOVA COMANDA TEXTIL	Geral	30.00
9013	TOALHA DE MESA 1,50M PARA 4 CADEIRAS	Geral	35.00
9014	toalha de mesa 2.mx 1,40  quadriculada	CAMA, MESA E BANHO	25.00
9015	TOALHA DE MESA 6 CADEIRA OXFORD	Geral	40.00
9016	TOALHA DE MESA 6 CADEIRAS	Geral	45.00
9017	TOALHA DE MESA 6 CADEIRAS TECIDO	UTILIDADES	30.00
9018	TOALHA DE MESA 68X68cm NOVA COMANDA TEXTIL	Geral	8.00
9019	toalha de mesa de tecido 4	Geral	30.00
9020	TOALHA DE MESA DEKORAMA ALKO	Geral	40.00
9021	TOALHA DE MESA EM RENDA 1,40X1,40m	CAMA, MESA E BANHO	24.00
9022	TOALHA DE MESA FLANELADA	Geral	35.00
9023	TOALHA DE MESA HOMETEXTIL 1,40X2M 6 CADEIRAS	Geral	28.00
9024	TOALHA DE MESA NATAL	Geral	30.00
9025	TOALHA DE MESA NATAL 6 CADEIRA TECIDO	Geral	36.00
9026	TOALHA DE MESA NATAL KN DE 4 CADEIRAS	CAMA, MESA E BANHO	30.00
9027	TOALHA DE MESA PLASTICA 1,40X1,40	Geral	27.00
9028	toalha de mesa plastica 6 cadeiras	PLASTICOS	40.00
9029	TOALHA DE MESA PLASTICA REDONDA SOFFICE	Geral	40.00
9030	TOALHA DE MESA PROTETORA	UTILIDADES	20.00
9031	TOALHA DE MESA QUADRICULADA 6 CADEIRA 2,0X1,40M	Geral	25.00
9032	toalha de mesa redonda	CAMA, MESA E BANHO	29.00
9033	TOALHA DE MESA SOFFICE	Geral	27.00
9034	TOALHA DE MESA SOFFICE 1,40x1,40	Geral	35.00
9035	TOALHA DE MESA TECIDO OXFORD 1,40X1,40	CAMA, MESA E BANHO	35.00
9036	TOALHA DE MESA TECIDO SABI 4 CADEIRAS	UTILIDADES	30.00
9037	toalha de mesa termica  embalagem	Geral	45.00
9038	toalha de msa flanelada  4 cadeiras	Geral	35.00
9039	TOALHA DE PAPEL MULTIUSO KLASS	Geral	6.00
9040	toalha de prato	Geral	4.50
9041	toalha de rosto	Geral	4.00
9042	TOALHA DE ROSTO	Geral	4.00
9043	TOALHA DE ROSTO LUXO	Geral	20.00
9044	TOALHA DE ROSTO	Geral	10.00
9045	TOALHA DE ROSTO  ANA	CAMA, MESA E BANHO	11.00
9046	toalha de rosto  carincinha	Geral	11.00
9047	TOALHA DE ROSTO  CHARME LISA	CAMA, MESA E BANHO	15.00
9048	TOALHA DE ROSTO  LISA	Geral	15.00
9049	toalha de rosto  splendore	Geral	20.00
9050	toalha de rosto aconchego	Geral	15.00
9051	toalha de rosto bege	Geral	14.00
9052	toalha de rosto carolina	Geral	15.00
9053	toalha de rosto celine	CAMA, MESA E BANHO	11.00
9054	toalha de rosto charme liso	Geral	15.00
9055	TOALHA DE ROSTO COLOR	CAMA, MESA E BANHO	13.00
9056	TOALHA DE ROSTO COLORS	Geral	12.00
9057	TOALHA DE ROSTO CORES SORTIDA	Geral	6.00
9058	TOALHA DE ROSTO DE SALÃO PRETA	CAMA, MESA E BANHO	11.00
9059	TOALHA DE ROSTO EDIA LAVABO	CAMA, MESA E BANHO	6.00
9060	toalha de rosto etamine	Geral	15.00
9061	TOALHA DE ROSTO FLEX C/ESTAMPA	Geral	6.50
9062	toalha de rosto lisa	Geral	15.00
9063	TOALHA DE ROSTO POLYS LISA	Geral	15.00
9064	TOALHA DE ROSTO SALÃO CHARME  BRANCA	Geral	11.00
9065	TOALHA DE ROSTO SPLENDORE	Geral	14.00
9066	toalha de rosto tranfer	Geral	10.00
9067	toalha de rosto zafira	CAMA, MESA E BANHO	10.00
9068	TOALHA DE RTOSTO   COLORS	Geral	12.00
9069	TOALHA DE SALÃO	Geral	13.00
9070	TOALHA DE SALÃO CLASSIC	Geral	11.00
9071	TOALHA DE TIME	Geral	35.00
9072	TOALHA FELPUDA DE BANHO POEMA	Geral	99.00
9073	TOALHA FITNESS LISA SLIM	Geral	6.50
9074	TOALHA FITNESS LISA SLIM BRANCA	Geral	7.00
9075	toalha flanelada	Geral	40.00
9076	TOALHA FOGÃO NOVA COMANDA TEXTIL	Geral	10.00
9077	toalha infantil	Geral	43.00
9078	TOALHA LAVABO	Geral	6.00
9079	TOALHA LAVABO	Geral	6.00
9080	toalha lavabo	Geral	6.00
9081	TOALHA LAVABO	Geral	6.00
9082	toalha lavabo	Geral	6.00
9083	TOALHA LAVABO	CAMA, MESA E BANHO	5.00
9084	TOALHA LAVABO CRAYON	CAMA, MESA E BANHO	6.00
9085	TOALHA LAVABO INFANTIL MENINA	CAMA, MESA E BANHO	7.50
9086	toalha lavabo laranja	Geral	6.00
9087	TOALHA LAVABO LISA ROXA	CAMA, MESA E BANHO	5.00
9088	TOALHA LAVABO POLISLISA	CAMA, MESA E BANHO	5.00
9089	TOALHA LAVABO POLISLISA	CAMA, MESA E BANHO	5.00
9090	TOALHA LAVABO POLYS LISA AZUL BEBE	Geral	6.00
9091	TOALHA LAVABO POLYS LISA BRANCA	Geral	5.00
9092	TOALHA LAVABO PRETA SLIM LISA	UTILIDADES	6.00
9093	TOALHA LAVABO SORTIDA	Geral	6.00
9094	toalha lavabo sortida slim lisa	CAMA, MESA E BANHO	6.00
9095	TOALHA MARCOTEX	Geral	15.00
9096	TOALHA MESA DE 2 MT	Geral	40.00
9097	TOALHA NOVA COMANDA TEXTIL	Geral	8.00
9098	TOALHA OXFORD 70X70CM NATAL	Geral	12.00
9099	toalha piso	Geral	15.00
9100	TOALHA PISO PÉ  kn	CAMA, MESA E BANHO	10.00
9101	toalha piso plus	Geral	10.00
9102	TOALHA PISO PLUS COM PUFF	Geral	10.00
9103	TOALHA POP LISA	Geral	8.00
9104	toalha redonda	Geral	29.00
9105	TOALHA ROSA GRANDE	Geral	23.00
9106	TOALHA ROSTO	Geral	15.00
9107	TOALHA ROSTO	Geral	20.00
9108	TOALHA ROSTO BELA	CAMA, MESA E BANHO	15.00
9109	TOALHA ROSTO CHARME LISA	Geral	13.00
9110	TOALHA ROSTO CLASSIC LISA	Geral	15.00
9111	TOALHA ROSTO SPLENDORE 49X75CM ROSA CLARO	Geral	14.00
9112	TOALHA SALÃO  CLASSIC	Geral	11.00
9113	TOALHA SALÃO CHARME RIO	Geral	10.00
9114	TOALHA SALÃO CLASSIC	Geral	11.00
9115	TOALHA SALÃO CLASSIC	Geral	11.00
9116	TOALHA SALÃO CLASSIC	CAMA, MESA E BANHO	13.00
9117	TOALHA SOCIAL	Geral	4.00
9118	toalha social	Geral	4.00
9119	TOALHA SOCIAL	Geral	4.00
9120	TOALHA SOCIAL C/ FRANJA 36X23CM	Geral	2.70
9121	TOALHA SOCIAL C/FRANJA C/RAYON LISA SLIM AZUL BEBE	Geral	2.50
9122	TOALHA SOCIAL C/FRANJA ROSA	Geral	2.50
9123	TOALHA SOCIAL NOVA	BANHEIRO	4.00
9124	toalha social pq.	Geral	3.00
9125	TOALHA SOCIAL SIMPLES LISA LARANJA	Geral	2.50
9126	TOALHA SOCIAL SIMPLES LISA ROSA	Geral	2.50
9127	TOALHA SOCIAL SIMPLES SLIM LISA	Geral	2.50
9128	TOALHA SOCIAL SIMPLES SLIM LISA AMARELA	Geral	2.50
9129	TOALHA SOCIAL SIMPLES33,X23	Geral	4.00
9130	TOALHA VERDE PISO PLUS	Geral	10.00
9131	TOALHINHA BRANCAPISO PLUS	Geral	10.00
9132	toca adulto	Geral	25.00
9133	toca cetim	Geral	5.00
9134	TOCA DE ADULTO	Geral	25.00
9135	toca de cetin	Geral	5.00
9136	toca infantil	Geral	20.00
9137	TOCA INFANTIL	Geral	15.00
9138	toca masculina	Geral	25.00
9139	tolha de boca	Geral	2.50
9140	tolha de boca	Geral	2.50
9141	tolha flanelada 2 mt	Geral	40.00
9142	TOOLS SET C/10PÇS	BRINQUEDOS	42.00
9143	TOP HEROIS  ESPADA  E  ESCUDO HULK	Geral	30.00
9144	top robot	Geral	15.00
9145	TOPO P/ BOLO PERSONAGENS	FESTA	5.00
9146	TORNADO 5D SPEED TOP	Geral	35.00
9147	TORNEIRA DE FILTRO	Geral	4.00
9148	torneira de filtro marron aquafreh	Geral	7.00
9149	TORNEIRA FILTRO branca, marron	UTILIDADES	5.00
9150	TORNEIRA MARGARIDA POTE 3,600 ML	Geral	29.99
9151	TORNEIRA MARROM CROMADA AQUAFRESH	UTILIDADES	7.00
9152	touca  gorro papai noel	Geral	10.00
9153	touca  INFANTIL	Geral	20.00
9154	TOUCA 6 PÇS MARILU	UTILIDADES	5.00
9155	touca adulto	Geral	20.00
9156	TOUCA ADULTO MASCULINO	Geral	25.00
9157	touca adulto sortida	Geral	20.00
9158	touca avulsa descartavel	Geral	1.00
9159	TOUCA BRANCA ADULTO	Geral	25.00
9160	touca cetin	Geral	5.00
9161	TOUCA CINZA ADULTO	Geral	25.00
9162	touca de  lã	Geral	15.00
9163	TOUCA DE BANHO	Geral	6.50
9164	TOUCA DE BANHO 1 UNID.	Geral	6.00
9165	TOUCA DE BANHO C 3	Geral	6.50
9166	TOUCA DE BANHO C/3	UTILIDADES	5.00
9167	TOUCA DE BANHO SHOCK COM 3 UNIDADES	Geral	5.00
9168	touca de cetim	Geral	5.00
9169	TOUCA DE CETIM/BANHO	Geral	10.00
9170	touca de frio masc.	Geral	20.00
9171	touca de meia	Geral	4.00
9172	TOUCA DE NATAL	UTILIDADES	8.00
9173	TOUCA DE NATAL	Geral	7.00
9174	TOUCA DE NATAL	Geral	10.00
9175	touca de rede	Geral	4.40
9176	TOUCA DESCARTAVEL	Geral	18.00
9177	TOUCA DESCARTAVEL  pacote c 100 unid.	UTILIDADES	18.00
9178	TOUCA DESCARTAVEL SOLTA	Geral	1.80
9179	touca do noel	Geral	10.00
9180	touca fem.	Geral	25.00
9181	TOUCA FEMININA	Geral	25.00
9182	TOUCA INFANTIL	Geral	20.00
9183	touca masculino	Geral	20.00
9184	TOUCA METALIZADA MAXIMO	Geral	5.00
9185	TOUCA PRETA	Geral	15.00
9186	TOUCA PRETA	Geral	20.00
9187	touca preta   adulto	Geral	20.00
9188	TOUCA TUTI FRUTI CAPRICHOSA	Geral	5.60
9189	TOUCA URSINHO STAR	Geral	20.00
9190	TRACTOR  RETROESQUAVADEIRA  AMARELA	Geral	30.00
9191	TRANSFERIDOR 180° ACRINIL	PAPELARIA	3.00
9192	TRATOR AMARELO PÁ CARREGADEIRA	BRINQUEDOS	15.00
9193	TRATOR BS NA SOLAPA	Geral	50.00
9194	TRATOR COM BOI	BRINQUEDOS	30.00
9195	TRATOR ESTEIRA PLASPOLO	BRINQUEDOS	30.00
9196	TRATOR FAZENDA PEQUENO DIVERPLAS	BRINQUEDOS	8.00
9197	TRAVA DE SEGURANÇA L&T	UTILIDADES	5.00
9198	traveseiro dia das maes	Geral	20.00
9199	travessa de vidro 1040 ml	Geral	30.00
9200	TRAVESSA DE VIDRO VITAZZA	Geral	30.00
9201	TRAVESSA MARINEX	Geral	60.00
9202	TRAVESSA OVAL NITRON 1,25 L	COZINHA	17.00
9203	travessa vidro pequena	Geral	18.00
9204	TRAVESSEIRO	Geral	20.00
9205	TRAVESSEIRO	Geral	25.00
9206	TRAVESSEIRO  PREMIUM SOFT	Geral	50.00
9207	TRAVESSEIRO  SONHO REAL	Geral	25.00
9208	travesseiro  sonho real	UTILIDADES	25.00
9209	TRAVESSEIRO KALINE CONFECÇÕES	CAMA, MESA E BANHO	25.00
9210	TRAVESSEIRO KARINA 65X45X12CM 100% POLIESTER	UTILIDADES	20.00
9211	TRAVESSEIRO PEQUENO DIAS DAS MAES	Geral	20.00
9212	TRITRURADOR DE ALHO VIDAL	Geral	4.99
9213	TRITURADOR	Geral	4.00
9214	triturador   de temperos	Geral	38.00
9215	TRITURADOR CADENCE	Geral	90.00
9216	TRITURADOR DE ALHO	Geral	4.00
9217	TRITURADOR DE ALHO	Geral	4.50
9218	triturador de alho  plastico vuten	Geral	4.50
9219	triturador de alho sortido alho mais	Geral	5.00
9220	triturador de alimentos caerus	Geral	38.00
9221	triturador de alimentos manual easy spin cutter	Geral	25.00
9222	TRONINHO COM TAMPA AZUL E ROSA	PLASTICOS	25.00
9223	TRONINHO TARTARUGA ROSA AZUL	PLASTICOS	17.50
9224	TRUCK 2.5 SPECIAL EDITION	Geral	60.00
9225	TRUCK ENCARTELADO CONSTRUCTION FRICÇÃO	Geral	13.00
9226	TUBO DE COLA QUENTE FINA	Geral	1.50
9227	TUBO DE COLA QUENTE GRANDE	Geral	1.50
9228	TUBO DE COLA QUENTE GRANDE	Geral	2.00
9229	TUBO DE COLA QUENTE MAIOR	Geral	2.00
9230	TUBO DE COLA QUENTE PEQUENO	Geral	1.50
9231	TUBO DE COLA QUENTE PEQUENO	Geral	2.00
9232	turbo construcion	Geral	60.00
9233	UHF/VHF/FM MATCHING TRANSFORMER	ELETRÔNICOS E ACESSÓRIOS	2.00
9234	ULTRA COLA POP	ESCOLAR	3.00
9235	ultra paper sulfite 100 folhas	Geral	8.50
9236	UNHA	Geral	3.00
9237	UNHA	Geral	3.00
9238	UNHA  POSTIÇA  PINTADA	Geral	4.00
9239	UNHA COLORIDA PCT UNITARIO	Geral	3.00
9240	UNHA INFANTIL CAIXA	Geral	6.00
9241	UNHA INFANTIL CAIXA	Geral	5.00
9242	UNHA INFANTIL LILO STITCH	Geral	8.00
9243	UNHA POSTIÇA COLORIDA	Geral	2.00
9244	UNHA POSTIÇA DON	Geral	15.00
9245	UNHA POSTIÇA FINGER NAIL 24	Geral	4.00
9246	UNHA POSTIÇA FINGER NAIL 24	Geral	3.00
9247	UNHA POSTIÇA LILO STITCH	Geral	8.00
9248	UNHA POSTIÇA MEILYS	Geral	2.00
9249	unha postiça meilys	Geral	3.00
9250	UNHA POSTIÇA NAIL TIPS	Geral	15.00
9251	UNHA R. NAIL KP24-004	Geral	2.00
9252	UNHA SABRINA SATO	Geral	2.50
9253	UNHAS INFANTIS LILO STITCH	Geral	8.00
9254	UNHEX	Geral	8.50
9255	UNHEX PEQ ORIGINAL	UTILIDADES	6.00
9256	UNICORNIO PENTEADO	BRINQUEDOS	50.00
9257	UNO JOGO DE CARTAS	BRINQUEDOS	10.00
9258	upa upa  cavalinho	BRINQUEDOS	70.00
9259	upa upa cavalinho	Geral	80.00
9260	URGANIZADORA 3,000 ML COLORS	Geral	10.00
9261	urinho roa	Geral	30.00
9262	urinho rosa	Geral	30.00
9263	URINOL PLÁSTICO AZUL	Geral	7.00
9264	URINOL PLÁSTICO ROSA	UTILIDADES	7.00
9265	URSINHO  DE PELUCIA  C LAÇO BEGE	Geral	28.00
9266	ursinho chaveiro	Geral	10.00
9267	ursinho de coração PRESENTE	Geral	25.00
9268	URSINHO DE PELUCIA BRANCO	Geral	70.00
9269	URSINHO DE PELUCIA COLORIDO PEQUENO	BRINQUEDOS	50.00
9270	URSINHO DE PELUCIA PEQUENO ROSA	Geral	30.00
9271	URSINHO DE PELUCIA PEQUENO ROSA	Geral	35.00
9272	ursinho de presente	Geral	25.00
9273	URSINHO DIVERSOS LOVE YOU	PRESENTES	40.00
9274	URSINHO FIZZY	Geral	25.00
9275	URSINHO PELUCIA	Geral	15.00
9276	URSINHO PEQUENO	Geral	20.00
9277	URSINHO PRESENTE	Geral	30.00
9278	ursinho rosa	Geral	30.00
9279	URSINHO TE AMO COM  CARINHO	Geral	40.00
9280	URSO  LOVE	Geral	40.00
9281	URSO DE PELUCIA	Geral	36.00
9282	URSO DE PELUCIA COLORIDO GRANDE	BRINQUEDOS	60.00
9283	URSO DE PELUCIA COLORIDO GRANDE AZUL	Geral	63.00
9284	urso grande sortido	Geral	70.00
9285	vaao de cortina	Geral	30.00
9286	VAI E VOLTA	BRINQUEDOS	10.00
9287	VALE COM CANHOTO	Geral	4.50
9288	varal  32	Geral	47.00
9289	varal  de corda  nylon	Geral	2.50
9290	varal  de roupa intima   redondo	Geral	23.00
9291	VARAL  OVAL  DE CALCINHAS  18 PRENDEDOR	PLASTICOS	15.00
9292	VARAL 2,5	Geral	2.50
9293	VARAL AÇO VITÓRIA 10 metro	UTILIDADES	6.00
9295	varal de aço cema utilidades	Geral	3.00
9296	VARAL DE AÇO REVESTIDO	Geral	4.50
9297	VARAL DE CHÃO NÁPOLES C/ABAS SECALUX	Geral	100.00
9298	varal de chão simples	UTILIDADES	80.00
9299	varal de cortina	Geral	18.00
9300	varal de meias  cabimais	Geral	14.00
9301	VARAL DOBRÁVEL PARA ROUPAS INTIMA C/24	UTILIDADES	28.00
9302	VARAL ESPECIAL POLIFORT	Geral	8.20
9303	VARAL MULTIUSO P/ ROUPAS DELICADAS TAMANHO 4	UTILIDADES	44.00
9304	VARAL MULTIUSO TAMANHO 5 LIGBRIN	UTILIDADES	44.00
9305	VARAL PARA ROUPA INTIMA 38,8CM X 30CM	UTILIDADES	28.00
9306	VARAL PLASTICO MAX CLEAN 20 PRENDEDORES	UTILIDADES	20.00
9307	VARAL PORTATIL	Geral	10.00
9308	varãl prolicor	Geral	2.50
9309	varal roupa intima 8 p	Geral	20.00
9310	varão   2 metros	Geral	25.00
9311	varão  de 1 mt	Geral	11.60
9312	varaõ  de 2 mt	Geral	20.00
9313	varão  de cortina 2 mt  marfim	CORTINAS	20.00
9314	VARÃO 1,5M MOGNO ALUMIKIT	UTILIDADES	25.00
9315	VARAO 1.5 BRANCO	UTILIDADES	25.00
9316	VARAO 1.5 MOGNO	Geral	25.00
9317	varão 2 mt fino beje	Geral	20.00
9318	VARÃO 2 MT GROSSO MOGNO	Geral	30.00
9319	VARÃO 2 MTS AZUL	UTILIDADES	18.00
9320	VARÃO 2 MTS CEREJEIRA	UTILIDADES	18.00
9321	VARÃO 2 MTS CINZA	UTILIDADES	18.00
9322	VARÃO 2 MTS IMBUIA	UTILIDADES	18.00
9323	VARÃO 2 MTS MARFIM	UTILIDADES	18.00
9324	VARÃO 2 MTS MOGNO	UTILIDADES	18.00
9325	VARAO 2M IMBUIA	Geral	30.00
9326	varao 4 metros  TITANIO	Geral	35.00
9327	VARÃO AZUL 1,5 MTS	UTILIDADES	15.00
9328	VARÃO BRANCO 2 MTS	UTILIDADES	30.00
9329	VARÃO BRANCO LARGO BRANCO 1,5   29MM	Geral	20.00
9330	varão cerejeira 1,5 fino	Geral	16.25
9331	VARÃO CEREJEIRA 1,5MT	UTILIDADES	15.00
9332	VARÃO CINZA 1,5 MTS	UTILIDADES	15.00
9333	VARAO CORTINA	Geral	16.00
9334	VARÃO CORTINA 1,5M MARFIM FINO	UTILIDADES	25.00
9335	varão d 1m ,5 cerejeira	Geral	22.00
9336	varão de  cortina 2 mt  titanio	Geral	20.00
9337	varão de 1 metro branco	Geral	12.50
9338	VARÃO DE 1,5 29MM TITANIO CINZA	Geral	20.00
9339	VARÃO DE 1,5 MT  MOGNO 29MM	Geral	20.00
9340	VARAO DE 1,5M TITANIO	Geral	20.00
9341	VARÃO DE 2 MT 29MM IMBUIA	Geral	25.00
9342	VARAO DE 2M BRANCO	UTILIDADES	30.00
9343	VARÃO DE 2MTS GROSSO CEREJEIRA	Geral	25.00
9344	VARÃO DE 3 METROS BRANCO	Geral	25.00
9345	VARÃO DE 4 METROS BRANCO	Geral	30.00
9346	VARAO DE 4 METROS MOGNO	Geral	30.00
9347	VARÃO DE 4 METROS PRATA	Geral	30.00
9348	varão de 4 mts  bege	Geral	35.00
9349	varão de cortina   imbuia 1,5	Geral	15.00
9350	varão de cortina  1 mt branco	Geral	11.60
9351	varão de cortina  3 mt imbuia	Geral	22.00
9352	varão de cortina  marfim 1,5	Geral	15.00
9353	varão de cortina  mogno 1,5	Geral	15.00
9354	VARÃO DE CORTINA  MOGNO GROSSO	Geral	24.70
9355	varão de cortina  rosa 1,5	Geral	15.00
9356	varão de cortina 1,5  titanio	Geral	15.00
9357	VARÃO DE CORTINA 1,5 MT	UTILIDADES	15.00
9358	varão de cortina 2 mt  e meio	Geral	25.00
9359	varão de cortina 2 mt branco	Geral	20.00
9360	varão de cortina 2 mt im buia	Geral	20.00
9361	VARÃO DE CORTINA 2 MTS MARFIM	UTILIDADES	20.00
9362	VARÃO DE CORTINA 2M MOGNO	Geral	30.00
9363	VARÃO DE CORTINA 2MT ROSA	UTILIDADES	18.00
9364	varão de cortina 3 mt	Geral	25.00
9365	varão de cortina 3 mt titanio	Geral	22.00
9366	VARÃO DE CORTINA 3M TITANIO	Geral	25.00
9367	varão de cortina azul 1,5  fino	Geral	15.00
9368	varão de cortina box	Geral	40.00
9369	VARÃO DE CORTINA BRANCO  3 mt c suporte	CORTINAS	25.00
9370	varão de cortina branco 1,5	CORTINAS	15.00
9371	varão de cortina mogno 2 mt	Geral	25.00
9372	varão de cortina rosa 2 mt	Geral	20.00
9373	varão de cortiona 2 mt azul	Geral	20.00
9374	VARÃO IMBUIA 1,5MT	UTILIDADES	15.00
9375	varão largo	Geral	33.00
9376	VARÃO MARFIM 1,5MT	UTILIDADES	15.00
9377	varão marfim 2 mts	Geral	30.00
9378	VARÃO MARFIM 3MTS DECORE O LAR	Geral	25.00
9379	VARÃO MOGNO 1,5 MT	UTILIDADES	15.00
9380	varão mogno 4 mts	Geral	35.00
9381	VARÃO ROSA 1,5 MTS	UTILIDADES	15.00
9382	varão simples grosso branco 1,5	Geral	24.70
9383	VARÃODE 1,5 29MM CEREJEIRA	Geral	20.00
9384	VARÃODE 1,5 MT 29MM MARFIM	Geral	20.00
9385	VARAU DE CORTINA	Geral	35.00
9386	VASO   QUADRADO GRANDE  TERRA	Geral	10.00
9387	VASO   QUADRADO MÉDIO  5,5 L  TERRA COTA	JARDINAGEM	12.00
9388	VASO   REDONDO EXTRA GRANDE BRANCO	JARDINAGEM	63.00
9389	VASO  DE PAREDE  CERAMICA	JARDINAGEM	9.00
9390	VASO  POTE 11 COLOR	Geral	3.00
9391	VASO  QUADRADO  TERRACOTA	Geral	16.00
9392	vaso  redondo extra grande  PRETO	JARDINAGEM	43.00
9393	vaso  redondo rosa c prato n 28	JARDINAGEM	15.00
9394	VASO  RETO 7 L	Geral	10.00
9395	VASO 10L QUAD PRETO	Geral	13.00
9396	VASO 20L QUAD PRETO	Geral	25.00
9397	vaso c gancho pq preto	Geral	8.50
9398	VASO C/ GANCHO CACHEPO PR	JARDINAGEM	15.00
9399	VASO C/ PRATO N°17	JARDINAGEM	6.00
9400	VASO CACHEPO CUIA GAN N28 PA	JARDINAGEM	15.00
9401	vaso colors pf	JARDINAGEM	3.00
9402	VASO COLUNA 25L PRETO	JARDINAGEM	30.00
9403	vaso com flor pra mulher com lusinha abajour	Geral	40.00
9404	VASO CUIA 21 COLORS	Geral	7.00
9405	VASO CUIA 21 PRETA	Geral	7.50
9406	VASO CUIA 27 TELHA INPLAST	JARDINAGEM	10.00
9407	VASO CUIA C PRATO   BRANCO TAM 22	JARDINAGEM	8.50
9408	vaso cuia color  TERRA	Geral	15.00
9409	VASO CUIA COM ALÇA DE PENDURAR 27 PRETO	JARDINAGEM	15.00
9410	VASO CUIA COM ALÇA M	JARDINAGEM	8.00
9411	vaso cuia preto	JARDINAGEM	15.00
9412	vaso cuia preto c alça	JARDINAGEM	6.00
9413	VASO CUIA PRETO/ MARROM	JARDINAGEM	5.00
9414	VASO DE FLOR	Geral	20.00
9415	VASO DE FLOR ARTIFICIAL	Geral	25.00
9416	VASO DE PAREDE  MÉDIO VERDE	JARDINAGEM	12.00
9417	VASO DE PAREDE  TABACO	Geral	9.00
9418	VASO DE PAREDE 3,3L	Geral	7.00
9419	VASO DE PAREDE MEIO	JARDINAGEM	5.00
9420	VASO DE PAREDE VERDE	Geral	9.00
9421	VASO DE PENDURAR BRANCO GRANDE	Geral	15.00
9422	VASO DE PENDURAR PRETO	Geral	10.00
9423	VASO DE PENDURAR PRETO 3L ZANARDI	JARDINAGEM	10.00
9424	VASO DE PENDURAR TELHA 3L ZANARDI	JARDINAGEM	8.00
9425	vaso de planta	Geral	17.00
9426	VASO DE PLANTA	Geral	9.00
9427	VASO DE PLANTA  9 LITROS	Geral	12.50
9428	VASO DE PLANTA SANTANA	Geral	8.00
9429	VASO DE PLANTA SANTANA  14,5 CM	Geral	4.00
9430	VASO DE PLANTA SANTANA PEQUENO	Geral	3.00
9431	VASO DE PLANTA SANTANA QUADRADO	Geral	4.00
9432	VASO DE PLANTA SANTANA QUADRADO	Geral	3.00
9433	VASO EXTRA GRANDE  PRETO	JARDINAGEM	63.00
9434	VASO EXTRA GRANDE QUADRADO 30 LTS	Geral	30.00
9435	VASO MARROM	Geral	17.50
9436	VASO MEDIO COLUNA PRETO 16,5LTS	Geral	23.00
9437	vaso medio coluna terra 16,5l ref:6870  MARRON	JARDINAGEM	25.00
9438	VASO MILENE VITAZZA	Geral	50.00
9439	vaso mini	Geral	2.00
9440	VASO MINI  MARRON	JARDINAGEM	2.50
9441	vaso mini preto de parede plasmarc	JARDINAGEM	2.00
9442	VASO N° 15	Geral	5.00
9443	VASO PAREDE PRETO GRANDE 3300 ML	Geral	4.00
9444	VASO PAREDE PRETO MEDIO 1700 ML	JARDINAGEM	5.00
9445	VASO PF-14 NATURAL UNITARIO	JARDINAGEM	5.00
9446	VASO POTE 19 COLOR GOYAMA	Geral	7.00
9447	vaso pote n19 preto goyama	JARDINAGEM	7.00
9448	VASO PRETO 12.5L QUADRADO	JARDINAGEM	18.00
9449	VASO PRETO REDONDO N 1	JARDINAGEM	17.50
9450	vaso quad 1 color	Geral	7.50
9451	VASO QUAD 3 COLOR  MARRON	JARDINAGEM	18.00
9452	VASO QUAD PRETO 2	Geral	13.00
9453	VASO QUAD. MEDIO PRETO 10LTS-A	UTILIDADES	7.50
9454	vaso quadrado   N1	Geral	4.00
9455	vaso quadrado  preto 29L	JARDINAGEM	29.00
9456	VASO QUADRADO 1 PRETO	Geral	7.50
9457	VASO QUADRADO 19L PRETO MÉDIO	JARDINAGEM	28.00
9458	VASO QUADRADO 2 COLOR	JARDINAGEM	13.00
9459	VASO QUADRADO 35CM 19 LTS	Geral	18.00
9460	VASO QUADRADO ALTO MARROM	Geral	24.50
9461	vaso quadrado grande coluna marron plasnew	Geral	36.00
9462	VASO QUADRADO GRANDE PRETO	JARDINAGEM	16.00
9463	VASO QUADRADO MÉDIO 10 LITROS	JARDINAGEM	16.00
9464	VASO QUADRADO MÉDIO 4 LITROS	JARDINAGEM	9.00
9465	VASO QUADRADO MÉDIO PRETO IMPLAST	JARDINAGEM	7.50
9466	VASO QUADRADO MEDIO VERDE PLASNEW	Geral	25.00
9467	VASO QUADRADO N°17 MARROM	JARDINAGEM	5.00
9468	VASO QUADRADO N°17 PRETO	JARDINAGEM	5.00
9469	VASO QUADRADO N°22 MARROM	JARDINAGEM	8.00
9470	VASO QUADRADO N°22 PRETO	JARDINAGEM	8.00
9471	VASO QUADRADO N°28 MARROM	JARDINAGEM	13.00
9472	VASO QUADRADO N°28 PRETO	JARDINAGEM	13.00
9473	VASO QUADRADO PRETO 6 LITROS	Geral	8.00
9474	VASO QUADRADO PRETO 6L	JARDINAGEM	10.00
9475	VASO QUADRADO PTRETO G COLUNA	Geral	28.00
9476	vaso quadrado terra cota   N 3  -2	JARDINAGEM	6.00
9477	VASO QUADRADO TERRA COTA  MÉDIO	JARDINAGEM	13.00
9478	VASO QUADRADO TERRA COTA GRANDE	JARDINAGEM	16.00
9479	vaso quadrado terra plasnew	Geral	26.50
9480	VASO QUADRADO TERRACOTA/PRETO N3 PLASMARC	JARDINAGEM	6.00
9481	VASO REDONDO  2,5L PRETO	JARDINAGEM	5.00
9482	vaso redondo  borda reta preto  21 l	JARDINAGEM	25.00
9483	VASO REDONDO  N°20	Geral	15.00
9484	vaso redondo  preto  21 ,5 l	JARDINAGEM	22.00
9485	VASO REDONDO  TERRA COTA  5,5L implast	JARDINAGEM	10.00
9486	VASO REDONDO 10L PRETO RATAN	JARDINAGEM	20.00
9487	VASO REDONDO 15L PRETO inplast	JARDINAGEM	18.00
9488	VASO REDONDO 2 COLOR	JARDINAGEM	24.00
9489	vaso redondo 26L preto REF:0108	JARDINAGEM	25.00
9490	VASO REDONDO 9 CM PRETO	JARDINAGEM	3.00
9491	VASO REDONDO ARIPLAS PRETO G GREGO 9 L  23X29 CM	JARDINAGEM	10.80
9492	vaso redondo com pé   injeplastec	Geral	4.50
9493	vaso redondo com pé  preto  8 litros  injeplastec	Geral	10.00
9494	vaso redondo decorado preto	Geral	10.00
9495	VASO REDONDO FLORENÇA 4 LTS	Geral	10.00
9496	VASO REDONDO FLORENÇA 7,5 LTS	JARDINAGEM	15.00
9497	VASO REDONDO GRANDE PRETO  arqplast 	JARDINAGEM	24.00
9498	VASO REDONDO GRANDE TERRACOTA	JARDINAGEM	30.00
9499	vaso redondo marrom	Geral	3.00
9500	vaso redondo marron 7,5 m richioto	Geral	13.00
9501	vaso redondo médio  injeplastec	Geral	7.00
9502	VASO REDONDO MEDIO PRETO	JARDINAGEM	13.00
9503	VASO REDONDO MEDIO PRETO   5,5 L inplast	JARDINAGEM	10.00
9504	VASO REDONDO MEDIO TERRACOTA	JARDINAGEM	15.50
9505	vaso redondo n:06 preto	JARDINAGEM	20.00
9506	VASO REDONDO N°13 MARROM	JARDINAGEM	3.00
9507	VASO REDONDO N°17 MARROM	JARDINAGEM	5.00
9508	VASO REDONDO N°22 MARROM	JARDINAGEM	8.00
9509	VASO REDONDO N°28 MARROM	JARDINAGEM	13.00
9510	VASO REDONDO N°35 MARROM	JARDINAGEM	25.00
9511	VASO REDONDO PEQUENO	Geral	3.00
9512	VASO REDONDO PRETO  EURIBEL  10 L	JARDINAGEM	8.50
9513	VASO REDONDO PRETO 14 CM	Geral	4.00
9514	VASO REDONDO PRETO 15 LITROS	JARDINAGEM	19.00
9515	VASO REDONDO PRETO 2	JARDINAGEM	24.00
9516	VASO REDONDO PRETO 4 LITROS  N5	JARDINAGEM	7.00
9517	VASO REDONDO PRETO P	Geral	7.50
9518	vaso redondo preto unijet n 22	Geral	8.00
9519	VASO VERDE GOYAMA	Geral	7.50
9520	vasoura	Geral	11.00
9521	VASOURA  FLORADA GRANDE	Geral	10.00
9522	VASOURA POP PLASTICA	UTILIDADES	10.00
9523	VASS PIASSAVA COM CAPA DE PLASTICO	UTILIDADES	15.00
9524	vassoura	Geral	10.00
9525	vassoura	Geral	15.00
9526	vassoura	Geral	15.00
9527	vassoura  clik	Geral	11.00
9528	vassoura  florença	Geral	13.00
9529	vassoura  girasol blilhex	Geral	8.50
9530	vassoura  gran- mestra	UTILIDADES	15.00
9531	VASSOURA  INFANTIL noviça  piaui	BRINQUEDOS	7.50
9532	vassoura  smart	Geral	12.00
9533	VASSOURA  VIP	Geral	6.00
9534	VASSOURA AQUARELA	Geral	15.00
9535	vassoura baby capa sortida	Geral	9.00
9536	VASSOURA BELLA SLIM	Geral	6.00
9537	VASSOURA BRILHES	Geral	9.00
9538	VASSOURA CANTONEIRA	UTILIDADES	14.00
9539	vassoura ceci canto	Geral	12.00
9540	VASSOURA CLEAN	Geral	8.50
9541	VASSOURA CLICK	Geral	11.00
9542	vassoura condor laranja	LIMPEZA	10.00
9543	VASSOURA DE 6	Geral	6.00
9544	vassoura esfrega forte	Geral	15.00
9545	VASSOURA FLORADA PLUS CH	Geral	12.00
9546	VASSOURA FLORATA  SB	Geral	7.00
9547	VASSOURA FLORENÇA	Geral	12.50
9548	VASSOURA INFANTIL	BRINQUEDOS	8.00
9549	VASSOURA INFANTIL	Geral	7.50
9550	VASSOURA INFANTIL	BRINQUEDOS	7.50
9551	VASSOURA NAILON MAP	UTILIDADES	12.00
9552	VASSOURA NOVICA NYLON ORIGINAL	UTILIDADES	12.00
9553	VASSOURA PANDA PRETA	Geral	11.00
9554	VASSOURA PAULISTINHA D	UTILIDADES	12.00
9555	VASSOURA PEÇA	Geral	10.00
9556	VASSOURA PIAÇAVA	Geral	12.00
9557	VASSOURA PIAÇAVA	Geral	15.00
9558	VASSOURA PIAÇAVA NYLON	Geral	15.00
9559	VASSOURA POP	Geral	7.00
9560	VASSOURA POP PLASTICA	Geral	6.00
9561	VASSOURA POP PLÁSTICA	UTILIDADES	12.00
9562	VASSOURA SAMARA	UTILIDADES	12.00
9563	VASSOURA SANCY	Geral	7.00
9564	VASSOURA SANCY MAX	Geral	12.00
9565	vassoura sapéka  bruba lar	Geral	12.00
9566	VASSOURA SAVANA	UTILIDADES	15.00
9567	VASSOURA TROPICAL	UTILIDADES	15.00
9568	VASSOURA VARRE CANTO POP	Geral	10.00
9569	vassoura varrecanto	Geral	14.00
9570	VASSOURINHA BADI	Geral	8.00
9571	VASSOURINHA BADI	BRINQUEDOS	7.50
9572	VCAVALINHO PULA PULA	Geral	70.00
9573	veda porta	Geral	12.00
9574	VEDA PORTA	Geral	20.00
9575	VEDA PORTA	Geral	20.00
9576	veda porta  colorido	Geral	20.00
9577	VEDA PORTA 80X10CM	Geral	20.00
9578	VEDA PORTA ARCOIRIS 80 CM	UTILIDADES	20.00
9579	VEJA	Geral	10.00
9580	VEJA	Geral	6.00
9581	VEJA GOLD MULTIUSO	LIMPEZA	6.80
9582	VEJA MULTIUSO	Geral	25.00
9583	vela	Geral	2.00
9584	vela	Geral	2.00
9585	VELA	Geral	10.00
9586	VELA	Geral	2.00
9587	VELA	Geral	2.80
9588	vela	Geral	2.00
9589	VELA   LUXO AZUL	Geral	2.00
9590	VELA  COCAR DE 11 GRS	Geral	4.00
9591	VELA  DE ANIVESARIO	Geral	2.00
9592	VELA  ESTRELA AZUL	Geral	2.00
9593	VELA  FESTA	Geral	2.00
9594	vela  janaina n 3	Geral	7.00
9595	VELA  LUXO  AZUL	Geral	2.00
9596	VELA  LUXO BRANCA	Geral	1.50
9597	vela  vulcão	Geral	6.00
9598	vela azul	Geral	2.00
9599	VELA AZUL	Geral	2.00
9600	vela azul n 1	Geral	1.50
9601	VELA BIG INTERROGAÇÃO ROSA	Geral	2.00
9602	VELA BRANCA 7	Geral	3.00
9603	VELA BRANCA ILLUMINA	Geral	2.00
9604	VELA BRILHINHO	FESTA	2.00
9605	VELA BRILHINHO N°4 BRANCA	Geral	2.00
9606	VELA BRILHO	Geral	2.00
9607	VELA COCAR 18 GRS	Geral	6.80
9608	VELA DE ANIVERSARIO FAISCA C/4	Geral	3.00
9609	VELA DE ANIVERSÁRIO MARIAZINHA	Geral	2.60
9610	VELA DE ANIVERSÁRIO PALITO AZUL	Geral	5.00
9611	vela de anivessario	Geral	2.00
9612	VELA DE ESTRELA	Geral	2.00
9613	VELA DE ESTRELA	FESTA	4.00
9614	vela de filtro  premium	COZINHA	9.50
9615	VELA DE FILTRO MINERAL	UTILIDADES	10.00
9616	VELA DE INTERROGAÇÃO	Geral	2.00
9617	VELA ESTRELA	Geral	2.00
9618	vela estrela	Geral	2.00
9619	vela estrela	Geral	2.00
9620	vela estrela	Geral	2.00
9621	VELA ESTRELA	Geral	2.00
9622	vela estrela	Geral	3.00
9623	VELA ESTRELA	kit FESTA	3.00
9624	VELA ESTRELA	kit FESTA	3.00
9625	VELA ESTRELA  AZUL	Geral	2.00
9626	VELA ESTRELA 1	Geral	2.00
9627	VELA ESTRELA 4	Geral	2.00
9628	VELA ESTRELA 0	Geral	2.00
9629	vela estrela azul	Geral	2.00
9630	vela estrela c dourado n 9	kit FESTA	3.00
9631	vela estrela dourado	Geral	2.00
9632	vela estrela interrogação	Geral	2.00
9633	VELA ESTRELA MILA FESTA	FESTA	3.00
9634	VELA ESTRELA ROSA N°07	Geral	3.00
9635	VELA ESTRELAR C/4	FESTA	4.00
9636	VELA ESTRELAR C/5 UNID	FESTA	5.00
9637	VELA ESTRELAS	FESTA	4.50
9638	VELA ESTRELINHA MILA FESTAS	Geral	2.00
9639	vela festa	Geral	2.00
9640	VELA FESTA	Geral	2.00
9641	vela festa	Geral	2.00
9642	vela festa	Geral	2.00
9643	VELA FESTA	Geral	2.00
9644	VELA FESTA	Geral	2.00
9645	vela festa	Geral	3.00
9646	VELA FESTA	Geral	3.00
9647	VELA FONTE DE FAISCA	Geral	5.00
9648	VELA FONTE ESTRELADA	Geral	5.00
9649	vela gliter	Geral	2.00
9650	VELA ILLUMINA NUM 1	Geral	2.00
9651	VELA ILLUMINA NUM 3	Geral	2.00
9652	VELA INTERROGAÇÃO	Geral	2.00
9653	VELA INTERROGAÇÃO	kit FESTA	3.00
9654	VELA LUXO  BRANCA	Geral	1.50
9655	VELA LUXO  ROSA	Geral	2.00
9656	VELA LUXO  ROSA	Geral	2.00
9657	VELA LUXO BRANCA	Geral	2.00
9658	VELA LUXO ROSA	Geral	2.00
9659	VELA N 1 AZUL FESTA	ANIVERSARIO	2.00
9660	vela N 1 BRANCA FESTA	Geral	2.00
9661	VELA N 1 BRANCA FESTA	Geral	2.00
9662	VELA N°5 ROSA	Geral	2.00
9663	VELA NUMERO 6 AZUL	Geral	1.50
9664	VELA OURO TOP FESTAS	Geral	8.00
9665	VELA P/ FILTRO CRISTALINA	Geral	8.50
9666	vela palito	Geral	2.60
9667	VELA PALITO	Geral	2.60
9668	VELA PALITO BRANCA C/15	Geral	5.00
9669	VELA PALITO ROSA	Geral	5.00
9670	VELA PONTO DE INTERROGAÇÃO   ROSA	kit FESTA	3.00
9671	VELA SUPER BRILHO INTERROGAÇÃO	kit FESTA	3.00
9672	VELA TEIMOSA	Geral	1.00
9673	VELA TEIMOSA	Geral	1.00
9674	VELA VULCÃO	Geral	8.00
9675	vela vulcão  rosa	Geral	8.00
9676	vela vulcão azul	Geral	7.50
9677	VELA VULCÃO PRATA TOP FESTAS	FESTA	8.00
9678	VELAS DIVEROS NUMEROS BRILHINHO ROSA/AZUL	Geral	2.00
9679	VENENO DE MATAR BARATA	Geral	20.00
9680	VENENO DE MATAR BARATA M.R	Geral	30.00
9681	ventilado maxis 30 cm	Geral	160.00
9682	ventilador   d e mesa   malorry	Geral	110.00
9683	ventilador   d e mesa   MONDIAL	Geral	170.00
9684	VENTILADOR  30 CM   ULTRA	Geral	160.00
9685	ventilador  britania	Geral	160.00
9686	VENTILADOR  BRITANIA GRANDE	Geral	220.00
9687	ventilador  DE CHAO  FS40C	Geral	120.00
9688	ventilador  de mesa  branco  30 cm	ELETRODOMESTICOS	250.00
9689	VENTILADOR  MONDIAL  6 PÁS	Geral	200.00
9690	VENTILADOR  SUPER POWER 127 VOLTZ   MONDIAL 40 CM	ELETRODOMESTICOS	250.00
9691	ventilador  ultra	Geral	170.00
9692	VENTILADOR 127 VOLTZ MALLORY 40 CM PRETO	Geral	250.00
9693	VENTILADOR ARNO TURBO FORCE PAREDE	Geral	350.00
9694	VENTILADOR BRANCO ULTRA	Geral	170.00
9695	ventilador britania	Geral	160.00
9696	VENTILADOR BRITANIA 150W TURBO BVT400	Geral	250.00
9697	VENTILADOR BRITANIA 60W TURBO BVT301	Geral	170.00
9698	VENTILADOR COLUNA PRETO	Geral	180.00
9699	VENTILADOR DE MESA   MAXIS 30 CM  BRANCO	ELETRODOMESTICOS	145.00
9700	VENTILADOR DE MESA MALLORY TS30	Geral	140.00
9701	ventilador de mesa mondial  super power 30 cm	ELETRODOMESTICOS	140.00
9702	VENTILADOR DE PE   PHILCO	Geral	480.00
9703	VENTILADOR DE TRIPE	Geral	180.00
9704	VENTILADOR DE TRIPE	Geral	160.00
9705	VENTILADOR MALLORY 220V	Geral	220.00
9706	VENTILADOR MAXIS 30 CM 6 HELICES	Geral	145.00
9707	ventilador mondial 40 cm 6 pas sem turbo  preto	Geral	220.00
9708	ventilador mondial 40 cm preto turbo 6 pas	Geral	250.00
9709	ventilador mondial branco	Geral	170.00
9710	VENTILADOR MONDIAL BRANCO PEQUENO	Geral	150.00
9711	ventilador mondial preto 40 cm	Geral	300.00
9712	VENTILADOR MONDIAL PRETO PEQUENO	Geral	150.00
9713	VENTILADOR PHILCO DE TRIPE	Geral	350.00
9714	VENTILADOR PHILCO GRANDE	Geral	270.00
9715	ventilador ultra	Geral	160.00
9716	VENTILADOR ULTRA PEQ 220V	Geral	150.00
9717	VENTILADOR VENTISOL	Geral	250.00
9718	VENTILADOR VENTISOL 127V GRANDE	Geral	300.00
9719	VENTILADOR VENTISOL PEQUENO	Geral	200.00
9720	VENTILADOR VT-40 MONDIAL TURBO+FORTE	Geral	250.00
9721	VENTILADOR VT-40 MONDIAL TURBO+FORTE	Geral	270.00
9722	VENTILDOR MONDIAL	Geral	220.00
9723	ventildor mondial 30 cm	Geral	170.00
9724	VIDA ANIMAL DINOSSAUROS	BRINQUEDOS	20.00
9725	VIOLÃO  LUCKY	BRINQUEDOS	15.00
9726	violão infantil	BRINQUEDOS	12.00
9727	VIOLAO SORTIDO COLORIDO	BRINQUEDOS	10.00
9728	VIOLINHA AMAR É	BRINQUEDOS	12.00
9729	VITRO DE BANHEIRO CORTINA RENDA	Geral	12.00
9730	VOGAIS	Geral	21.00
9731	VOYAGER BOIADEIRO	BRINQUEDOS	75.00
9732	WATER GUN MOD FUN	BRINQUEDOS	30.00
9733	XALE DE SOFÁ	Geral	47.00
9734	xaveiro de coração	Geral	10.00
9735	xicara	Geral	2.50
9736	XICARA	Geral	9.00
9737	xicara   branca	Geral	20.00
9738	xicara  times	Geral	20.00
9739	XICARA AMBAR SOLTA	Geral	5.00
9740	XICARA BRANCA	Geral	17.00
9741	XICARA BRANCA G	Geral	20.00
9742	XICARA C/ CHAVEIRINHO (PRESENTE)	Geral	35.00
9743	XICARA COLEÇÃO FAMÍLIA 150 ML	Geral	7.50
9744	xicara com pires	Geral	10.00
9745	XICARA DE 25	Geral	25.00
9746	XICARA DE CAFÉ TULIPA DE PORCELANA 100ML	PORCELANAS	8.00
9747	XICARA DE CERAMICA COM PIRES	CERAMICAS, PORCELANATO	20.00
9748	XICARA DE CHA COM PIRES DIAMANTE	VIDROS	20.00
9749	XICARA DE DOCE	Geral	20.00
9750	XICARA DE PERSONAGEM	Geral	30.00
9751	XICARA DE TIME	Geral	30.00
9752	xicara de time  nova	Geral	25.00
9753	XICARA FAMILIARES	Geral	30.00
9754	XICARA FAMILIARES	Geral	20.00
9755	XICARA MICKEY E MINNIE	Geral	20.00
9756	XICARA MULHER MARAVILHA	Geral	20.00
9757	XICARA NA CAIXA SANTOS	Geral	30.00
9758	xicara nova	Geral	25.00
9759	XICARA PALAVRA	Geral	20.00
9760	XICARA PRESENTE DO DIA DOS NAMORADOS	Geral	45.00
9761	xicara rosa	Geral	20.00
9762	XICARA SIMPLES	Geral	20.00
9763	XICARA SIMPLES	Geral	20.00
9764	XICARA SORTIDA	Geral	30.00
9765	XICARA TIME NOVA	Geral	30.00
9766	xicara times	Geral	20.00
9767	XICARA WHEATON	Geral	2.50
9768	XICARAS DE TIMES	Geral	20.00
9769	XICARAS PERSONAGENS	Geral	30.00
9770	XUXA	Geral	2.00
9771	xuxa	Geral	2.00
9772	xuxa	Geral	2.00
9773	xuxa	Geral	2.00
9774	XUXA DE POMPOM	Geral	4.00
9775	XUXA DE REDINHA	Geral	3.00
9776	XUXA DE REDINHA	Geral	6.00
9777	xuxa de urso par	Geral	4.00
9778	XUXA SAQUINHO	Geral	3.00
9779	XUXINHA	Geral	2.00
9780	XUXINHA	Geral	2.00
9781	XUXINHA	Geral	2.00
9782	xuxinha	Geral	2.00
9783	XUXINHA	Geral	2.00
9784	xuxinha	Geral	2.00
9785	xuxinha	Geral	0.50
9786	xuxinha	Geral	1.00
9787	XUXINHA	Geral	2.00
9788	xuxinha	Geral	2.00
9789	xuxinha	Geral	2.00
9790	XUXINHA  DE BORBOLETA	Geral	4.00
9791	xuxinha coelho	Geral	3.00
9792	xuxinha com  bolsinha	Geral	6.00
9793	xuxinha com renda	Geral	5.00
9794	XUXINHA GRANDE	Geral	1.00
9795	xuxinha mola	Geral	1.00
9796	XUXINHA PACOTE	Geral	6.00
9797	XUXINHA POM POM	Geral	5.00
9798	XUXINHA PRETA GRANDE	Geral	1.00
9799	XUXINHA PRETA GRANDE	Geral	2.00
9800	XUXINHA PRETA GRANDE C/REDINHA	Geral	8.00
9801	XUXINHA SOLTA	Geral	0.50
9802	xuxinha solta grande	Geral	1.00
9803	XUXINHAS DE BOLSINHA	Geral	6.00
9804	XUXINHAS DE CUPCAKE	Geral	5.00
9805	XUXINHAS DE LACINHO	Geral	5.00
9806	XUXINHAS FINAS	Geral	3.00
9807	XUXINHAS FINAS	Geral	2.00
9808	xuxinhas finas	Geral	4.00
9809	XUXINHAS FINAS UNID	Geral	0.50
9810	XUXINHAS GRANDES	Geral	1.00
9811	XUXINHAS NICOLLE RABICÓS	Geral	2.50
9812	XUXINHAS POMPOM	Geral	4.00
9813	XUXINHAS PRETA PEQUENA	Geral	2.00
9814	ZOOLOGICO	Geral	2.00
9815	Sem Nome	Geral	0.00
9816	Sem Nome	Geral	0.00
9817	diversos	diversos	0.00
9818	massinha	BRINQUEDOS	7.00
9819	massinha  magix	BRINQUEDOS	0.00
9820	PACOTE DE PILHAS ELGIN AAA	UTILIDADES	8.00
9821	PACOTE DE PILHAS ELGIN AAA	UTILIDADES	8.00
9822	POTE DE VIDRO RETANGULAR 640ML	VIDROS	25.00
9823	POTE DE VIDRO RETANGULAR 640ML	VIDROS	25.00
9824	POTE DE VIDRO RETANGULAR 640ML	VIDROS	25.00
9825	RELOGIO FEMININO	UTILIDADES	80.00
9826	CORTADOR DE UNHA GRANDE 	UTILIDADES	20.00
9827	CORTADOR DE UNHA GRANDE 	UTILIDADES	20.00
9828	garrafa de café  termolar 1 litro	utilidades	120.00
9829	espada infantil samurai	brinquedos	25.00
9830	crepom verde	papelaria	3.00
9831	garrafa de café soprano 1 l	utilidades	45.00
9832	PACOTE DE PILHAS ELGIN AA	UTILIDADES	8.00
9833	GARRAFA TERMICA DE MESA PESSEGO	UTILIDADES	40.00
9834	GARRAFA TERMICA DE MESA PESSEGO	UTILIDADES	0.00
9835	GARRAFA TERMICA DE MESA AZUL	UTILIDADES	40.00
9836	GARRAFA TERMICA DE MESA AZUL	UTILIDADES	40.00
9837	GARRAFA TERMICA DE MESA VERMELHA	UTILIDADES	40.00
9838	GARRAFA TERMICA DE MESA BRANCA	UTILIDADES	40.00
9839	GARRAFA TERMICA DE MESA BRANCA	UTILIDADES	40.00
9840	GARRAFA TERMICA DE MESA BRANCA	UTILIDADES	40.00
9841	PASTA AMARELA	ESCOLAR	5.00
9842	AGENDA  ESCOLAR	ESCOLAR	12.00
9843	AGENDA  ESCOLAR	ESCOLAR	12.00
9844	AGENDA ESCOLAR	ESCOLAR	12.00
9845	PROCESSADOR DE ALIMENTOS MIX	UTILIDADES	30.00
9846	PAPEL DE SEDA	PAPELARIA	1.00
9847	LANCHEIRA DE VIDRO	VIDRO	20.00
9848	BATERIA CR 2032 MAXPRINT	ELETRONICOS	10.00
9850	ELASTICO S SUPER  RUBBER BANDS C 60 UNID.	ESCRITÓRIO	3.00
9851	GARRAFA FRASES	UTILIDADES	35.00
9853	LIXEIRA 10L BRANCA	UTILIDADES	20.00
9854	LIXEIRA 10L BRANCA	UTILIDADES	20.00
9855	ORGANIZADOR DE CONDIMENTOS	UTILIDADES	22.00
9856	CESTA SOLTA	PRESENTES	40.00
9857	CESTO DE ROUPA DOBRAVEL	UTILIDADES	45.00
9858	ISQUEIRO BIC PEQ	UTILIDADES	6.00
9859	GARRAFA CORINTHIANS NOVA	UTILIDADES	80.00
9860	GARRAFA 500ML BEBA MAIS AGUA	UTILIDADES	20.00
9861	mamadeira infantil com desenho	utilidades	12.00
9862	saboneteira c divisória	utilidades	4.00
9863	EXTENSAO DE 3M TRIPOLAR KONECTAR	utilidades	30.00
9864	EXTENSAO ELETRICA BIPOLAR 3M	ELETRONICOS	25.00
9865	ECOVA DE CABELO FITAGEM	UTILIDADES	12.00
9866	EXTENSAO BIPOLAR 2M	UTILIDADES	20.00
9867	ESCOVA DE CABELO MÁGICA	UTILIDADES	10.00
9868	ESPONJA NYLON P BANHO	UTILIDADES	5.00
9869	MORDEDOR  INFANTIL	UTILIDADES	10.00
9870	fita dupĺa face   alta fixação	utilidades	7.00
9872	chupeta  mamita	utilidades	1.37
9873	prendedor de chupeta mamita	utilidades	10.00
9874	bico de mamadeira	infantil	4.00
9875	EXTENSAO TRIPOLAR 5M	ELETRONICOS	35.00
9876	EXTENSAO TRIPOLAR 2M	ELETRONICOS	25.00
9877	EXTENSAO ELETRICA 5M BIPOLAR	ELETRONICOS	30.00
9878	EXTENSAO BIPOLAR 10M	ELETRONICOS	40.00
9879	FITA ISOLANTE 5MX19MM	UTILIDADES	4.00
9880	PINCEL TRINCHA 1.1/2 POLEGADA	UTILIDADES	8.00
9881	SABONETEIRA C/ VENTOSA	UTILIDADES	7.00
9882	PINO DE PANELA C/2	UTILIDADES	3.00
9883	DUREX C/2	PAPELARIA	3.00
9884	TESOURA N10 	PAPELARIA	20.00
9885	TESOURA N5	PAPELARIA	8.00
9886	elastico  com 2 metros	utilidades	3.00
9887	coador de pano  arame m	utilidades	6.00
9888	PANO DE PRATO COLORIDO 	UTILIDADES	5.00
9889	JOGO DE QUARTO APOLO - 3 PÇS	UTILIDADES	130.00
9890	JOGO DE BANHEIRO MULTICOLOR	UTILIDADES	40.00
9891	JOGO DE COZINHA MULTICOLOR	UTILIDADES	45.00
9892	JOGO DE COZINHA MULTICOLOR	UTILIDADES	45.00
9893	TOALHA DE BANHO CLASSIC LISA	UTILIDADES	40.00
9896	FLANELA LARANJA	UTILIDADES	4.00
9897	TOALHA DE ROSTO LISA	UTILIDADES	12.00
9898	TOALHA DE ROSTO NAPOLIS	CAMA, MESA E BANHO	20.00
9899	TOALHA DE ROSTO ALLEGRA	CAMA, MESA E BANHO	20.00
9900	TOALHA DE MESA REDONDA OXFORD	COZINHA	35.00
9901	PANO DE PRATO 0,40X0,68M	UTILIDADES	8.00
9902	GLITTER AZUL GRANDE	BRINQUEDOS	4.00
9903	TOALHA DE MESA DE 6 CADEIRAS  POLISTER	CAMA,MESA,BANHO	40.00
9904	TOALHA TERMICA EMBALADA SOFFICE	UTILIDADES	35.00
9905	DISCO DE ALFINETES COLORIDOS	UTILIDADES	4.00
9906	FITA ADESIVA 12MMX40M 	PAPELARIA	4.00
9907	SACA ROLHA 	UTILIDADES	4.00
9908	TESOURA N7 RB	PAPELARIA	10.00
9909	TESOURA USO GERAL	PAPELARIA	15.00
9910	AGULHEIRO NEEDLES	UTILIDADES	4.00
9911	BUCHA BANHO MEDIA	UTILIDADES	8.00
9912	PESO P/ PANELA DE PRESSÃO	UTILIDADES	10.00
9913	SOMBRINHA PEQUENA	UTILIDADES	20.00
9914	CADERNO 	PAPELARIA	25.00
9915	2 LIXA BANANA,1 PALITO	BELEZA	5.00
9916	BUCHA VEGETAL   GRANDE  DUDA	UTILIDADES	10.00
9917	KIT DE CABIDES C/10 UNID	UTILIDADES	16.00
9918	PAPEL DE PRESENTE GABIVIVI C/3	Geral	7.00
9919	BATERIA 9V ALFACELL	ELETRONICOS	15.00
9920	FITA SILVER TAPE	REPARO	0.00
9921	mini brinquedos kit festa	descartavel	2.50
9922	prato  descartável 15 cm branco	kit festa	3.00
9923	prato festa 15 cm vermelho	kit festa	3.00
9924	prato festa 15 cm amarelo	kit festa	3.00
9925	prato festa 15 cm verde	kit festa	3.00
9926	prato festa verde escuro	kit festa	3.00
9927	prato festa azul claro	kit festa	3.00
9928	prato festa 15 cm preto	kit festa	3.00
9929	mochila infantil promoção	escolar	50.00
9930	filtro de papel 102 suprático	utilidade	4.00
9931	mola maluca	brinquedos	6.00
9932	cola  tek bond	utilidades	5.00
9933	palito de sorvete com 20	kit festa	3.00
9934	bateria 2032   br 55	utilidade	5.00
9935	estalos real	brinquedos	2.00
9936	FILMEPVC EM ROLO	UTILIDADES	8.50
9937	VELA ESTRELA ROSA	KIT FESTA	3.00
9938	VELA ESTRELA  ROSA 5	KIT FESTA	3.00
9939	COPO AZUL C 10	KIT FESTA	2.50
9940	COPO ROSA C 10	KIT FESTA	2.50
9941	COPO VERMELHO C 10	KIT FESTA	2.50
9942	GARRAFA DE CAFÉ ALADIM 1 LITRO	UTILIDADE	50.00
9943	VELA ESTRELA ROSA	KIT FESTA	3.00
9944	VELA ESTRELA 	KIT FESTA	3.00
9945	VELA ESTRELA AZUL	KIT FESTA	3.00
9946	VELA ESTRELA AZUL	KIT FESTA	3.00
9947	VELA ESTRELA ROSA	KIT FESTA	3.00
9948	cola super bond	utilidade	5.00
9949	chinelo ipanema  glow ad	utilidades	30.00
9950	CHINELO MORMAII	CHINELOS	40.00
9951	copo decartável  180 ml  vitalform	descartavel	7.00
9952	BUCHA VEGETAL FINA	UTILIDADES	5.00
9953	PASTA VERDE	PAPELARIA	5.00
9954	COLHER DE MADEIRA GIGANTE	UTILIDADES	15.00
9955	TOALHA ROSTO ACONCHEGO BRANCO	UTILIDADES	15.00
9956	pano de copa	utilidade	0.00
9957	prato promoçao	vidro	0.00
9958	elastico super rubber bands	escritório	3.00
9959	elastico	escritório	3.00
9960	CAIXA DE SOM	ELETRONICOS	85.00
9961	CESTA DO DIA DAS MÃES	PRESENTES	155.00
9962	BOBBIE GOODS	PAPELARIA	30.00
9963	BALAO PRATA 9" METALIZADO	FESTA	12.00
9964	SPRAY DE CABELO AZUL CLARO	UTILIDADES	15.00
9965	GARRAFINHA PRETA	UTILIDADES	20.00
9966	CARRINHO HOTWHEELS	BRINQUEDOS	15.00
9967	JOGO DE FACAS C 4	COZINHA	20.00
9968	JOGO DE FACAS C 4	COZINHA	55.00
9969	CAPA DE CHUVA  EVA	UTILIDADES	25.00
9970	CABO DE AIR FONE 2 MT H MASTER	ELETRONICO	30.00
9971	MOCHILA DINOSSAURO	MOCHILAS	70.00
9972	ISQUEIRO BIC GRANDE	UTILIDADES	8.00
9973	PRENDEDOR DE PLASTICO C 12	LIMPESA	7.00
9974	tapete de 10	utilidades	10.00
9975	CHINELO INFANTIL MASCULINO	CHINELOS	30.00
9976	CAIXA DE PRESENTE LUXO	UTILIDADE	25.00
9977	garrafa de geladeira  2 litros transparente	plastico	7.00
9978	garrafa de geladeira 1,75 ml	plastico	8.50
9979	pote panamby liso 3,6 l	plastico	20.00
9980	lixeira  ratan  4 litros	PLASTICOS	15.00
9981	JOGO DE XICARAS TRANSPARENTE  225 ML	VIDROS	35.00
9982	PORTA  ESCOVA DE DENTE. PASTA RATAM	BANHO	12.00
9983	cesta dia das maes	presentes	130.00
9984	cesta dia da maes	presente	150.00
9985	bola vinil colorida	brinquedos	8.00
9986	CHALEIRA ELETRICA	UTILIDADES	80.00
9987	GARRAFA TERMICA	UTILIDADES	80.00
9988	GARRAFA TERMICA	UTILIDADES	80.00
9989	FITA ADESIVA	PAPELARIA	2.00
9990	CESTA DIA  DAS MAES	PRESENTE	100.00
9991	LAÇO PRATEADO ORGANZA GRANDE	PRESENTES	5.00
9992	PANELA ALUMINIO  CARMAGO N 24	ALUMINIO	55.00
9993	cesto de roupas  tecido	utilidades	50.00
9994	BALDE 7L PRETO	UTILIDADES	7.50
9995	CESTO RATTAN 50L SORTIDO	UTILIDADES	65.00
9996	CHINELO HAVAIANAS FEM INFANTIL	CHINELOS	25.00
9997	PORTA DETERGENTE BRANCO C/TELINHA	UTILIDADES	12.00
9998	PORTA DETERGENTE BRANCO C/TELINHA	UTILIDADES	0.00
9999	PORTA DETERGENTE COM TELINHA PRETO	UTILIDADES	12.00
10000	JOGO DE CAMA  QUEN  4 PEÇAS	CAMA,MESA,BANHO	130.00
10001	COPO KIDS CAPIVARA ROSA 	UTILIDADES	12.00
10002	SUBSTRATO P/PLANTAS 5KG	JARDINAGEM	8.00
10003	SUBSTRATO P/PLANTAS 4KG	JARDINAGEM	6.00
10004	KIT DE PIA  DECORADO	UTILIDADES	14.00
10005	ESCORREDOR DE MASSA  COLORS  PLASNEW	UTILIDADES	8.80
10006	COLORINDO	BRINQUEDOS	6.00
10007	JOGO DE CAMA SOLTEIRO 4PÇS	UTILIDADES	80.00
10008	JOGO DE CAMA CASAL 4PÇS	UTILIDADES	100.00
10010	ESPONJA DE AÇO  TODO DIA	UTILIDADES	3.00
10011	SACO TRASNPARENTE PP	UTILIDADES	0.30
10012	farinheiro transṕarente 500 ml	utilidades	4.50
10013	cesto telado  ratam  50 l	utilidades	65.00
10014	MUSGO	JARDINAGEM	9.00
10015	FIBRAXIM P/PLANTAS	JARDINAGEM	4.00
10016	HUMUS DE MINHOCA	JARDINAGEM	4.50
10017	ESTERCO DE CURRAL	JARDINAGEM	18.00
10018	PING PONG	BRINQUEDOS	15.00
10019	PULVERIZADOR VERONEZ	UTILIDADES	9.00
10020	SACOLA DE PRESENTE PAPELAO	PRESENTES	8.00
10021	TOALHA DE MESA	UTILIDADES	12.00
10022	POTE PEQUENO REDONDO	UTILIDADES	7.00
10023	FONE BLUETOOTH UNICO	ELETRONICOS	20.00
10024	BONECA  SEREIA 	BRINQUEDOS	30.00
10025	VASO  DE PAREDE  G	JARDINAGEM	7.00
10026	VASO DE PAREDE M PRETO	JARDINAGEM	4.50
10027	VASO DE PAREDE  400 ML	JARDINAGEM	2.00
10028	VASSOURA CANTONEIRA  BRUBA LAR	UTILIDADES	16.00
10029	CAVALINHO DE MADEIRA	BRINQUEDOS	13.00
10030	KIT DE POTES REDONDO C 2 G TRASP.	PLASTICO	6.03
10031	KIT DE AGULHAS	UTILIDADES	4.00
10032	SOMBRINHA PRETA	UTILIDADES	35.00
10033	CABO IPHONE	ELETRONICOS	30.00
10034	FITA ADESIVA EUROCELL	PAPELARIA	9.00
10035	BEXIGA FOLIA 30 UNID	FESTA	10.00
10036	TAPETE PEQUENO	UTILIDADES	7.00
10037	GARRAFA ALUMINIO VERMELHA	UTILIDADES	50.00
10038	GARRAFA DE ALUMINIO PRETA	UTILIDADES	50.00
10039	PILAO DE MADEIRA 8X6CM	UTILIDADES	15.00
10040	CAMISA DA COPA	UTILIDADES	20.00
10041	toalha  social	pano	4.00
10042	conjunto de limpesa c acessórios brinquedos	brinquedos	25.00
10043	jogo da memória	brinquedos	20.00
10044	kit móveis	brinquedos	75.00
10045	miçangas joalheria  arktoys	brinquedos	40.00
10046	jogo  forma pong   arktoys	brinquedos	30.00
10047	organizador de 30 ovos  arqplast	plastico	25.00
10048	skate de dedo	brinquedos	15.00
10049	skate de dedo	brinquedos	15.00
10050	kit jardim   hong jia  bao	brinquedos	38.00
10051	 kit  roda  gigante	brinquedos	35.00
10052	powerblade arktoys	brinquedos	30.00
10053	kit casa  house beauty	brinquedos	20.00
10054	kit cozinha  folia imports	brinquedos	22.00
10055	kit beleza  angel	brinquedos	20.00
10056	kit beleza    garota linda  folia  imports	brinquedos	20.00
10057	parque de diversões  folia imports	brinquedos	26.00
10058	conjunto de médico    doctor kids 	brinquedos	20.00
10059	cozinha de plastico  pizza	brinquedos	20.00
10060	kit cozinha mestre cuca	brinquedos	22.00
10061	kit cozinha mestre cuca	brinquedos	22.00
10062	ark game  jogo da velha	brinquedos	22.00
10063	lousa mágica grande 	brinquedos	40.00
10064	kit futebol  lançador   ark toys	brinquedos	40.00
10065	kit beleza  kit biju 62 peças	brinquiedos	15.00
10066	kit beleza  kit biju 62 peças	brinquedos	15.00
10067	sorveteria 	brinquedos	35.00
10068	cubo educativo creative	jogo brinquedos	35.00
10069	kit ferramenta  11 peças	brinquedos	45.00
10070	kit beleza  beaut set    hao yang toys	brinquedos	40.00
10071	pistola de dardos	brinquedos	45.00
10072	brinquedo de madeira 	jogo brinquedos	35.00
10073	panela de pressão  panelux 4.l e meio	aluminio	75.00
10074	kit cozinha  dishate set	brinquedos	20.00
10075	quebra cabeça  48 peças 	brinquedos	10.00
10076	creative  block	brinquedos	45.00
10077	arco e flecha  brinquedos	brinquedos	20.00
10078	kit beleza  fashion beads	brinquedod	30.00
10079	pistola de água    toys 	brinquedos	25.00
10080	kit animais da fazenda	brinquedo	17.00
10081	grampo avulso	papelaria	0.00
10082	bola  colorida	brinquedos	10.00
10083	touca descartãvel solta	utilidades	2.00
10084	CHAVEIRO CAPIVARA	UTILIDADES	15.00
10085	VELA ESTRELAR	FESTA	4.00
10086	kit de utencilios  silicone	utilidades	60.00
10087	bolsinha de moedas m	utilidades	7.00
10088	CAMISETAS DO BRASIL	UTILIDADES	20.00
10089	COBERTOR LONDON CASAL CORTEX	CAMA, MESA E BANHO	100.00
10090	TAPETE DE SALA	UTILIDADES	150.00
10091	COBERDROM FLANNEL LISO 2,20X2,40	UTILIDADES	270.00
10092	COBERDROM SONHARE	UTILIDADES	350.00
10093	TOUCA FEM DE LÃ	UTILIDADES	25.00
10094	MAGIC SMILE COM BONECO	BRINQUEDO	20.00
10095	SLAIME   CRISTAL MUD  COM BRINQUEDOS	BRINQUEDO	20.00
